chunk_id,document_id,chunk_index,section_name,character_count,word_count,repository,pr_number,review_priority,policy_risk_band,manual_review_required
prchunk_43245663e9bd58dd8141,prdoc_771bb76adc7750ca0ebc,0,PR identity,262,34,pallets/flask,5844,Critical,Critical,True
prchunk_47445f21984594b4a0c2,prdoc_771bb76adc7750ca0ebc,1,PR description,1184,180,pallets/flask,5844,Critical,Critical,True
prchunk_a08a1ccb0fea3d14dde2,prdoc_771bb76adc7750ca0ebc,2,PR description,216,39,pallets/flask,5844,Critical,Critical,True
prchunk_b8cb17f0a3eff9eadfd9,prdoc_771bb76adc7750ca0ebc,3,Change evidence,404,68,pallets/flask,5844,Critical,Critical,True
prchunk_7662e412a3bd619ab62d,prdoc_771bb76adc7750ca0ebc,4,Predictive intelligence,430,60,pallets/flask,5844,Critical,Critical,True
prchunk_985b970ba8efeae270b3,prdoc_771bb76adc7750ca0ebc,5,Deterministic policy intelligence,996,129,pallets/flask,5844,Critical,Critical,True
prchunk_dbec4b66e227f94e7859,prdoc_771bb76adc7750ca0ebc,6,Unified review priority,306,41,pallets/flask,5844,Critical,Critical,True
prchunk_d7fe55941eb2c3d6b561,prdoc_70dcfe694d641b6da04a,0,PR identity,279,34,pallets/flask,4397,Critical,Critical,True
prchunk_4a0bb6238153561df355,prdoc_70dcfe694d641b6da04a,1,PR description,715,89,pallets/flask,4397,Critical,Critical,True
prchunk_772df6e8b34a3e742dd5,prdoc_70dcfe694d641b6da04a,2,Change evidence,404,68,pallets/flask,4397,Critical,Critical,True
prchunk_1d56aed7b6cdc2e095c3,prdoc_70dcfe694d641b6da04a,3,Predictive intelligence,426,59,pallets/flask,4397,Critical,Critical,True
prchunk_488f7cc38b37acdc3882,prdoc_70dcfe694d641b6da04a,4,Deterministic policy intelligence,754,103,pallets/flask,4397,Critical,Critical,True
prchunk_8989185cd31b8acbe7f0,prdoc_70dcfe694d641b6da04a,5,Unified review priority,306,41,pallets/flask,4397,Critical,Critical,True
prchunk_d535ae833eca5f065086,prdoc_1908e0b55ad11421c346,0,PR identity,274,37,pallets/flask,4139,Critical,Critical,True
prchunk_0ec96661633eba12c995,prdoc_1908e0b55ad11421c346,1,PR description,653,109,pallets/flask,4139,Critical,Critical,True
prchunk_566ceb5a25ca4dccc755,prdoc_1908e0b55ad11421c346,2,Change evidence,405,68,pallets/flask,4139,Critical,Critical,True
prchunk_e530498e9c05098067ba,prdoc_1908e0b55ad11421c346,3,Predictive intelligence,426,59,pallets/flask,4139,Critical,Critical,True
prchunk_8cc1001714fb488df006,prdoc_1908e0b55ad11421c346,4,Deterministic policy intelligence,754,103,pallets/flask,4139,Critical,Critical,True
prchunk_78ea6c25df053f232061,prdoc_1908e0b55ad11421c346,5,Unified review priority,306,41,pallets/flask,4139,Critical,Critical,True
prchunk_692d09c8a1c6f03c7d13,prdoc_d838c75e7379dbb6f883,0,PR identity,269,35,pallets/flask,5798,Critical,Critical,True
prchunk_c945a74b8128e98308f0,prdoc_d838c75e7379dbb6f883,1,PR description,183,27,pallets/flask,5798,Critical,Critical,True
prchunk_03215333006aef4dd26e,prdoc_d838c75e7379dbb6f883,2,Change evidence,404,68,pallets/flask,5798,Critical,Critical,True
prchunk_0db930e03d8c24044342,prdoc_d838c75e7379dbb6f883,3,Predictive intelligence,426,59,pallets/flask,5798,Critical,Critical,True
prchunk_c47992b2a6a40e3241f6,prdoc_d838c75e7379dbb6f883,4,Deterministic policy intelligence,748,101,pallets/flask,5798,Critical,Critical,True
prchunk_1c801898c65f9ffcdb41,prdoc_d838c75e7379dbb6f883,5,Unified review priority,306,41,pallets/flask,5798,Critical,Critical,True
prchunk_12724faf64a097db8baf,prdoc_69e9ee304279e3c60fe0,0,PR identity,266,37,pallets/flask,5017,Critical,Critical,True
prchunk_abf791637896af61da6c,prdoc_69e9ee304279e3c60fe0,1,PR description,1031,180,pallets/flask,5017,Critical,Critical,True
prchunk_1ed234d5e8b41e57c587,prdoc_69e9ee304279e3c60fe0,2,PR description,237,44,pallets/flask,5017,Critical,Critical,True
prchunk_8fb2ff03fb6decb16f63,prdoc_69e9ee304279e3c60fe0,3,Change evidence,411,68,pallets/flask,5017,Critical,Critical,True
prchunk_11729f5ff5985ca9da99,prdoc_69e9ee304279e3c60fe0,4,Predictive intelligence,474,67,pallets/flask,5017,Critical,Critical,True
prchunk_608427704b4094107c96,prdoc_69e9ee304279e3c60fe0,5,Deterministic policy intelligence,971,131,pallets/flask,5017,Critical,Critical,True
prchunk_ce6c66daebd036fc7d5f,prdoc_69e9ee304279e3c60fe0,6,Unified review priority,306,41,pallets/flask,5017,Critical,Critical,True
prchunk_05e3f24861ad29fb43fb,prdoc_3c8e2ba1646df3130162,0,PR identity,275,38,pallets/flask,4415,Critical,Critical,True
prchunk_6526fc9d083b75062a2c,prdoc_3c8e2ba1646df3130162,1,PR description,1053,180,pallets/flask,4415,Critical,Critical,True
prchunk_51ae6fea6a8b812daea4,prdoc_3c8e2ba1646df3130162,2,PR description,360,70,pallets/flask,4415,Critical,Critical,True
prchunk_f41c119dab9c0a218430,prdoc_3c8e2ba1646df3130162,3,Change evidence,402,68,pallets/flask,4415,Critical,Critical,True
prchunk_bb73b0aa2b0954135a5e,prdoc_3c8e2ba1646df3130162,4,Predictive intelligence,474,67,pallets/flask,4415,Critical,Critical,True
prchunk_72d4a422a927884d2ec0,prdoc_3c8e2ba1646df3130162,5,Deterministic policy intelligence,754,103,pallets/flask,4415,Critical,Critical,True
prchunk_b2cbfd9692fb4baf01b2,prdoc_3c8e2ba1646df3130162,6,Unified review priority,306,41,pallets/flask,4415,Critical,Critical,True
prchunk_fc4fbf95c70074c423a3,prdoc_f2f91946be86f82f5f5d,0,PR identity,258,34,pallets/flask,5457,Critical,Critical,True
prchunk_601d505f8ad0b2d5c8a9,prdoc_f2f91946be86f82f5f5d,1,PR description,239,36,pallets/flask,5457,Critical,Critical,True
prchunk_abca38e658333a13fae1,prdoc_f2f91946be86f82f5f5d,2,Change evidence,410,68,pallets/flask,5457,Critical,Critical,True
prchunk_73b5055dc6d1ad6bc062,prdoc_f2f91946be86f82f5f5d,3,Predictive intelligence,426,59,pallets/flask,5457,Critical,Critical,True
prchunk_5c0017d56f7cafc1a6ad,prdoc_f2f91946be86f82f5f5d,4,Deterministic policy intelligence,990,128,pallets/flask,5457,Critical,Critical,True
prchunk_e50f246a11fd82d9cd30,prdoc_f2f91946be86f82f5f5d,5,Unified review priority,306,41,pallets/flask,5457,Critical,Critical,True
prchunk_a0a7c581188757164f3c,prdoc_c1b926c76a39e24f30d8,0,PR identity,284,38,pallets/flask,5765,Critical,Critical,True
prchunk_459755cfecd68d60ef29,prdoc_c1b926c76a39e24f30d8,1,PR description,715,103,pallets/flask,5765,Critical,Critical,True
prchunk_d3e07d122464feeec9d3,prdoc_c1b926c76a39e24f30d8,2,Change evidence,405,68,pallets/flask,5765,Critical,Critical,True
prchunk_393933dca4576a08afba,prdoc_c1b926c76a39e24f30d8,3,Predictive intelligence,474,67,pallets/flask,5765,Critical,Critical,True
prchunk_0784a0bafe6e86d58911,prdoc_c1b926c76a39e24f30d8,4,Deterministic policy intelligence,754,103,pallets/flask,5765,Critical,Critical,True
prchunk_11a0d14f664d56eff3d1,prdoc_c1b926c76a39e24f30d8,5,Unified review priority,306,41,pallets/flask,5765,Critical,Critical,True
prchunk_f30a29bf35566f1caf6d,prdoc_2a821b9cecaaa89bbfaa,0,PR identity,271,36,pallets/flask,5460,Critical,Critical,True
prchunk_7bd17fcae7432b175e56,prdoc_2a821b9cecaaa89bbfaa,1,PR description,550,91,pallets/flask,5460,Critical,Critical,True
prchunk_2be96d294c54c0f14aba,prdoc_2a821b9cecaaa89bbfaa,2,Change evidence,404,68,pallets/flask,5460,Critical,Critical,True
prchunk_ba3532aa66a2612e3547,prdoc_2a821b9cecaaa89bbfaa,3,Predictive intelligence,414,57,pallets/flask,5460,Critical,Critical,True
prchunk_1d7cd2114e9f10fe1953,prdoc_2a821b9cecaaa89bbfaa,4,Deterministic policy intelligence,634,88,pallets/flask,5460,Critical,Critical,True
prchunk_e876af01778ac9334620,prdoc_2a821b9cecaaa89bbfaa,5,Unified review priority,306,41,pallets/flask,5460,Critical,Critical,True
prchunk_7289146d6bcee2ab42da,prdoc_551fc8566d45fc88bf1a,0,PR identity,258,35,pallets/flask,4936,Critical,Critical,True
prchunk_8b73be70429b0ceb6550,prdoc_551fc8566d45fc88bf1a,1,PR description,1307,180,pallets/flask,4936,Critical,Critical,True
prchunk_3597c007141fdf4f2ac7,prdoc_551fc8566d45fc88bf1a,2,PR description,294,55,pallets/flask,4936,Critical,Critical,True
prchunk_f9c0787951a9f7becd2d,prdoc_551fc8566d45fc88bf1a,3,Change evidence,407,68,pallets/flask,4936,Critical,Critical,True
prchunk_4d4821fd0fedd0568051,prdoc_551fc8566d45fc88bf1a,4,Predictive intelligence,474,67,pallets/flask,4936,Critical,Critical,True
prchunk_0dbba4cd56f23a7d2c6a,prdoc_551fc8566d45fc88bf1a,5,Deterministic policy intelligence,874,117,pallets/flask,4936,Critical,Critical,True
prchunk_ff5215ba11f03d2a2058,prdoc_551fc8566d45fc88bf1a,6,Unified review priority,306,41,pallets/flask,4936,Critical,Critical,True
prchunk_c66039d03a1975011f62,prdoc_d3c64c45fa73fe9556e5,0,PR identity,246,35,pallets/flask,5713,Critical,Critical,True
prchunk_94b38e386099d063248c,prdoc_d3c64c45fa73fe9556e5,1,PR description,960,160,pallets/flask,5713,Critical,Critical,True
prchunk_6199423820f9e5a38495,prdoc_d3c64c45fa73fe9556e5,2,Change evidence,418,68,pallets/flask,5713,Critical,Critical,True
prchunk_4498c842b2a473077779,prdoc_d3c64c45fa73fe9556e5,3,Predictive intelligence,474,67,pallets/flask,5713,Critical,Critical,True
prchunk_c7c05f84816c66381682,prdoc_d3c64c45fa73fe9556e5,4,Deterministic policy intelligence,967,129,pallets/flask,5713,Critical,Critical,True
prchunk_ed6783fbdfdaa4c26267,prdoc_d3c64c45fa73fe9556e5,5,Unified review priority,306,41,pallets/flask,5713,Critical,Critical,True
prchunk_5b9ed4013622e231abd6,prdoc_2cdcb2eda4624dac8174,0,PR identity,290,39,pallets/flask,3733,Critical,Critical,True
prchunk_66dab59e82ed6036ea72,prdoc_2cdcb2eda4624dac8174,1,PR description,405,58,pallets/flask,3733,Critical,Critical,True
prchunk_2cb529165a4b2c400c2f,prdoc_2cdcb2eda4624dac8174,2,Change evidence,404,68,pallets/flask,3733,Critical,Critical,True
prchunk_18ae1074ff87b1e15bc0,prdoc_2cdcb2eda4624dac8174,3,Predictive intelligence,474,67,pallets/flask,3733,Critical,Critical,True
prchunk_858cc72ade5c90ef3c2f,prdoc_2cdcb2eda4624dac8174,4,Deterministic policy intelligence,869,116,pallets/flask,3733,Critical,Critical,True
prchunk_45889ee1946d64fca2a2,prdoc_2cdcb2eda4624dac8174,5,Unified review priority,306,41,pallets/flask,3733,Critical,Critical,True
prchunk_30ac77b4a2556b9eb21a,prdoc_d6300fe17906f83c0a7e,0,PR identity,292,38,pallets/flask,5795,Critical,Critical,True
prchunk_7303f444eff039b8ce3d,prdoc_d6300fe17906f83c0a7e,1,PR description,1179,180,pallets/flask,5795,Critical,Critical,True
prchunk_dc4fa88e2a70935b011c,prdoc_d6300fe17906f83c0a7e,2,PR description,576,75,pallets/flask,5795,Critical,Critical,True
prchunk_0e86d92277501a88cb9e,prdoc_d6300fe17906f83c0a7e,3,Change evidence,405,68,pallets/flask,5795,Critical,Critical,True
prchunk_396ed77ad012c3a0a90e,prdoc_d6300fe17906f83c0a7e,4,Predictive intelligence,430,60,pallets/flask,5795,Critical,Critical,True
prchunk_83eb28f67270cafedc0c,prdoc_d6300fe17906f83c0a7e,5,Deterministic policy intelligence,763,100,pallets/flask,5795,Critical,Critical,True
prchunk_e9e611212d0f93fe9ebd,prdoc_d6300fe17906f83c0a7e,6,Unified review priority,306,41,pallets/flask,5795,Critical,Critical,True
prchunk_99aacd5c713fc011cd52,prdoc_65c370e5d5b0473a2b71,0,PR identity,278,38,pallets/flask,5695,Critical,Critical,True
prchunk_6255f29cb75ad3d32ecd,prdoc_65c370e5d5b0473a2b71,1,PR description,577,82,pallets/flask,5695,Critical,Critical,True
prchunk_41a3393352504f254bd5,prdoc_65c370e5d5b0473a2b71,2,Change evidence,404,68,pallets/flask,5695,Critical,Critical,True
prchunk_f7392a42634ec82df26e,prdoc_65c370e5d5b0473a2b71,3,Predictive intelligence,426,59,pallets/flask,5695,Critical,Critical,True
prchunk_0d189c418de13fb2c002,prdoc_65c370e5d5b0473a2b71,4,Deterministic policy intelligence,634,88,pallets/flask,5695,Critical,Critical,True
prchunk_ad39567f951f6659bd4e,prdoc_65c370e5d5b0473a2b71,5,Unified review priority,306,41,pallets/flask,5695,Critical,Critical,True
prchunk_289408317c6755706546,prdoc_24c4580b01e459d3aa4d,0,PR identity,270,39,pallets/flask,3876,Critical,Critical,True
prchunk_ce40871e7a4dd9be009f,prdoc_24c4580b01e459d3aa4d,1,PR description,264,40,pallets/flask,3876,Critical,Critical,True
prchunk_fd21fef74af5eac69ef6,prdoc_24c4580b01e459d3aa4d,2,Change evidence,421,68,pallets/flask,3876,Critical,Critical,True
prchunk_ba703eb3a9c5cb39c524,prdoc_24c4580b01e459d3aa4d,3,Predictive intelligence,474,67,pallets/flask,3876,Critical,Critical,True
prchunk_89773e6fd01d3ab3dce4,prdoc_24c4580b01e459d3aa4d,4,Deterministic policy intelligence,983,128,pallets/flask,3876,Critical,Critical,True
prchunk_e4e6ec0dcb26cedb793c,prdoc_24c4580b01e459d3aa4d,5,Unified review priority,306,41,pallets/flask,3876,Critical,Critical,True
prchunk_11c3711fa41955c44efc,prdoc_8af2e53a908b4619aa28,0,PR identity,285,34,pallets/flask,5377,Critical,Critical,True
prchunk_a207bd771394df6cffc8,prdoc_8af2e53a908b4619aa28,1,PR description,366,34,pallets/flask,5377,Critical,Critical,True
prchunk_922bdbe83e2deece2168,prdoc_8af2e53a908b4619aa28,2,Change evidence,403,68,pallets/flask,5377,Critical,Critical,True
prchunk_c7a416ccd15cd5a87404,prdoc_8af2e53a908b4619aa28,3,Predictive intelligence,430,60,pallets/flask,5377,Critical,Critical,True
prchunk_ac9b4c9ffb7ed193f98f,prdoc_8af2e53a908b4619aa28,4,Deterministic policy intelligence,862,112,pallets/flask,5377,Critical,Critical,True
prchunk_a487ea0791b4cff76005,prdoc_8af2e53a908b4619aa28,5,Unified review priority,306,41,pallets/flask,5377,Critical,Critical,True
prchunk_8daefc4825f4c2c308ab,prdoc_5ad6c8bb7ed4995adac2,0,PR identity,244,33,pallets/flask,5727,Critical,Critical,True
prchunk_f6496155340b41ebbca1,prdoc_5ad6c8bb7ed4995adac2,1,PR description,965,177,pallets/flask,5727,Critical,Critical,True
prchunk_23d03427c7e7a9a448c8,prdoc_5ad6c8bb7ed4995adac2,2,Change evidence,415,68,pallets/flask,5727,Critical,Critical,True
prchunk_b02fe77a67c10ccd65d7,prdoc_5ad6c8bb7ed4995adac2,3,Predictive intelligence,414,57,pallets/flask,5727,Critical,Critical,True
prchunk_6ef4daa93e0ca5cf173f,prdoc_5ad6c8bb7ed4995adac2,4,Deterministic policy intelligence,853,114,pallets/flask,5727,Critical,Critical,True
prchunk_70be27fce72705cd997e,prdoc_5ad6c8bb7ed4995adac2,5,Unified review priority,306,41,pallets/flask,5727,Critical,Critical,True
prchunk_4eefba32606233c0b5e3,prdoc_57fe185a86bde8fec56b,0,PR identity,280,37,pallets/flask,5865,Critical,Critical,True
prchunk_d4763fea6036ff06e405,prdoc_57fe185a86bde8fec56b,1,PR description,1140,180,pallets/flask,5865,Critical,Critical,True
prchunk_83aad8ad6e19c78f1d71,prdoc_57fe185a86bde8fec56b,2,PR description,240,43,pallets/flask,5865,Critical,Critical,True
prchunk_072c9389a3ed75386aee,prdoc_57fe185a86bde8fec56b,3,Change evidence,403,68,pallets/flask,5865,Critical,Critical,True
prchunk_d6a10e3ef5f3b42756b6,prdoc_57fe185a86bde8fec56b,4,Predictive intelligence,430,60,pallets/flask,5865,Critical,Critical,True
prchunk_e2ea78cf85b054380d51,prdoc_57fe185a86bde8fec56b,5,Deterministic policy intelligence,763,100,pallets/flask,5865,Critical,Critical,True
prchunk_13299287cc086f62e0c3,prdoc_57fe185a86bde8fec56b,6,Unified review priority,306,41,pallets/flask,5865,Critical,Critical,True
prchunk_303ebcd443e364f7085d,prdoc_6f766227dcbf0e9e163e,0,PR identity,276,38,pallets/flask,5449,Critical,Critical,True
prchunk_f7182e5cccb3a64c71be,prdoc_6f766227dcbf0e9e163e,1,PR description,332,54,pallets/flask,5449,Critical,Critical,True
prchunk_2a802284247c6b884c65,prdoc_6f766227dcbf0e9e163e,2,Change evidence,427,68,pallets/flask,5449,Critical,Critical,True
prchunk_3ed61900debe0e876ba8,prdoc_6f766227dcbf0e9e163e,3,Predictive intelligence,474,67,pallets/flask,5449,Critical,Critical,True
prchunk_d1107ef1733d8f1f3ccf,prdoc_6f766227dcbf0e9e163e,4,Deterministic policy intelligence,983,128,pallets/flask,5449,Critical,Critical,True
prchunk_72a978c8d116eb97af47,prdoc_6f766227dcbf0e9e163e,5,Unified review priority,306,41,pallets/flask,5449,Critical,Critical,True
prchunk_12c7dfd97cdfb85da7a1,prdoc_1e5a4e3009ce383f389d,0,PR identity,292,41,pallets/flask,4173,Critical,Critical,True
prchunk_367a4cbecf70857824d9,prdoc_1e5a4e3009ce383f389d,1,PR description,204,30,pallets/flask,4173,Critical,Critical,True
prchunk_67c5547938330269bcfb,prdoc_1e5a4e3009ce383f389d,2,Change evidence,417,68,pallets/flask,4173,Critical,Critical,True
prchunk_5d663c625532e48b8af3,prdoc_1e5a4e3009ce383f389d,3,Predictive intelligence,470,66,pallets/flask,4173,Critical,Critical,True
prchunk_bf2c6112b5f456d55b95,prdoc_1e5a4e3009ce383f389d,4,Deterministic policy intelligence,1063,143,pallets/flask,4173,Critical,Critical,True
prchunk_7f856cf495f2329f9959,prdoc_1e5a4e3009ce383f389d,5,Unified review priority,306,41,pallets/flask,4173,Critical,Critical,True
prchunk_5c0b3fe524b9c96cb111,prdoc_05204bf6ef5a0fea869f,0,PR identity,299,43,pallets/flask,5423,Critical,Critical,True
prchunk_052bab5858e7289a139c,prdoc_05204bf6ef5a0fea869f,1,PR description,348,59,pallets/flask,5423,Critical,Critical,True
prchunk_a48b11b512e202375741,prdoc_05204bf6ef5a0fea869f,2,Change evidence,403,68,pallets/flask,5423,Critical,Critical,True
prchunk_6a559bcfc6d628fb405c,prdoc_05204bf6ef5a0fea869f,3,Predictive intelligence,426,59,pallets/flask,5423,Critical,Critical,True
prchunk_27c13f68c5ef42e688dc,prdoc_05204bf6ef5a0fea869f,4,Deterministic policy intelligence,862,112,pallets/flask,5423,Critical,Critical,True
prchunk_d68ee23591dadffc6bb1,prdoc_05204bf6ef5a0fea869f,5,Unified review priority,306,41,pallets/flask,5423,Critical,Critical,True
prchunk_04e96ad2562aefa769b7,prdoc_cc8ef61c677618f75e7b,0,PR identity,308,44,pallets/flask,5750,Critical,Critical,True
prchunk_d34cd9f78c7746e5bfc3,prdoc_cc8ef61c677618f75e7b,1,PR description,812,112,pallets/flask,5750,Critical,Critical,True
prchunk_41148d4ed44baac18e39,prdoc_cc8ef61c677618f75e7b,2,Change evidence,404,68,pallets/flask,5750,Critical,Critical,True
prchunk_e3c358ae092d1d7b0f62,prdoc_cc8ef61c677618f75e7b,3,Predictive intelligence,474,67,pallets/flask,5750,Critical,Critical,True
prchunk_770d5616d1b8e325b537,prdoc_cc8ef61c677618f75e7b,4,Deterministic policy intelligence,634,88,pallets/flask,5750,Critical,Critical,True
prchunk_5ced3d23f192ca951742,prdoc_cc8ef61c677618f75e7b,5,Unified review priority,306,41,pallets/flask,5750,Critical,Critical,True
prchunk_a65a50275e19bbda3978,prdoc_c3a32848bab7e6b17db3,0,PR identity,285,34,pallets/flask,4833,Critical,Critical,True
prchunk_33266c7f6d2ac9b125ed,prdoc_c3a32848bab7e6b17db3,1,PR description,496,39,pallets/flask,4833,Critical,Critical,True
prchunk_95f23e91f85a69396df7,prdoc_c3a32848bab7e6b17db3,2,Change evidence,403,68,pallets/flask,4833,Critical,Critical,True
prchunk_1262050e2cdfda628208,prdoc_c3a32848bab7e6b17db3,3,Predictive intelligence,426,59,pallets/flask,4833,Critical,Critical,True
prchunk_1a0be2fbe39857f52302,prdoc_c3a32848bab7e6b17db3,4,Deterministic policy intelligence,862,112,pallets/flask,4833,Critical,Critical,True
prchunk_7cd637991e3217b4094b,prdoc_c3a32848bab7e6b17db3,5,Unified review priority,306,41,pallets/flask,4833,Critical,Critical,True
prchunk_8c1f56ad36e5477cfd01,prdoc_ef0c730d0df57e10c7cf,0,PR identity,311,42,pallets/flask,3737,Critical,Critical,True
prchunk_be21b272de1c24ae4444,prdoc_ef0c730d0df57e10c7cf,1,PR description,627,90,pallets/flask,3737,Critical,Critical,True
prchunk_b8859ab1641508b41305,prdoc_ef0c730d0df57e10c7cf,2,Change evidence,403,68,pallets/flask,3737,Critical,Critical,True
prchunk_c7b238aa6bd09527bb0e,prdoc_ef0c730d0df57e10c7cf,3,Predictive intelligence,474,67,pallets/flask,3737,Critical,Critical,True
prchunk_bc1c54266309984d955e,prdoc_ef0c730d0df57e10c7cf,4,Deterministic policy intelligence,634,88,pallets/flask,3737,Critical,Critical,True
prchunk_d6f295c7c599f2e42b5b,prdoc_ef0c730d0df57e10c7cf,5,Unified review priority,306,41,pallets/flask,3737,Critical,Critical,True
prchunk_30eca294443b49ae1f39,prdoc_207d1edd1e836be34626,0,PR identity,279,35,pallets/flask,3524,Critical,Critical,True
prchunk_67f5913816c097684397,prdoc_207d1edd1e836be34626,1,PR description,1131,145,pallets/flask,3524,Critical,Critical,True
prchunk_c828731b44ff2e0506e0,prdoc_207d1edd1e836be34626,2,Change evidence,403,68,pallets/flask,3524,Critical,Critical,True
prchunk_7f5e4683fa9de91894be,prdoc_207d1edd1e836be34626,3,Predictive intelligence,430,60,pallets/flask,3524,Critical,Critical,True
prchunk_6d9a3f67ac842cfdc59c,prdoc_207d1edd1e836be34626,4,Deterministic policy intelligence,763,100,pallets/flask,3524,Critical,Critical,True
prchunk_2f995525371e9ded2be2,prdoc_207d1edd1e836be34626,5,Unified review priority,306,41,pallets/flask,3524,Critical,Critical,True
prchunk_b895a87368ca82798a14,prdoc_316cf9ed8849c6892a0f,0,PR identity,271,36,pallets/flask,2676,Critical,Critical,True
prchunk_55b391706c6a8cec02ee,prdoc_316cf9ed8849c6892a0f,1,PR description,1058,180,pallets/flask,2676,Critical,Critical,True
prchunk_b82978633f92d4fbdeba,prdoc_316cf9ed8849c6892a0f,2,PR description,836,132,pallets/flask,2676,Critical,Critical,True
prchunk_c79a901aefbb07a40480,prdoc_316cf9ed8849c6892a0f,3,Change evidence,418,68,pallets/flask,2676,Critical,Critical,True
prchunk_d28ec14be939fe9fa021,prdoc_316cf9ed8849c6892a0f,4,Predictive intelligence,426,59,pallets/flask,2676,Critical,Critical,True
prchunk_f670ae18162416b75f43,prdoc_316cf9ed8849c6892a0f,5,Deterministic policy intelligence,768,102,pallets/flask,2676,Critical,Critical,True
prchunk_79a69f673fd120f0660c,prdoc_316cf9ed8849c6892a0f,6,Unified review priority,306,41,pallets/flask,2676,Critical,Critical,True
prchunk_f798df1613276165e93c,prdoc_6d8e56c2d8a28ec78362,0,PR identity,260,36,pallets/flask,3785,Critical,Critical,True
prchunk_920c1faa678f4d21a7b9,prdoc_6d8e56c2d8a28ec78362,1,PR description,312,47,pallets/flask,3785,Critical,Critical,True
prchunk_1554ab43786887db4886,prdoc_6d8e56c2d8a28ec78362,2,Change evidence,404,68,pallets/flask,3785,Critical,Critical,True
prchunk_d9af06a84a6e8b35e709,prdoc_6d8e56c2d8a28ec78362,3,Predictive intelligence,414,57,pallets/flask,3785,Critical,Critical,True
prchunk_e22b626382fed3da42f1,prdoc_6d8e56c2d8a28ec78362,4,Deterministic policy intelligence,862,112,pallets/flask,3785,Critical,Critical,True
prchunk_bdf38ccfd698b97fe022,prdoc_6d8e56c2d8a28ec78362,5,Unified review priority,306,41,pallets/flask,3785,Critical,Critical,True
prchunk_0e322686fc83126f9fbd,prdoc_04fc67667308080af911,0,PR identity,265,36,pallets/flask,4272,Critical,Critical,True
prchunk_a388050c9f8ae60a3aff,prdoc_04fc67667308080af911,1,PR description,656,111,pallets/flask,4272,Critical,Critical,True
prchunk_d23700cd4b768ad10e89,prdoc_04fc67667308080af911,2,Change evidence,427,68,pallets/flask,4272,Critical,Critical,True
prchunk_15787c4023111ae916dc,prdoc_04fc67667308080af911,3,Predictive intelligence,474,67,pallets/flask,4272,Critical,Critical,True
prchunk_13f06f70ff142f28d7c2,prdoc_04fc67667308080af911,4,Deterministic policy intelligence,869,115,pallets/flask,4272,Critical,Critical,True
prchunk_f1414300d2c1981f9c83,prdoc_04fc67667308080af911,5,Unified review priority,306,41,pallets/flask,4272,Critical,Critical,True
prchunk_9098d7dd243cd001a731,prdoc_da535d7432cb8775bdc4,0,PR identity,266,36,pallets/flask,5068,Critical,Critical,True
prchunk_017a3e82025a063b8a84,prdoc_da535d7432cb8775bdc4,1,PR description,890,147,pallets/flask,5068,Critical,Critical,True
prchunk_a1c92d32319271666341,prdoc_da535d7432cb8775bdc4,2,Change evidence,427,68,pallets/flask,5068,Critical,Critical,True
prchunk_a9d7002c8946ea3122c8,prdoc_da535d7432cb8775bdc4,3,Predictive intelligence,474,67,pallets/flask,5068,Critical,Critical,True
prchunk_e0da815962c8c311abfb,prdoc_da535d7432cb8775bdc4,4,Deterministic policy intelligence,869,115,pallets/flask,5068,Critical,Critical,True
prchunk_b6cda289ae184f580804,prdoc_da535d7432cb8775bdc4,5,Unified review priority,306,41,pallets/flask,5068,Critical,Critical,True
prchunk_41b3d23c94efbe44f6b6,prdoc_9eb01be2297d670214e1,0,PR identity,272,36,pallets/flask,3670,Critical,Critical,True
prchunk_817fd0cb80da91e233b0,prdoc_9eb01be2297d670214e1,1,PR description,749,115,pallets/flask,3670,Critical,Critical,True
prchunk_f02826e9808d75156d92,prdoc_9eb01be2297d670214e1,2,Change evidence,421,68,pallets/flask,3670,Critical,Critical,True
prchunk_c6d5fdae5955b015fadd,prdoc_9eb01be2297d670214e1,3,Predictive intelligence,474,67,pallets/flask,3670,Critical,Critical,True
prchunk_45ae00185b35cfa6522f,prdoc_9eb01be2297d670214e1,4,Deterministic policy intelligence,869,115,pallets/flask,3670,Critical,Critical,True
prchunk_2141b4dc46d2d4af497c,prdoc_9eb01be2297d670214e1,5,Unified review priority,306,41,pallets/flask,3670,Critical,Critical,True
prchunk_ad8342c52bfc1ab005e1,prdoc_3ddd4e7badcdcccf372a,0,PR identity,261,33,pallets/flask,3183,Critical,Critical,True
prchunk_97c3bb8075e7640be73f,prdoc_3ddd4e7badcdcccf372a,1,PR description,223,27,pallets/flask,3183,Critical,Critical,True
prchunk_895012051ead821b0016,prdoc_3ddd4e7badcdcccf372a,2,Change evidence,416,68,pallets/flask,3183,Critical,Critical,True
prchunk_bb845a880333d25613d7,prdoc_3ddd4e7badcdcccf372a,3,Predictive intelligence,413,57,pallets/flask,3183,Critical,Critical,True
prchunk_19133280c7317e902cea,prdoc_3ddd4e7badcdcccf372a,4,Deterministic policy intelligence,986,128,pallets/flask,3183,Critical,Critical,True
prchunk_532010138d2b38f8f638,prdoc_3ddd4e7badcdcccf372a,5,Unified review priority,306,41,pallets/flask,3183,Critical,Critical,True
prchunk_9c81e550ef695c9fddba,prdoc_ac1ee77075fdfdefc5a7,0,PR identity,253,35,pallets/flask,5767,Critical,Critical,True
prchunk_aa356330d20c441f6ffb,prdoc_ac1ee77075fdfdefc5a7,1,PR description,972,160,pallets/flask,5767,Critical,Critical,True
prchunk_5ea58e159b0d2b23763a,prdoc_ac1ee77075fdfdefc5a7,2,Change evidence,418,68,pallets/flask,5767,Critical,Critical,True
prchunk_1d978279527b94380f87,prdoc_ac1ee77075fdfdefc5a7,3,Predictive intelligence,474,67,pallets/flask,5767,Critical,Critical,True
prchunk_8d62e58618a1785dfd8f,prdoc_ac1ee77075fdfdefc5a7,4,Deterministic policy intelligence,869,115,pallets/flask,5767,Critical,Critical,True
prchunk_82c6f88e770b2ef78896,prdoc_ac1ee77075fdfdefc5a7,5,Unified review priority,306,41,pallets/flask,5767,Critical,Critical,True
prchunk_9dfd8a48cf1a0250c9fd,prdoc_2cdb2f5daac6d36b4a80,0,PR identity,249,36,pallets/flask,5602,Critical,Critical,True
prchunk_c223856e0375a13a241e,prdoc_2cdb2f5daac6d36b4a80,1,PR description,968,161,pallets/flask,5602,Critical,Critical,True
prchunk_87b945d60d13b662f3c7,prdoc_2cdb2f5daac6d36b4a80,2,Change evidence,418,68,pallets/flask,5602,Critical,Critical,True
prchunk_831079809be8528c4bcb,prdoc_2cdb2f5daac6d36b4a80,3,Predictive intelligence,474,67,pallets/flask,5602,Critical,Critical,True
prchunk_bb3000160f711210e04b,prdoc_2cdb2f5daac6d36b4a80,4,Deterministic policy intelligence,869,115,pallets/flask,5602,Critical,Critical,True
prchunk_040c4e5120473ab600ce,prdoc_2cdb2f5daac6d36b4a80,5,Unified review priority,306,41,pallets/flask,5602,Critical,Critical,True
prchunk_d4c613b59b268e156e10,prdoc_808f9cbafcbf69dea721,0,PR identity,289,41,pallets/flask,5127,Critical,Critical,True
prchunk_f3e6a60faf8ee9cba8dc,prdoc_808f9cbafcbf69dea721,1,PR description,1017,178,pallets/flask,5127,Critical,Critical,True
prchunk_591b6575ed99ae48cef4,prdoc_808f9cbafcbf69dea721,2,Change evidence,416,68,pallets/flask,5127,Critical,Critical,True
prchunk_7be490c942d9f34c0f9f,prdoc_808f9cbafcbf69dea721,3,Predictive intelligence,426,59,pallets/flask,5127,Critical,Critical,True
prchunk_a8941213ee35cfd34eae,prdoc_808f9cbafcbf69dea721,4,Deterministic policy intelligence,612,88,pallets/flask,5127,Critical,Critical,True
prchunk_d6053f02b95d6d603b0b,prdoc_808f9cbafcbf69dea721,5,Unified review priority,306,41,pallets/flask,5127,Critical,Critical,True
prchunk_8563dafbefd4c2c3a60f,prdoc_8745622425869b88e990,0,PR identity,264,38,pallets/flask,5706,Critical,Critical,True
prchunk_437462e2128218ed4341,prdoc_8745622425869b88e990,1,PR description,981,163,pallets/flask,5706,Critical,Critical,True
prchunk_fc69babb8dea0bb624a5,prdoc_8745622425869b88e990,2,Change evidence,406,68,pallets/flask,5706,Critical,Critical,True
prchunk_00e69b015e4b81f1d3bb,prdoc_8745622425869b88e990,3,Predictive intelligence,474,67,pallets/flask,5706,Critical,Critical,True
prchunk_fa0d252329fdafdd4034,prdoc_8745622425869b88e990,4,Deterministic policy intelligence,864,113,pallets/flask,5706,Critical,Critical,True
prchunk_9f83191a02fdb74e2fc3,prdoc_8745622425869b88e990,5,Unified review priority,306,41,pallets/flask,5706,Critical,Critical,True
prchunk_f240f5ef94eea731afd5,prdoc_0ea2057bf5048e45d25d,0,PR identity,260,34,pallets/flask,3616,Critical,Critical,True
prchunk_5aae90aff017b8d5e425,prdoc_0ea2057bf5048e45d25d,1,PR description,195,29,pallets/flask,3616,Critical,Critical,True
prchunk_9eb9671e2d7f7d5634b7,prdoc_0ea2057bf5048e45d25d,2,Change evidence,403,68,pallets/flask,3616,Critical,Critical,True
prchunk_5e1376ead1812cd996fb,prdoc_0ea2057bf5048e45d25d,3,Predictive intelligence,414,57,pallets/flask,3616,Critical,Critical,True
prchunk_5048103031c8ca03516e,prdoc_0ea2057bf5048e45d25d,4,Deterministic policy intelligence,868,114,pallets/flask,3616,Critical,Critical,True
prchunk_4abd01e1adaf55d4b552,prdoc_0ea2057bf5048e45d25d,5,Unified review priority,306,41,pallets/flask,3616,Critical,Critical,True
prchunk_8e9a3d3ad064aeb67231,prdoc_4c9547a20c2ffd0817e5,0,PR identity,277,39,pallets/flask,3184,Critical,Critical,True
prchunk_674bdda1c37f37354e0f,prdoc_4c9547a20c2ffd0817e5,1,PR description,345,39,pallets/flask,3184,Critical,Critical,True
prchunk_2b716b5a77ffd4692597,prdoc_4c9547a20c2ffd0817e5,2,Change evidence,405,68,pallets/flask,3184,Critical,Critical,True
prchunk_220d16b5dccc95f37a22,prdoc_4c9547a20c2ffd0817e5,3,Predictive intelligence,474,67,pallets/flask,3184,Critical,Critical,True
prchunk_1f0f7621956b9d0ba53f,prdoc_4c9547a20c2ffd0817e5,4,Deterministic policy intelligence,862,112,pallets/flask,3184,Critical,Critical,True
prchunk_69708d1d4af44e59be29,prdoc_4c9547a20c2ffd0817e5,5,Unified review priority,306,41,pallets/flask,3184,Critical,Critical,True
prchunk_03bcfd4130ce054745ba,prdoc_9061fcb9a8fb3588cf2c,0,PR identity,247,34,pallets/flask,5772,Critical,Critical,True
prchunk_6a8844a0ea1746f47a00,prdoc_9061fcb9a8fb3588cf2c,1,PR description,965,159,pallets/flask,5772,Critical,Critical,True
prchunk_8613620f9683cf90777e,prdoc_9061fcb9a8fb3588cf2c,2,Change evidence,416,68,pallets/flask,5772,Critical,Critical,True
prchunk_06888f4a879e18496b66,prdoc_9061fcb9a8fb3588cf2c,3,Predictive intelligence,474,67,pallets/flask,5772,Critical,Critical,True
prchunk_a38bb6b78b9345a5fe77,prdoc_9061fcb9a8fb3588cf2c,4,Deterministic policy intelligence,768,102,pallets/flask,5772,Critical,Critical,True
prchunk_60d80f930d8f7bac4526,prdoc_9061fcb9a8fb3588cf2c,5,Unified review priority,306,41,pallets/flask,5772,Critical,Critical,True
prchunk_8de0efcc0ac51f33d6da,prdoc_2dcf3205af1375512957,0,PR identity,251,34,pallets/flask,3554,Critical,Critical,True
prchunk_b77050fd7d74c45b668c,prdoc_2dcf3205af1375512957,1,PR description,344,49,pallets/flask,3554,Critical,Critical,True
prchunk_603f6d9105ef785547a0,prdoc_2dcf3205af1375512957,2,Change evidence,413,68,pallets/flask,3554,Critical,Critical,True
prchunk_406a9fe13f215a10b3f9,prdoc_2dcf3205af1375512957,3,Predictive intelligence,413,57,pallets/flask,3554,Critical,Critical,True
prchunk_c7fc341434566d1614f5,prdoc_2dcf3205af1375512957,4,Deterministic policy intelligence,882,115,pallets/flask,3554,Critical,Critical,True
prchunk_4d4500d7526ccb3a9a49,prdoc_2dcf3205af1375512957,5,Unified review priority,306,41,pallets/flask,3554,Critical,Critical,True
prchunk_f9e919b703599e2aa64d,prdoc_f198f66fbfe4face5dc4,0,PR identity,244,34,pallets/flask,5346,Critical,Critical,True
prchunk_6c78cccc20e8319d5995,prdoc_f198f66fbfe4face5dc4,1,PR description,1019,180,pallets/flask,5346,Critical,Critical,True
prchunk_2515eca692bcc8bb9b03,prdoc_f198f66fbfe4face5dc4,2,PR description,225,41,pallets/flask,5346,Critical,Critical,True
prchunk_0c9abc7723a85f971537,prdoc_f198f66fbfe4face5dc4,3,Change evidence,405,68,pallets/flask,5346,Critical,Critical,True
prchunk_251af6d2c10afc3a1d64,prdoc_f198f66fbfe4face5dc4,4,Predictive intelligence,473,67,pallets/flask,5346,Critical,Critical,True
prchunk_e1d47b19b464c90f830b,prdoc_f198f66fbfe4face5dc4,5,Deterministic policy intelligence,763,100,pallets/flask,5346,Critical,Critical,True
prchunk_b1b387ee274f11abb7f9,prdoc_f198f66fbfe4face5dc4,6,Unified review priority,306,41,pallets/flask,5346,Critical,Critical,True
prchunk_941ae23e4dd19516a387,prdoc_42c9cffeb2864959fbf4,0,PR identity,265,36,pallets/flask,4274,Critical,Critical,True
prchunk_6a37cd561d731a6a7461,prdoc_42c9cffeb2864959fbf4,1,PR description,221,30,pallets/flask,4274,Critical,Critical,True
prchunk_1a516825938afb91c083,prdoc_42c9cffeb2864959fbf4,2,Change evidence,405,68,pallets/flask,4274,Critical,Critical,True
prchunk_b0690fe807ade52504c6,prdoc_42c9cffeb2864959fbf4,3,Predictive intelligence,474,67,pallets/flask,4274,Critical,Critical,True
prchunk_b01b88638a2beec0fa19,prdoc_42c9cffeb2864959fbf4,4,Deterministic policy intelligence,859,112,pallets/flask,4274,Critical,Critical,True
prchunk_4c344b1fd9e36193f53b,prdoc_42c9cffeb2864959fbf4,5,Unified review priority,306,41,pallets/flask,4274,Critical,Critical,True
prchunk_d3427e2e83d2ee533588,prdoc_f0289b1223a4dfa6cbde,0,PR identity,250,35,pallets/flask,4678,Critical,Critical,True
prchunk_6a380d503d63248c2baa,prdoc_f0289b1223a4dfa6cbde,1,PR description,1023,180,pallets/flask,4678,Critical,Critical,True
prchunk_bc5f8f211757787dcbe7,prdoc_f0289b1223a4dfa6cbde,2,PR description,228,42,pallets/flask,4678,Critical,Critical,True
prchunk_61015f59c30a1917316d,prdoc_f0289b1223a4dfa6cbde,3,Change evidence,405,68,pallets/flask,4678,Critical,Critical,True
prchunk_21d386616ad3ced80ddf,prdoc_f0289b1223a4dfa6cbde,4,Predictive intelligence,473,67,pallets/flask,4678,Critical,Critical,True
prchunk_8311f76a1be3a55a48fc,prdoc_f0289b1223a4dfa6cbde,5,Deterministic policy intelligence,763,100,pallets/flask,4678,Critical,Critical,True
prchunk_39e335904a142a3acbb0,prdoc_f0289b1223a4dfa6cbde,6,Unified review priority,306,41,pallets/flask,4678,Critical,Critical,True
prchunk_7077452924bb6e965c50,prdoc_7be7aeaecb25af4d80ed,0,PR identity,266,36,pallets/flask,5945,Critical,Critical,True
prchunk_bc75774d6d7017afb6a6,prdoc_7be7aeaecb25af4d80ed,1,PR description,459,70,pallets/flask,5945,Critical,Critical,True
prchunk_b3ab9fb0986055f37944,prdoc_7be7aeaecb25af4d80ed,2,Change evidence,405,68,pallets/flask,5945,Critical,Critical,True
prchunk_1dc043b22f5b2775ac59,prdoc_7be7aeaecb25af4d80ed,3,Predictive intelligence,414,57,pallets/flask,5945,Critical,Critical,True
prchunk_6314d800f3a81c3ad4e1,prdoc_7be7aeaecb25af4d80ed,4,Deterministic policy intelligence,862,112,pallets/flask,5945,Critical,Critical,True
prchunk_423044d6c2cac0514d55,prdoc_7be7aeaecb25af4d80ed,5,Unified review priority,306,41,pallets/flask,5945,Critical,Critical,True
prchunk_cfaf47927b3bece794e7,prdoc_a01f7c8127cefcb333fb,0,PR identity,280,38,pallets/flask,5125,Critical,Critical,True
prchunk_0c0b69d110b138282a90,prdoc_a01f7c8127cefcb333fb,1,PR description,1046,180,pallets/flask,5125,Critical,Critical,True
prchunk_749a68546edc0f4f8495,prdoc_a01f7c8127cefcb333fb,2,PR description,237,43,pallets/flask,5125,Critical,Critical,True
prchunk_d492724854b43e0cad02,prdoc_a01f7c8127cefcb333fb,3,Change evidence,405,68,pallets/flask,5125,Critical,Critical,True
prchunk_4c942e8d18e0c299589b,prdoc_a01f7c8127cefcb333fb,4,Predictive intelligence,473,67,pallets/flask,5125,Critical,Critical,True
prchunk_b4ce055bdbbcc066492d,prdoc_a01f7c8127cefcb333fb,5,Deterministic policy intelligence,763,100,pallets/flask,5125,Critical,Critical,True
prchunk_67b9e2bdea1f2162430a,prdoc_a01f7c8127cefcb333fb,6,Unified review priority,306,41,pallets/flask,5125,Critical,Critical,True
prchunk_f7248c338feea07f880c,prdoc_775d35f0c693c67d656e,0,PR identity,296,40,pallets/flask,5433,Critical,Critical,True
prchunk_d4fa0efbf6659ee20c07,prdoc_775d35f0c693c67d656e,1,PR description,227,33,pallets/flask,5433,Critical,Critical,True
prchunk_f1ea8d41632c1582932f,prdoc_775d35f0c693c67d656e,2,Change evidence,408,68,pallets/flask,5433,Critical,Critical,True
prchunk_e57cf185c171ac9ffead,prdoc_775d35f0c693c67d656e,3,Predictive intelligence,470,66,pallets/flask,5433,Critical,Critical,True
prchunk_c40e88ad6235e757bae2,prdoc_775d35f0c693c67d656e,4,Deterministic policy intelligence,865,114,pallets/flask,5433,Critical,Critical,True
prchunk_0843263a8b6876108ab3,prdoc_775d35f0c693c67d656e,5,Unified review priority,306,41,pallets/flask,5433,Critical,Critical,True
prchunk_31e0706d8ffcf4ffa69e,prdoc_3a2084ed70a3dfd2a760,0,PR identity,270,35,pallets/flask,5793,Critical,Critical,True
prchunk_7a13adc5fd7b0af65a42,prdoc_3a2084ed70a3dfd2a760,1,PR description,984,161,pallets/flask,5793,Critical,Critical,True
prchunk_9ef2116546b94bd665bb,prdoc_3a2084ed70a3dfd2a760,2,Change evidence,405,68,pallets/flask,5793,Critical,Critical,True
prchunk_2c4e0ce48282cb147efb,prdoc_3a2084ed70a3dfd2a760,3,Predictive intelligence,474,67,pallets/flask,5793,Critical,Critical,True
prchunk_36f461744748a845c4ae,prdoc_3a2084ed70a3dfd2a760,4,Deterministic policy intelligence,763,100,pallets/flask,5793,Critical,Critical,True
prchunk_fe3129c6060b8316ddde,prdoc_3a2084ed70a3dfd2a760,5,Unified review priority,306,41,pallets/flask,5793,Critical,Critical,True
prchunk_b050594e0f6d6766745f,prdoc_715b98d5e5c9c2b7c759,0,PR identity,275,38,pallets/flask,5685,Critical,Critical,True
prchunk_4a8841d74a20d55d4069,prdoc_715b98d5e5c9c2b7c759,1,PR description,1182,180,pallets/flask,5685,Critical,Critical,True
prchunk_63e3957bf92b6a87c39f,prdoc_715b98d5e5c9c2b7c759,2,PR description,977,151,pallets/flask,5685,Critical,Critical,True
prchunk_3cbb6cadadaefd4d371c,prdoc_715b98d5e5c9c2b7c759,3,Change evidence,405,68,pallets/flask,5685,Critical,Critical,True
prchunk_bb8ac800897aff2e245e,prdoc_715b98d5e5c9c2b7c759,4,Predictive intelligence,474,67,pallets/flask,5685,Critical,Critical,True
prchunk_6e0d2023bf6617536dbe,prdoc_715b98d5e5c9c2b7c759,5,Deterministic policy intelligence,763,100,pallets/flask,5685,Critical,Critical,True
prchunk_21cbd4a6fc706ccf447a,prdoc_715b98d5e5c9c2b7c759,6,Unified review priority,306,41,pallets/flask,5685,Critical,Critical,True
prchunk_10fb9a4ee3c7596a5c38,prdoc_ef3db1ee765af86cd480,0,PR identity,257,33,pallets/flask,4326,Critical,Critical,True
prchunk_325597dcc69f7a6a6d79,prdoc_ef3db1ee765af86cd480,1,PR description,192,28,pallets/flask,4326,Critical,Critical,True
prchunk_6a9f8d53ccc83f7178fb,prdoc_ef3db1ee765af86cd480,2,Change evidence,406,68,pallets/flask,4326,Critical,Critical,True
prchunk_4ec287912017dd0752dd,prdoc_ef3db1ee765af86cd480,3,Predictive intelligence,413,57,pallets/flask,4326,Critical,Critical,True
prchunk_b6328f1afe0fb60f2cea,prdoc_ef3db1ee765af86cd480,4,Deterministic policy intelligence,868,114,pallets/flask,4326,Critical,Critical,True
prchunk_ab2cd667d23638f7dfdf,prdoc_ef3db1ee765af86cd480,5,Unified review priority,306,41,pallets/flask,4326,Critical,Critical,True
prchunk_32acbca930c37af154e3,prdoc_29fea61c64a8b2a71d3f,0,PR identity,260,34,pallets/flask,5754,Critical,Critical,True
prchunk_19d75556b12d0e9629bc,prdoc_29fea61c64a8b2a71d3f,1,PR description,227,33,pallets/flask,5754,Critical,Critical,True
prchunk_b816f4184a8c17996f4f,prdoc_29fea61c64a8b2a71d3f,2,Change evidence,405,68,pallets/flask,5754,Critical,Critical,True
prchunk_5bacb7bd02bc565f5817,prdoc_29fea61c64a8b2a71d3f,3,Predictive intelligence,414,57,pallets/flask,5754,Critical,Critical,True
prchunk_5447909715960cc95664,prdoc_29fea61c64a8b2a71d3f,4,Deterministic policy intelligence,862,112,pallets/flask,5754,Critical,Critical,True
prchunk_a11049ce47e82da0012c,prdoc_29fea61c64a8b2a71d3f,5,Unified review priority,306,41,pallets/flask,5754,Critical,Critical,True
prchunk_66d623afebc3c4334120,prdoc_11e95a4becd14f7a6cff,0,PR identity,285,36,pallets/flask,4405,Critical,Critical,True
prchunk_eeccaf36369db80fa1a7,prdoc_11e95a4becd14f7a6cff,1,PR description,488,39,pallets/flask,4405,Critical,Critical,True
prchunk_ba158878eb21277e74b4,prdoc_11e95a4becd14f7a6cff,2,Change evidence,403,68,pallets/flask,4405,Critical,Critical,True
prchunk_7e2c9208b39feb3d806c,prdoc_11e95a4becd14f7a6cff,3,Predictive intelligence,470,66,pallets/flask,4405,Critical,Critical,True
prchunk_2639ce60e2236899b95d,prdoc_11e95a4becd14f7a6cff,4,Deterministic policy intelligence,862,112,pallets/flask,4405,Critical,Critical,True
prchunk_d059037f05f519ac98ba,prdoc_11e95a4becd14f7a6cff,5,Unified review priority,306,41,pallets/flask,4405,Critical,Critical,True
prchunk_5ced753bc9f9182fe0b4,prdoc_e06f0abed7ce7c9d1d89,0,PR identity,263,37,pallets/flask,5643,Critical,Critical,True
prchunk_bd65b01638de74c28457,prdoc_e06f0abed7ce7c9d1d89,1,PR description,726,109,pallets/flask,5643,Critical,Critical,True
prchunk_de7960c764aa1c59b597,prdoc_e06f0abed7ce7c9d1d89,2,Change evidence,403,68,pallets/flask,5643,Critical,Critical,True
prchunk_8cf47865ca1c965b59dd,prdoc_e06f0abed7ce7c9d1d89,3,Predictive intelligence,474,67,pallets/flask,5643,Critical,Critical,True
prchunk_566f0aaba499aac2632d,prdoc_e06f0abed7ce7c9d1d89,4,Deterministic policy intelligence,763,100,pallets/flask,5643,Critical,Critical,True
prchunk_b48908c48c4c5cc54864,prdoc_e06f0abed7ce7c9d1d89,5,Unified review priority,306,41,pallets/flask,5643,Critical,Critical,True
prchunk_646f551016013d515dc2,prdoc_417236b9afccab6a7ac2,0,PR identity,297,40,pallets/flask,3230,Critical,Critical,True
prchunk_d56e6d976459f78d969c,prdoc_417236b9afccab6a7ac2,1,PR description,231,35,pallets/flask,3230,Critical,Critical,True
prchunk_f3626f4e3eb2b99122fe,prdoc_417236b9afccab6a7ac2,2,Change evidence,403,68,pallets/flask,3230,Critical,Critical,True
prchunk_557fd56bb9c40b0f2173,prdoc_417236b9afccab6a7ac2,3,Predictive intelligence,413,57,pallets/flask,3230,Critical,Critical,True
prchunk_c8b53dbf48c3ccb270c2,prdoc_417236b9afccab6a7ac2,4,Deterministic policy intelligence,748,99,pallets/flask,3230,Critical,Critical,True
prchunk_4784d8cb47e0add3859d,prdoc_417236b9afccab6a7ac2,5,Unified review priority,306,41,pallets/flask,3230,Critical,Critical,True
prchunk_76516f7e300e73e81f66,prdoc_dd286180a1c82ccffbdb,0,PR identity,267,35,pallets/flask,4943,Critical,Critical,True
prchunk_195e7b3c53d360164361,prdoc_dd286180a1c82ccffbdb,1,PR description,216,35,pallets/flask,4943,Critical,Critical,True
prchunk_52914cfc3bca77869b48,prdoc_dd286180a1c82ccffbdb,2,Change evidence,406,68,pallets/flask,4943,Critical,Critical,True
prchunk_f9e9e5a1c6db6976d6f3,prdoc_dd286180a1c82ccffbdb,3,Predictive intelligence,413,57,pallets/flask,4943,Critical,Critical,True
prchunk_17a07059d947dea04e02,prdoc_dd286180a1c82ccffbdb,4,Deterministic policy intelligence,862,112,pallets/flask,4943,Critical,Critical,True
prchunk_c5fd18718215adfed6dd,prdoc_dd286180a1c82ccffbdb,5,Unified review priority,306,41,pallets/flask,4943,Critical,Critical,True
prchunk_82d03b5cec27a8f8c728,prdoc_a94e8a6a2944804ed335,0,PR identity,265,35,pallets/flask,2699,Critical,Critical,True
prchunk_0c030f0301fc4c3b19a4,prdoc_a94e8a6a2944804ed335,1,PR description,373,55,pallets/flask,2699,Critical,Critical,True
prchunk_ae61265a10216de5a9a4,prdoc_a94e8a6a2944804ed335,2,Change evidence,407,68,pallets/flask,2699,Critical,Critical,True
prchunk_892f8b6a8285b491f496,prdoc_a94e8a6a2944804ed335,3,Predictive intelligence,413,57,pallets/flask,2699,Critical,Critical,True
prchunk_211314fc1a4ca76cd195,prdoc_a94e8a6a2944804ed335,4,Deterministic policy intelligence,889,115,pallets/flask,2699,Critical,Critical,True
prchunk_b7182d90970cc3cbbee5,prdoc_a94e8a6a2944804ed335,5,Unified review priority,306,41,pallets/flask,2699,Critical,Critical,True
prchunk_8002fa32df1d7d94a220,prdoc_4677991be00cbe1a9629,0,PR identity,286,37,pallets/flask,3922,Critical,Critical,True
prchunk_0f0334580150ae4af165,prdoc_4677991be00cbe1a9629,1,PR description,221,32,pallets/flask,3922,Critical,Critical,True
prchunk_2b70f6539d68bc947c8a,prdoc_4677991be00cbe1a9629,2,Change evidence,406,68,pallets/flask,3922,Critical,Critical,True
prchunk_9cfa6142b99c7f75c3f3,prdoc_4677991be00cbe1a9629,3,Predictive intelligence,413,57,pallets/flask,3922,Critical,Critical,True
prchunk_8ee467b8e542989256a8,prdoc_4677991be00cbe1a9629,4,Deterministic policy intelligence,764,101,pallets/flask,3922,Critical,Critical,True
prchunk_32ed5603997949f273cb,prdoc_4677991be00cbe1a9629,5,Unified review priority,306,41,pallets/flask,3922,Critical,Critical,True
prchunk_5a40181945fa329582ef,prdoc_be25c2c5d04918c1c800,0,PR identity,290,37,pallets/flask,4958,Critical,Critical,True
prchunk_7c3ac7ae9cdcc6c6bf04,prdoc_be25c2c5d04918c1c800,1,PR description,2888,180,pallets/flask,4958,Critical,Critical,True
prchunk_84aa7b45e4ece0406f14,prdoc_be25c2c5d04918c1c800,2,PR description,1132,180,pallets/flask,4958,Critical,Critical,True
prchunk_3b8ce83dc765ee8e2e9a,prdoc_be25c2c5d04918c1c800,3,PR description,395,67,pallets/flask,4958,Critical,Critical,True
prchunk_223da981b4b3551dab49,prdoc_be25c2c5d04918c1c800,4,Change evidence,403,68,pallets/flask,4958,Critical,Critical,True
prchunk_dc9ef9ef06479fc80b18,prdoc_be25c2c5d04918c1c800,5,Predictive intelligence,414,57,pallets/flask,4958,Critical,Critical,True
prchunk_3b0aed242f02e0da4767,prdoc_be25c2c5d04918c1c800,6,Deterministic policy intelligence,763,100,pallets/flask,4958,Critical,Critical,True
prchunk_8630972948d2c22a15dc,prdoc_be25c2c5d04918c1c800,7,Unified review priority,306,41,pallets/flask,4958,Critical,Critical,True
prchunk_1e75b38d26ecad446bc4,prdoc_1c34298d8b082e63fbf2,0,PR identity,259,35,pallets/flask,5481,Critical,Critical,True
prchunk_b88b938f37ae414b6ad4,prdoc_1c34298d8b082e63fbf2,1,PR description,194,30,pallets/flask,5481,Critical,Critical,True
prchunk_9c5cea4a28457af2c374,prdoc_1c34298d8b082e63fbf2,2,Change evidence,403,68,pallets/flask,5481,Critical,Critical,True
prchunk_5126295b76d67cd81e6d,prdoc_1c34298d8b082e63fbf2,3,Predictive intelligence,413,57,pallets/flask,5481,Critical,Critical,True
prchunk_718ef758623028255da9,prdoc_1c34298d8b082e63fbf2,4,Deterministic policy intelligence,748,99,pallets/flask,5481,Critical,Critical,True
prchunk_6d24689b96fc2b8706d6,prdoc_1c34298d8b082e63fbf2,5,Unified review priority,306,41,pallets/flask,5481,Critical,Critical,True
prchunk_0b4587e688cf695b05ce,prdoc_6b6166d956401a92cbac,0,PR identity,285,34,pallets/flask,3854,Critical,Critical,True
prchunk_c646a88fe671536c3471,prdoc_6b6166d956401a92cbac,1,PR description,210,29,pallets/flask,3854,Critical,Critical,True
prchunk_9397f00b99bb47209aa9,prdoc_6b6166d956401a92cbac,2,Change evidence,403,68,pallets/flask,3854,Critical,Critical,True
prchunk_2950c589c920a92a18c8,prdoc_6b6166d956401a92cbac,3,Predictive intelligence,413,57,pallets/flask,3854,Critical,Critical,True
prchunk_90540d3d29907153379f,prdoc_6b6166d956401a92cbac,4,Deterministic policy intelligence,748,99,pallets/flask,3854,Critical,Critical,True
prchunk_aa7086eb258293fcbe5a,prdoc_6b6166d956401a92cbac,5,Unified review priority,306,41,pallets/flask,3854,Critical,Critical,True
prchunk_5c80a9c8c2fc032d85a2,prdoc_e62004b65150c8b1deda,0,PR identity,267,36,pallets/flask,5812,Critical,Critical,True
prchunk_fe66d11df3cda1ab4e2a,prdoc_e62004b65150c8b1deda,1,PR description,1136,180,pallets/flask,5812,Critical,Critical,True
prchunk_6848a0aea707d07313da,prdoc_e62004b65150c8b1deda,2,PR description,1073,180,pallets/flask,5812,Critical,Critical,True
prchunk_91ba43b532720d821ec4,prdoc_e62004b65150c8b1deda,3,PR description,1029,180,pallets/flask,5812,Critical,Critical,True
prchunk_d432c0ae5566ea564fb4,prdoc_e62004b65150c8b1deda,4,PR description,815,131,pallets/flask,5812,Critical,Critical,True
prchunk_a877c31430f4427c289d,prdoc_e62004b65150c8b1deda,5,Change evidence,414,68,pallets/flask,5812,Critical,Critical,True
prchunk_3884cc74e31c6c6b75c3,prdoc_e62004b65150c8b1deda,6,Predictive intelligence,414,57,pallets/flask,5812,Critical,Critical,True
prchunk_095c9d326f02615d2042,prdoc_e62004b65150c8b1deda,7,Deterministic policy intelligence,646,90,pallets/flask,5812,Critical,Critical,True
prchunk_47dc458d33892c928a0f,prdoc_e62004b65150c8b1deda,8,Unified review priority,306,41,pallets/flask,5812,Critical,Critical,True
prchunk_374cf9cc6c61065e763d,prdoc_ea5097809d9325ec2d52,0,PR identity,285,34,pallets/flask,3952,Critical,Critical,True
prchunk_9deb37d332a00439eead,prdoc_ea5097809d9325ec2d52,1,PR description,210,29,pallets/flask,3952,Critical,Critical,True
prchunk_55e21bbde0e5deda8628,prdoc_ea5097809d9325ec2d52,2,Change evidence,403,68,pallets/flask,3952,Critical,Critical,True
prchunk_b8af6a3917569da98812,prdoc_ea5097809d9325ec2d52,3,Predictive intelligence,413,57,pallets/flask,3952,Critical,Critical,True
prchunk_fa75ff8acf9baec769d3,prdoc_ea5097809d9325ec2d52,4,Deterministic policy intelligence,748,99,pallets/flask,3952,Critical,Critical,True
prchunk_d5f847bf8eebf4d32523,prdoc_ea5097809d9325ec2d52,5,Unified review priority,306,41,pallets/flask,3952,Critical,Critical,True
prchunk_9f77a00e041e791f4809,prdoc_44764b78987c3010344f,0,PR identity,285,34,pallets/flask,3943,Critical,Critical,True
prchunk_9bd8c48c059944eae0ba,prdoc_44764b78987c3010344f,1,PR description,210,29,pallets/flask,3943,Critical,Critical,True
prchunk_bdc54d24c8027676631f,prdoc_44764b78987c3010344f,2,Change evidence,403,68,pallets/flask,3943,Critical,Critical,True
prchunk_5e67b098efaaf0490d49,prdoc_44764b78987c3010344f,3,Predictive intelligence,413,57,pallets/flask,3943,Critical,Critical,True
prchunk_edd445a1e93f8dba16f8,prdoc_44764b78987c3010344f,4,Deterministic policy intelligence,748,99,pallets/flask,3943,Critical,Critical,True
prchunk_67126fa848ab7c546da5,prdoc_44764b78987c3010344f,5,Unified review priority,306,41,pallets/flask,3943,Critical,Critical,True
prchunk_a5103a0c4977d04ced9f,prdoc_6cf9a3b83c020e0402db,0,PR identity,298,37,pallets/flask,5248,Critical,Critical,True
prchunk_0715eb70bfe59a274330,prdoc_6cf9a3b83c020e0402db,1,PR description,3468,180,pallets/flask,5248,Critical,Critical,True
prchunk_1b9a3ed6a3616765c047,prdoc_6cf9a3b83c020e0402db,2,PR description,2824,180,pallets/flask,5248,Critical,Critical,True
prchunk_df87164d164abd745480,prdoc_6cf9a3b83c020e0402db,3,PR description,1038,173,pallets/flask,5248,Critical,Critical,True
prchunk_530e70bf8151ee6ed147,prdoc_6cf9a3b83c020e0402db,4,Change evidence,403,68,pallets/flask,5248,Critical,Critical,True
prchunk_0f4bb83425b19f6d3de1,prdoc_6cf9a3b83c020e0402db,5,Predictive intelligence,414,57,pallets/flask,5248,Critical,Critical,True
prchunk_a8b54b80c4cb12eeb61f,prdoc_6cf9a3b83c020e0402db,6,Deterministic policy intelligence,763,100,pallets/flask,5248,Critical,Critical,True
prchunk_43c8b5565fd9d21a1c8a,prdoc_6cf9a3b83c020e0402db,7,Unified review priority,306,41,pallets/flask,5248,Critical,Critical,True
prchunk_9184ff5a0f22ba84185a,prdoc_9ae4a227b48c25163f67,0,PR identity,274,37,pallets/flask,3709,Critical,Critical,True
prchunk_6759005d49a8a27eb56e,prdoc_9ae4a227b48c25163f67,1,PR description,190,29,pallets/flask,3709,Critical,Critical,True
prchunk_6b5933cfe6c1764da766,prdoc_9ae4a227b48c25163f67,2,Change evidence,409,68,pallets/flask,3709,Critical,Critical,True
prchunk_760562590a20f4d3730f,prdoc_9ae4a227b48c25163f67,3,Predictive intelligence,414,57,pallets/flask,3709,Critical,Critical,True
prchunk_81594d70dfdcc94465eb,prdoc_9ae4a227b48c25163f67,4,Deterministic policy intelligence,733,101,pallets/flask,3709,Critical,Critical,True
prchunk_d5dd75fd385912a87e4f,prdoc_9ae4a227b48c25163f67,5,Unified review priority,306,41,pallets/flask,3709,Critical,Critical,True
prchunk_2775197b3431818aa23d,prdoc_14aebb50c5f59fe29202,0,PR identity,282,37,pallets/flask,4933,Critical,Critical,True
prchunk_6ae9619f0a0d964ca454,prdoc_14aebb50c5f59fe29202,1,PR description,2972,180,pallets/flask,4933,Critical,Critical,True
prchunk_35777e320a4d38c63de6,prdoc_14aebb50c5f59fe29202,2,PR description,3039,180,pallets/flask,4933,Critical,Critical,True
prchunk_7b4cf0539da415b633a5,prdoc_14aebb50c5f59fe29202,3,PR description,1050,180,pallets/flask,4933,Critical,Critical,True
prchunk_04258c33b147443d4e76,prdoc_14aebb50c5f59fe29202,4,PR description,189,30,pallets/flask,4933,Critical,Critical,True
prchunk_49abab2e77d42d7a6d2f,prdoc_14aebb50c5f59fe29202,5,Change evidence,403,68,pallets/flask,4933,Critical,Critical,True
prchunk_12b72f6f478023429ea1,prdoc_14aebb50c5f59fe29202,6,Predictive intelligence,414,57,pallets/flask,4933,Critical,Critical,True
prchunk_0c5481b7045103e845e7,prdoc_14aebb50c5f59fe29202,7,Deterministic policy intelligence,763,100,pallets/flask,4933,Critical,Critical,True
prchunk_1cd5abad7b0e4d9f38db,prdoc_14aebb50c5f59fe29202,8,Unified review priority,306,41,pallets/flask,4933,Critical,Critical,True
prchunk_c163ea8726c95bae1b76,prdoc_7b3b7728df73bc5c9c2e,0,PR identity,290,37,pallets/flask,5212,Critical,Critical,True
prchunk_b984e551d98493e82b2f,prdoc_7b3b7728df73bc5c9c2e,1,PR description,3365,180,pallets/flask,5212,Critical,Critical,True
prchunk_8f6a2ce8ae8b9cf418a4,prdoc_7b3b7728df73bc5c9c2e,2,PR description,2537,180,pallets/flask,5212,Critical,Critical,True
prchunk_ff0ca3327cb783c229be,prdoc_7b3b7728df73bc5c9c2e,3,PR description,846,143,pallets/flask,5212,Critical,Critical,True
prchunk_c6f42a4b8e29d053b781,prdoc_7b3b7728df73bc5c9c2e,4,Change evidence,403,68,pallets/flask,5212,Critical,Critical,True
prchunk_97b018d089f589085508,prdoc_7b3b7728df73bc5c9c2e,5,Predictive intelligence,413,57,pallets/flask,5212,Critical,Critical,True
prchunk_6cbcec761d8f1896a947,prdoc_7b3b7728df73bc5c9c2e,6,Deterministic policy intelligence,763,100,pallets/flask,5212,Critical,Critical,True
prchunk_4152407fadc3107d0c2b,prdoc_7b3b7728df73bc5c9c2e,7,Unified review priority,306,41,pallets/flask,5212,Critical,Critical,True
prchunk_5171cd57da15e97bc984,prdoc_7ad19a865ca14fb634f4,0,PR identity,290,37,pallets/flask,5150,Critical,Critical,True
prchunk_2adc1cfe09ad7299bced,prdoc_7ad19a865ca14fb634f4,1,PR description,3722,180,pallets/flask,5150,Critical,Critical,True
prchunk_da8c6a5ffbee32287c49,prdoc_7ad19a865ca14fb634f4,2,PR description,2623,180,pallets/flask,5150,Critical,Critical,True
prchunk_157c2488df764db9953a,prdoc_7ad19a865ca14fb634f4,3,PR description,931,159,pallets/flask,5150,Critical,Critical,True
prchunk_be53b8c347c2250697bb,prdoc_7ad19a865ca14fb634f4,4,Change evidence,403,68,pallets/flask,5150,Critical,Critical,True
prchunk_42b681a77c880f67b8ff,prdoc_7ad19a865ca14fb634f4,5,Predictive intelligence,414,57,pallets/flask,5150,Critical,Critical,True
prchunk_814eef174477ec6a683b,prdoc_7ad19a865ca14fb634f4,6,Deterministic policy intelligence,763,100,pallets/flask,5150,Critical,Critical,True
prchunk_d3fee57541938c31b314,prdoc_7ad19a865ca14fb634f4,7,Unified review priority,306,41,pallets/flask,5150,Critical,Critical,True
prchunk_963452d0c43c923ef462,prdoc_b3bd396abdd43b5cde3e,0,PR identity,290,39,pallets/flask,5316,Critical,Critical,True
prchunk_e9f1724363e99ec91b57,prdoc_b3bd396abdd43b5cde3e,1,PR description,2717,180,pallets/flask,5316,Critical,Critical,True
prchunk_58a3bad07f2c4b61ae7e,prdoc_b3bd396abdd43b5cde3e,2,PR description,1079,180,pallets/flask,5316,Critical,Critical,True
prchunk_d23c546c787a5aa13eda,prdoc_b3bd396abdd43b5cde3e,3,PR description,367,61,pallets/flask,5316,Critical,Critical,True
prchunk_4f1d8fc77b0e66f88d59,prdoc_b3bd396abdd43b5cde3e,4,Change evidence,403,68,pallets/flask,5316,Critical,Critical,True
prchunk_59b51a31b0058f68d049,prdoc_b3bd396abdd43b5cde3e,5,Predictive intelligence,470,66,pallets/flask,5316,Critical,Critical,True
prchunk_06b87b8bb45c155afc9b,prdoc_b3bd396abdd43b5cde3e,6,Deterministic policy intelligence,763,100,pallets/flask,5316,Critical,Critical,True
prchunk_67a96e72e1f02987cb13,prdoc_b3bd396abdd43b5cde3e,7,Unified review priority,306,41,pallets/flask,5316,Critical,Critical,True
prchunk_af8fa959a39f7233cc58,prdoc_1e2194bc343dea95d373,0,PR identity,290,37,pallets/flask,5184,Critical,Critical,True
prchunk_5b642548bf8e739e62e4,prdoc_1e2194bc343dea95d373,1,PR description,3010,180,pallets/flask,5184,Critical,Critical,True
prchunk_94eee5f9e217b77c1331,prdoc_1e2194bc343dea95d373,2,PR description,3292,180,pallets/flask,5184,Critical,Critical,True
prchunk_ad2f0d1018cdc82a4728,prdoc_1e2194bc343dea95d373,3,PR description,1063,180,pallets/flask,5184,Critical,Critical,True
prchunk_013f17ae1d3056ca767c,prdoc_1e2194bc343dea95d373,4,PR description,251,42,pallets/flask,5184,Critical,Critical,True
prchunk_f38fd85cefbc312d934e,prdoc_1e2194bc343dea95d373,5,Change evidence,403,68,pallets/flask,5184,Critical,Critical,True
prchunk_1122896870c279a80a22,prdoc_1e2194bc343dea95d373,6,Predictive intelligence,414,57,pallets/flask,5184,Critical,Critical,True
prchunk_cc1c5643b54f3d0ba80e,prdoc_1e2194bc343dea95d373,7,Deterministic policy intelligence,763,100,pallets/flask,5184,Critical,Critical,True
prchunk_718e57165faabdb7b29b,prdoc_1e2194bc343dea95d373,8,Unified review priority,306,41,pallets/flask,5184,Critical,Critical,True
prchunk_0604802c931469e0b1a4,prdoc_e497748f9178a88bc3c3,0,PR identity,308,41,pallets/flask,5470,Critical,Critical,True
prchunk_cc36b5d2647c9083a71d,prdoc_e497748f9178a88bc3c3,1,PR description,3211,180,pallets/flask,5470,Critical,Critical,True
prchunk_150c3d3a495255d80aa3,prdoc_e497748f9178a88bc3c3,2,PR description,3560,180,pallets/flask,5470,Critical,Critical,True
prchunk_a87ca2d02e123117d54a,prdoc_e497748f9178a88bc3c3,3,PR description,4118,180,pallets/flask,5470,Critical,Critical,True
prchunk_9a924c5659dc98b005df,prdoc_e497748f9178a88bc3c3,4,PR description,2519,180,pallets/flask,5470,Critical,Critical,True
prchunk_6f2aa54f092e9be12fd8,prdoc_e497748f9178a88bc3c3,5,PR description,4309,180,pallets/flask,5470,Critical,Critical,True
prchunk_e574345f5eaaac46d429,prdoc_e497748f9178a88bc3c3,6,PR description,3829,180,pallets/flask,5470,Critical,Critical,True
prchunk_afe68b33ed3550495bca,prdoc_e497748f9178a88bc3c3,7,PR description,3465,180,pallets/flask,5470,Critical,Critical,True
prchunk_b67dfe626751505501c8,prdoc_e497748f9178a88bc3c3,8,PR description,1166,180,pallets/flask,5470,Critical,Critical,True
prchunk_cc0a3295d527ea4c0537,prdoc_e497748f9178a88bc3c3,9,PR description,870,125,pallets/flask,5470,Critical,Critical,True
prchunk_1be431ee7c08c14c5104,prdoc_e497748f9178a88bc3c3,10,Change evidence,404,68,pallets/flask,5470,Critical,Critical,True
prchunk_c998ab4a6b5637a15763,prdoc_e497748f9178a88bc3c3,11,Predictive intelligence,414,57,pallets/flask,5470,Critical,Critical,True
prchunk_c7955ae249c402ba7a97,prdoc_e497748f9178a88bc3c3,12,Deterministic policy intelligence,763,100,pallets/flask,5470,Critical,Critical,True
prchunk_9b06311e1984abb84018,prdoc_e497748f9178a88bc3c3,13,Unified review priority,306,41,pallets/flask,5470,Critical,Critical,True
prchunk_4a3891f54addd2fa08f1,prdoc_8f4138b75830fec3b6ba,0,PR identity,314,41,pallets/flask,5493,Critical,Critical,True
prchunk_e921ae7a702f0bf04ecf,prdoc_8f4138b75830fec3b6ba,1,PR description,3056,180,pallets/flask,5493,Critical,Critical,True
prchunk_418bf4b234952a3fa863,prdoc_8f4138b75830fec3b6ba,2,PR description,3359,180,pallets/flask,5493,Critical,Critical,True
prchunk_6c9e91e77d7bf37d2ff7,prdoc_8f4138b75830fec3b6ba,3,PR description,3036,180,pallets/flask,5493,Critical,Critical,True
prchunk_a24180256217893b83b6,prdoc_8f4138b75830fec3b6ba,4,PR description,2967,180,pallets/flask,5493,Critical,Critical,True
prchunk_cb6e1fead1e4ebbd3d45,prdoc_8f4138b75830fec3b6ba,5,PR description,1149,180,pallets/flask,5493,Critical,Critical,True
prchunk_48060b85075c3cb7756c,prdoc_8f4138b75830fec3b6ba,6,PR description,582,83,pallets/flask,5493,Critical,Critical,True
prchunk_6d4a36e9b657e77cbb5c,prdoc_8f4138b75830fec3b6ba,7,Change evidence,403,68,pallets/flask,5493,Critical,Critical,True
prchunk_233e7da63275e578f713,prdoc_8f4138b75830fec3b6ba,8,Predictive intelligence,413,57,pallets/flask,5493,Critical,Critical,True
prchunk_94423a81c6863c127285,prdoc_8f4138b75830fec3b6ba,9,Deterministic policy intelligence,763,100,pallets/flask,5493,Critical,Critical,True
prchunk_e4b9c678e377ce4f6a9e,prdoc_8f4138b75830fec3b6ba,10,Unified review priority,306,41,pallets/flask,5493,Critical,Critical,True
prchunk_bc1205d06ff71e3b7b1c,prdoc_1a7e35f6ce7d6c68f3fc,0,PR identity,289,40,pallets/flask,5451,Critical,Critical,True
prchunk_7954ac7d32a4bd10909b,prdoc_1a7e35f6ce7d6c68f3fc,1,PR description,2084,180,pallets/flask,5451,Critical,Critical,True
prchunk_326a05ac91e29fff7dd7,prdoc_1a7e35f6ce7d6c68f3fc,2,PR description,2979,180,pallets/flask,5451,Critical,Critical,True
prchunk_c53eb3d4dcdc820e817e,prdoc_1a7e35f6ce7d6c68f3fc,3,PR description,3291,180,pallets/flask,5451,Critical,Critical,True
prchunk_8c6223288bdd67298a0d,prdoc_1a7e35f6ce7d6c68f3fc,4,PR description,3485,180,pallets/flask,5451,Critical,Critical,True
prchunk_0cb019c0732d485020a5,prdoc_1a7e35f6ce7d6c68f3fc,5,PR description,3842,180,pallets/flask,5451,Critical,Critical,True
prchunk_b763b675177e861f61aa,prdoc_1a7e35f6ce7d6c68f3fc,6,PR description,3072,180,pallets/flask,5451,Critical,Critical,True
prchunk_54db6318255f5b08649a,prdoc_1a7e35f6ce7d6c68f3fc,7,PR description,3940,180,pallets/flask,5451,Critical,Critical,True
prchunk_b1c5e1628248a7707370,prdoc_1a7e35f6ce7d6c68f3fc,8,PR description,2214,180,pallets/flask,5451,Critical,Critical,True
prchunk_cf61bb58dadfe02cfbdf,prdoc_1a7e35f6ce7d6c68f3fc,9,PR description,3060,180,pallets/flask,5451,Critical,Critical,True
prchunk_9fb4ea80482419d99bac,prdoc_1a7e35f6ce7d6c68f3fc,10,PR description,3987,180,pallets/flask,5451,Critical,Critical,True
prchunk_571400b531347042a482,prdoc_1a7e35f6ce7d6c68f3fc,11,PR description,1954,180,pallets/flask,5451,Critical,Critical,True
prchunk_a555b9e3781c7a50e2a9,prdoc_1a7e35f6ce7d6c68f3fc,12,PR description,2915,180,pallets/flask,5451,Critical,Critical,True
prchunk_bda504b55de26fdbc6fa,prdoc_1a7e35f6ce7d6c68f3fc,13,PR description,1177,180,pallets/flask,5451,Critical,Critical,True
prchunk_0f090272e458365280a1,prdoc_1a7e35f6ce7d6c68f3fc,14,PR description,911,132,pallets/flask,5451,Critical,Critical,True
prchunk_c281da51bacef89d62e6,prdoc_1a7e35f6ce7d6c68f3fc,15,Change evidence,404,68,pallets/flask,5451,Critical,Critical,True
prchunk_74733276eec24d7a0cfe,prdoc_1a7e35f6ce7d6c68f3fc,16,Predictive intelligence,470,66,pallets/flask,5451,Critical,Critical,True
prchunk_9f74e76e881c8d1295fc,prdoc_1a7e35f6ce7d6c68f3fc,17,Deterministic policy intelligence,763,100,pallets/flask,5451,Critical,Critical,True
prchunk_94dab718aa575948802c,prdoc_1a7e35f6ce7d6c68f3fc,18,Unified review priority,306,41,pallets/flask,5451,Critical,Critical,True
prchunk_afe83a551f64aef7caa0,prdoc_d5a2dee40b5a1ec88bba,0,PR identity,289,38,pallets/flask,5352,Critical,Critical,True
prchunk_eda4c529549e3185ff80,prdoc_d5a2dee40b5a1ec88bba,1,PR description,2501,180,pallets/flask,5352,Critical,Critical,True
prchunk_1ffed24c04d4e74991ce,prdoc_d5a2dee40b5a1ec88bba,2,PR description,3475,180,pallets/flask,5352,Critical,Critical,True
prchunk_92f9a163e3af7d0391c5,prdoc_d5a2dee40b5a1ec88bba,3,PR description,3536,180,pallets/flask,5352,Critical,Critical,True
prchunk_8b403a738d2ae72107bc,prdoc_d5a2dee40b5a1ec88bba,4,PR description,2339,180,pallets/flask,5352,Critical,Critical,True
prchunk_808a8ad9c37ca1327357,prdoc_d5a2dee40b5a1ec88bba,5,PR description,1149,180,pallets/flask,5352,Critical,Critical,True
prchunk_926dfeb2fefca3adea33,prdoc_d5a2dee40b5a1ec88bba,6,PR description,533,76,pallets/flask,5352,Critical,Critical,True
prchunk_f0cb12cff125ac98d34d,prdoc_d5a2dee40b5a1ec88bba,7,Change evidence,403,68,pallets/flask,5352,Critical,Critical,True
prchunk_5b74467ce7d3d6c1fafd,prdoc_d5a2dee40b5a1ec88bba,8,Predictive intelligence,413,57,pallets/flask,5352,Critical,Critical,True
prchunk_7d8369c1fa4fc20bb153,prdoc_d5a2dee40b5a1ec88bba,9,Deterministic policy intelligence,763,100,pallets/flask,5352,Critical,Critical,True
prchunk_a79b6e3603640ea2b393,prdoc_d5a2dee40b5a1ec88bba,10,Unified review priority,306,41,pallets/flask,5352,Critical,Critical,True
prchunk_f1264f9d814697a45d2e,prdoc_3214555a5862c6490f20,0,PR identity,293,39,pallets/flask,5273,Critical,Critical,True
prchunk_953d2644b03566fc46d5,prdoc_3214555a5862c6490f20,1,PR description,3221,180,pallets/flask,5273,Critical,Critical,True
prchunk_d9cf21bab232241118a2,prdoc_3214555a5862c6490f20,2,PR description,1064,180,pallets/flask,5273,Critical,Critical,True
prchunk_0fc9383c965b4b823d7a,prdoc_3214555a5862c6490f20,3,PR description,430,75,pallets/flask,5273,Critical,Critical,True
prchunk_6ebf16f6aabc20c4babd,prdoc_3214555a5862c6490f20,4,Change evidence,403,68,pallets/flask,5273,Critical,Critical,True
prchunk_510e79ddb981135673b8,prdoc_3214555a5862c6490f20,5,Predictive intelligence,470,66,pallets/flask,5273,Critical,Critical,True
prchunk_5bd144233f449c7360b8,prdoc_3214555a5862c6490f20,6,Deterministic policy intelligence,763,100,pallets/flask,5273,Critical,Critical,True
prchunk_b5cc721c67b9de903c70,prdoc_3214555a5862c6490f20,7,Unified review priority,306,41,pallets/flask,5273,Critical,Critical,True
prchunk_583bad9fe43f71a4c7c4,prdoc_c8ab8086cf363f44a4db,0,PR identity,289,38,pallets/flask,5516,Critical,Critical,True
prchunk_554ff98f1d8561cf5347,prdoc_c8ab8086cf363f44a4db,1,PR description,2700,180,pallets/flask,5516,Critical,Critical,True
prchunk_a9e9cbc9363196ae7da7,prdoc_c8ab8086cf363f44a4db,2,PR description,3273,180,pallets/flask,5516,Critical,Critical,True
prchunk_80b54f1d3d83d6ae0f55,prdoc_c8ab8086cf363f44a4db,3,PR description,2815,180,pallets/flask,5516,Critical,Critical,True
prchunk_32a3e1b4e55f00f622fb,prdoc_c8ab8086cf363f44a4db,4,PR description,3202,180,pallets/flask,5516,Critical,Critical,True
prchunk_3e6108632e096f383da1,prdoc_c8ab8086cf363f44a4db,5,PR description,3082,180,pallets/flask,5516,Critical,Critical,True
prchunk_df761c23def4a8cced00,prdoc_c8ab8086cf363f44a4db,6,PR description,2967,180,pallets/flask,5516,Critical,Critical,True
prchunk_a57ae912af0ce0496dc0,prdoc_c8ab8086cf363f44a4db,7,PR description,1134,180,pallets/flask,5516,Critical,Critical,True
prchunk_83bb443c9c54a4eda6fb,prdoc_c8ab8086cf363f44a4db,8,PR description,666,96,pallets/flask,5516,Critical,Critical,True
prchunk_0c848df5532da95ba8d4,prdoc_c8ab8086cf363f44a4db,9,Change evidence,404,68,pallets/flask,5516,Critical,Critical,True
prchunk_a583c8e9e4192fda3781,prdoc_c8ab8086cf363f44a4db,10,Predictive intelligence,414,57,pallets/flask,5516,Critical,Critical,True
prchunk_7ccb0650d2d18580da24,prdoc_c8ab8086cf363f44a4db,11,Deterministic policy intelligence,763,100,pallets/flask,5516,Critical,Critical,True
prchunk_582011b2fbdec116c499,prdoc_c8ab8086cf363f44a4db,12,Unified review priority,306,41,pallets/flask,5516,Critical,Critical,True
prchunk_3b6736cc4384d8610c73,prdoc_d401e4418d41671e5bc3,0,PR identity,289,40,pallets/flask,5376,Critical,Critical,True
prchunk_e43bf4a8a84b9b882023,prdoc_d401e4418d41671e5bc3,1,PR description,2424,180,pallets/flask,5376,Critical,Critical,True
prchunk_019028dacb4131663529,prdoc_d401e4418d41671e5bc3,2,PR description,4380,180,pallets/flask,5376,Critical,Critical,True
prchunk_6819fa561ec9483a74b4,prdoc_d401e4418d41671e5bc3,3,PR description,4199,180,pallets/flask,5376,Critical,Critical,True
prchunk_d5a864fe96553e0ca4e7,prdoc_d401e4418d41671e5bc3,4,PR description,3884,180,pallets/flask,5376,Critical,Critical,True
prchunk_9b5b1b21f52a32bab14c,prdoc_d401e4418d41671e5bc3,5,PR description,2634,180,pallets/flask,5376,Critical,Critical,True
prchunk_b7364b8a1f4cc96050b9,prdoc_d401e4418d41671e5bc3,6,PR description,1145,180,pallets/flask,5376,Critical,Critical,True
prchunk_e480ef88c1b53a35bdaa,prdoc_d401e4418d41671e5bc3,7,PR description,556,79,pallets/flask,5376,Critical,Critical,True
prchunk_08533fc317184859124f,prdoc_d401e4418d41671e5bc3,8,Change evidence,404,68,pallets/flask,5376,Critical,Critical,True
prchunk_a224d49578ea6c32c9ae,prdoc_d401e4418d41671e5bc3,9,Predictive intelligence,470,66,pallets/flask,5376,Critical,Critical,True
prchunk_2488b768af0759f0a889,prdoc_d401e4418d41671e5bc3,10,Deterministic policy intelligence,763,100,pallets/flask,5376,Critical,Critical,True
prchunk_b77db81b7ae2416810d3,prdoc_d401e4418d41671e5bc3,11,Unified review priority,306,41,pallets/flask,5376,Critical,Critical,True
prchunk_487b6ca0dbb5f5b47f31,prdoc_13681b2e3a0d852e81dd,0,PR identity,289,38,pallets/flask,5330,Critical,Critical,True
prchunk_a16db2f4791ea3256c86,prdoc_13681b2e3a0d852e81dd,1,PR description,3090,180,pallets/flask,5330,Critical,Critical,True
prchunk_e74e8fe88e5b23da1ffa,prdoc_13681b2e3a0d852e81dd,2,PR description,3300,180,pallets/flask,5330,Critical,Critical,True
prchunk_cea6b03dd5008e2db404,prdoc_13681b2e3a0d852e81dd,3,PR description,3181,180,pallets/flask,5330,Critical,Critical,True
prchunk_538334e618b3b6a4bfd1,prdoc_13681b2e3a0d852e81dd,4,PR description,4105,180,pallets/flask,5330,Critical,Critical,True
prchunk_85ff92ae72de7e1f9788,prdoc_13681b2e3a0d852e81dd,5,PR description,3707,180,pallets/flask,5330,Critical,Critical,True
prchunk_8f901c92b56a1edf0bcd,prdoc_13681b2e3a0d852e81dd,6,PR description,3095,180,pallets/flask,5330,Critical,Critical,True
prchunk_4163b06e088e8ef4add6,prdoc_13681b2e3a0d852e81dd,7,PR description,1662,180,pallets/flask,5330,Critical,Critical,True
prchunk_80ec556ed6e83a93ebd3,prdoc_13681b2e3a0d852e81dd,8,PR description,2884,180,pallets/flask,5330,Critical,Critical,True
prchunk_c870a2a5b2e1de702478,prdoc_13681b2e3a0d852e81dd,9,PR description,1803,180,pallets/flask,5330,Critical,Critical,True
prchunk_74edd027d9ef861c5e4b,prdoc_13681b2e3a0d852e81dd,10,PR description,1201,180,pallets/flask,5330,Critical,Critical,True
prchunk_832b59e5dda2897e871f,prdoc_13681b2e3a0d852e81dd,11,PR description,294,41,pallets/flask,5330,Critical,Critical,True
prchunk_e17158196975f93b7a7b,prdoc_13681b2e3a0d852e81dd,12,Change evidence,404,68,pallets/flask,5330,Critical,Critical,True
prchunk_05e077ac6278e836fc40,prdoc_13681b2e3a0d852e81dd,13,Predictive intelligence,414,57,pallets/flask,5330,Critical,Critical,True
prchunk_884d3ca4c138d7611500,prdoc_13681b2e3a0d852e81dd,14,Deterministic policy intelligence,763,100,pallets/flask,5330,Critical,Critical,True
prchunk_9ed9e1341778b278c628,prdoc_13681b2e3a0d852e81dd,15,Unified review priority,306,41,pallets/flask,5330,Critical,Critical,True
prchunk_a2fbe6f2cfa37fd00aa5,prdoc_63c4ba885ccb38fab1f7,0,PR identity,289,38,pallets/flask,5539,Critical,Critical,True
prchunk_6bbe23057fdee4db3846,prdoc_63c4ba885ccb38fab1f7,1,PR description,3036,180,pallets/flask,5539,Critical,Critical,True
prchunk_444677cf40a24eff8f79,prdoc_63c4ba885ccb38fab1f7,2,PR description,4240,180,pallets/flask,5539,Critical,Critical,True
prchunk_8a2bef18b651b0b1aff3,prdoc_63c4ba885ccb38fab1f7,3,PR description,1664,180,pallets/flask,5539,Critical,Critical,True
prchunk_a63b7b69565b454c42fa,prdoc_63c4ba885ccb38fab1f7,4,PR description,1219,180,pallets/flask,5539,Critical,Critical,True
prchunk_cca8439c113f12e1a60d,prdoc_63c4ba885ccb38fab1f7,5,PR description,208,28,pallets/flask,5539,Critical,Critical,True
prchunk_5f5b5b19696ef7a03243,prdoc_63c4ba885ccb38fab1f7,6,Change evidence,404,68,pallets/flask,5539,Critical,Critical,True
prchunk_fd5d1782aa1728301b11,prdoc_63c4ba885ccb38fab1f7,7,Predictive intelligence,413,57,pallets/flask,5539,Critical,Critical,True
prchunk_94e25249f640982bb456,prdoc_63c4ba885ccb38fab1f7,8,Deterministic policy intelligence,763,100,pallets/flask,5539,Critical,Critical,True
prchunk_a0280bbf794f70b23e3f,prdoc_63c4ba885ccb38fab1f7,9,Unified review priority,306,41,pallets/flask,5539,Critical,Critical,True
prchunk_c3b077fa27c0e6251244,prdoc_dfd123bd36cb93619c91,0,PR identity,289,40,pallets/flask,5467,Critical,Critical,True
prchunk_e648200e6e9f354e6783,prdoc_dfd123bd36cb93619c91,1,PR description,3416,180,pallets/flask,5467,Critical,Critical,True
prchunk_e62db673d0bdff215d5b,prdoc_dfd123bd36cb93619c91,2,PR description,2976,180,pallets/flask,5467,Critical,Critical,True
prchunk_40dc5f3ab9a3e173f08e,prdoc_dfd123bd36cb93619c91,3,PR description,3290,180,pallets/flask,5467,Critical,Critical,True
prchunk_00f9a3f6248bb736a110,prdoc_dfd123bd36cb93619c91,4,PR description,1146,180,pallets/flask,5467,Critical,Critical,True
prchunk_ea8180102c67231c6e75,prdoc_dfd123bd36cb93619c91,5,PR description,677,98,pallets/flask,5467,Critical,Critical,True
prchunk_e148cf6e30d02f46a6ab,prdoc_dfd123bd36cb93619c91,6,Change evidence,403,68,pallets/flask,5467,Critical,Critical,True
prchunk_e5d5f501bed069f2b53f,prdoc_dfd123bd36cb93619c91,7,Predictive intelligence,470,66,pallets/flask,5467,Critical,Critical,True
prchunk_ac5b0a2f40d1c6739cb6,prdoc_dfd123bd36cb93619c91,8,Deterministic policy intelligence,763,100,pallets/flask,5467,Critical,Critical,True
prchunk_ce5147d0ea4076da27cd,prdoc_dfd123bd36cb93619c91,9,Unified review priority,306,41,pallets/flask,5467,Critical,Critical,True
prchunk_d2b384bf50e2adc8f9f2,prdoc_34f38af4974778f3278a,0,PR identity,297,37,pallets/flask,5038,Critical,Critical,True
prchunk_a10aab33332389638636,prdoc_34f38af4974778f3278a,1,PR description,2527,180,pallets/flask,5038,Critical,Critical,True
prchunk_97533e6fae308fd2cae7,prdoc_34f38af4974778f3278a,2,PR description,2291,180,pallets/flask,5038,Critical,Critical,True
prchunk_a0410d0ea1867e13c2aa,prdoc_34f38af4974778f3278a,3,PR description,4005,180,pallets/flask,5038,Critical,Critical,True
prchunk_40905a825cf0a17e18c3,prdoc_34f38af4974778f3278a,4,PR description,1133,180,pallets/flask,5038,Critical,Critical,True
prchunk_3a042be3bbb9d167e1de,prdoc_34f38af4974778f3278a,5,PR description,388,66,pallets/flask,5038,Critical,Critical,True
prchunk_154610e1100dc2db0ce1,prdoc_34f38af4974778f3278a,6,Change evidence,403,68,pallets/flask,5038,Critical,Critical,True
prchunk_350998f826a1c2947562,prdoc_34f38af4974778f3278a,7,Predictive intelligence,413,57,pallets/flask,5038,Critical,Critical,True
prchunk_5e9f5b4f00d945254487,prdoc_34f38af4974778f3278a,8,Deterministic policy intelligence,763,100,pallets/flask,5038,Critical,Critical,True
prchunk_f6d2e963eb5844cdb298,prdoc_34f38af4974778f3278a,9,Unified review priority,306,41,pallets/flask,5038,Critical,Critical,True
prchunk_260d74ad1e6c77b032bf,prdoc_a183c54dcf25c120136d,0,PR identity,283,39,pallets/flask,5271,Critical,Critical,True
prchunk_56b339eb5a2bb2028eab,prdoc_a183c54dcf25c120136d,1,PR description,2732,180,pallets/flask,5271,Critical,Critical,True
prchunk_0b532b75ad2b5fcbdd6d,prdoc_a183c54dcf25c120136d,2,PR description,2463,180,pallets/flask,5271,Critical,Critical,True
prchunk_ed69949eba3620708ae9,prdoc_a183c54dcf25c120136d,3,PR description,2151,180,pallets/flask,5271,Critical,Critical,True
prchunk_d5edf3cd173323601885,prdoc_a183c54dcf25c120136d,4,PR description,3167,180,pallets/flask,5271,Critical,Critical,True
prchunk_fa487a27911f4647e4cc,prdoc_a183c54dcf25c120136d,5,PR description,1065,180,pallets/flask,5271,Critical,Critical,True
prchunk_03c3241cbe3a1a105327,prdoc_a183c54dcf25c120136d,6,PR description,322,57,pallets/flask,5271,Critical,Critical,True
prchunk_3b0f9981582a17eb9d6c,prdoc_a183c54dcf25c120136d,7,Change evidence,403,68,pallets/flask,5271,Critical,Critical,True
prchunk_b26fc813f39069cb1a69,prdoc_a183c54dcf25c120136d,8,Predictive intelligence,470,66,pallets/flask,5271,Critical,Critical,True
prchunk_35ceb4388e5c545bbade,prdoc_a183c54dcf25c120136d,9,Deterministic policy intelligence,763,100,pallets/flask,5271,Critical,Critical,True
prchunk_c49ccbbe9a374aa9c213,prdoc_a183c54dcf25c120136d,10,Unified review priority,306,41,pallets/flask,5271,Critical,Critical,True
prchunk_cb485a0f9b970b32df3a,prdoc_ade668009fb80f9ee0e5,0,PR identity,278,37,pallets/flask,4515,Critical,Critical,True
prchunk_a0bedfb8c51d94022162,prdoc_ade668009fb80f9ee0e5,1,PR description,2490,180,pallets/flask,4515,Critical,Critical,True
prchunk_eb5eeebecfbbaa5e54bd,prdoc_ade668009fb80f9ee0e5,2,PR description,3179,180,pallets/flask,4515,Critical,Critical,True
prchunk_bce17df5047546c66832,prdoc_ade668009fb80f9ee0e5,3,PR description,3038,180,pallets/flask,4515,Critical,Critical,True
prchunk_bacdb93f3a6f23cef98f,prdoc_ade668009fb80f9ee0e5,4,PR description,1136,180,pallets/flask,4515,Critical,Critical,True
prchunk_bb03a6b18ea1b374ae33,prdoc_ade668009fb80f9ee0e5,5,PR description,364,60,pallets/flask,4515,Critical,Critical,True
prchunk_71416863e74a9aa78baf,prdoc_ade668009fb80f9ee0e5,6,Change evidence,403,68,pallets/flask,4515,Critical,Critical,True
prchunk_8393ba5e23d5ab640043,prdoc_ade668009fb80f9ee0e5,7,Predictive intelligence,413,57,pallets/flask,4515,Critical,Critical,True
prchunk_2e4cdffc923137255431,prdoc_ade668009fb80f9ee0e5,8,Deterministic policy intelligence,763,100,pallets/flask,4515,Critical,Critical,True
prchunk_a5ea3cde2e1409a30a2a,prdoc_ade668009fb80f9ee0e5,9,Unified review priority,306,41,pallets/flask,4515,Critical,Critical,True
prchunk_cea12c0ae28bea2d135b,prdoc_83a01f7f0d71d5bb63dc,0,PR identity,306,37,pallets/flask,5005,Critical,Critical,True
prchunk_2a6945cf344168437421,prdoc_83a01f7f0d71d5bb63dc,1,PR description,2404,180,pallets/flask,5005,Critical,Critical,True
prchunk_1a634bae6e2ee577cf20,prdoc_83a01f7f0d71d5bb63dc,2,PR description,2336,180,pallets/flask,5005,Critical,Critical,True
prchunk_d27ca0910d2410ab5d4c,prdoc_83a01f7f0d71d5bb63dc,3,PR description,4399,180,pallets/flask,5005,Critical,Critical,True
prchunk_cd10294ee4be684aae57,prdoc_83a01f7f0d71d5bb63dc,4,PR description,1137,180,pallets/flask,5005,Critical,Critical,True
prchunk_25f760d5937b95c5fbc4,prdoc_83a01f7f0d71d5bb63dc,5,PR description,370,62,pallets/flask,5005,Critical,Critical,True
prchunk_4c3a727e31d0fa202be8,prdoc_83a01f7f0d71d5bb63dc,6,Change evidence,403,68,pallets/flask,5005,Critical,Critical,True
prchunk_2d77a4b654782367d2be,prdoc_83a01f7f0d71d5bb63dc,7,Predictive intelligence,413,57,pallets/flask,5005,Critical,Critical,True
prchunk_ef8bf5a82ae77d6510bb,prdoc_83a01f7f0d71d5bb63dc,8,Deterministic policy intelligence,763,100,pallets/flask,5005,Critical,Critical,True
prchunk_ceb491fe063238c87652,prdoc_83a01f7f0d71d5bb63dc,9,Unified review priority,306,41,pallets/flask,5005,Critical,Critical,True
prchunk_9fd9b6bc68290b58370f,prdoc_73a4ad59c5b509f67460,0,PR identity,282,37,pallets/flask,4665,Critical,Critical,True
prchunk_735217cbaa725bcfe459,prdoc_73a4ad59c5b509f67460,1,PR description,2150,180,pallets/flask,4665,Critical,Critical,True
prchunk_e7489d0036d11518e66e,prdoc_73a4ad59c5b509f67460,2,PR description,2763,180,pallets/flask,4665,Critical,Critical,True
prchunk_03b1e0754e90869c5665,prdoc_73a4ad59c5b509f67460,3,PR description,3526,180,pallets/flask,4665,Critical,Critical,True
prchunk_27f438aa7b59c52b4875,prdoc_73a4ad59c5b509f67460,4,PR description,1136,180,pallets/flask,4665,Critical,Critical,True
prchunk_0a7407a8bd37f694c549,prdoc_73a4ad59c5b509f67460,5,PR description,415,70,pallets/flask,4665,Critical,Critical,True
prchunk_358dc8c97302b4d8b003,prdoc_73a4ad59c5b509f67460,6,Change evidence,403,68,pallets/flask,4665,Critical,Critical,True
prchunk_10b6c558158a74496935,prdoc_73a4ad59c5b509f67460,7,Predictive intelligence,413,57,pallets/flask,4665,Critical,Critical,True
prchunk_8e98291be9add8f1586f,prdoc_73a4ad59c5b509f67460,8,Deterministic policy intelligence,763,100,pallets/flask,4665,Critical,Critical,True
prchunk_ae4f730bef5b523443fd,prdoc_73a4ad59c5b509f67460,9,Unified review priority,306,41,pallets/flask,4665,Critical,Critical,True
prchunk_21a49ee9a2456431d1e1,prdoc_fb75e72356358295f5ca,0,PR identity,265,36,pallets/flask,3401,High,High,True
prchunk_eb9c35514839d94589db,prdoc_fb75e72356358295f5ca,1,PR description,516,61,pallets/flask,3401,High,High,True
prchunk_0c57efe5b8629e7227a1,prdoc_fb75e72356358295f5ca,2,Change evidence,405,68,pallets/flask,3401,High,High,True
prchunk_85c7d1a46d9135f876ef,prdoc_fb75e72356358295f5ca,3,Predictive intelligence,426,59,pallets/flask,3401,High,High,True
prchunk_cbeed5cc08b9d7f6a1b0,prdoc_fb75e72356358295f5ca,4,Deterministic policy intelligence,754,99,pallets/flask,3401,High,High,True
prchunk_ff01f7a2c69710f5431c,prdoc_fb75e72356358295f5ca,5,Unified review priority,299,41,pallets/flask,3401,High,High,True
prchunk_7932844613af327f860d,prdoc_d3176538892452afe497,0,PR identity,269,37,pallets/flask,2609,High,High,True
prchunk_cbe1dedbaf1e16e471f8,prdoc_d3176538892452afe497,1,PR description,283,43,pallets/flask,2609,High,High,True
prchunk_bedbcaad330ce4da4d57,prdoc_d3176538892452afe497,2,Change evidence,403,68,pallets/flask,2609,High,High,True
prchunk_8193d53aaf9cf8702091,prdoc_d3176538892452afe497,3,Predictive intelligence,414,57,pallets/flask,2609,High,High,True
prchunk_28e199a6916a1594d24d,prdoc_d3176538892452afe497,4,Deterministic policy intelligence,738,97,pallets/flask,2609,High,High,True
prchunk_4b4720011a4618a9b7e0,prdoc_d3176538892452afe497,5,Unified review priority,299,41,pallets/flask,2609,High,High,True
prchunk_3826523b6db7a1632302,prdoc_31f892bbdce60e8d8848,0,PR identity,244,34,pallets/flask,5000,High,High,True
prchunk_8085af104424003ccb74,prdoc_31f892bbdce60e8d8848,1,PR description,1023,180,pallets/flask,5000,High,High,True
prchunk_6c5e764eacd1f431fa5d,prdoc_31f892bbdce60e8d8848,2,PR description,225,41,pallets/flask,5000,High,High,True
prchunk_146987031e2238eb1b2e,prdoc_31f892bbdce60e8d8848,3,Change evidence,408,68,pallets/flask,5000,High,High,True
prchunk_4e7f8fe998c4f90a9e2d,prdoc_31f892bbdce60e8d8848,4,Predictive intelligence,474,67,pallets/flask,5000,High,High,True
prchunk_f7353ffba6134269dfe6,prdoc_31f892bbdce60e8d8848,5,Deterministic policy intelligence,741,99,pallets/flask,5000,High,High,True
prchunk_3b8bb4cf9d08d598ecdc,prdoc_31f892bbdce60e8d8848,6,Unified review priority,299,41,pallets/flask,5000,High,High,True
prchunk_ac5a4026bcf3ba73e045,prdoc_dbf33bd9ec5133c00ed4,0,PR identity,278,42,pallets/flask,4013,High,High,True
prchunk_2de5dd4ee5c1dc70f9a9,prdoc_dbf33bd9ec5133c00ed4,1,PR description,274,43,pallets/flask,4013,High,High,True
prchunk_0c08a43b95a90b5d2e26,prdoc_dbf33bd9ec5133c00ed4,2,Change evidence,404,68,pallets/flask,4013,High,High,True
prchunk_772486544a50f3670265,prdoc_dbf33bd9ec5133c00ed4,3,Predictive intelligence,474,67,pallets/flask,4013,High,High,True
prchunk_5e28fc7f9edcc0275420,prdoc_dbf33bd9ec5133c00ed4,4,Deterministic policy intelligence,754,99,pallets/flask,4013,High,High,True
prchunk_a4f6a0e7b9fe042aba73,prdoc_dbf33bd9ec5133c00ed4,5,Unified review priority,299,41,pallets/flask,4013,High,High,True
prchunk_093f14ebf80759d1f30d,prdoc_a555c39d5e028e5bb77f,0,PR identity,257,37,pallets/flask,4999,High,High,True
prchunk_1bd635ff6c7bc5b8f9ce,prdoc_a555c39d5e028e5bb77f,1,PR description,1028,180,pallets/flask,4999,High,High,True
prchunk_5e35012335f0d77dbfd3,prdoc_a555c39d5e028e5bb77f,2,PR description,237,44,pallets/flask,4999,High,High,True
prchunk_0170cb85f5e2553cf61a,prdoc_a555c39d5e028e5bb77f,3,Change evidence,408,68,pallets/flask,4999,High,High,True
prchunk_a90429b7fbb2ba317b9c,prdoc_a555c39d5e028e5bb77f,4,Predictive intelligence,474,67,pallets/flask,4999,High,High,True
prchunk_0a7d96f58ecf76351ee1,prdoc_a555c39d5e028e5bb77f,5,Deterministic policy intelligence,741,99,pallets/flask,4999,High,High,True
prchunk_df707fb24fdd8bcd9fd0,prdoc_a555c39d5e028e5bb77f,6,Unified review priority,299,41,pallets/flask,4999,High,High,True
prchunk_0ddf57fbf34de191eb77,prdoc_689806f9ad3efd194b10,0,PR identity,277,38,pallets/flask,4513,High,High,True
prchunk_d91c11fd20c950555da8,prdoc_689806f9ad3efd194b10,1,PR description,302,41,pallets/flask,4513,High,High,True
prchunk_db64bfb6a9f39e964f6a,prdoc_689806f9ad3efd194b10,2,Change evidence,404,68,pallets/flask,4513,High,High,True
prchunk_2dd52b576456e73b5ef0,prdoc_689806f9ad3efd194b10,3,Predictive intelligence,474,67,pallets/flask,4513,High,High,True
prchunk_2c1047af01e4193dce0f,prdoc_689806f9ad3efd194b10,4,Deterministic policy intelligence,754,99,pallets/flask,4513,High,High,True
prchunk_505e08bda44ded2a43ed,prdoc_689806f9ad3efd194b10,5,Unified review priority,299,41,pallets/flask,4513,High,High,True
prchunk_32246bb3a7bb9f85ca97,prdoc_9b502aeb6bfc1b1aac92,0,PR identity,282,34,pallets/flask,5499,High,High,True
prchunk_e89ccda7d8c2e222d28f,prdoc_9b502aeb6bfc1b1aac92,1,PR description,1056,144,pallets/flask,5499,High,High,True
prchunk_369287a1d268d5379957,prdoc_9b502aeb6bfc1b1aac92,2,Change evidence,403,68,pallets/flask,5499,High,High,True
prchunk_0df43afb50bba5260c8d,prdoc_9b502aeb6bfc1b1aac92,3,Predictive intelligence,430,60,pallets/flask,5499,High,High,True
prchunk_9d45ae53b38e6b5a47db,prdoc_9b502aeb6bfc1b1aac92,4,Deterministic policy intelligence,552,76,pallets/flask,5499,High,High,True
prchunk_2356f134c66de5e90c43,prdoc_9b502aeb6bfc1b1aac92,5,Unified review priority,299,41,pallets/flask,5499,High,High,True
prchunk_651c3969545b2fdc9bca,prdoc_36cef9d6267e77a5ed03,0,PR identity,285,34,pallets/flask,4721,High,High,True
prchunk_4f7c8ef3bf2ed995b62b,prdoc_36cef9d6267e77a5ed03,1,PR description,728,49,pallets/flask,4721,High,High,True
prchunk_64a3686714b1beb251a0,prdoc_36cef9d6267e77a5ed03,2,Change evidence,403,68,pallets/flask,4721,High,High,True
prchunk_ba2fdb690367d5790b4c,prdoc_36cef9d6267e77a5ed03,3,Predictive intelligence,414,57,pallets/flask,4721,High,High,True
prchunk_c30eb848898b10d346d5,prdoc_36cef9d6267e77a5ed03,4,Deterministic policy intelligence,738,97,pallets/flask,4721,High,High,True
prchunk_b718ae8b07839531aaef,prdoc_36cef9d6267e77a5ed03,5,Unified review priority,299,41,pallets/flask,4721,High,High,True
prchunk_6a30a2b3714158873b6d,prdoc_9cec559303717cf2ae2f,0,PR identity,272,34,pallets/flask,3669,High,High,True
prchunk_9d2141a2a5e6f7e31b80,prdoc_9cec559303717cf2ae2f,1,PR description,749,115,pallets/flask,3669,High,High,True
prchunk_d3f263b372c374699d45,prdoc_9cec559303717cf2ae2f,2,Change evidence,409,68,pallets/flask,3669,High,High,True
prchunk_3beeac314dde847b87aa,prdoc_9cec559303717cf2ae2f,3,Predictive intelligence,426,59,pallets/flask,3669,High,High,True
prchunk_04ef85b393e02301c6c1,prdoc_9cec559303717cf2ae2f,4,Deterministic policy intelligence,615,88,pallets/flask,3669,High,High,True
prchunk_d251aa444972fd437afc,prdoc_9cec559303717cf2ae2f,5,Unified review priority,299,41,pallets/flask,3669,High,High,True
prchunk_a0c6ff1c94da5c230cff,prdoc_2c694cdeeb3d58364020,0,PR identity,285,34,pallets/flask,5517,High,High,True
prchunk_812fb60184dfc1c09c87,prdoc_2c694cdeeb3d58364020,1,PR description,366,34,pallets/flask,5517,High,High,True
prchunk_77a4116f4f9a3a897369,prdoc_2c694cdeeb3d58364020,2,Change evidence,403,68,pallets/flask,5517,High,High,True
prchunk_e1d8ff7264967f9678c4,prdoc_2c694cdeeb3d58364020,3,Predictive intelligence,414,57,pallets/flask,5517,High,High,True
prchunk_7cd8d8a2b8e9aae15bb5,prdoc_2c694cdeeb3d58364020,4,Deterministic policy intelligence,738,97,pallets/flask,5517,High,High,True
prchunk_70436a3e3367e4cfc897,prdoc_2c694cdeeb3d58364020,5,Unified review priority,299,41,pallets/flask,5517,High,High,True
prchunk_dbb2aa9ce2cc5e5cc27f,prdoc_df81038cb1fc39e5c72c,0,PR identity,285,34,pallets/flask,5187,High,High,True
prchunk_2c2ac78b5f66cf61742f,prdoc_df81038cb1fc39e5c72c,1,PR description,352,34,pallets/flask,5187,High,High,True
prchunk_f3293522546e9046bc9a,prdoc_df81038cb1fc39e5c72c,2,Change evidence,403,68,pallets/flask,5187,High,High,True
prchunk_30a090f47a33699566eb,prdoc_df81038cb1fc39e5c72c,3,Predictive intelligence,414,57,pallets/flask,5187,High,High,True
prchunk_3acef532b145861ba173,prdoc_df81038cb1fc39e5c72c,4,Deterministic policy intelligence,738,97,pallets/flask,5187,High,High,True
prchunk_63ad1282a5e687a2f327,prdoc_df81038cb1fc39e5c72c,5,Unified review priority,299,41,pallets/flask,5187,High,High,True
prchunk_16b1700b434cd59ce01b,prdoc_87d7c7713415b5dca149,0,PR identity,285,34,pallets/flask,4899,High,High,True
prchunk_736825da183563512790,prdoc_87d7c7713415b5dca149,1,PR description,352,34,pallets/flask,4899,High,High,True
prchunk_d45e49d4573f4143b58a,prdoc_87d7c7713415b5dca149,2,Change evidence,403,68,pallets/flask,4899,High,High,True
prchunk_b48b751ab6f9daf8a565,prdoc_87d7c7713415b5dca149,3,Predictive intelligence,414,57,pallets/flask,4899,High,High,True
prchunk_96031ec112ecbc2fbb9d,prdoc_87d7c7713415b5dca149,4,Deterministic policy intelligence,738,97,pallets/flask,4899,High,High,True
prchunk_98e2ee2f6a2dbd472695,prdoc_87d7c7713415b5dca149,5,Unified review priority,299,41,pallets/flask,4899,High,High,True
prchunk_98fbfc35b0a81ab683d4,prdoc_9f84499f1e7e6341ae34,0,PR identity,305,42,pallets/flask,3488,High,High,True
prchunk_7de5fc890b80e840c3a6,prdoc_9f84499f1e7e6341ae34,1,PR description,485,78,pallets/flask,3488,High,High,True
prchunk_ff3416257b3d8e3ae47e,prdoc_9f84499f1e7e6341ae34,2,Change evidence,403,68,pallets/flask,3488,High,High,True
prchunk_5d7a3c8ecef8133d1012,prdoc_9f84499f1e7e6341ae34,3,Predictive intelligence,474,67,pallets/flask,3488,High,High,True
prchunk_db2e05931dfc012a99bd,prdoc_9f84499f1e7e6341ae34,4,Deterministic policy intelligence,738,97,pallets/flask,3488,High,High,True
prchunk_80d6bec7426870705f46,prdoc_9f84499f1e7e6341ae34,5,Unified review priority,299,41,pallets/flask,3488,High,High,True
prchunk_a8f649678415ddff8e67,prdoc_4953c3ceab14b15d079c,0,PR identity,285,34,pallets/flask,5541,High,High,True
prchunk_37924317df0a53ab5456,prdoc_4953c3ceab14b15d079c,1,PR description,366,34,pallets/flask,5541,High,High,True
prchunk_e2604c841318839d4a8d,prdoc_4953c3ceab14b15d079c,2,Change evidence,403,68,pallets/flask,5541,High,High,True
prchunk_05bd77973c18119a9aa4,prdoc_4953c3ceab14b15d079c,3,Predictive intelligence,414,57,pallets/flask,5541,High,High,True
prchunk_eef22390300bacfaf978,prdoc_4953c3ceab14b15d079c,4,Deterministic policy intelligence,738,97,pallets/flask,5541,High,High,True
prchunk_bab8cbad15bc08745b06,prdoc_4953c3ceab14b15d079c,5,Unified review priority,299,41,pallets/flask,5541,High,High,True
prchunk_692be0c8ab0cca39ce91,prdoc_63872ee3fca98508e951,0,PR identity,285,34,pallets/flask,4862,High,High,True
prchunk_d2680e13abc4c004a57b,prdoc_63872ee3fca98508e951,1,PR description,372,34,pallets/flask,4862,High,High,True
prchunk_ed5114ae8e00cc8e6965,prdoc_63872ee3fca98508e951,2,Change evidence,403,68,pallets/flask,4862,High,High,True
prchunk_7a5682b7ad9b1da7818f,prdoc_63872ee3fca98508e951,3,Predictive intelligence,414,57,pallets/flask,4862,High,High,True
prchunk_2545642c23169286290a,prdoc_63872ee3fca98508e951,4,Deterministic policy intelligence,738,97,pallets/flask,4862,High,High,True
prchunk_a8940f667ddb28e0b7a9,prdoc_63872ee3fca98508e951,5,Unified review priority,299,41,pallets/flask,4862,High,High,True
prchunk_7a21c5cc8344e6b79312,prdoc_0204dcc7e11b6d2f3bf3,0,PR identity,251,35,pallets/flask,3748,High,High,True
prchunk_067f72e6ce77cc91c318,prdoc_0204dcc7e11b6d2f3bf3,1,PR description,668,108,pallets/flask,3748,High,High,True
prchunk_737ec128843ffdaec5ca,prdoc_0204dcc7e11b6d2f3bf3,2,Change evidence,404,68,pallets/flask,3748,High,High,True
prchunk_0fff9a415aa8a74ec348,prdoc_0204dcc7e11b6d2f3bf3,3,Predictive intelligence,474,67,pallets/flask,3748,High,High,True
prchunk_797d9c1b807e9d7c8df9,prdoc_0204dcc7e11b6d2f3bf3,4,Deterministic policy intelligence,639,85,pallets/flask,3748,High,High,True
prchunk_b8232a60829f3418cbae,prdoc_0204dcc7e11b6d2f3bf3,5,Unified review priority,299,41,pallets/flask,3748,High,High,True
prchunk_548eb91e75742d320a4b,prdoc_c38207c32fb941772736,0,PR identity,290,37,pallets/flask,5552,High,High,True
prchunk_3e15a60a9f0ba4ad643d,prdoc_c38207c32fb941772736,1,PR description,1076,175,pallets/flask,5552,High,High,True
prchunk_75dfa41718db50a76250,prdoc_c38207c32fb941772736,2,Change evidence,403,68,pallets/flask,5552,High,High,True
prchunk_38cbb6948f56a6365a62,prdoc_c38207c32fb941772736,3,Predictive intelligence,474,67,pallets/flask,5552,High,High,True
prchunk_6e0e668fff34cbd91162,prdoc_c38207c32fb941772736,4,Deterministic policy intelligence,639,85,pallets/flask,5552,High,High,True
prchunk_7cdf9f89d43a978b986c,prdoc_c38207c32fb941772736,5,Unified review priority,299,41,pallets/flask,5552,High,High,True
prchunk_7338ca86918d1ec0dd2d,prdoc_a20acd8d822672ebf169,0,PR identity,292,40,pallets/flask,5678,High,High,True
prchunk_be00bdb6ab3d97a51b86,prdoc_a20acd8d822672ebf169,1,PR description,1132,180,pallets/flask,5678,High,High,True
prchunk_81a20c761736bafcb7fe,prdoc_a20acd8d822672ebf169,2,PR description,492,42,pallets/flask,5678,High,High,True
prchunk_802120a77962aab178ce,prdoc_a20acd8d822672ebf169,3,Change evidence,403,68,pallets/flask,5678,High,High,True
prchunk_b5e09e69363153d1e6ff,prdoc_a20acd8d822672ebf169,4,Predictive intelligence,474,67,pallets/flask,5678,High,High,True
prchunk_a32aeee685ecaf21bd28,prdoc_a20acd8d822672ebf169,5,Deterministic policy intelligence,639,85,pallets/flask,5678,High,High,True
prchunk_89d61bc29cc4404cfe2b,prdoc_a20acd8d822672ebf169,6,Unified review priority,299,41,pallets/flask,5678,High,High,True
prchunk_dbf9e98dcd55e6db5321,prdoc_81706bfa0d9d79d314a3,0,PR identity,279,41,pallets/flask,3487,High,High,True
prchunk_2c2b7baf292e36ca2e9b,prdoc_81706bfa0d9d79d314a3,1,PR description,250,40,pallets/flask,3487,High,High,True
prchunk_f6b05bf6747de95b777f,prdoc_81706bfa0d9d79d314a3,2,Change evidence,403,68,pallets/flask,3487,High,High,True
prchunk_83be5b5ec555e9661735,prdoc_81706bfa0d9d79d314a3,3,Predictive intelligence,470,66,pallets/flask,3487,High,High,True
prchunk_158984cb8da427cb7e47,prdoc_81706bfa0d9d79d314a3,4,Deterministic policy intelligence,738,97,pallets/flask,3487,High,High,True
prchunk_cd332b2d50db6c8ed537,prdoc_81706bfa0d9d79d314a3,5,Unified review priority,299,41,pallets/flask,3487,High,High,True
prchunk_d11733a919301d3fabb2,prdoc_426bba3fa4d09446db2c,0,PR identity,273,38,pallets/flask,5615,High,High,True
prchunk_98ca3128aa74ff4a2d3c,prdoc_426bba3fa4d09446db2c,1,PR description,354,58,pallets/flask,5615,High,High,True
prchunk_d59ff6b232c93d227682,prdoc_426bba3fa4d09446db2c,2,Change evidence,403,68,pallets/flask,5615,High,High,True
prchunk_5b2748b3aad9037d5024,prdoc_426bba3fa4d09446db2c,3,Predictive intelligence,414,57,pallets/flask,5615,High,High,True
prchunk_be3cd0f13d6f01f9e620,prdoc_426bba3fa4d09446db2c,4,Deterministic policy intelligence,738,97,pallets/flask,5615,High,High,True
prchunk_d0f4396bb781581a5857,prdoc_426bba3fa4d09446db2c,5,Unified review priority,299,41,pallets/flask,5615,High,High,True
prchunk_f404f9b2ebe334ea1d11,prdoc_11216ae7b8a8a3da41ee,0,PR identity,297,40,pallets/flask,3156,High,High,True
prchunk_5717ced261d65ee06ee2,prdoc_11216ae7b8a8a3da41ee,1,PR description,371,47,pallets/flask,3156,High,High,True
prchunk_072eab82575d4e09b607,prdoc_11216ae7b8a8a3da41ee,2,Change evidence,403,68,pallets/flask,3156,High,High,True
prchunk_8c5731df662bfb86f9b7,prdoc_11216ae7b8a8a3da41ee,3,Predictive intelligence,470,66,pallets/flask,3156,High,High,True
prchunk_55a317ab08143c6b7945,prdoc_11216ae7b8a8a3da41ee,4,Deterministic policy intelligence,738,97,pallets/flask,3156,High,High,True
prchunk_e990aa2a01051e8fe031,prdoc_11216ae7b8a8a3da41ee,5,Unified review priority,299,41,pallets/flask,3156,High,High,True
prchunk_d554fd82ed4b93117eed,prdoc_681bd3ec9978499fc90f,0,PR identity,270,36,pallets/flask,2929,High,High,True
prchunk_bdd89f90f3ad3855d277,prdoc_681bd3ec9978499fc90f,1,PR description,683,109,pallets/flask,2929,High,High,True
prchunk_19abf32d16d6c432ae45,prdoc_681bd3ec9978499fc90f,2,Change evidence,405,68,pallets/flask,2929,High,High,True
prchunk_b76439d20ed0b4407663,prdoc_681bd3ec9978499fc90f,3,Predictive intelligence,474,67,pallets/flask,2929,High,High,True
prchunk_a0a9cb498281910b73da,prdoc_681bd3ec9978499fc90f,4,Deterministic policy intelligence,640,86,pallets/flask,2929,High,High,True
prchunk_dcd683cbeaca25b9fdfd,prdoc_681bd3ec9978499fc90f,5,Unified review priority,299,41,pallets/flask,2929,High,High,True
prchunk_7813bf7a8edffe54ce07,prdoc_1df599deff76c73816f0,0,PR identity,272,36,pallets/flask,3836,High,High,True
prchunk_353247d6c36758e5ce5f,prdoc_1df599deff76c73816f0,1,PR description,522,86,pallets/flask,3836,High,High,True
prchunk_86aa2499430d24143941,prdoc_1df599deff76c73816f0,2,Change evidence,403,68,pallets/flask,3836,High,High,True
prchunk_b04e3adc06fd676f40e8,prdoc_1df599deff76c73816f0,3,Predictive intelligence,414,57,pallets/flask,3836,High,High,True
prchunk_0e99b69a39039b7f0a49,prdoc_1df599deff76c73816f0,4,Deterministic policy intelligence,639,85,pallets/flask,3836,High,High,True
prchunk_2dc9d7244ae81418f6fe,prdoc_1df599deff76c73816f0,5,Unified review priority,299,41,pallets/flask,3836,High,High,True
prchunk_e599856eb13b87f4f415,prdoc_a47cb66aa8e109b6e2a8,0,PR identity,281,39,pallets/flask,3567,High,High,True
prchunk_6f7a16d13efdfeba3d52,prdoc_a47cb66aa8e109b6e2a8,1,PR description,963,123,pallets/flask,3567,High,High,True
prchunk_090d827db0e6bc245f8c,prdoc_a47cb66aa8e109b6e2a8,2,Change evidence,403,68,pallets/flask,3567,High,High,True
prchunk_780dbc6d3fa331d9f16e,prdoc_a47cb66aa8e109b6e2a8,3,Predictive intelligence,474,67,pallets/flask,3567,High,High,True
prchunk_4d4adf34b364174c13a0,prdoc_a47cb66aa8e109b6e2a8,4,Deterministic policy intelligence,639,85,pallets/flask,3567,High,High,True
prchunk_721d0ecdf9ba0fad5dae,prdoc_a47cb66aa8e109b6e2a8,5,Unified review priority,299,41,pallets/flask,3567,High,High,True
prchunk_2cc3236feab8df79d5aa,prdoc_39075a6bc76dfa7acdc1,0,PR identity,285,40,pallets/flask,4657,High,High,True
prchunk_2adfb683d7126cdb1de5,prdoc_39075a6bc76dfa7acdc1,1,PR description,828,141,pallets/flask,4657,High,High,True
prchunk_968ab86226319718105d,prdoc_39075a6bc76dfa7acdc1,2,Change evidence,403,68,pallets/flask,4657,High,High,True
prchunk_cb30e0e51b92b56ae433,prdoc_39075a6bc76dfa7acdc1,3,Predictive intelligence,474,67,pallets/flask,4657,High,High,True
prchunk_e024b2fde8d05f2adf34,prdoc_39075a6bc76dfa7acdc1,4,Deterministic policy intelligence,639,85,pallets/flask,4657,High,High,True
prchunk_d31d30ab71bd1fa57233,prdoc_39075a6bc76dfa7acdc1,5,Unified review priority,299,41,pallets/flask,4657,High,High,True
prchunk_5141aac9f934c9c431cf,prdoc_fc1085beb8e6fd448619,0,PR identity,250,35,pallets/flask,2600,High,High,True
prchunk_49d69a8f52329e86739d,prdoc_fc1085beb8e6fd448619,1,PR description,183,28,pallets/flask,2600,High,High,True
prchunk_e267f410e6849629271d,prdoc_fc1085beb8e6fd448619,2,Change evidence,408,68,pallets/flask,2600,High,High,True
prchunk_5a06f2dc2af898519ef2,prdoc_fc1085beb8e6fd448619,3,Predictive intelligence,474,67,pallets/flask,2600,High,High,True
prchunk_29bcd5fa1dbdcd4795ab,prdoc_fc1085beb8e6fd448619,4,Deterministic policy intelligence,650,90,pallets/flask,2600,High,High,True
prchunk_85fd5b882b0daa4edcbe,prdoc_fc1085beb8e6fd448619,5,Unified review priority,299,41,pallets/flask,2600,High,High,True
prchunk_c2c33c8b2def4c2b0f67,prdoc_935f08fd792493973437,0,PR identity,285,40,pallets/flask,3812,High,High,True
prchunk_84032345678699a09acc,prdoc_935f08fd792493973437,1,PR description,987,156,pallets/flask,3812,High,High,True
prchunk_1351ca2359bcfaa254b0,prdoc_935f08fd792493973437,2,Change evidence,404,68,pallets/flask,3812,High,High,True
prchunk_5caf8cffb08b476f9563,prdoc_935f08fd792493973437,3,Predictive intelligence,474,67,pallets/flask,3812,High,High,True
prchunk_a5ec5a360911fb67443a,prdoc_935f08fd792493973437,4,Deterministic policy intelligence,640,86,pallets/flask,3812,High,High,True
prchunk_836a72296365c48840cc,prdoc_935f08fd792493973437,5,Unified review priority,299,41,pallets/flask,3812,High,High,True
prchunk_40a7bdced3ed3d66995c,prdoc_52a6c50fe1748215167e,0,PR identity,297,41,pallets/flask,5289,High,High,True
prchunk_b9e1697899f20723cb55,prdoc_52a6c50fe1748215167e,1,PR description,930,150,pallets/flask,5289,High,High,True
prchunk_6e755ca0fcabd79c6367,prdoc_52a6c50fe1748215167e,2,Change evidence,404,68,pallets/flask,5289,High,High,True
prchunk_5961e5da36ffa7b023dd,prdoc_52a6c50fe1748215167e,3,Predictive intelligence,474,67,pallets/flask,5289,High,High,True
prchunk_ff38f1396f775de16680,prdoc_52a6c50fe1748215167e,4,Deterministic policy intelligence,639,85,pallets/flask,5289,High,High,True
prchunk_9773685d05af408689f7,prdoc_52a6c50fe1748215167e,5,Unified review priority,299,41,pallets/flask,5289,High,High,True
prchunk_6d17bfb0dfe0f50dfc2c,prdoc_bfd8cb0c8422508205a0,0,PR identity,331,39,pallets/flask,3369,High,High,True
prchunk_2118669c165649ac3a87,prdoc_bfd8cb0c8422508205a0,1,PR description,1415,180,pallets/flask,3369,High,High,True
prchunk_c5b6ad90bacf9ae294b2,prdoc_bfd8cb0c8422508205a0,2,PR description,776,106,pallets/flask,3369,High,High,True
prchunk_93c955425232a37ea29e,prdoc_bfd8cb0c8422508205a0,3,Change evidence,403,68,pallets/flask,3369,High,High,True
prchunk_2d444e73495997cbbb94,prdoc_bfd8cb0c8422508205a0,4,Predictive intelligence,426,59,pallets/flask,3369,High,High,True
prchunk_8b0c7ead3707827de050,prdoc_bfd8cb0c8422508205a0,5,Deterministic policy intelligence,552,76,pallets/flask,3369,High,High,True
prchunk_861703b8b08065516bc1,prdoc_bfd8cb0c8422508205a0,6,Unified review priority,299,41,pallets/flask,3369,High,High,True
prchunk_1deaf861b9501a5c00a5,prdoc_dd97ba29b59ed9f0897b,0,PR identity,264,35,pallets/flask,5101,High,High,True
prchunk_dfca3a86e53bf3338a75,prdoc_dd97ba29b59ed9f0897b,1,PR description,469,66,pallets/flask,5101,High,High,True
prchunk_e2c65cec5f74c943411c,prdoc_dd97ba29b59ed9f0897b,2,Change evidence,405,68,pallets/flask,5101,High,High,True
prchunk_bd1f25106813218052b1,prdoc_dd97ba29b59ed9f0897b,3,Predictive intelligence,413,57,pallets/flask,5101,High,High,True
prchunk_153c2a8381a3e2e644a8,prdoc_dd97ba29b59ed9f0897b,4,Deterministic policy intelligence,754,99,pallets/flask,5101,High,High,True
prchunk_6280d2357a478dc5e2ef,prdoc_dd97ba29b59ed9f0897b,5,Unified review priority,299,41,pallets/flask,5101,High,High,True
prchunk_bac662d43c4335afb1ee,prdoc_f229e4e6686dbf27c7de,0,PR identity,262,34,pallets/flask,2622,High,High,True
prchunk_81552953485ec22de8cd,prdoc_f229e4e6686dbf27c7de,1,PR description,176,26,pallets/flask,2622,High,High,True
prchunk_7e05e64cfb6ced739d73,prdoc_f229e4e6686dbf27c7de,2,Change evidence,405,68,pallets/flask,2622,High,High,True
prchunk_34473238a381227ce49b,prdoc_f229e4e6686dbf27c7de,3,Predictive intelligence,414,57,pallets/flask,2622,High,High,True
prchunk_8f199d5d54ee1859ace1,prdoc_f229e4e6686dbf27c7de,4,Deterministic policy intelligence,754,99,pallets/flask,2622,High,High,True
prchunk_ec695af4d696363fd2e9,prdoc_f229e4e6686dbf27c7de,5,Unified review priority,299,41,pallets/flask,2622,High,High,True
prchunk_c7bd07549064f6e16a8d,prdoc_69db056c192aad974c0a,0,PR identity,269,38,pallets/flask,5524,High,High,True
prchunk_89131cec31df159fed53,prdoc_69db056c192aad974c0a,1,PR description,783,115,pallets/flask,5524,High,High,True
prchunk_86762b7dd8c76800a14b,prdoc_69db056c192aad974c0a,2,Change evidence,403,68,pallets/flask,5524,High,High,True
prchunk_82b8dc70811bf2b6d568,prdoc_69db056c192aad974c0a,3,Predictive intelligence,474,67,pallets/flask,5524,High,High,True
prchunk_a169c497247746fa954e,prdoc_69db056c192aad974c0a,4,Deterministic policy intelligence,640,86,pallets/flask,5524,High,High,True
prchunk_1dab0165788d98392337,prdoc_69db056c192aad974c0a,5,Unified review priority,299,41,pallets/flask,5524,High,High,True
prchunk_a9b4bb403ba6f408ea8f,prdoc_fb2de90b6715a143a874,0,PR identity,266,37,pallets/flask,3497,High,High,True
prchunk_5f0d6e06cc40281ea10d,prdoc_fb2de90b6715a143a874,1,PR description,205,33,pallets/flask,3497,High,High,True
prchunk_70b5b7db8656d4f0c6a2,prdoc_fb2de90b6715a143a874,2,Change evidence,403,68,pallets/flask,3497,High,High,True
prchunk_2f5ec7df81903b1a21b4,prdoc_fb2de90b6715a143a874,3,Predictive intelligence,414,57,pallets/flask,3497,High,High,True
prchunk_3e8565c8d7d9d094b507,prdoc_fb2de90b6715a143a874,4,Deterministic policy intelligence,738,97,pallets/flask,3497,High,High,True
prchunk_1d26b0a5c03ff776f14d,prdoc_fb2de90b6715a143a874,5,Unified review priority,299,41,pallets/flask,3497,High,High,True
prchunk_589b4bbcb65edc4e8756,prdoc_8b2e3bb1cc380e755052,0,PR identity,275,38,pallets/flask,5370,High,High,True
prchunk_9360bd111c48ca380367,prdoc_8b2e3bb1cc380e755052,1,PR description,833,111,pallets/flask,5370,High,High,True
prchunk_66e413c8ad37983f9044,prdoc_8b2e3bb1cc380e755052,2,Change evidence,403,68,pallets/flask,5370,High,High,True
prchunk_d86e6748cd029d57fd3b,prdoc_8b2e3bb1cc380e755052,3,Predictive intelligence,474,67,pallets/flask,5370,High,High,True
prchunk_3fdecc6470cc7b85db80,prdoc_8b2e3bb1cc380e755052,4,Deterministic policy intelligence,639,85,pallets/flask,5370,High,High,True
prchunk_65d999359e4dbf17c2e1,prdoc_8b2e3bb1cc380e755052,5,Unified review priority,299,41,pallets/flask,5370,High,High,True
prchunk_7c358207f1b2cd0ae399,prdoc_2ddf0104e3a822cee7a9,0,PR identity,260,35,pallets/flask,3489,High,High,True
prchunk_6cedd37e31807de59ec4,prdoc_2ddf0104e3a822cee7a9,1,PR description,1289,157,pallets/flask,3489,High,High,True
prchunk_f31aa21209afa97e0939,prdoc_2ddf0104e3a822cee7a9,2,Change evidence,403,68,pallets/flask,3489,High,High,True
prchunk_992034c3e1d76b2e5c5a,prdoc_2ddf0104e3a822cee7a9,3,Predictive intelligence,474,67,pallets/flask,3489,High,High,True
prchunk_7932df58a69dc0253ce0,prdoc_2ddf0104e3a822cee7a9,4,Deterministic policy intelligence,667,88,pallets/flask,3489,High,High,True
prchunk_b18ed755399035985829,prdoc_2ddf0104e3a822cee7a9,5,Unified review priority,299,41,pallets/flask,3489,High,High,True
prchunk_ecdc4b3a4aef2d9994b3,prdoc_78ae30c75615ace081b0,0,PR identity,338,43,pallets/flask,5807,High,High,True
prchunk_2b456334d654c26e6c33,prdoc_78ae30c75615ace081b0,1,PR description,435,69,pallets/flask,5807,High,High,True
prchunk_15e7e5d5f566e067d12e,prdoc_78ae30c75615ace081b0,2,Change evidence,411,68,pallets/flask,5807,High,High,True
prchunk_30406d503c4ef3bf3bf3,prdoc_78ae30c75615ace081b0,3,Predictive intelligence,470,66,pallets/flask,5807,High,High,True
prchunk_402b5ee3fc7b1b716783,prdoc_78ae30c75615ace081b0,4,Deterministic policy intelligence,854,111,pallets/flask,5807,High,High,True
prchunk_dde6c48f31bf8f67331a,prdoc_78ae30c75615ace081b0,5,Unified review priority,299,41,pallets/flask,5807,High,High,True
prchunk_563b0f2c4b86fa7f5ce1,prdoc_7dcf59a2b2a82e2a8dfa,0,PR identity,267,38,pallets/flask,5036,High,High,True
prchunk_812066f4c09142c02724,prdoc_7dcf59a2b2a82e2a8dfa,1,PR description,620,98,pallets/flask,5036,High,High,True
prchunk_7ebb6ede0e098fe5db14,prdoc_7dcf59a2b2a82e2a8dfa,2,Change evidence,403,68,pallets/flask,5036,High,High,True
prchunk_07b19871a55f8e9674c3,prdoc_7dcf59a2b2a82e2a8dfa,3,Predictive intelligence,470,66,pallets/flask,5036,High,High,True
prchunk_f7f167991e423f02717c,prdoc_7dcf59a2b2a82e2a8dfa,4,Deterministic policy intelligence,639,85,pallets/flask,5036,High,High,True
prchunk_fc98a7d833af61b514f0,prdoc_7dcf59a2b2a82e2a8dfa,5,Unified review priority,299,41,pallets/flask,5036,High,High,True
prchunk_b52dcf99606f40b2d391,prdoc_a3c5d347de97d595d85c,0,PR identity,263,36,pallets/flask,3376,High,High,True
prchunk_6ce0ee68ee7e05643394,prdoc_a3c5d347de97d595d85c,1,PR description,279,49,pallets/flask,3376,High,High,True
prchunk_f3287981a298958fc79b,prdoc_a3c5d347de97d595d85c,2,Change evidence,408,68,pallets/flask,3376,High,High,True
prchunk_cb540d4f76434b2081bc,prdoc_a3c5d347de97d595d85c,3,Predictive intelligence,414,57,pallets/flask,3376,High,High,True
prchunk_e9fb0970caf1fcc927d6,prdoc_a3c5d347de97d595d85c,4,Deterministic policy intelligence,754,99,pallets/flask,3376,High,High,True
prchunk_c13a2603819d53491034,prdoc_a3c5d347de97d595d85c,5,Unified review priority,299,41,pallets/flask,3376,High,High,True
prchunk_6816f94751f4952cb605,prdoc_b178287a85de2a1432b1,0,PR identity,262,37,pallets/flask,5614,High,High,True
prchunk_892ce72e71343ae38e3c,prdoc_b178287a85de2a1432b1,1,PR description,1176,180,pallets/flask,5614,High,High,True
prchunk_3b7995d95ff60559318f,prdoc_b178287a85de2a1432b1,2,PR description,518,87,pallets/flask,5614,High,High,True
prchunk_313a4bf34b960c837791,prdoc_b178287a85de2a1432b1,3,Change evidence,405,68,pallets/flask,5614,High,High,True
prchunk_60e2a5ad37f82e36f62f,prdoc_b178287a85de2a1432b1,4,Predictive intelligence,470,66,pallets/flask,5614,High,High,True
prchunk_9e6d64d204819d280ab2,prdoc_b178287a85de2a1432b1,5,Deterministic policy intelligence,640,86,pallets/flask,5614,High,High,True
prchunk_7d5f2420db7518d8029d,prdoc_b178287a85de2a1432b1,6,Unified review priority,299,41,pallets/flask,5614,High,High,True
prchunk_26dd59cf8d20ae322035,prdoc_34410bb6f8ab73196fb7,0,PR identity,259,34,pallets/flask,5924,High,High,True
prchunk_9a60c69660583c917aac,prdoc_34410bb6f8ab73196fb7,1,PR description,194,29,pallets/flask,5924,High,High,True
prchunk_29a8965d6ba349914708,prdoc_34410bb6f8ab73196fb7,2,Change evidence,402,68,pallets/flask,5924,High,High,True
prchunk_72601fe46955ffb34534,prdoc_34410bb6f8ab73196fb7,3,Predictive intelligence,413,57,pallets/flask,5924,High,High,True
prchunk_551bf2a3198080420311,prdoc_34410bb6f8ab73196fb7,4,Deterministic policy intelligence,640,86,pallets/flask,5924,High,High,True
prchunk_1224114c046175f56c59,prdoc_34410bb6f8ab73196fb7,5,Unified review priority,299,41,pallets/flask,5924,High,High,True
prchunk_631fb488a77ca9b5d551,prdoc_0560782364290db74846,0,PR identity,283,39,pallets/flask,3491,High,High,True
prchunk_cec72f460221cf11da8d,prdoc_0560782364290db74846,1,PR description,750,121,pallets/flask,3491,High,High,True
prchunk_fd351d885db84e8cd9b2,prdoc_0560782364290db74846,2,Change evidence,403,68,pallets/flask,3491,High,High,True
prchunk_ec2016b86dce6d17a348,prdoc_0560782364290db74846,3,Predictive intelligence,474,67,pallets/flask,3491,High,High,True
prchunk_b3716cf6bd6804fdcc31,prdoc_0560782364290db74846,4,Deterministic policy intelligence,667,88,pallets/flask,3491,High,High,True
prchunk_e956f70ca4e9a9db972e,prdoc_0560782364290db74846,5,Unified review priority,299,41,pallets/flask,3491,High,High,True
prchunk_39910d011372c2d02933,prdoc_e10fabb4be6c2944c879,0,PR identity,265,36,pallets/flask,5623,High,High,True
prchunk_a5e7897a59b1d8f1a91e,prdoc_e10fabb4be6c2944c879,1,PR description,222,31,pallets/flask,5623,High,High,True
prchunk_f6b156a0ce176dd5df76,prdoc_e10fabb4be6c2944c879,2,Change evidence,407,68,pallets/flask,5623,High,High,True
prchunk_c0a10f25b4baf0fb20ff,prdoc_e10fabb4be6c2944c879,3,Predictive intelligence,413,57,pallets/flask,5623,High,High,True
prchunk_15315b0fd4d6c760637c,prdoc_e10fabb4be6c2944c879,4,Deterministic policy intelligence,754,99,pallets/flask,5623,High,High,True
prchunk_dd18a8c543d2afc2ce59,prdoc_e10fabb4be6c2944c879,5,Unified review priority,299,41,pallets/flask,5623,High,High,True
prchunk_4bd0def02bb0fe2c5e44,prdoc_538db2e2b80a2b5f5f74,0,PR identity,257,33,pallets/flask,3823,High,High,True
prchunk_2016f0558d29d6dc5fbe,prdoc_538db2e2b80a2b5f5f74,1,PR description,192,28,pallets/flask,3823,High,High,True
prchunk_12711fbf34590c1d8a49,prdoc_538db2e2b80a2b5f5f74,2,Change evidence,405,68,pallets/flask,3823,High,High,True
prchunk_d436217ed9af5e8625b4,prdoc_538db2e2b80a2b5f5f74,3,Predictive intelligence,413,57,pallets/flask,3823,High,High,True
prchunk_7249de44412191e320d5,prdoc_538db2e2b80a2b5f5f74,4,Deterministic policy intelligence,766,99,pallets/flask,3823,High,High,True
prchunk_ba63c8354b37c563db7f,prdoc_538db2e2b80a2b5f5f74,5,Unified review priority,299,41,pallets/flask,3823,High,High,True
prchunk_44ec140d2d32f4427b03,prdoc_9230395591a724d63ff2,0,PR identity,259,34,pallets/flask,5730,High,High,True
prchunk_6f82dbd56e68feea2749,prdoc_9230395591a724d63ff2,1,PR description,194,29,pallets/flask,5730,High,High,True
prchunk_538d01ed05ae11c45cb2,prdoc_9230395591a724d63ff2,2,Change evidence,402,68,pallets/flask,5730,High,High,True
prchunk_580f30ffa427887563cf,prdoc_9230395591a724d63ff2,3,Predictive intelligence,413,57,pallets/flask,5730,High,High,True
prchunk_63bec548c9e10b9b91c9,prdoc_9230395591a724d63ff2,4,Deterministic policy intelligence,640,86,pallets/flask,5730,High,High,True
prchunk_d01b2928d46a3cc62d72,prdoc_9230395591a724d63ff2,5,Unified review priority,299,41,pallets/flask,5730,High,High,True
prchunk_783c2625729d4f145cdb,prdoc_db9f4f61a9a0667b4fc6,0,PR identity,259,34,pallets/flask,5403,High,High,True
prchunk_efbd12480cc396322f3a,prdoc_db9f4f61a9a0667b4fc6,1,PR description,194,29,pallets/flask,5403,High,High,True
prchunk_3118319f361477a3d45d,prdoc_db9f4f61a9a0667b4fc6,2,Change evidence,402,68,pallets/flask,5403,High,High,True
prchunk_3a49e0113286af0d091e,prdoc_db9f4f61a9a0667b4fc6,3,Predictive intelligence,413,57,pallets/flask,5403,High,High,True
prchunk_20ae24641eb8bae11230,prdoc_db9f4f61a9a0667b4fc6,4,Deterministic policy intelligence,640,86,pallets/flask,5403,High,High,True
prchunk_ab63663137b14de0c07d,prdoc_db9f4f61a9a0667b4fc6,5,Unified review priority,299,41,pallets/flask,5403,High,High,True
prchunk_c79e84d314c5eb61c753,prdoc_4dbbdcb07f8ed6a68e27,0,PR identity,288,37,pallets/flask,4847,High,High,True
prchunk_be52f3f8cc661ccef34b,prdoc_4dbbdcb07f8ed6a68e27,1,PR description,306,48,pallets/flask,4847,High,High,True
prchunk_80049c4434c316eeaabb,prdoc_4dbbdcb07f8ed6a68e27,2,Change evidence,406,68,pallets/flask,4847,High,High,True
prchunk_da368eddcd926b31a3b6,prdoc_4dbbdcb07f8ed6a68e27,3,Predictive intelligence,426,59,pallets/flask,4847,High,High,True
prchunk_2ccd3ae6fcaa1aaf96fc,prdoc_4dbbdcb07f8ed6a68e27,4,Deterministic policy intelligence,540,75,pallets/flask,4847,High,High,True
prchunk_c7b384341e4a7fa5e000,prdoc_4dbbdcb07f8ed6a68e27,5,Unified review priority,299,41,pallets/flask,4847,High,High,True
prchunk_940fde2a59d05493ecab,prdoc_f3d341c2bd3fe7f69027,0,PR identity,282,36,pallets/flask,5736,High,High,True
prchunk_b00f2da5eb53300b83e7,prdoc_f3d341c2bd3fe7f69027,1,PR description,1276,180,pallets/flask,5736,High,High,True
prchunk_c9d02c7e776ebdd99551,prdoc_f3d341c2bd3fe7f69027,2,PR description,961,154,pallets/flask,5736,High,High,True
prchunk_a6e2db0370ceb5f7379e,prdoc_f3d341c2bd3fe7f69027,3,Change evidence,408,68,pallets/flask,5736,High,High,True
prchunk_362f0ec98f1ebed7ba51,prdoc_f3d341c2bd3fe7f69027,4,Predictive intelligence,426,59,pallets/flask,5736,High,High,True
prchunk_c6195dc8a549ff6d9f6e,prdoc_f3d341c2bd3fe7f69027,5,Deterministic policy intelligence,517,73,pallets/flask,5736,High,High,True
prchunk_9ece0868cadbe5b20636,prdoc_f3d341c2bd3fe7f69027,6,Unified review priority,299,41,pallets/flask,5736,High,High,True
prchunk_cecf9c7da37ab870f1ed,prdoc_29bf658bece02a821eb9,0,PR identity,259,34,pallets/flask,5800,High,High,True
prchunk_de4322272389a91de657,prdoc_29bf658bece02a821eb9,1,PR description,194,29,pallets/flask,5800,High,High,True
prchunk_66ae6daf7ae2a90d090f,prdoc_29bf658bece02a821eb9,2,Change evidence,403,68,pallets/flask,5800,High,High,True
prchunk_a44514c3ea6d77e68cb9,prdoc_29bf658bece02a821eb9,3,Predictive intelligence,413,57,pallets/flask,5800,High,High,True
prchunk_6c08fd99dd5e178f1f0a,prdoc_29bf658bece02a821eb9,4,Deterministic policy intelligence,640,86,pallets/flask,5800,High,High,True
prchunk_58c6423cfec13c9af1ba,prdoc_29bf658bece02a821eb9,5,Unified review priority,299,41,pallets/flask,5800,High,High,True
prchunk_20858e922db2e3f58a9a,prdoc_8c9a39573ff534108b4d,0,PR identity,259,34,pallets/flask,5386,High,High,True
prchunk_4b4410c5cbd229793b02,prdoc_8c9a39573ff534108b4d,1,PR description,194,29,pallets/flask,5386,High,High,True
prchunk_5acc1ec6f2a2f8411072,prdoc_8c9a39573ff534108b4d,2,Change evidence,402,68,pallets/flask,5386,High,High,True
prchunk_764d95f6460318b27fe2,prdoc_8c9a39573ff534108b4d,3,Predictive intelligence,413,57,pallets/flask,5386,High,High,True
prchunk_76d733391860e581e5aa,prdoc_8c9a39573ff534108b4d,4,Deterministic policy intelligence,640,86,pallets/flask,5386,High,High,True
prchunk_06656784805707bc4295,prdoc_8c9a39573ff534108b4d,5,Unified review priority,299,41,pallets/flask,5386,High,High,True
prchunk_22192dcfb0baf2c76472,prdoc_dbd3d6939792ffb4c15c,0,PR identity,281,36,pallets/flask,3971,High,High,True
prchunk_8304572521b5b3d7eac2,prdoc_dbd3d6939792ffb4c15c,1,PR description,347,38,pallets/flask,3971,High,High,True
prchunk_b300a9cc957ce41cd65e,prdoc_dbd3d6939792ffb4c15c,2,Change evidence,408,68,pallets/flask,3971,High,High,True
prchunk_f7bb298ce6529621393e,prdoc_dbd3d6939792ffb4c15c,3,Predictive intelligence,414,57,pallets/flask,3971,High,High,True
prchunk_72ce770d6dc33c079ebb,prdoc_dbd3d6939792ffb4c15c,4,Deterministic policy intelligence,644,88,pallets/flask,3971,High,High,True
prchunk_f0d0f477c8655c09383e,prdoc_dbd3d6939792ffb4c15c,5,Unified review priority,299,41,pallets/flask,3971,High,High,True
prchunk_523b65b5a267b41c2b85,prdoc_68344bb96af4160a43f5,0,PR identity,287,39,pallets/flask,4855,High,High,True
prchunk_ebba515b7eb3964e28df,prdoc_68344bb96af4160a43f5,1,PR description,910,152,pallets/flask,4855,High,High,True
prchunk_417c74682fc10caf5da3,prdoc_68344bb96af4160a43f5,2,Change evidence,404,68,pallets/flask,4855,High,High,True
prchunk_4afbded928a7f552d2d3,prdoc_68344bb96af4160a43f5,3,Predictive intelligence,474,67,pallets/flask,4855,High,High,True
prchunk_cbc037f97bb7151d3de8,prdoc_68344bb96af4160a43f5,4,Deterministic policy intelligence,643,84,pallets/flask,4855,High,High,True
prchunk_6842f3f94b40a8e95557,prdoc_68344bb96af4160a43f5,5,Unified review priority,299,41,pallets/flask,4855,High,High,True
prchunk_b4f2b41910e65142c1c2,prdoc_a54201bba52625b85b88,0,PR identity,283,39,pallets/flask,2579,High,High,True
prchunk_7aa4591bcba8f9dc2911,prdoc_a54201bba52625b85b88,1,PR description,385,62,pallets/flask,2579,High,High,True
prchunk_e83112e79fe8e9290657,prdoc_a54201bba52625b85b88,2,Change evidence,405,68,pallets/flask,2579,High,High,True
prchunk_6e29daefa393a41a62bb,prdoc_a54201bba52625b85b88,3,Predictive intelligence,470,66,pallets/flask,2579,High,High,True
prchunk_8d7e113012dcfdff1611,prdoc_a54201bba52625b85b88,4,Deterministic policy intelligence,666,89,pallets/flask,2579,High,High,True
prchunk_b5bfe93f033c9ffcb91d,prdoc_a54201bba52625b85b88,5,Unified review priority,299,41,pallets/flask,2579,High,High,True
prchunk_bf254c1c524301c58451,prdoc_d30d5cd7e68727c9f53c,0,PR identity,257,34,pallets/flask,2685,High,High,True
prchunk_152b493a529ab27fa7de,prdoc_d30d5cd7e68727c9f53c,1,PR description,863,139,pallets/flask,2685,High,High,True
prchunk_76ae433ab3bee4087d9b,prdoc_d30d5cd7e68727c9f53c,2,Change evidence,409,68,pallets/flask,2685,High,High,True
prchunk_6d14f456030c4aab5063,prdoc_d30d5cd7e68727c9f53c,3,Predictive intelligence,413,57,pallets/flask,2685,High,High,True
prchunk_e30b6f6d18b33f18077d,prdoc_d30d5cd7e68727c9f53c,4,Deterministic policy intelligence,615,88,pallets/flask,2685,High,High,True
prchunk_ea87b0552482d3c2cb29,prdoc_d30d5cd7e68727c9f53c,5,Unified review priority,299,41,pallets/flask,2685,High,High,True
prchunk_21a5a53cddb0cc3d7be2,prdoc_361b72ed8e34c973fb1a,0,PR identity,282,39,pallets/flask,3386,High,High,True
prchunk_600d92f86d00baac78ec,prdoc_361b72ed8e34c973fb1a,1,PR description,661,97,pallets/flask,3386,High,High,True
prchunk_c860a7d2c3c8b62e5bd4,prdoc_361b72ed8e34c973fb1a,2,Change evidence,404,68,pallets/flask,3386,High,High,True
prchunk_dbe7b60b09f2aa512c6d,prdoc_361b72ed8e34c973fb1a,3,Predictive intelligence,474,67,pallets/flask,3386,High,High,True
prchunk_8d17bec427cc3678ed32,prdoc_361b72ed8e34c973fb1a,4,Deterministic policy intelligence,661,85,pallets/flask,3386,High,High,True
prchunk_558e754076b897558412,prdoc_361b72ed8e34c973fb1a,5,Unified review priority,299,41,pallets/flask,3386,High,High,True
prchunk_45b95f11b6e4c1c12c12,prdoc_1e51f673eea6e763b0bb,0,PR identity,254,35,pallets/flask,5075,High,High,True
prchunk_a2ff10b7a084a0593e06,prdoc_1e51f673eea6e763b0bb,1,PR description,189,28,pallets/flask,5075,High,High,True
prchunk_7920fd753005e0d7f269,prdoc_1e51f673eea6e763b0bb,2,Change evidence,407,68,pallets/flask,5075,High,High,True
prchunk_cdc2e5ed8c7a5adf48e5,prdoc_1e51f673eea6e763b0bb,3,Predictive intelligence,474,67,pallets/flask,5075,High,High,True
prchunk_2eae4ff4fd1438dc4c09,prdoc_1e51f673eea6e763b0bb,4,Deterministic policy intelligence,546,77,pallets/flask,5075,High,High,True
prchunk_1c17dc558c2b7ebeab3b,prdoc_1e51f673eea6e763b0bb,5,Unified review priority,299,41,pallets/flask,5075,High,High,True
prchunk_62076b2330304e940966,prdoc_762c492c36a796926106,0,PR identity,283,38,pallets/flask,4645,High,High,True
prchunk_9a2e1947c7c6002cfcd4,prdoc_762c492c36a796926106,1,PR description,1155,180,pallets/flask,4645,High,High,True
prchunk_1d60b8e105b5dbe8badc,prdoc_762c492c36a796926106,2,PR description,521,98,pallets/flask,4645,High,High,True
prchunk_cc76bfe50dfabb086021,prdoc_762c492c36a796926106,3,Change evidence,402,68,pallets/flask,4645,High,High,True
prchunk_64dfc2b03620d7599cd0,prdoc_762c492c36a796926106,4,Predictive intelligence,414,57,pallets/flask,4645,High,High,True
prchunk_03b1128d7ec379a0c7a7,prdoc_762c492c36a796926106,5,Deterministic policy intelligence,552,76,pallets/flask,4645,High,High,True
prchunk_26a301c5d9b1599fb3cf,prdoc_762c492c36a796926106,6,Unified review priority,299,41,pallets/flask,4645,High,High,True
prchunk_a8bc7c1f829a4f07028b,prdoc_ed8a613bcbd6414c16aa,0,PR identity,266,36,pallets/flask,4412,High,High,True
prchunk_c740fe19bf613d1ce024,prdoc_ed8a613bcbd6414c16aa,1,PR description,272,34,pallets/flask,4412,High,High,True
prchunk_f4a25633f8ba22ad1ca7,prdoc_ed8a613bcbd6414c16aa,2,Change evidence,407,68,pallets/flask,4412,High,High,True
prchunk_3bd9f53c6a007c5fe5c7,prdoc_ed8a613bcbd6414c16aa,3,Predictive intelligence,426,59,pallets/flask,4412,High,High,True
prchunk_193e4c7aa33bdb39c2a9,prdoc_ed8a613bcbd6414c16aa,4,Deterministic policy intelligence,540,75,pallets/flask,4412,High,High,True
prchunk_b2d6d32786fb87491d82,prdoc_ed8a613bcbd6414c16aa,5,Unified review priority,299,41,pallets/flask,4412,High,High,True
prchunk_ebbc95a6cdbd65fd1e81,prdoc_33bca21fe0bcce6f237e,0,PR identity,264,35,pallets/flask,5617,High,High,True
prchunk_595d68343ed05e759545,prdoc_33bca21fe0bcce6f237e,1,PR description,243,38,pallets/flask,5617,High,High,True
prchunk_e5d061bc5ab7ed783156,prdoc_33bca21fe0bcce6f237e,2,Change evidence,410,68,pallets/flask,5617,High,High,True
prchunk_207cef6b38fdafc17f27,prdoc_33bca21fe0bcce6f237e,3,Predictive intelligence,470,66,pallets/flask,5617,High,High,True
prchunk_945537e213eceec0653e,prdoc_33bca21fe0bcce6f237e,4,Deterministic policy intelligence,757,97,pallets/flask,5617,High,High,True
prchunk_49c11a9f95f2d05545bc,prdoc_33bca21fe0bcce6f237e,5,Unified review priority,299,41,pallets/flask,5617,High,High,True
prchunk_be4797a62a6f072a7195,prdoc_be66fdd7557aa354ebab,0,PR identity,265,36,pallets/flask,4748,High,High,True
prchunk_3e4d9b27f1a2049a1224,prdoc_be66fdd7557aa354ebab,1,PR description,600,99,pallets/flask,4748,High,High,True
prchunk_797cfd974414c80becaf,prdoc_be66fdd7557aa354ebab,2,Change evidence,409,68,pallets/flask,4748,High,High,True
prchunk_748ef21a7ad4667ada00,prdoc_be66fdd7557aa354ebab,3,Predictive intelligence,413,57,pallets/flask,4748,High,High,True
prchunk_50aff5249379576b6d48,prdoc_be66fdd7557aa354ebab,4,Deterministic policy intelligence,615,88,pallets/flask,4748,High,High,True
prchunk_19c0ba1c7fdd1d3eeef3,prdoc_be66fdd7557aa354ebab,5,Unified review priority,299,41,pallets/flask,4748,High,High,True
prchunk_29d8945cf52f6c246e9d,prdoc_435b549efb18281a9425,0,PR identity,280,38,pallets/flask,2877,High,High,True
prchunk_69c2963e08da515d27d8,prdoc_435b549efb18281a9425,1,PR description,370,60,pallets/flask,2877,High,High,True
prchunk_7238faefd4fb9b752fb0,prdoc_435b549efb18281a9425,2,Change evidence,411,68,pallets/flask,2877,High,High,True
prchunk_0c74be2d4535205ddc7a,prdoc_435b549efb18281a9425,3,Predictive intelligence,426,59,pallets/flask,2877,High,High,True
prchunk_1283b1fdb72a7e2866ad,prdoc_435b549efb18281a9425,4,Deterministic policy intelligence,540,75,pallets/flask,2877,High,High,True
prchunk_c2cccf87e6b48123e148,prdoc_435b549efb18281a9425,5,Unified review priority,299,41,pallets/flask,2877,High,High,True
prchunk_60007b1aeb2bbfc8a096,prdoc_b6c6f6c7e74e8651f56d,0,PR identity,269,37,pallets/flask,4859,High,High,True
prchunk_9f9fd03dafa4d3462342,prdoc_b6c6f6c7e74e8651f56d,1,PR description,194,29,pallets/flask,4859,High,High,True
prchunk_ee1e623acbfbc87bb877,prdoc_b6c6f6c7e74e8651f56d,2,Change evidence,406,68,pallets/flask,4859,High,High,True
prchunk_a3261cd08bc22e8153e4,prdoc_b6c6f6c7e74e8651f56d,3,Predictive intelligence,470,66,pallets/flask,4859,High,High,True
prchunk_6b69659f912e0c468827,prdoc_b6c6f6c7e74e8651f56d,4,Deterministic policy intelligence,666,89,pallets/flask,4859,High,High,True
prchunk_2f3d420c36fc46091459,prdoc_b6c6f6c7e74e8651f56d,5,Unified review priority,299,41,pallets/flask,4859,High,High,True
prchunk_6a6168fe6010e72ba1d3,prdoc_0a6adf1f184529c34445,0,PR identity,296,41,pallets/flask,4047,High,High,True
prchunk_9171a36206c36240944d,prdoc_0a6adf1f184529c34445,1,PR description,790,125,pallets/flask,4047,High,High,True
prchunk_5d4a9c65b7a4c6cc00b6,prdoc_0a6adf1f184529c34445,2,Change evidence,404,68,pallets/flask,4047,High,High,True
prchunk_45330bf4590da5739be7,prdoc_0a6adf1f184529c34445,3,Predictive intelligence,414,57,pallets/flask,4047,High,High,True
prchunk_50716b108ea8ff2d7a6b,prdoc_0a6adf1f184529c34445,4,Deterministic policy intelligence,520,71,pallets/flask,4047,High,High,True
prchunk_5698f234ef6d7a356a13,prdoc_0a6adf1f184529c34445,5,Unified review priority,299,41,pallets/flask,4047,High,High,True
prchunk_e9fd561012d953e2bbec,prdoc_d6dec9c9b569e130c853,0,PR identity,271,34,pallets/flask,5242,High,High,True
prchunk_fbea91eecc2dae47c571,prdoc_d6dec9c9b569e130c853,1,PR description,185,26,pallets/flask,5242,High,High,True
prchunk_5c22d16fe6affb8ddc43,prdoc_d6dec9c9b569e130c853,2,Change evidence,404,68,pallets/flask,5242,High,High,True
prchunk_97fe85c07c63eff5b23e,prdoc_d6dec9c9b569e130c853,3,Predictive intelligence,414,57,pallets/flask,5242,High,High,True
prchunk_b0479950f5632df60b65,prdoc_d6dec9c9b569e130c853,4,Deterministic policy intelligence,634,84,pallets/flask,5242,High,High,True
prchunk_84cbaf9cdf86f121874a,prdoc_d6dec9c9b569e130c853,5,Unified review priority,299,41,pallets/flask,5242,High,High,True
prchunk_abf9dc7c0d48a358d33d,prdoc_a762d15b520d286393dd,0,PR identity,273,36,pallets/flask,5217,High,High,True
prchunk_cbccb1400e59f0195ca6,prdoc_a762d15b520d286393dd,1,PR description,184,29,pallets/flask,5217,High,High,True
prchunk_83f88c511c6513ad5a10,prdoc_a762d15b520d286393dd,2,Change evidence,406,68,pallets/flask,5217,High,High,True
prchunk_92c873a874345b7aa66a,prdoc_a762d15b520d286393dd,3,Predictive intelligence,414,57,pallets/flask,5217,High,High,True
prchunk_393b429f817494aacc1e,prdoc_a762d15b520d286393dd,4,Deterministic policy intelligence,540,75,pallets/flask,5217,High,High,True
prchunk_273228c1ce4614b231a7,prdoc_a762d15b520d286393dd,5,Unified review priority,299,41,pallets/flask,5217,High,High,True
prchunk_cc1d9276a21083af6de8,prdoc_371eb135093aad8d6f29,0,PR identity,248,35,pallets/flask,4623,High,High,True
prchunk_11255c89dc979796307f,prdoc_371eb135093aad8d6f29,1,PR description,430,63,pallets/flask,4623,High,High,True
prchunk_b9c0b2adcfce8d449853,prdoc_371eb135093aad8d6f29,2,Change evidence,407,68,pallets/flask,4623,High,High,True
prchunk_06ab769b8cd5596e1579,prdoc_371eb135093aad8d6f29,3,Predictive intelligence,474,67,pallets/flask,4623,High,High,True
prchunk_3046125c315a185f22da,prdoc_371eb135093aad8d6f29,4,Deterministic policy intelligence,540,75,pallets/flask,4623,High,High,True
prchunk_8932e3e5537e17544771,prdoc_371eb135093aad8d6f29,5,Unified review priority,299,41,pallets/flask,4623,High,High,True
prchunk_9c41f11079fa62ba07d4,prdoc_77462328d38efe8b1606,0,PR identity,327,44,pallets/flask,5858,High,High,True
prchunk_2c90ada93391216d35cc,prdoc_77462328d38efe8b1606,1,PR description,1290,180,pallets/flask,5858,High,High,True
prchunk_5e9ae6ca837dca5e5491,prdoc_77462328d38efe8b1606,2,PR description,807,117,pallets/flask,5858,High,High,True
prchunk_2319fe76eb367b03b761,prdoc_77462328d38efe8b1606,3,Change evidence,408,68,pallets/flask,5858,High,High,True
prchunk_92c65325a778a227fae7,prdoc_77462328d38efe8b1606,4,Predictive intelligence,474,67,pallets/flask,5858,High,High,True
prchunk_a4f9ff25eabb55e6703e,prdoc_77462328d38efe8b1606,5,Deterministic policy intelligence,545,76,pallets/flask,5858,High,High,True
prchunk_4e55671de89fd6d20cfa,prdoc_77462328d38efe8b1606,6,Unified review priority,299,41,pallets/flask,5858,High,High,True
prchunk_ee7d186b159d7ebfc557,prdoc_ff590e598922e18d9353,0,PR identity,280,40,pallets/flask,2775,High,High,True
prchunk_83348671a85d2c979026,prdoc_ff590e598922e18d9353,1,PR description,725,120,pallets/flask,2775,High,High,True
prchunk_2b2b4476578522e5659b,prdoc_ff590e598922e18d9353,2,Change evidence,408,68,pallets/flask,2775,High,High,True
prchunk_189c647484b561e963a5,prdoc_ff590e598922e18d9353,3,Predictive intelligence,474,67,pallets/flask,2775,High,High,True
prchunk_8ce0f78f7210f0eec440,prdoc_ff590e598922e18d9353,4,Deterministic policy intelligence,527,75,pallets/flask,2775,High,High,True
prchunk_d98863d6a02a5f808a23,prdoc_ff590e598922e18d9353,5,Unified review priority,299,41,pallets/flask,2775,High,High,True
prchunk_3f1982cf9161b3937289,prdoc_f3dc7bec294ed2a770c3,0,PR identity,277,34,pallets/flask,4624,High,High,True
prchunk_473b48f95a39357eebca,prdoc_f3dc7bec294ed2a770c3,1,PR description,501,68,pallets/flask,4624,High,High,True
prchunk_54f8b4a9e6e60e1ef8d0,prdoc_f3dc7bec294ed2a770c3,2,Change evidence,408,68,pallets/flask,4624,High,High,True
prchunk_9fe93f3d2d6fe540b370,prdoc_f3dc7bec294ed2a770c3,3,Predictive intelligence,414,57,pallets/flask,4624,High,High,True
prchunk_e68365b8f9c844692382,prdoc_f3dc7bec294ed2a770c3,4,Deterministic policy intelligence,631,86,pallets/flask,4624,High,High,True
prchunk_76a01dadb3d512f53897,prdoc_f3dc7bec294ed2a770c3,5,Unified review priority,299,41,pallets/flask,4624,High,High,True
prchunk_75655c7d8dff41ad2266,prdoc_d86bac0fac4bcb82a03e,0,PR identity,260,34,pallets/flask,4283,High,High,True
prchunk_f94d02e172ba43549daa,prdoc_d86bac0fac4bcb82a03e,1,PR description,187,27,pallets/flask,4283,High,High,True
prchunk_cab681d87f330b350a33,prdoc_d86bac0fac4bcb82a03e,2,Change evidence,407,68,pallets/flask,4283,High,High,True
prchunk_ba674b5673755ee10eb9,prdoc_d86bac0fac4bcb82a03e,3,Predictive intelligence,414,57,pallets/flask,4283,High,High,True
prchunk_5f823f1f41915bc3e3b8,prdoc_d86bac0fac4bcb82a03e,4,Deterministic policy intelligence,540,75,pallets/flask,4283,High,High,True
prchunk_6f282c37dd37c1ed68ff,prdoc_d86bac0fac4bcb82a03e,5,Unified review priority,299,41,pallets/flask,4283,High,High,True
prchunk_ea03b5e327509209004a,prdoc_98460b07b319ddb2c297,0,PR identity,255,35,pallets/flask,4368,High,High,True
prchunk_774aba64bf4721cde95b,prdoc_98460b07b319ddb2c297,1,PR description,344,49,pallets/flask,4368,High,High,True
prchunk_dde0b1348d10d98224aa,prdoc_98460b07b319ddb2c297,2,Change evidence,407,68,pallets/flask,4368,High,High,True
prchunk_00d2fc55dfba709f8ae0,prdoc_98460b07b319ddb2c297,3,Predictive intelligence,470,66,pallets/flask,4368,High,High,True
prchunk_1f340cb177bae9a3514a,prdoc_98460b07b319ddb2c297,4,Deterministic policy intelligence,540,75,pallets/flask,4368,High,High,True
prchunk_d6e06a1dabebb201356a,prdoc_98460b07b319ddb2c297,5,Unified review priority,299,41,pallets/flask,4368,High,High,True
prchunk_4523729746c19c4bcba2,prdoc_09042918824334e20a1e,0,PR identity,246,33,pallets/flask,5757,High,High,True
prchunk_a8e9f69d17920ce0e2f5,prdoc_09042918824334e20a1e,1,PR description,184,31,pallets/flask,5757,High,High,True
prchunk_648c2542fda96dddea0b,prdoc_09042918824334e20a1e,2,Change evidence,404,68,pallets/flask,5757,High,High,True
prchunk_5c3be694c69ac083c22e,prdoc_09042918824334e20a1e,3,Predictive intelligence,413,57,pallets/flask,5757,High,High,True
prchunk_53b051474986d370f61e,prdoc_09042918824334e20a1e,4,Deterministic policy intelligence,540,75,pallets/flask,5757,High,High,True
prchunk_73df9ea441b537d93639,prdoc_09042918824334e20a1e,5,Unified review priority,299,41,pallets/flask,5757,High,High,True
prchunk_f2186412c3ca64557094,prdoc_707294be248f0c59ad20,0,PR identity,253,34,pallets/flask,4335,High,High,True
prchunk_8c6b5061867352941b5c,prdoc_707294be248f0c59ad20,1,PR description,540,73,pallets/flask,4335,High,High,True
prchunk_937f48ee0c194fd2a878,prdoc_707294be248f0c59ad20,2,Change evidence,408,68,pallets/flask,4335,High,High,True
prchunk_4009b200082901f9e74d,prdoc_707294be248f0c59ad20,3,Predictive intelligence,413,57,pallets/flask,4335,High,High,True
prchunk_e82bf137dbe8ba31b8ee,prdoc_707294be248f0c59ad20,4,Deterministic policy intelligence,656,84,pallets/flask,4335,High,High,True
prchunk_4dcdb3c7641956b8aa83,prdoc_707294be248f0c59ad20,5,Unified review priority,299,41,pallets/flask,4335,High,High,True
prchunk_7b31661606279e9ecae1,prdoc_c29dcc23603847f80abc,0,PR identity,276,37,pallets/flask,3507,High,High,True
prchunk_6d7a7caeda1a72929603,prdoc_c29dcc23603847f80abc,1,PR description,569,72,pallets/flask,3507,High,High,True
prchunk_bd52923a4e7518572fef,prdoc_c29dcc23603847f80abc,2,Change evidence,405,68,pallets/flask,3507,High,High,True
prchunk_5b2d662c79b8bc26f01c,prdoc_c29dcc23603847f80abc,3,Predictive intelligence,470,66,pallets/flask,3507,High,High,True
prchunk_9d788f3f2fdb326579e6,prdoc_c29dcc23603847f80abc,4,Deterministic policy intelligence,540,75,pallets/flask,3507,High,High,True
prchunk_be0aa71a4e7b450a0710,prdoc_c29dcc23603847f80abc,5,Unified review priority,299,41,pallets/flask,3507,High,High,True
prchunk_2a31ac13cabe0f23c492,prdoc_216e4dc4a2de39194106,0,PR identity,286,38,pallets/flask,2969,High,High,True
prchunk_54cd764ca26aa49de6b9,prdoc_216e4dc4a2de39194106,1,PR description,341,53,pallets/flask,2969,High,High,True
prchunk_d9cf16d262a4ab3c8f53,prdoc_216e4dc4a2de39194106,2,Change evidence,408,68,pallets/flask,2969,High,High,True
prchunk_2bceff86614305932545,prdoc_216e4dc4a2de39194106,3,Predictive intelligence,414,57,pallets/flask,2969,High,High,True
prchunk_22f3249b70e8fb8e247e,prdoc_216e4dc4a2de39194106,4,Deterministic policy intelligence,540,75,pallets/flask,2969,High,High,True
prchunk_5871baa132897e26ef35,prdoc_216e4dc4a2de39194106,5,Unified review priority,299,41,pallets/flask,2969,High,High,True
prchunk_b408484c7b68931e4fec,prdoc_b86358796d67962a38f0,0,PR identity,269,36,pallets/flask,5900,High,High,True
prchunk_1dae78158e766d6224da,prdoc_b86358796d67962a38f0,1,PR description,358,55,pallets/flask,5900,High,High,True
prchunk_45a703676b8ac0de1461,prdoc_b86358796d67962a38f0,2,Change evidence,409,68,pallets/flask,5900,High,High,True
prchunk_fd595ee1be7a0cddf015,prdoc_b86358796d67962a38f0,3,Predictive intelligence,414,57,pallets/flask,5900,High,High,True
prchunk_f96857c55dd20a829c93,prdoc_b86358796d67962a38f0,4,Deterministic policy intelligence,540,75,pallets/flask,5900,High,High,True
prchunk_cf8a7bbd90bd5aead3af,prdoc_b86358796d67962a38f0,5,Unified review priority,299,41,pallets/flask,5900,High,High,True
prchunk_5ea5fdb420c0740114e6,prdoc_d12459c07e84ceb71db2,0,PR identity,262,36,pallets/flask,5550,High,High,True
prchunk_3b63e11ce4bb59e58849,prdoc_d12459c07e84ceb71db2,1,PR description,206,31,pallets/flask,5550,High,High,True
prchunk_723f7f61a3378c865b8c,prdoc_d12459c07e84ceb71db2,2,Change evidence,406,68,pallets/flask,5550,High,High,True
prchunk_b8e4b27ca0ab14377908,prdoc_d12459c07e84ceb71db2,3,Predictive intelligence,470,66,pallets/flask,5550,High,High,True
prchunk_236b20d7420b64bd9b00,prdoc_d12459c07e84ceb71db2,4,Deterministic policy intelligence,540,75,pallets/flask,5550,High,High,True
prchunk_e628b7e656aa290761e5,prdoc_d12459c07e84ceb71db2,5,Unified review priority,299,41,pallets/flask,5550,High,High,True
prchunk_afbe5d4f015450b77a8f,prdoc_fea5399ac6bd034fd1ae,0,PR identity,287,40,pallets/flask,4934,High,High,True
prchunk_6741d2e622dd86198a84,prdoc_fea5399ac6bd034fd1ae,1,PR description,389,44,pallets/flask,4934,High,High,True
prchunk_4c6ba913bc7eee4df63f,prdoc_fea5399ac6bd034fd1ae,2,Change evidence,406,68,pallets/flask,4934,High,High,True
prchunk_a282c10bf0192747dfe6,prdoc_fea5399ac6bd034fd1ae,3,Predictive intelligence,470,66,pallets/flask,4934,High,High,True
prchunk_1070edeb031f57df2be0,prdoc_fea5399ac6bd034fd1ae,4,Deterministic policy intelligence,540,75,pallets/flask,4934,High,High,True
prchunk_694acf61f990af84c1dc,prdoc_fea5399ac6bd034fd1ae,5,Unified review priority,299,41,pallets/flask,4934,High,High,True
prchunk_c9aee88a1738a9a9cd8b,prdoc_6bf5951141286b4c318f,0,PR identity,270,37,pallets/flask,5731,High,High,True
prchunk_8439d98e93426b4e2344,prdoc_6bf5951141286b4c318f,1,PR description,399,56,pallets/flask,5731,High,High,True
prchunk_121e0525ec54c7a3ecc2,prdoc_6bf5951141286b4c318f,2,Change evidence,408,68,pallets/flask,5731,High,High,True
prchunk_58ed390378ce2fbd933a,prdoc_6bf5951141286b4c318f,3,Predictive intelligence,413,57,pallets/flask,5731,High,High,True
prchunk_d09d655ce1e68efac367,prdoc_6bf5951141286b4c318f,4,Deterministic policy intelligence,656,84,pallets/flask,5731,High,High,True
prchunk_bdeda52599cbc5204619,prdoc_6bf5951141286b4c318f,5,Unified review priority,299,41,pallets/flask,5731,High,High,True
prchunk_fe65d43e14d3f8827f4f,prdoc_0c50ebc76c39dc86f628,0,PR identity,266,34,pallets/flask,4591,High,High,True
prchunk_05e4313df60910b0ad90,prdoc_0c50ebc76c39dc86f628,1,PR description,252,37,pallets/flask,4591,High,High,True
prchunk_fbc7029be724ebd140d0,prdoc_0c50ebc76c39dc86f628,2,Change evidence,407,68,pallets/flask,4591,High,High,True
prchunk_e7b2c60cfbb2f64c7ad6,prdoc_0c50ebc76c39dc86f628,3,Predictive intelligence,414,57,pallets/flask,4591,High,High,True
prchunk_1d79619032b5f9e94f1e,prdoc_0c50ebc76c39dc86f628,4,Deterministic policy intelligence,540,75,pallets/flask,4591,High,High,True
prchunk_5a7519c9b84de40d0b31,prdoc_0c50ebc76c39dc86f628,5,Unified review priority,299,41,pallets/flask,4591,High,High,True
prchunk_b630f9afab7b6c1c5042,prdoc_ddd7bbd3a8d1d27daaba,0,PR identity,274,36,pallets/flask,3199,High,High,True
prchunk_dcf91505a2ddab0260da,prdoc_ddd7bbd3a8d1d27daaba,1,PR description,477,72,pallets/flask,3199,High,High,True
prchunk_e9ea463e35622719fedb,prdoc_ddd7bbd3a8d1d27daaba,2,Change evidence,406,68,pallets/flask,3199,High,High,True
prchunk_6c1afb50b9afff8d540d,prdoc_ddd7bbd3a8d1d27daaba,3,Predictive intelligence,414,57,pallets/flask,3199,High,High,True
prchunk_dbae778f75a6b6c46932,prdoc_ddd7bbd3a8d1d27daaba,4,Deterministic policy intelligence,540,75,pallets/flask,3199,High,High,True
prchunk_3269c25be2613e9c1491,prdoc_ddd7bbd3a8d1d27daaba,5,Unified review priority,299,41,pallets/flask,3199,High,High,True
prchunk_13993b7f21f45edf85e2,prdoc_06a951f265cd22710504,0,PR identity,278,37,pallets/flask,4343,High,High,True
prchunk_c51ea0ffb8e9f7d724bd,prdoc_06a951f265cd22710504,1,PR description,388,61,pallets/flask,4343,High,High,True
prchunk_aa8f3417257202d3395f,prdoc_06a951f265cd22710504,2,Change evidence,407,68,pallets/flask,4343,High,High,True
prchunk_2df10bd37df0448c46af,prdoc_06a951f265cd22710504,3,Predictive intelligence,414,57,pallets/flask,4343,High,High,True
prchunk_27ec4bb2a7d5eb581a07,prdoc_06a951f265cd22710504,4,Deterministic policy intelligence,540,75,pallets/flask,4343,High,High,True
prchunk_71e8c5f63eae63a05e82,prdoc_06a951f265cd22710504,5,Unified review priority,299,41,pallets/flask,4343,High,High,True
prchunk_d520c3dcd7ef4801590f,prdoc_17401a1477fa6c077e82,0,PR identity,288,37,pallets/flask,3828,High,High,True
prchunk_cd274adb5bac331a60e9,prdoc_17401a1477fa6c077e82,1,PR description,985,121,pallets/flask,3828,High,High,True
prchunk_01e9bce86c9f5d827450,prdoc_17401a1477fa6c077e82,2,Change evidence,408,68,pallets/flask,3828,High,High,True
prchunk_722217e5a4c0990c1298,prdoc_17401a1477fa6c077e82,3,Predictive intelligence,413,57,pallets/flask,3828,High,High,True
prchunk_1412b23147e12507b029,prdoc_17401a1477fa6c077e82,4,Deterministic policy intelligence,517,73,pallets/flask,3828,High,High,True
prchunk_6ae4c6b1214606b3760e,prdoc_17401a1477fa6c077e82,5,Unified review priority,299,41,pallets/flask,3828,High,High,True
prchunk_60f477f9011bc7e77ddc,prdoc_8e7487e9b016f6892d86,0,PR identity,271,35,pallets/flask,4995,High,High,True
prchunk_702c00ff825ee224e6a9,prdoc_8e7487e9b016f6892d86,1,PR description,852,101,pallets/flask,4995,High,High,True
prchunk_9d8c41817a1e5d8c89d8,prdoc_8e7487e9b016f6892d86,2,Change evidence,411,68,pallets/flask,4995,High,High,True
prchunk_7d2b25591f11b79f405d,prdoc_8e7487e9b016f6892d86,3,Predictive intelligence,413,57,pallets/flask,4995,High,High,True
prchunk_13b4b0994fe0bea66cb9,prdoc_8e7487e9b016f6892d86,4,Deterministic policy intelligence,517,73,pallets/flask,4995,High,High,True
prchunk_760e3a0ffdfc0ebd0efb,prdoc_8e7487e9b016f6892d86,5,Unified review priority,299,41,pallets/flask,4995,High,High,True
prchunk_2b53051d65fa0c59db8e,prdoc_aac6332faec284e42b17,0,PR identity,256,34,pallets/flask,3412,Moderate,Moderate,False
prchunk_4f0ef12e69618101e216,prdoc_aac6332faec284e42b17,1,PR description,1083,180,pallets/flask,3412,Moderate,Moderate,False
prchunk_52f76f991cc28dfbd83a,prdoc_aac6332faec284e42b17,2,PR description,443,77,pallets/flask,3412,Moderate,Moderate,False
prchunk_5681e48137bfb617ee05,prdoc_aac6332faec284e42b17,3,Change evidence,409,68,pallets/flask,3412,Moderate,Moderate,False
prchunk_7deb722324d8f10bcd36,prdoc_aac6332faec284e42b17,4,Predictive intelligence,426,59,pallets/flask,3412,Moderate,Moderate,False
prchunk_154815ec986f279a2303,prdoc_aac6332faec284e42b17,5,Deterministic policy intelligence,547,71,pallets/flask,3412,Moderate,Moderate,False
prchunk_b0118185b9d142abb792,prdoc_aac6332faec284e42b17,6,Unified review priority,312,42,pallets/flask,3412,Moderate,Moderate,False
prchunk_b9757cbbc28d4ba5af4d,prdoc_dd4df9918bca0d627fa7,0,PR identity,281,36,pallets/flask,4610,Moderate,Moderate,False
prchunk_eef141234dc47dedb398,prdoc_dd4df9918bca0d627fa7,1,PR description,908,147,pallets/flask,4610,Moderate,Moderate,False
prchunk_e835c46f87fa009b2e67,prdoc_dd4df9918bca0d627fa7,2,Change evidence,404,68,pallets/flask,4610,Moderate,Moderate,False
prchunk_6dd76d09d74373369da9,prdoc_dd4df9918bca0d627fa7,3,Predictive intelligence,426,59,pallets/flask,4610,Moderate,Moderate,False
prchunk_22801aba4fd1db7b0dd7,prdoc_dd4df9918bca0d627fa7,4,Deterministic policy intelligence,547,71,pallets/flask,4610,Moderate,Moderate,False
prchunk_fc8eacdb2cf8465f95b5,prdoc_dd4df9918bca0d627fa7,5,Unified review priority,312,42,pallets/flask,4610,Moderate,Moderate,False
prchunk_f3191936dc845f47c5ca,prdoc_96e1a20289c807c33e28,0,PR identity,287,40,pallets/flask,5270,Moderate,Moderate,False
prchunk_7060030333d1bd30fd68,prdoc_96e1a20289c807c33e28,1,PR description,709,122,pallets/flask,5270,Moderate,Moderate,False
prchunk_5fa3126a31fe28646c60,prdoc_96e1a20289c807c33e28,2,Change evidence,406,68,pallets/flask,5270,Moderate,Moderate,False
prchunk_e2ba143df631aeda4dea,prdoc_96e1a20289c807c33e28,3,Predictive intelligence,426,59,pallets/flask,5270,Moderate,Moderate,False
prchunk_ffdca76332247da253c0,prdoc_96e1a20289c807c33e28,4,Deterministic policy intelligence,431,62,pallets/flask,5270,Moderate,Moderate,False
prchunk_e1d1a9556e7320d65839,prdoc_96e1a20289c807c33e28,5,Unified review priority,312,42,pallets/flask,5270,Moderate,Moderate,False
prchunk_e3b8a672f0ce018bbb44,prdoc_ee3d5bb8cbc30c7918d2,0,PR identity,308,42,pallets/flask,3643,Moderate,Moderate,False
prchunk_f6effd54bef799b4e379,prdoc_ee3d5bb8cbc30c7918d2,1,PR description,711,115,pallets/flask,3643,Moderate,Moderate,False
prchunk_6510eb9e5408e90f6219,prdoc_ee3d5bb8cbc30c7918d2,2,Change evidence,404,68,pallets/flask,3643,Moderate,Moderate,False
prchunk_51d39930c647577e2bea,prdoc_ee3d5bb8cbc30c7918d2,3,Predictive intelligence,474,67,pallets/flask,3643,Moderate,Moderate,False
prchunk_dbb5eb2a03e3d3082b3b,prdoc_ee3d5bb8cbc30c7918d2,4,Deterministic policy intelligence,547,71,pallets/flask,3643,Moderate,Moderate,False
prchunk_60a365f8f60a366143b0,prdoc_ee3d5bb8cbc30c7918d2,5,Unified review priority,315,43,pallets/flask,3643,Moderate,Moderate,False
prchunk_c90ef3928c861c751aa0,prdoc_ad69f8d8028e3ba297ec,0,PR identity,269,36,pallets/flask,5178,Moderate,Moderate,False
prchunk_c1dd84a3ad856b059383,prdoc_ad69f8d8028e3ba297ec,1,PR description,1042,180,pallets/flask,5178,Moderate,Moderate,False
prchunk_c9de53e78b539dafd0ae,prdoc_ad69f8d8028e3ba297ec,2,PR description,234,43,pallets/flask,5178,Moderate,Moderate,False
prchunk_c27762cc924f2edc2bd8,prdoc_ad69f8d8028e3ba297ec,3,Change evidence,406,68,pallets/flask,5178,Moderate,Moderate,False
prchunk_570a76dd7ef84a33aeb1,prdoc_ad69f8d8028e3ba297ec,4,Predictive intelligence,473,67,pallets/flask,5178,Moderate,Moderate,False
prchunk_f161c53942e7af57399b,prdoc_ad69f8d8028e3ba297ec,5,Deterministic policy intelligence,431,62,pallets/flask,5178,Moderate,Moderate,False
prchunk_ea042f5e217b92bfda00,prdoc_ad69f8d8028e3ba297ec,6,Unified review priority,315,43,pallets/flask,5178,Moderate,Moderate,False
prchunk_f6e520ea43e2d0a54c39,prdoc_1685ca9d8116ad8c6f22,0,PR identity,286,34,pallets/flask,5599,Moderate,Low,False
prchunk_6afa316db88a2932810d,prdoc_1685ca9d8116ad8c6f22,1,PR description,518,52,pallets/flask,5599,Moderate,Low,False
prchunk_2ffcfbdbfb399c3cd4a2,prdoc_1685ca9d8116ad8c6f22,2,Change evidence,404,68,pallets/flask,5599,Moderate,Low,False
prchunk_3fa5c698f181387f39a5,prdoc_1685ca9d8116ad8c6f22,3,Predictive intelligence,430,60,pallets/flask,5599,Moderate,Low,False
prchunk_7f41f75f40f392cd1ec3,prdoc_1685ca9d8116ad8c6f22,4,Deterministic policy intelligence,442,60,pallets/flask,5599,Moderate,Low,False
prchunk_455bdcaf2d6f5bf59122,prdoc_1685ca9d8116ad8c6f22,5,Unified review priority,315,43,pallets/flask,5599,Moderate,Low,False
prchunk_34fa782b66cf6a19b03f,prdoc_80d9e700227ef01c39bb,0,PR identity,304,41,pallets/flask,4401,Moderate,Moderate,False
prchunk_fa2a92216966285cee94,prdoc_80d9e700227ef01c39bb,1,PR description,1592,180,pallets/flask,4401,Moderate,Moderate,False
prchunk_e31f3807fbea6569e638,prdoc_80d9e700227ef01c39bb,2,PR description,814,136,pallets/flask,4401,Moderate,Moderate,False
prchunk_f3778bd5104ba57a7e95,prdoc_80d9e700227ef01c39bb,3,Change evidence,407,68,pallets/flask,4401,Moderate,Moderate,False
prchunk_6acd76069f0abfe883ff,prdoc_80d9e700227ef01c39bb,4,Predictive intelligence,474,67,pallets/flask,4401,Moderate,Moderate,False
prchunk_a6365b869fb89d156869,prdoc_80d9e700227ef01c39bb,5,Deterministic policy intelligence,431,62,pallets/flask,4401,Moderate,Moderate,False
prchunk_50dea30645adca94e1ea,prdoc_80d9e700227ef01c39bb,6,Unified review priority,315,43,pallets/flask,4401,Moderate,Moderate,False
prchunk_f997250fa81453d07876,prdoc_3b2637460cff1bed50c7,0,PR identity,304,41,pallets/flask,4435,Moderate,Moderate,False
prchunk_ce21f98bd0ea4baeb1ac,prdoc_3b2637460cff1bed50c7,1,PR description,1592,180,pallets/flask,4435,Moderate,Moderate,False
prchunk_56faf8c98c230d634e07,prdoc_3b2637460cff1bed50c7,2,PR description,814,136,pallets/flask,4435,Moderate,Moderate,False
prchunk_23b624d8a33b2c5cd273,prdoc_3b2637460cff1bed50c7,3,Change evidence,407,68,pallets/flask,4435,Moderate,Moderate,False
prchunk_278c31b66e384c3a331b,prdoc_3b2637460cff1bed50c7,4,Predictive intelligence,474,67,pallets/flask,4435,Moderate,Moderate,False
prchunk_01487ed1b3e2fcbfd5c3,prdoc_3b2637460cff1bed50c7,5,Deterministic policy intelligence,431,62,pallets/flask,4435,Moderate,Moderate,False
prchunk_65e09c4f57fc6f9dbcec,prdoc_3b2637460cff1bed50c7,6,Unified review priority,315,43,pallets/flask,4435,Moderate,Moderate,False
prchunk_a241a026abe2213ddfa1,prdoc_429cf06851fd098cc442,0,PR identity,305,41,pallets/flask,4437,Moderate,Moderate,False
prchunk_473b638164c02bea49a5,prdoc_429cf06851fd098cc442,1,PR description,1595,180,pallets/flask,4437,Moderate,Moderate,False
prchunk_064ebadcde479997d42e,prdoc_429cf06851fd098cc442,2,PR description,814,136,pallets/flask,4437,Moderate,Moderate,False
prchunk_16c91513c54086b89d8c,prdoc_429cf06851fd098cc442,3,Change evidence,407,68,pallets/flask,4437,Moderate,Moderate,False
prchunk_d8e5266682a4f6c61374,prdoc_429cf06851fd098cc442,4,Predictive intelligence,474,67,pallets/flask,4437,Moderate,Moderate,False
prchunk_7c43e254780f4847855a,prdoc_429cf06851fd098cc442,5,Deterministic policy intelligence,431,62,pallets/flask,4437,Moderate,Moderate,False
prchunk_0686869268f741f64edd,prdoc_429cf06851fd098cc442,6,Unified review priority,315,43,pallets/flask,4437,Moderate,Moderate,False
prchunk_4ae503b2f050074f879b,prdoc_f713cb537c841e317e6c,0,PR identity,290,40,pallets/flask,5205,Moderate,Moderate,False
prchunk_d49eeae5ecfef0ce8363,prdoc_f713cb537c841e317e6c,1,PR description,1046,180,pallets/flask,5205,Moderate,Moderate,False
prchunk_3c48a17aa1f23e05053d,prdoc_f713cb537c841e317e6c,2,PR description,245,47,pallets/flask,5205,Moderate,Moderate,False
prchunk_5138ba2c9a93fe9cac6b,prdoc_f713cb537c841e317e6c,3,Change evidence,405,68,pallets/flask,5205,Moderate,Moderate,False
prchunk_f4fe72b8443c927fa568,prdoc_f713cb537c841e317e6c,4,Predictive intelligence,474,67,pallets/flask,5205,Moderate,Moderate,False
prchunk_b7ddd530b1cb89e816df,prdoc_f713cb537c841e317e6c,5,Deterministic policy intelligence,431,62,pallets/flask,5205,Moderate,Moderate,False
prchunk_2385d1353288ec2b15d7,prdoc_f713cb537c841e317e6c,6,Unified review priority,315,43,pallets/flask,5205,Moderate,Moderate,False
prchunk_864fbe8a9d4b30bb8b92,prdoc_9c8f4ff4fbdff99879c7,0,PR identity,267,33,pallets/flask,3159,Moderate,Moderate,False
prchunk_a9e7dfb085ea8d7769a8,prdoc_9c8f4ff4fbdff99879c7,1,PR description,198,28,pallets/flask,3159,Moderate,Moderate,False
prchunk_6d57ae04f3e3e6061197,prdoc_9c8f4ff4fbdff99879c7,2,Change evidence,405,68,pallets/flask,3159,Moderate,Moderate,False
prchunk_b3ab178741969c175221,prdoc_9c8f4ff4fbdff99879c7,3,Predictive intelligence,426,59,pallets/flask,3159,Moderate,Moderate,False
prchunk_622194eebada0dd8cf50,prdoc_9c8f4ff4fbdff99879c7,4,Deterministic policy intelligence,453,62,pallets/flask,3159,Moderate,Moderate,False
prchunk_910338bf6e641af6853a,prdoc_9c8f4ff4fbdff99879c7,5,Unified review priority,312,42,pallets/flask,3159,Moderate,Moderate,False
prchunk_e4fb6ce6d004f623bcf7,prdoc_aecdd0cd542f7daccdd0,0,PR identity,304,42,pallets/flask,5845,Moderate,Moderate,False
prchunk_1c8afd613cd5a801491e,prdoc_aecdd0cd542f7daccdd0,1,PR description,1173,180,pallets/flask,5845,Moderate,Moderate,False
prchunk_dde1d99537fe5c47246e,prdoc_aecdd0cd542f7daccdd0,2,PR description,601,92,pallets/flask,5845,Moderate,Moderate,False
prchunk_d15ceb9f87064052306a,prdoc_aecdd0cd542f7daccdd0,3,Change evidence,405,68,pallets/flask,5845,Moderate,Moderate,False
prchunk_fb54e39799cdd84e65cb,prdoc_aecdd0cd542f7daccdd0,4,Predictive intelligence,474,67,pallets/flask,5845,Moderate,Moderate,False
prchunk_2c26639e40d3995358b3,prdoc_aecdd0cd542f7daccdd0,5,Deterministic policy intelligence,431,62,pallets/flask,5845,Moderate,Moderate,False
prchunk_c17869537a771b9fcac9,prdoc_aecdd0cd542f7daccdd0,6,Unified review priority,315,43,pallets/flask,5845,Moderate,Moderate,False
prchunk_dff82829a783271849b5,prdoc_e33d132ff53f9c393ae4,0,PR identity,305,41,pallets/flask,4399,Moderate,Moderate,False
prchunk_9ad928757f19ae910bf9,prdoc_e33d132ff53f9c393ae4,1,PR description,1611,180,pallets/flask,4399,Moderate,Moderate,False
prchunk_3c31eb907d1485818fe5,prdoc_e33d132ff53f9c393ae4,2,PR description,1063,180,pallets/flask,4399,Moderate,Moderate,False
prchunk_bcb3fefca27825f81bb1,prdoc_e33d132ff53f9c393ae4,3,Change evidence,407,68,pallets/flask,4399,Moderate,Moderate,False
prchunk_adea8d04f65997ea448e,prdoc_e33d132ff53f9c393ae4,4,Predictive intelligence,474,67,pallets/flask,4399,Moderate,Moderate,False
prchunk_9a10decd7913f1c7043f,prdoc_e33d132ff53f9c393ae4,5,Deterministic policy intelligence,431,62,pallets/flask,4399,Moderate,Moderate,False
prchunk_0a4b18114ad6053c3c43,prdoc_e33d132ff53f9c393ae4,6,Unified review priority,315,43,pallets/flask,4399,Moderate,Moderate,False
prchunk_b022f663f43a2865f687,prdoc_d7717d16545ef5eb8855,0,PR identity,291,40,pallets/flask,2781,Moderate,Moderate,False
prchunk_2cf33b4eaaca2f966765,prdoc_d7717d16545ef5eb8855,1,PR description,1175,180,pallets/flask,2781,Moderate,Moderate,False
prchunk_4cae39b99016e2a33fe0,prdoc_d7717d16545ef5eb8855,2,PR description,588,99,pallets/flask,2781,Moderate,Moderate,False
prchunk_72c05dbaa616fc17be39,prdoc_d7717d16545ef5eb8855,3,Change evidence,406,68,pallets/flask,2781,Moderate,Moderate,False
prchunk_4314b69b15ddea371dbe,prdoc_d7717d16545ef5eb8855,4,Predictive intelligence,474,67,pallets/flask,2781,Moderate,Moderate,False
prchunk_6e864961d97e56632454,prdoc_d7717d16545ef5eb8855,5,Deterministic policy intelligence,431,62,pallets/flask,2781,Moderate,Moderate,False
prchunk_f643f3c1bbc4d0a44e71,prdoc_d7717d16545ef5eb8855,6,Unified review priority,315,43,pallets/flask,2781,Moderate,Moderate,False
prchunk_47168d95b7a8e953e337,prdoc_b9235aba0bf4b52a2928,0,PR identity,295,42,pallets/flask,3587,Moderate,Moderate,False
prchunk_bd80907702cf85172d3d,prdoc_b9235aba0bf4b52a2928,1,PR description,1044,180,pallets/flask,3587,Moderate,Moderate,False
prchunk_0def8c553bc569144d44,prdoc_b9235aba0bf4b52a2928,2,PR description,224,40,pallets/flask,3587,Moderate,Moderate,False
prchunk_71343d9a2fdbd707599c,prdoc_b9235aba0bf4b52a2928,3,Change evidence,406,68,pallets/flask,3587,Moderate,Moderate,False
prchunk_04d117b231d2818ec60e,prdoc_b9235aba0bf4b52a2928,4,Predictive intelligence,474,67,pallets/flask,3587,Moderate,Moderate,False
prchunk_7e2a67ae5b9e35e0ed33,prdoc_b9235aba0bf4b52a2928,5,Deterministic policy intelligence,431,62,pallets/flask,3587,Moderate,Moderate,False
prchunk_dd74bb2ff12a242daf41,prdoc_b9235aba0bf4b52a2928,6,Unified review priority,315,43,pallets/flask,3587,Moderate,Moderate,False
prchunk_173a100878da90c550ce,prdoc_53c379a033fe12687ffb,0,PR identity,290,39,pallets/flask,2986,Moderate,Low,False
prchunk_1c913d7af35e386b6ce0,prdoc_53c379a033fe12687ffb,1,PR description,245,31,pallets/flask,2986,Moderate,Low,False
prchunk_ae2e41c735698f7471cd,prdoc_53c379a033fe12687ffb,2,Change evidence,404,68,pallets/flask,2986,Moderate,Low,False
prchunk_c547de272f9d52af4292,prdoc_53c379a033fe12687ffb,3,Predictive intelligence,426,59,pallets/flask,2986,Moderate,Low,False
prchunk_40b17187d1a8088319a6,prdoc_53c379a033fe12687ffb,4,Deterministic policy intelligence,442,60,pallets/flask,2986,Moderate,Low,False
prchunk_bc55822929df0d1b6c77,prdoc_53c379a033fe12687ffb,5,Unified review priority,312,42,pallets/flask,2986,Moderate,Low,False
prchunk_7a87f3ca451360168eb8,prdoc_4b44c4b1a488024e7671,0,PR identity,255,35,pallets/flask,3657,Moderate,Moderate,False
prchunk_fa21e641b1b0b69582fc,prdoc_4b44c4b1a488024e7671,1,PR description,203,39,pallets/flask,3657,Moderate,Moderate,False
prchunk_03155a85608277f43c64,prdoc_4b44c4b1a488024e7671,2,Change evidence,407,68,pallets/flask,3657,Moderate,Moderate,False
prchunk_b9d9fa521ab26aaee362,prdoc_4b44c4b1a488024e7671,3,Predictive intelligence,474,67,pallets/flask,3657,Moderate,Moderate,False
prchunk_b0e3306c4f9b87ec198c,prdoc_4b44c4b1a488024e7671,4,Deterministic policy intelligence,425,60,pallets/flask,3657,Moderate,Moderate,False
prchunk_3c982d57d47a5b9086ec,prdoc_4b44c4b1a488024e7671,5,Unified review priority,315,43,pallets/flask,3657,Moderate,Moderate,False
prchunk_a9e5c1ca471e742b8e7a,prdoc_508d55a14d97888e6157,0,PR identity,306,42,pallets/flask,3177,Moderate,Moderate,False
prchunk_c02efd9ecb2deec120f1,prdoc_508d55a14d97888e6157,1,PR description,1006,167,pallets/flask,3177,Moderate,Moderate,False
prchunk_d49a4364e9399e6b1a53,prdoc_508d55a14d97888e6157,2,Change evidence,407,68,pallets/flask,3177,Moderate,Moderate,False
prchunk_52a7f44099f63abe5f63,prdoc_508d55a14d97888e6157,3,Predictive intelligence,474,67,pallets/flask,3177,Moderate,Moderate,False
prchunk_9beb9d34ea06d0cf2309,prdoc_508d55a14d97888e6157,4,Deterministic policy intelligence,431,62,pallets/flask,3177,Moderate,Moderate,False
prchunk_f6c9fcec42ddda4dee2a,prdoc_508d55a14d97888e6157,5,Unified review priority,315,43,pallets/flask,3177,Moderate,Moderate,False
prchunk_a45a90137101379f97d0,prdoc_fa413a3c948815e08fbc,0,PR identity,285,41,pallets/flask,5196,Moderate,Moderate,False
prchunk_03320db6af12d097b42a,prdoc_fa413a3c948815e08fbc,1,PR description,1047,180,pallets/flask,5196,Moderate,Moderate,False
prchunk_4657f8e6fcd1caab28e5,prdoc_fa413a3c948815e08fbc,2,PR description,310,61,pallets/flask,5196,Moderate,Moderate,False
prchunk_00eeb674906704cdbd96,prdoc_fa413a3c948815e08fbc,3,Change evidence,406,68,pallets/flask,5196,Moderate,Moderate,False
prchunk_28e2dddb0b2d432e2654,prdoc_fa413a3c948815e08fbc,4,Predictive intelligence,474,67,pallets/flask,5196,Moderate,Moderate,False
prchunk_76a05bbddaa4046cad90,prdoc_fa413a3c948815e08fbc,5,Deterministic policy intelligence,431,62,pallets/flask,5196,Moderate,Moderate,False
prchunk_780ac8eee094f245fd1f,prdoc_fa413a3c948815e08fbc,6,Unified review priority,315,43,pallets/flask,5196,Moderate,Moderate,False
prchunk_c67e04ec347bbca4e1bf,prdoc_b4acc8e482caa2ce0a8c,0,PR identity,294,41,pallets/flask,4439,Moderate,Moderate,False
prchunk_f1a25db329dccf7e8f50,prdoc_b4acc8e482caa2ce0a8c,1,PR description,2739,180,pallets/flask,4439,Moderate,Moderate,False
prchunk_8a4340b6278e2e4a9989,prdoc_b4acc8e482caa2ce0a8c,2,PR description,1844,180,pallets/flask,4439,Moderate,Moderate,False
prchunk_3286084f375fb05bbac6,prdoc_b4acc8e482caa2ce0a8c,3,PR description,747,126,pallets/flask,4439,Moderate,Moderate,False
prchunk_3f166b4e2615c1d21a84,prdoc_b4acc8e482caa2ce0a8c,4,Change evidence,407,68,pallets/flask,4439,Moderate,Moderate,False
prchunk_568d24ec15be61e5e637,prdoc_b4acc8e482caa2ce0a8c,5,Predictive intelligence,474,67,pallets/flask,4439,Moderate,Moderate,False
prchunk_f196114524cdd611ae9b,prdoc_b4acc8e482caa2ce0a8c,6,Deterministic policy intelligence,431,62,pallets/flask,4439,Moderate,Moderate,False
prchunk_d70efe1c93f275b9db30,prdoc_b4acc8e482caa2ce0a8c,7,Unified review priority,315,43,pallets/flask,4439,Moderate,Moderate,False
prchunk_e9a2e6b5cbf0675168c5,prdoc_dc5876fc830a7d31c566,0,PR identity,280,34,pallets/flask,5464,Moderate,Low,False
prchunk_ac40782e9ec7b71c1754,prdoc_dc5876fc830a7d31c566,1,PR description,350,48,pallets/flask,5464,Moderate,Low,False
prchunk_88b702a702ad7fe15d6b,prdoc_dc5876fc830a7d31c566,2,Change evidence,403,68,pallets/flask,5464,Moderate,Low,False
prchunk_29c08ce7c4dad86b138d,prdoc_dc5876fc830a7d31c566,3,Predictive intelligence,430,60,pallets/flask,5464,Moderate,Low,False
prchunk_cc1695792a1e68dc8f18,prdoc_dc5876fc830a7d31c566,4,Deterministic policy intelligence,321,45,pallets/flask,5464,Moderate,Low,False
prchunk_fa90c7f8f72072e651b0,prdoc_dc5876fc830a7d31c566,5,Unified review priority,315,43,pallets/flask,5464,Moderate,Low,False
prchunk_d7cc7f5ba5cec0a60a1f,prdoc_be7fe653f410c9e6d127,0,PR identity,301,42,pallets/flask,3456,Moderate,Low,False
prchunk_833b4e05f4ff21b5698d,prdoc_be7fe653f410c9e6d127,1,PR description,756,123,pallets/flask,3456,Moderate,Low,False
prchunk_da219fcd6961a9d08346,prdoc_be7fe653f410c9e6d127,2,Change evidence,404,68,pallets/flask,3456,Moderate,Low,False
prchunk_58e9746138e4771c8593,prdoc_be7fe653f410c9e6d127,3,Predictive intelligence,426,59,pallets/flask,3456,Moderate,Low,False
prchunk_bb3d588b09baaeecd53b,prdoc_be7fe653f410c9e6d127,4,Deterministic policy intelligence,328,47,pallets/flask,3456,Moderate,Low,False
prchunk_edaa6dd3708c2b44e93f,prdoc_be7fe653f410c9e6d127,5,Unified review priority,312,42,pallets/flask,3456,Moderate,Low,False
prchunk_09944b8b0e4517bf2845,prdoc_b2a82cd21085ec17515d,0,PR identity,279,39,pallets/flask,4190,Moderate,Low,False
prchunk_baa29eb5f4b14bd47105,prdoc_b2a82cd21085ec17515d,1,PR description,375,51,pallets/flask,4190,Moderate,Low,False
prchunk_e13fe3e137411307d644,prdoc_b2a82cd21085ec17515d,2,Change evidence,403,68,pallets/flask,4190,Moderate,Low,False
prchunk_84a3f23ec4a08e09a14d,prdoc_b2a82cd21085ec17515d,3,Predictive intelligence,426,59,pallets/flask,4190,Moderate,Low,False
prchunk_f9340efdba48301a297f,prdoc_b2a82cd21085ec17515d,4,Deterministic policy intelligence,442,60,pallets/flask,4190,Moderate,Low,False
prchunk_0052f28586d2f822811b,prdoc_b2a82cd21085ec17515d,5,Unified review priority,312,42,pallets/flask,4190,Moderate,Low,False
prchunk_edc5404af1844cf67274,prdoc_e562f0183b33a472faa7,0,PR identity,319,43,pallets/flask,3290,Moderate,Low,False
prchunk_33aaeb0da3db2aa89c6a,prdoc_e562f0183b33a472faa7,1,PR description,342,55,pallets/flask,3290,Moderate,Low,False
prchunk_308eb3e4f0b08a7a9baf,prdoc_e562f0183b33a472faa7,2,Change evidence,405,68,pallets/flask,3290,Moderate,Low,False
prchunk_ed0bd118a62c7f5e944a,prdoc_e562f0183b33a472faa7,3,Predictive intelligence,414,57,pallets/flask,3290,Moderate,Low,False
prchunk_144c9882bd22fdbc25aa,prdoc_e562f0183b33a472faa7,4,Deterministic policy intelligence,442,60,pallets/flask,3290,Moderate,Low,False
prchunk_d30b35252de56a370b15,prdoc_e562f0183b33a472faa7,5,Unified review priority,311,44,pallets/flask,3290,Moderate,Low,False
prchunk_05528b4234be6ca4dc11,prdoc_b27598e985a35fbbe1b5,0,PR identity,273,39,pallets/flask,3652,Moderate,Moderate,False
prchunk_0101f9c97388e3886617,prdoc_b27598e985a35fbbe1b5,1,PR description,203,32,pallets/flask,3652,Moderate,Moderate,False
prchunk_72fd4dd0a6f906c5bd8e,prdoc_b27598e985a35fbbe1b5,2,Change evidence,406,68,pallets/flask,3652,Moderate,Moderate,False
prchunk_f32f63f0c95fcc145747,prdoc_b27598e985a35fbbe1b5,3,Predictive intelligence,474,67,pallets/flask,3652,Moderate,Moderate,False
prchunk_51591caeb5ff8b7d88d3,prdoc_b27598e985a35fbbe1b5,4,Deterministic policy intelligence,425,60,pallets/flask,3652,Moderate,Moderate,False
prchunk_6c725a609c21b7f05334,prdoc_b27598e985a35fbbe1b5,5,Unified review priority,315,43,pallets/flask,3652,Moderate,Moderate,False
prchunk_b4c836890cdb9ebf4f60,prdoc_4bcb754083cae7cd6a5b,0,PR identity,286,40,pallets/flask,2765,Moderate,Low,False
prchunk_d87bf372fda0c8e395df,prdoc_4bcb754083cae7cd6a5b,1,PR description,453,78,pallets/flask,2765,Moderate,Low,False
prchunk_f0648de73bddaf1e9dce,prdoc_4bcb754083cae7cd6a5b,2,Change evidence,404,68,pallets/flask,2765,Moderate,Low,False
prchunk_1c391260920d769ec884,prdoc_4bcb754083cae7cd6a5b,3,Predictive intelligence,426,59,pallets/flask,2765,Moderate,Low,False
prchunk_7c735b0f375a7cd27720,prdoc_4bcb754083cae7cd6a5b,4,Deterministic policy intelligence,442,60,pallets/flask,2765,Moderate,Low,False
prchunk_73ae88467668c4abca8b,prdoc_4bcb754083cae7cd6a5b,5,Unified review priority,312,42,pallets/flask,2765,Moderate,Low,False
prchunk_1cdf5aa33f96cb435791,prdoc_d14ee36526e5077e4a1e,0,PR identity,305,38,pallets/flask,3104,Moderate,Low,False
prchunk_93476125f470be70269a,prdoc_d14ee36526e5077e4a1e,1,PR description,346,44,pallets/flask,3104,Moderate,Low,False
prchunk_c161752e0aaec41e79c6,prdoc_d14ee36526e5077e4a1e,2,Change evidence,405,68,pallets/flask,3104,Moderate,Low,False
prchunk_07ddfa3a4b06dca9c335,prdoc_d14ee36526e5077e4a1e,3,Predictive intelligence,426,59,pallets/flask,3104,Moderate,Low,False
prchunk_231bc16f8fc29aff0c27,prdoc_d14ee36526e5077e4a1e,4,Deterministic policy intelligence,442,60,pallets/flask,3104,Moderate,Low,False
prchunk_cfe763e4d7f851652092,prdoc_d14ee36526e5077e4a1e,5,Unified review priority,312,42,pallets/flask,3104,Moderate,Low,False
prchunk_c37bc0a15a8f7ff0a22e,prdoc_88679f8187abeb1549e9,0,PR identity,284,38,pallets/flask,5827,Moderate,Low,False
prchunk_a3168f1213b02296fdcd,prdoc_88679f8187abeb1549e9,1,PR description,710,107,pallets/flask,5827,Moderate,Low,False
prchunk_1bf1c0b5f01c1ed9bb8f,prdoc_88679f8187abeb1549e9,2,Change evidence,403,68,pallets/flask,5827,Moderate,Low,False
prchunk_cdc3a39a1767fcf5d437,prdoc_88679f8187abeb1549e9,3,Predictive intelligence,426,59,pallets/flask,5827,Moderate,Low,False
prchunk_ce36cbd1a0afa03b7f4b,prdoc_88679f8187abeb1549e9,4,Deterministic policy intelligence,328,47,pallets/flask,5827,Moderate,Low,False
prchunk_16705b950bcaf7d71275,prdoc_88679f8187abeb1549e9,5,Unified review priority,312,42,pallets/flask,5827,Moderate,Low,False
prchunk_93b998025a44946c0e0d,prdoc_5a4b089a2094ec8f610c,0,PR identity,261,36,pallets/flask,2672,Moderate,Moderate,False
prchunk_af3706806ddb1c92a670,prdoc_5a4b089a2094ec8f610c,1,PR description,236,34,pallets/flask,2672,Moderate,Moderate,False
prchunk_ae40629766137eb5f74a,prdoc_5a4b089a2094ec8f610c,2,Change evidence,407,68,pallets/flask,2672,Moderate,Moderate,False
prchunk_ef9e679795d2bae92ee2,prdoc_5a4b089a2094ec8f610c,3,Predictive intelligence,474,67,pallets/flask,2672,Moderate,Moderate,False
prchunk_dfb7ba91091019546816,prdoc_5a4b089a2094ec8f610c,4,Deterministic policy intelligence,551,73,pallets/flask,2672,Moderate,Moderate,False
prchunk_08e3b397f04c4b4e34d8,prdoc_5a4b089a2094ec8f610c,5,Unified review priority,315,43,pallets/flask,2672,Moderate,Moderate,False
prchunk_e848c12581975b4dfca1,prdoc_76ecc4960eacee7d9f19,0,PR identity,266,37,pallets/flask,3434,Moderate,Moderate,False
prchunk_3d83984e145a072fec84,prdoc_76ecc4960eacee7d9f19,1,PR description,472,79,pallets/flask,3434,Moderate,Moderate,False
prchunk_d938187fcbf06036e529,prdoc_76ecc4960eacee7d9f19,2,Change evidence,407,68,pallets/flask,3434,Moderate,Moderate,False
prchunk_586fb7f62e5d70f74ef8,prdoc_76ecc4960eacee7d9f19,3,Predictive intelligence,414,57,pallets/flask,3434,Moderate,Moderate,False
prchunk_94f6db3dc8218fde99d2,prdoc_76ecc4960eacee7d9f19,4,Deterministic policy intelligence,431,62,pallets/flask,3434,Moderate,Moderate,False
prchunk_50e119c3a8fa5009f53e,prdoc_76ecc4960eacee7d9f19,5,Unified review priority,311,44,pallets/flask,3434,Moderate,Moderate,False
prchunk_2f5f5d09f2fcab6fba7f,prdoc_c06f51ac2200192f3442,0,PR identity,278,37,pallets/flask,3907,Moderate,Low,False
prchunk_de106b5e0f76f3770f10,prdoc_c06f51ac2200192f3442,1,PR description,1070,180,pallets/flask,3907,Moderate,Low,False
prchunk_922d8b444515e2e727aa,prdoc_c06f51ac2200192f3442,2,PR description,339,62,pallets/flask,3907,Moderate,Low,False
prchunk_430cf19460aa729507ae,prdoc_c06f51ac2200192f3442,3,Change evidence,404,68,pallets/flask,3907,Moderate,Low,False
prchunk_cf5b51383f66fd5bd653,prdoc_c06f51ac2200192f3442,4,Predictive intelligence,426,59,pallets/flask,3907,Moderate,Low,False
prchunk_be83f0f443c3b2ee83a9,prdoc_c06f51ac2200192f3442,5,Deterministic policy intelligence,328,47,pallets/flask,3907,Moderate,Low,False
prchunk_be927141acd6b979daef,prdoc_c06f51ac2200192f3442,6,Unified review priority,312,42,pallets/flask,3907,Moderate,Low,False
prchunk_fb7a8de89bfa8318e207,prdoc_deb37969ac7643569e9f,0,PR identity,282,38,pallets/flask,5053,Moderate,Moderate,False
prchunk_a251c9285ab1ac0d0d66,prdoc_deb37969ac7643569e9f,1,PR description,217,33,pallets/flask,5053,Moderate,Moderate,False
prchunk_d61c93c62dbf985b8f12,prdoc_deb37969ac7643569e9f,2,Change evidence,407,68,pallets/flask,5053,Moderate,Moderate,False
prchunk_ec7a5b95d6daf5b94743,prdoc_deb37969ac7643569e9f,3,Predictive intelligence,414,57,pallets/flask,5053,Moderate,Moderate,False
prchunk_cff4209f42a977d22589,prdoc_deb37969ac7643569e9f,4,Deterministic policy intelligence,557,75,pallets/flask,5053,Moderate,Moderate,False
prchunk_b14521f265ce2fa84cf8,prdoc_deb37969ac7643569e9f,5,Unified review priority,311,44,pallets/flask,5053,Moderate,Moderate,False
prchunk_ce486e4a9cf8b3b6ec00,prdoc_8ee48391b4b7320178a1,0,PR identity,315,42,pallets/flask,2993,Moderate,Moderate,False
prchunk_d90f6e1afa3ffc18a7b7,prdoc_8ee48391b4b7320178a1,1,PR description,465,59,pallets/flask,2993,Moderate,Moderate,False
prchunk_829815655edcc24ae8d1,prdoc_8ee48391b4b7320178a1,2,Change evidence,405,68,pallets/flask,2993,Moderate,Moderate,False
prchunk_efcc6d5c1c8e31539b9e,prdoc_8ee48391b4b7320178a1,3,Predictive intelligence,414,57,pallets/flask,2993,Moderate,Moderate,False
prchunk_7c8eeb074ba2932e1e05,prdoc_8ee48391b4b7320178a1,4,Deterministic policy intelligence,425,60,pallets/flask,2993,Moderate,Moderate,False
prchunk_e3508dcea16e1c003a63,prdoc_8ee48391b4b7320178a1,5,Unified review priority,311,44,pallets/flask,2993,Moderate,Moderate,False
prchunk_44286a5cdfcd5371ead3,prdoc_c1c8882e6c1719c099f7,0,PR identity,301,41,pallets/flask,5885,Moderate,Moderate,False
prchunk_abae807dc9a718c7b43d,prdoc_c1c8882e6c1719c099f7,1,PR description,895,123,pallets/flask,5885,Moderate,Moderate,False
prchunk_f30096d59572c09ad26f,prdoc_c1c8882e6c1719c099f7,2,Change evidence,405,68,pallets/flask,5885,Moderate,Moderate,False
prchunk_91b56e0b5bad9312ad18,prdoc_c1c8882e6c1719c099f7,3,Predictive intelligence,474,67,pallets/flask,5885,Moderate,Moderate,False
prchunk_acad5ac8a8570afd6f79,prdoc_c1c8882e6c1719c099f7,4,Deterministic policy intelligence,311,47,pallets/flask,5885,Moderate,Moderate,False
prchunk_5b69126b4e69c91e47b6,prdoc_c1c8882e6c1719c099f7,5,Unified review priority,315,43,pallets/flask,5885,Moderate,Moderate,False
prchunk_ce0aca3be97bda052871,prdoc_d9e943f3b6f3dcc08ecb,0,PR identity,283,40,pallets/flask,2862,Moderate,Low,False
prchunk_25334e94a83f4d4669c9,prdoc_d9e943f3b6f3dcc08ecb,1,PR description,441,72,pallets/flask,2862,Moderate,Low,False
prchunk_84aca0c79bef8a995f7d,prdoc_d9e943f3b6f3dcc08ecb,2,Change evidence,405,68,pallets/flask,2862,Moderate,Low,False
prchunk_f3aaf2a5da0db43c4bc8,prdoc_d9e943f3b6f3dcc08ecb,3,Predictive intelligence,474,67,pallets/flask,2862,Moderate,Low,False
prchunk_b5b81c16ed6c85a2ae87,prdoc_d9e943f3b6f3dcc08ecb,4,Deterministic policy intelligence,442,60,pallets/flask,2862,Moderate,Low,False
prchunk_259fe05812e5b1c9e8f6,prdoc_d9e943f3b6f3dcc08ecb,5,Unified review priority,315,43,pallets/flask,2862,Moderate,Low,False
prchunk_6bf227f3c641d2f2d168,prdoc_7025ebafb28b9d4e3451,0,PR identity,286,35,pallets/flask,5808,Moderate,Low,False
prchunk_52e5b15e076c0cad6eb6,prdoc_7025ebafb28b9d4e3451,1,PR description,383,63,pallets/flask,5808,Moderate,Low,False
prchunk_614245a695ea6eac8506,prdoc_7025ebafb28b9d4e3451,2,Change evidence,404,68,pallets/flask,5808,Moderate,Low,False
prchunk_c2d26d335f65eb0e4614,prdoc_7025ebafb28b9d4e3451,3,Predictive intelligence,426,59,pallets/flask,5808,Moderate,Low,False
prchunk_eeb91fc84521bf4182c3,prdoc_7025ebafb28b9d4e3451,4,Deterministic policy intelligence,321,45,pallets/flask,5808,Moderate,Low,False
prchunk_11d132c3873d8329adfc,prdoc_7025ebafb28b9d4e3451,5,Unified review priority,312,42,pallets/flask,5808,Moderate,Low,False
prchunk_74f1f113dde2d9557b28,prdoc_f8b9e6d1214d18edc492,0,PR identity,293,38,pallets/flask,3137,Moderate,Low,False
prchunk_cbf9179ed20a71fb9ab2,prdoc_f8b9e6d1214d18edc492,1,PR description,702,113,pallets/flask,3137,Moderate,Low,False
prchunk_8ea9d2b5ae4de386a73a,prdoc_f8b9e6d1214d18edc492,2,Change evidence,403,68,pallets/flask,3137,Moderate,Low,False
prchunk_29562e63f63896237aa1,prdoc_f8b9e6d1214d18edc492,3,Predictive intelligence,426,59,pallets/flask,3137,Moderate,Low,False
prchunk_8196982ad41908862ea5,prdoc_f8b9e6d1214d18edc492,4,Deterministic policy intelligence,328,47,pallets/flask,3137,Moderate,Low,False
prchunk_3ba7c8f880f3fbbff517,prdoc_f8b9e6d1214d18edc492,5,Unified review priority,312,42,pallets/flask,3137,Moderate,Low,False
prchunk_b989bbc42cae43d18f46,prdoc_f642208cf1243d1444a3,0,PR identity,304,41,pallets/flask,2928,Moderate,Low,False
prchunk_3a06dd41ce56077f8033,prdoc_f642208cf1243d1444a3,1,PR description,419,65,pallets/flask,2928,Moderate,Low,False
prchunk_14dea7118d623f961875,prdoc_f642208cf1243d1444a3,2,Change evidence,404,68,pallets/flask,2928,Moderate,Low,False
prchunk_d6774c26a36e18eb68e6,prdoc_f642208cf1243d1444a3,3,Predictive intelligence,426,59,pallets/flask,2928,Moderate,Low,False
prchunk_558682366ffa0cf228d7,prdoc_f642208cf1243d1444a3,4,Deterministic policy intelligence,442,60,pallets/flask,2928,Moderate,Low,False
prchunk_4094f78221687379d624,prdoc_f642208cf1243d1444a3,5,Unified review priority,312,42,pallets/flask,2928,Moderate,Low,False
prchunk_b82614cfab5a535cb1c6,prdoc_e54f4ccdf7715dcd5483,0,PR identity,296,41,pallets/flask,3421,Moderate,Low,False
prchunk_de8c878e66298be99d56,prdoc_e54f4ccdf7715dcd5483,1,PR description,424,59,pallets/flask,3421,Moderate,Low,False
prchunk_0d023de73ff9da0b4f61,prdoc_e54f4ccdf7715dcd5483,2,Change evidence,405,68,pallets/flask,3421,Moderate,Low,False
prchunk_ce81f73dea61a8436228,prdoc_e54f4ccdf7715dcd5483,3,Predictive intelligence,474,67,pallets/flask,3421,Moderate,Low,False
prchunk_af101dccacb790486d03,prdoc_e54f4ccdf7715dcd5483,4,Deterministic policy intelligence,442,60,pallets/flask,3421,Moderate,Low,False
prchunk_adf8f97349ff9d47a78b,prdoc_e54f4ccdf7715dcd5483,5,Unified review priority,315,43,pallets/flask,3421,Moderate,Low,False
prchunk_01694116005ae0208af1,prdoc_392a7df64559c2450314,0,PR identity,296,41,pallets/flask,2898,Moderate,Low,False
prchunk_ac400d9ec20cf21da551,prdoc_392a7df64559c2450314,1,PR description,827,115,pallets/flask,2898,Moderate,Low,False
prchunk_cd6ba66dee5897d09755,prdoc_392a7df64559c2450314,2,Change evidence,405,68,pallets/flask,2898,Moderate,Low,False
prchunk_2f09d69f98cd48a9e98d,prdoc_392a7df64559c2450314,3,Predictive intelligence,426,59,pallets/flask,2898,Moderate,Low,False
prchunk_5de7e0877e47240b2e44,prdoc_392a7df64559c2450314,4,Deterministic policy intelligence,328,47,pallets/flask,2898,Moderate,Low,False
prchunk_f71a976e9fd0593bede1,prdoc_392a7df64559c2450314,5,Unified review priority,312,42,pallets/flask,2898,Moderate,Low,False
prchunk_ab49fdea2f1ea13f5628,prdoc_e822e7f0aeaa5f12bc3d,0,PR identity,319,42,pallets/flask,4534,Moderate,Low,False
prchunk_0aa8c57dd729da2e316b,prdoc_e822e7f0aeaa5f12bc3d,1,PR description,836,135,pallets/flask,4534,Moderate,Low,False
prchunk_4cdd4df5e1f74016932a,prdoc_e822e7f0aeaa5f12bc3d,2,Change evidence,403,68,pallets/flask,4534,Moderate,Low,False
prchunk_ac56a705226d2470c17e,prdoc_e822e7f0aeaa5f12bc3d,3,Predictive intelligence,426,59,pallets/flask,4534,Moderate,Low,False
prchunk_6cafb8845ce9756235c7,prdoc_e822e7f0aeaa5f12bc3d,4,Deterministic policy intelligence,328,47,pallets/flask,4534,Moderate,Low,False
prchunk_a644bf9d66ace75b135d,prdoc_e822e7f0aeaa5f12bc3d,5,Unified review priority,312,42,pallets/flask,4534,Moderate,Low,False
prchunk_fbfe9019c016bdbaf9f7,prdoc_eb98e192cac5a977b321,0,PR identity,265,36,pallets/flask,4889,Moderate,Low,False
prchunk_4926c0d242c0f704edaa,prdoc_eb98e192cac5a977b321,1,PR description,374,58,pallets/flask,4889,Moderate,Low,False
prchunk_b50163aa8dfcc0167f14,prdoc_eb98e192cac5a977b321,2,Change evidence,406,68,pallets/flask,4889,Moderate,Low,False
prchunk_1ba6683510884ae287f7,prdoc_eb98e192cac5a977b321,3,Predictive intelligence,473,67,pallets/flask,4889,Moderate,Low,False
prchunk_9ccd11f4c0e108c27aa3,prdoc_eb98e192cac5a977b321,4,Deterministic policy intelligence,435,59,pallets/flask,4889,Moderate,Low,False
prchunk_7c8edba15cd3656b2ae5,prdoc_eb98e192cac5a977b321,5,Unified review priority,315,43,pallets/flask,4889,Moderate,Low,False
prchunk_8372c1843e100be47938,prdoc_18164c780615f977a7aa,0,PR identity,261,36,pallets/flask,5609,Moderate,Low,False
prchunk_ac7c99e22c8c37e9e465,prdoc_18164c780615f977a7aa,1,PR description,396,49,pallets/flask,5609,Moderate,Low,False
prchunk_e5c929b6aa4245ad69d0,prdoc_18164c780615f977a7aa,2,Change evidence,403,68,pallets/flask,5609,Moderate,Low,False
prchunk_6f3c3eb46e9005fbc31d,prdoc_18164c780615f977a7aa,3,Predictive intelligence,426,59,pallets/flask,5609,Moderate,Low,False
prchunk_bc55c6b7f99359c2254c,prdoc_18164c780615f977a7aa,4,Deterministic policy intelligence,321,45,pallets/flask,5609,Moderate,Low,False
prchunk_d09b90eaac7914bab9bb,prdoc_18164c780615f977a7aa,5,Unified review priority,312,42,pallets/flask,5609,Moderate,Low,False
prchunk_241c7cf7025e4ebeeca3,prdoc_8050b3c9be33f931b52c,0,PR identity,275,37,pallets/flask,5393,Moderate,Low,False
prchunk_00ff6189cb6f25dd2077,prdoc_8050b3c9be33f931b52c,1,PR description,1149,180,pallets/flask,5393,Moderate,Low,False
prchunk_3671366b20c3901018c9,prdoc_8050b3c9be33f931b52c,2,PR description,553,103,pallets/flask,5393,Moderate,Low,False
prchunk_e5f5ccf75352808a421a,prdoc_8050b3c9be33f931b52c,3,Change evidence,404,68,pallets/flask,5393,Moderate,Low,False
prchunk_d23d6300b5b43024dede,prdoc_8050b3c9be33f931b52c,4,Predictive intelligence,426,59,pallets/flask,5393,Moderate,Low,False
prchunk_445b972dd5da4bd1d175,prdoc_8050b3c9be33f931b52c,5,Deterministic policy intelligence,328,47,pallets/flask,5393,Moderate,Low,False
prchunk_00d75f18256a304cae31,prdoc_8050b3c9be33f931b52c,6,Unified review priority,312,42,pallets/flask,5393,Moderate,Low,False
prchunk_a0224c255b8518b1ef16,prdoc_a3c4c625c44909c0afbb,0,PR identity,256,34,pallets/flask,3437,Moderate,Low,False
prchunk_9319996530e7e29611c5,prdoc_a3c4c625c44909c0afbb,1,PR description,291,50,pallets/flask,3437,Moderate,Low,False
prchunk_82c55eee3d321bf65372,prdoc_a3c4c625c44909c0afbb,2,Change evidence,403,68,pallets/flask,3437,Moderate,Low,False
prchunk_58abfe8c0966d52b1873,prdoc_a3c4c625c44909c0afbb,3,Predictive intelligence,426,59,pallets/flask,3437,Moderate,Low,False
prchunk_ee14866d06609d80b4cc,prdoc_a3c4c625c44909c0afbb,4,Deterministic policy intelligence,321,45,pallets/flask,3437,Moderate,Low,False
prchunk_70cbce26a2bd97e0d6d8,prdoc_a3c4c625c44909c0afbb,5,Unified review priority,312,42,pallets/flask,3437,Moderate,Low,False
prchunk_471e0b5fb32c3d37dd48,prdoc_ee4f0ca338b4cc677c97,0,PR identity,289,37,pallets/flask,3579,Moderate,Low,False
prchunk_148740ed0fb6faef85ad,prdoc_ee4f0ca338b4cc677c97,1,PR description,1017,152,pallets/flask,3579,Moderate,Low,False
prchunk_2284f65620412d4c8546,prdoc_ee4f0ca338b4cc677c97,2,Change evidence,404,68,pallets/flask,3579,Moderate,Low,False
prchunk_2ede7e7d8f46cb2b4eef,prdoc_ee4f0ca338b4cc677c97,3,Predictive intelligence,426,59,pallets/flask,3579,Moderate,Low,False
prchunk_05f34ec0f81f6249eef5,prdoc_ee4f0ca338b4cc677c97,4,Deterministic policy intelligence,328,47,pallets/flask,3579,Moderate,Low,False
prchunk_44da787eac2e27e420b7,prdoc_ee4f0ca338b4cc677c97,5,Unified review priority,312,42,pallets/flask,3579,Moderate,Low,False
prchunk_55a3b98f5a363a8adab5,prdoc_e6246762e5264971d5b4,0,PR identity,262,35,pallets/flask,5962,Moderate,Low,False
prchunk_6b43981eae24dc4165df,prdoc_e6246762e5264971d5b4,1,PR description,439,65,pallets/flask,5962,Moderate,Low,False
prchunk_f0eba4ca576cbb936aef,prdoc_e6246762e5264971d5b4,2,Change evidence,405,68,pallets/flask,5962,Moderate,Low,False
prchunk_bbc5ed67c1b7d67a9014,prdoc_e6246762e5264971d5b4,3,Predictive intelligence,414,57,pallets/flask,5962,Moderate,Low,False
prchunk_f7bf33190bacd3189fee,prdoc_e6246762e5264971d5b4,4,Deterministic policy intelligence,442,60,pallets/flask,5962,Moderate,Low,False
prchunk_79efea349bbb9f491783,prdoc_e6246762e5264971d5b4,5,Unified review priority,311,44,pallets/flask,5962,Moderate,Low,False
prchunk_df3b731216a5b3a8b5ac,prdoc_7f46c05f6eab6aa6b2d1,0,PR identity,280,37,pallets/flask,2783,Moderate,Low,False
prchunk_f5247854717c40e06136,prdoc_7f46c05f6eab6aa6b2d1,1,PR description,280,42,pallets/flask,2783,Moderate,Low,False
prchunk_daf7e64cbd0bcc66f752,prdoc_7f46c05f6eab6aa6b2d1,2,Change evidence,405,68,pallets/flask,2783,Moderate,Low,False
prchunk_dd7dd1a93dad9cad7bf5,prdoc_7f46c05f6eab6aa6b2d1,3,Predictive intelligence,474,67,pallets/flask,2783,Moderate,Low,False
prchunk_5961d2c7e03d021bc752,prdoc_7f46c05f6eab6aa6b2d1,4,Deterministic policy intelligence,442,60,pallets/flask,2783,Moderate,Low,False
prchunk_26a3add4d77095b51918,prdoc_7f46c05f6eab6aa6b2d1,5,Unified review priority,315,43,pallets/flask,2783,Moderate,Low,False
prchunk_33ced8992a381e7abf63,prdoc_2adbc60b3ac1f812bd16,0,PR identity,313,41,pallets/flask,5476,Moderate,Moderate,False
prchunk_d386b6925e103dd2eecf,prdoc_2adbc60b3ac1f812bd16,1,PR description,1525,180,pallets/flask,5476,Moderate,Moderate,False
prchunk_79fd26222c795647fd2b,prdoc_2adbc60b3ac1f812bd16,2,PR description,2052,180,pallets/flask,5476,Moderate,Moderate,False
prchunk_5e65d364687d1d3ea115,prdoc_2adbc60b3ac1f812bd16,3,PR description,2569,180,pallets/flask,5476,Moderate,Moderate,False
prchunk_13baffad20279b370387,prdoc_2adbc60b3ac1f812bd16,4,PR description,3967,180,pallets/flask,5476,Moderate,Moderate,False
prchunk_e4bb8bf38d46eec72a53,prdoc_2adbc60b3ac1f812bd16,5,PR description,3024,180,pallets/flask,5476,Moderate,Moderate,False
prchunk_46aa47c0b342e539dab3,prdoc_2adbc60b3ac1f812bd16,6,PR description,2310,180,pallets/flask,5476,Moderate,Moderate,False
prchunk_87f198320dc0d412fa02,prdoc_2adbc60b3ac1f812bd16,7,PR description,2217,180,pallets/flask,5476,Moderate,Moderate,False
prchunk_6bfe06273e96b635e932,prdoc_2adbc60b3ac1f812bd16,8,PR description,3633,180,pallets/flask,5476,Moderate,Moderate,False
prchunk_d6e9df05b7e267d92d79,prdoc_2adbc60b3ac1f812bd16,9,PR description,2773,180,pallets/flask,5476,Moderate,Moderate,False
prchunk_f24cc8e0ca3590732859,prdoc_2adbc60b3ac1f812bd16,10,PR description,3359,180,pallets/flask,5476,Moderate,Moderate,False
prchunk_cd0a15f42c4733023c38,prdoc_2adbc60b3ac1f812bd16,11,PR description,1463,180,pallets/flask,5476,Moderate,Moderate,False
prchunk_7e3c628980be823a1079,prdoc_2adbc60b3ac1f812bd16,12,PR description,1200,175,pallets/flask,5476,Moderate,Moderate,False
prchunk_a187ac732b3b1be7eb39,prdoc_2adbc60b3ac1f812bd16,13,Change evidence,407,68,pallets/flask,5476,Moderate,Moderate,False
prchunk_1172d51e0b6c6bf8bbae,prdoc_2adbc60b3ac1f812bd16,14,Predictive intelligence,414,57,pallets/flask,5476,Moderate,Moderate,False
prchunk_ec580561a80ddaaf87b6,prdoc_2adbc60b3ac1f812bd16,15,Deterministic policy intelligence,431,62,pallets/flask,5476,Moderate,Moderate,False
prchunk_1061702c7b69caacf4f3,prdoc_2adbc60b3ac1f812bd16,16,Unified review priority,311,44,pallets/flask,5476,Moderate,Moderate,False
prchunk_0836583ba0a3d4bf70d3,prdoc_473b7c9622c2fc47ed49,0,PR identity,286,36,pallets/flask,4445,Moderate,Moderate,False
prchunk_bab7bb65ae99697e8df6,prdoc_473b7c9622c2fc47ed49,1,PR description,815,139,pallets/flask,4445,Moderate,Moderate,False
prchunk_abb64ca02c9be9c3aa28,prdoc_473b7c9622c2fc47ed49,2,Change evidence,406,68,pallets/flask,4445,Moderate,Moderate,False
prchunk_2258d9edda090cd1def7,prdoc_473b7c9622c2fc47ed49,3,Predictive intelligence,414,57,pallets/flask,4445,Moderate,Moderate,False
prchunk_fc46379a1b96e65b1dad,prdoc_473b7c9622c2fc47ed49,4,Deterministic policy intelligence,311,47,pallets/flask,4445,Moderate,Moderate,False
prchunk_7e51dbc059104fa23538,prdoc_473b7c9622c2fc47ed49,5,Unified review priority,311,44,pallets/flask,4445,Moderate,Moderate,False
prchunk_1209d696302792b07b74,prdoc_96a3a54dbfb1c0a0abd7,0,PR identity,263,35,pallets/flask,4298,Moderate,Low,False
prchunk_07fef6136896e4666832,prdoc_96a3a54dbfb1c0a0abd7,1,PR description,1535,180,pallets/flask,4298,Moderate,Low,False
prchunk_dde3079be258855ad771,prdoc_96a3a54dbfb1c0a0abd7,2,PR description,1264,180,pallets/flask,4298,Moderate,Low,False
prchunk_fc8a4fcd272894202fad,prdoc_96a3a54dbfb1c0a0abd7,3,PR description,272,49,pallets/flask,4298,Moderate,Low,False
prchunk_4c30dd025ff1d994e323,prdoc_96a3a54dbfb1c0a0abd7,4,Change evidence,404,68,pallets/flask,4298,Moderate,Low,False
prchunk_6c562907202f4b26e8bc,prdoc_96a3a54dbfb1c0a0abd7,5,Predictive intelligence,426,59,pallets/flask,4298,Moderate,Low,False
prchunk_64bc04e26a76a8f7f1fd,prdoc_96a3a54dbfb1c0a0abd7,6,Deterministic policy intelligence,328,47,pallets/flask,4298,Moderate,Low,False
prchunk_57750518c6795b8fb046,prdoc_96a3a54dbfb1c0a0abd7,7,Unified review priority,312,42,pallets/flask,4298,Moderate,Low,False
prchunk_cb3c9ce49d5825f1e09c,prdoc_24258a533aa6446a2159,0,PR identity,276,35,pallets/flask,3728,Moderate,Low,False
prchunk_e616e9bfbed88b74d957,prdoc_24258a533aa6446a2159,1,PR description,543,74,pallets/flask,3728,Moderate,Low,False
prchunk_2b34010e516af27311ce,prdoc_24258a533aa6446a2159,2,Change evidence,404,68,pallets/flask,3728,Moderate,Low,False
prchunk_733cf7c2a726018a7cb0,prdoc_24258a533aa6446a2159,3,Predictive intelligence,426,59,pallets/flask,3728,Moderate,Low,False
prchunk_55e234663f7671a6d98e,prdoc_24258a533aa6446a2159,4,Deterministic policy intelligence,321,45,pallets/flask,3728,Moderate,Low,False
prchunk_7450b73b8f53eaaf0ee5,prdoc_24258a533aa6446a2159,5,Unified review priority,312,42,pallets/flask,3728,Moderate,Low,False
prchunk_e53c442146b38d8a1a7c,prdoc_5eac9a1409c84367401b,0,PR identity,261,34,pallets/flask,5389,Moderate,Low,False
prchunk_8b910854fd644353e94d,prdoc_5eac9a1409c84367401b,1,PR description,1102,179,pallets/flask,5389,Moderate,Low,False
prchunk_8fdd2861372eb81f080b,prdoc_5eac9a1409c84367401b,2,Change evidence,403,68,pallets/flask,5389,Moderate,Low,False
prchunk_5f7394dde82fc2bfc039,prdoc_5eac9a1409c84367401b,3,Predictive intelligence,430,60,pallets/flask,5389,Moderate,Low,False
prchunk_7f4032f70f22ea1adccc,prdoc_5eac9a1409c84367401b,4,Deterministic policy intelligence,320,46,pallets/flask,5389,Moderate,Low,False
prchunk_f5c687a585cc12dbccd3,prdoc_5eac9a1409c84367401b,5,Unified review priority,315,43,pallets/flask,5389,Moderate,Low,False
prchunk_316eef394321069870d7,prdoc_e62ba7cb637b3bad32ab,0,PR identity,286,41,pallets/flask,3052,Moderate,Low,False
prchunk_99a74f51a7cd59230902,prdoc_e62ba7cb637b3bad32ab,1,PR description,409,72,pallets/flask,3052,Moderate,Low,False
prchunk_0b523d38348d63b08648,prdoc_e62ba7cb637b3bad32ab,2,Change evidence,407,68,pallets/flask,3052,Moderate,Low,False
prchunk_c2f871834786baebaeb7,prdoc_e62ba7cb637b3bad32ab,3,Predictive intelligence,474,67,pallets/flask,3052,Moderate,Low,False
prchunk_92a0ee9b12f683aad8f6,prdoc_e62ba7cb637b3bad32ab,4,Deterministic policy intelligence,442,60,pallets/flask,3052,Moderate,Low,False
prchunk_f4a3b9ff6c67ce4018d0,prdoc_e62ba7cb637b3bad32ab,5,Unified review priority,315,43,pallets/flask,3052,Moderate,Low,False
prchunk_6e8b5ed5fa86189cf5a9,prdoc_498b1d01bf612f620025,0,PR identity,273,37,pallets/flask,3690,Moderate,Low,False
prchunk_9c9629f6a7b2215bb8ba,prdoc_498b1d01bf612f620025,1,PR description,344,50,pallets/flask,3690,Moderate,Low,False
prchunk_7092fab7de196302b09d,prdoc_498b1d01bf612f620025,2,Change evidence,404,68,pallets/flask,3690,Moderate,Low,False
prchunk_e52e998b1d16bdd5ad0d,prdoc_498b1d01bf612f620025,3,Predictive intelligence,474,67,pallets/flask,3690,Moderate,Low,False
prchunk_d94d3a8c31230efed6c9,prdoc_498b1d01bf612f620025,4,Deterministic policy intelligence,442,60,pallets/flask,3690,Moderate,Low,False
prchunk_3745deaf0088001a23df,prdoc_498b1d01bf612f620025,5,Unified review priority,315,43,pallets/flask,3690,Moderate,Low,False
prchunk_8843eab13d2396d5453e,prdoc_d3ea44af55e7d192b80d,0,PR identity,275,35,pallets/flask,2809,Moderate,Low,False
prchunk_a7969fbbc622137add33,prdoc_d3ea44af55e7d192b80d,1,PR description,244,36,pallets/flask,2809,Moderate,Low,False
prchunk_8c4ababbb43b27afb1f7,prdoc_d3ea44af55e7d192b80d,2,Change evidence,405,68,pallets/flask,2809,Moderate,Low,False
prchunk_6a9beb2b0ef4a13c60bd,prdoc_d3ea44af55e7d192b80d,3,Predictive intelligence,474,67,pallets/flask,2809,Moderate,Low,False
prchunk_1bcb1138b984f582b852,prdoc_d3ea44af55e7d192b80d,4,Deterministic policy intelligence,442,60,pallets/flask,2809,Moderate,Low,False
prchunk_47cd4fdfcad804d1a1d8,prdoc_d3ea44af55e7d192b80d,5,Unified review priority,315,43,pallets/flask,2809,Moderate,Low,False
prchunk_b18273b151f1fb19607c,prdoc_643c69aa05954b40fae9,0,PR identity,290,41,pallets/flask,2983,Moderate,Low,False
prchunk_da02f41218aa7a521add,prdoc_643c69aa05954b40fae9,1,PR description,364,40,pallets/flask,2983,Moderate,Low,False
prchunk_08031a4c116e194c3e31,prdoc_643c69aa05954b40fae9,2,Change evidence,406,68,pallets/flask,2983,Moderate,Low,False
prchunk_2231a4c595283a408c1c,prdoc_643c69aa05954b40fae9,3,Predictive intelligence,474,67,pallets/flask,2983,Moderate,Low,False
prchunk_5b3c9b55d935670d70d4,prdoc_643c69aa05954b40fae9,4,Deterministic policy intelligence,442,60,pallets/flask,2983,Moderate,Low,False
prchunk_f588e175c0ffcd3fb10a,prdoc_643c69aa05954b40fae9,5,Unified review priority,315,43,pallets/flask,2983,Moderate,Low,False
prchunk_a7a087eab68a912e1f8f,prdoc_6712f239aa917298cac9,0,PR identity,291,38,pallets/flask,5896,Moderate,Moderate,False
prchunk_90819ed5ced919731637,prdoc_6712f239aa917298cac9,1,PR description,1518,180,pallets/flask,5896,Moderate,Moderate,False
prchunk_2780ad96d0cb0b03b097,prdoc_6712f239aa917298cac9,2,PR description,500,61,pallets/flask,5896,Moderate,Moderate,False
prchunk_f455878ee37fdccaa227,prdoc_6712f239aa917298cac9,3,Change evidence,407,68,pallets/flask,5896,Moderate,Moderate,False
prchunk_7879911da8e010d790ca,prdoc_6712f239aa917298cac9,4,Predictive intelligence,474,67,pallets/flask,5896,Moderate,Moderate,False
prchunk_a936de05cf06c5ac5caa,prdoc_6712f239aa917298cac9,5,Deterministic policy intelligence,452,61,pallets/flask,5896,Moderate,Moderate,False
prchunk_1bd8dc4b59b66210a064,prdoc_6712f239aa917298cac9,6,Unified review priority,315,43,pallets/flask,5896,Moderate,Moderate,False
prchunk_b1784bfaab62be7fc113,prdoc_9150941e7a891d55ea34,0,PR identity,256,35,pallets/flask,4912,Moderate,Low,False
prchunk_2b430c4b14c20a7107ef,prdoc_9150941e7a891d55ea34,1,PR description,1027,180,pallets/flask,4912,Moderate,Low,False
prchunk_9b22d8f40d389e809f26,prdoc_9150941e7a891d55ea34,2,PR description,228,42,pallets/flask,4912,Moderate,Low,False
prchunk_fd2a030e7249a155f8f7,prdoc_9150941e7a891d55ea34,3,Change evidence,404,68,pallets/flask,4912,Moderate,Low,False
prchunk_23bfb27b53b9dcd4c1d5,prdoc_9150941e7a891d55ea34,4,Predictive intelligence,473,67,pallets/flask,4912,Moderate,Low,False
prchunk_b9cbc1d67b831c58c459,prdoc_9150941e7a891d55ea34,5,Deterministic policy intelligence,328,47,pallets/flask,4912,Moderate,Low,False
prchunk_e42268d696b4635f0fdc,prdoc_9150941e7a891d55ea34,6,Unified review priority,315,43,pallets/flask,4912,Moderate,Low,False
prchunk_7374918e694ec2680ac1,prdoc_f0912296a3d7439349e0,0,PR identity,291,39,pallets/flask,4479,Moderate,Low,False
prchunk_0a4bbda7b73fef200a75,prdoc_f0912296a3d7439349e0,1,PR description,996,167,pallets/flask,4479,Moderate,Low,False
prchunk_901a09ffa2e37bae6bd7,prdoc_f0912296a3d7439349e0,2,Change evidence,407,68,pallets/flask,4479,Moderate,Low,False
prchunk_af7f86a2e3d9d46fc0a1,prdoc_f0912296a3d7439349e0,3,Predictive intelligence,426,59,pallets/flask,4479,Moderate,Low,False
prchunk_c8c3f1750ef651f2c0cf,prdoc_f0912296a3d7439349e0,4,Deterministic policy intelligence,328,47,pallets/flask,4479,Moderate,Low,False
prchunk_cb36713e5da779815c2d,prdoc_f0912296a3d7439349e0,5,Unified review priority,312,42,pallets/flask,4479,Moderate,Low,False
prchunk_d92d94992e36f45e111a,prdoc_abb336b67baf5f70eef1,0,PR identity,312,41,pallets/flask,2861,Moderate,Low,False
prchunk_2dcfe1adbe2bd5a7edc1,prdoc_abb336b67baf5f70eef1,1,PR description,1093,180,pallets/flask,2861,Moderate,Low,False
prchunk_f58da11fa6d91024c523,prdoc_abb336b67baf5f70eef1,2,PR description,803,138,pallets/flask,2861,Moderate,Low,False
prchunk_10d4d44532cc04cae9ab,prdoc_abb336b67baf5f70eef1,3,Change evidence,406,68,pallets/flask,2861,Moderate,Low,False
prchunk_80a88cb2c8e895509920,prdoc_abb336b67baf5f70eef1,4,Predictive intelligence,426,59,pallets/flask,2861,Moderate,Low,False
prchunk_b8fe5313f32d1363d2c0,prdoc_abb336b67baf5f70eef1,5,Deterministic policy intelligence,328,47,pallets/flask,2861,Moderate,Low,False
prchunk_c26377ecc89590be713e,prdoc_abb336b67baf5f70eef1,6,Unified review priority,312,42,pallets/flask,2861,Moderate,Low,False
prchunk_bf2628646a08d4ef5f3c,prdoc_da9d5eddb77d28309f64,0,PR identity,306,42,pallets/flask,3049,Moderate,Low,False
prchunk_1e2462640f93d9f8cbe1,prdoc_da9d5eddb77d28309f64,1,PR description,239,37,pallets/flask,3049,Moderate,Low,False
prchunk_ef5fa50a0c331ffda29a,prdoc_da9d5eddb77d28309f64,2,Change evidence,404,68,pallets/flask,3049,Moderate,Low,False
prchunk_3a63705ab8a6bfc880c7,prdoc_da9d5eddb77d28309f64,3,Predictive intelligence,426,59,pallets/flask,3049,Moderate,Low,False
prchunk_64e88619479fde9dcac4,prdoc_da9d5eddb77d28309f64,4,Deterministic policy intelligence,328,47,pallets/flask,3049,Moderate,Low,False
prchunk_6f49a3e6184e641e96da,prdoc_da9d5eddb77d28309f64,5,Unified review priority,312,42,pallets/flask,3049,Moderate,Low,False
prchunk_50dd548ed4ba6eacb9b0,prdoc_b9a7084d3ea9193acfde,0,PR identity,293,42,pallets/flask,4382,Moderate,Low,False
prchunk_30dd700990b2fe7c7dc8,prdoc_b9a7084d3ea9193acfde,1,PR description,312,52,pallets/flask,4382,Moderate,Low,False
prchunk_043758c868b03a333de3,prdoc_b9a7084d3ea9193acfde,2,Change evidence,405,68,pallets/flask,4382,Moderate,Low,False
prchunk_49933543f83426744462,prdoc_b9a7084d3ea9193acfde,3,Predictive intelligence,426,59,pallets/flask,4382,Moderate,Low,False
prchunk_54124b5bd25dc1410e8a,prdoc_b9a7084d3ea9193acfde,4,Deterministic policy intelligence,321,45,pallets/flask,4382,Moderate,Low,False
prchunk_ac7c33f670374a9de239,prdoc_b9a7084d3ea9193acfde,5,Unified review priority,312,42,pallets/flask,4382,Moderate,Low,False
prchunk_0df0bc0665a6ac63854a,prdoc_5cb6d1d90e72ec693492,0,PR identity,286,38,pallets/flask,3260,Moderate,Low,False
prchunk_aadbd0abf004bb9c72c3,prdoc_5cb6d1d90e72ec693492,1,PR description,904,150,pallets/flask,3260,Moderate,Low,False
prchunk_80863efc3747caccddb9,prdoc_5cb6d1d90e72ec693492,2,Change evidence,405,68,pallets/flask,3260,Moderate,Low,False
prchunk_2471a6e6f16b03a111fd,prdoc_5cb6d1d90e72ec693492,3,Predictive intelligence,430,60,pallets/flask,3260,Moderate,Low,False
prchunk_9020dde1983d0da61e00,prdoc_5cb6d1d90e72ec693492,4,Deterministic policy intelligence,320,46,pallets/flask,3260,Moderate,Low,False
prchunk_740d0c693118b55a3141,prdoc_5cb6d1d90e72ec693492,5,Unified review priority,315,43,pallets/flask,3260,Moderate,Low,False
prchunk_73a487b69a30b2826b53,prdoc_6afb40558ccd79506c25,0,PR identity,251,35,pallets/flask,5357,Moderate,Low,False
prchunk_0c8e9cb918c1de9d1fcc,prdoc_6afb40558ccd79506c25,1,PR description,1024,180,pallets/flask,5357,Moderate,Low,False
prchunk_924aebd94555cecbadba,prdoc_6afb40558ccd79506c25,2,PR description,228,42,pallets/flask,5357,Moderate,Low,False
prchunk_78c0f7cb9b4394fa08f7,prdoc_6afb40558ccd79506c25,3,Change evidence,404,68,pallets/flask,5357,Moderate,Low,False
prchunk_983feb999ba353b3b57c,prdoc_6afb40558ccd79506c25,4,Predictive intelligence,473,67,pallets/flask,5357,Moderate,Low,False
prchunk_d5c7288a74675f56c0f3,prdoc_6afb40558ccd79506c25,5,Deterministic policy intelligence,328,47,pallets/flask,5357,Moderate,Low,False
prchunk_19b051c0f573c15b5ac1,prdoc_6afb40558ccd79506c25,6,Unified review priority,315,43,pallets/flask,5357,Moderate,Low,False
prchunk_0ead81721d4428b2f614,prdoc_45ceec4617d7212d86f0,0,PR identity,252,36,pallets/flask,5120,Moderate,Low,False
prchunk_5c15ce4c7b09d5bc2922,prdoc_45ceec4617d7212d86f0,1,PR description,1106,180,pallets/flask,5120,Moderate,Low,False
prchunk_e1bea52767c9b4730083,prdoc_45ceec4617d7212d86f0,2,PR description,234,40,pallets/flask,5120,Moderate,Low,False
prchunk_c515f80aa5be4eabfbf2,prdoc_45ceec4617d7212d86f0,3,Change evidence,404,68,pallets/flask,5120,Moderate,Low,False
prchunk_73166861003fc051b924,prdoc_45ceec4617d7212d86f0,4,Predictive intelligence,473,67,pallets/flask,5120,Moderate,Low,False
prchunk_2e5f15a8097c288ea2d3,prdoc_45ceec4617d7212d86f0,5,Deterministic policy intelligence,328,47,pallets/flask,5120,Moderate,Low,False
prchunk_2e070cb97e4a00007d75,prdoc_45ceec4617d7212d86f0,6,Unified review priority,315,43,pallets/flask,5120,Moderate,Low,False
prchunk_fd81216154310742f60f,prdoc_ad2cd32d44c768f9c4a8,0,PR identity,272,38,pallets/flask,3473,Moderate,Low,False
prchunk_7b42f5cb2cb9e62b59f5,prdoc_ad2cd32d44c768f9c4a8,1,PR description,371,47,pallets/flask,3473,Moderate,Low,False
prchunk_339bb8801314595b5adb,prdoc_ad2cd32d44c768f9c4a8,2,Change evidence,404,68,pallets/flask,3473,Moderate,Low,False
prchunk_c62be68b2797e4b4e32b,prdoc_ad2cd32d44c768f9c4a8,3,Predictive intelligence,426,59,pallets/flask,3473,Moderate,Low,False
prchunk_b9e35b1f2350751c2d73,prdoc_ad2cd32d44c768f9c4a8,4,Deterministic policy intelligence,321,45,pallets/flask,3473,Moderate,Low,False
prchunk_34fd7bcd990980dd011f,prdoc_ad2cd32d44c768f9c4a8,5,Unified review priority,312,42,pallets/flask,3473,Moderate,Low,False
prchunk_1f511bd74e2881b1fa4d,prdoc_455dd4ab35df49ba0559,0,PR identity,239,34,pallets/flask,4522,Moderate,Low,False
prchunk_7aba3c016e8238484fc3,prdoc_455dd4ab35df49ba0559,1,PR description,1022,180,pallets/flask,4522,Moderate,Low,False
prchunk_82f846e177f8a8f247e0,prdoc_455dd4ab35df49ba0559,2,PR description,225,41,pallets/flask,4522,Moderate,Low,False
prchunk_e9514f835454c36cad54,prdoc_455dd4ab35df49ba0559,3,Change evidence,404,68,pallets/flask,4522,Moderate,Low,False
prchunk_78e2cd704abe5869ffca,prdoc_455dd4ab35df49ba0559,4,Predictive intelligence,473,67,pallets/flask,4522,Moderate,Low,False
prchunk_55e880fa3d7270def1d6,prdoc_455dd4ab35df49ba0559,5,Deterministic policy intelligence,328,47,pallets/flask,4522,Moderate,Low,False
prchunk_f059ddd7d1ba007ea481,prdoc_455dd4ab35df49ba0559,6,Unified review priority,315,43,pallets/flask,4522,Moderate,Low,False
prchunk_9474f220e243af0e9a27,prdoc_26460176065919e3671a,0,PR identity,279,35,pallets/flask,3537,Moderate,Low,False
prchunk_547279fa9a77d9486aab,prdoc_26460176065919e3671a,1,PR description,211,30,pallets/flask,3537,Moderate,Low,False
prchunk_cf1e0cf86ddacd289faf,prdoc_26460176065919e3671a,2,Change evidence,404,68,pallets/flask,3537,Moderate,Low,False
prchunk_c883227236a215378bcf,prdoc_26460176065919e3671a,3,Predictive intelligence,426,59,pallets/flask,3537,Moderate,Low,False
prchunk_0e37bffe59dd8cf1c591,prdoc_26460176065919e3671a,4,Deterministic policy intelligence,328,47,pallets/flask,3537,Moderate,Low,False
prchunk_d985ea25c191a8786ab1,prdoc_26460176065919e3671a,5,Unified review priority,312,42,pallets/flask,3537,Moderate,Low,False
prchunk_834fe16ecaec5d48f0fb,prdoc_a061aaee252fe21ba518,0,PR identity,303,42,pallets/flask,2934,Moderate,Low,False
prchunk_81029680b92d37db0649,prdoc_a061aaee252fe21ba518,1,PR description,857,110,pallets/flask,2934,Moderate,Low,False
prchunk_c0a9f68625561cbecb97,prdoc_a061aaee252fe21ba518,2,Change evidence,404,68,pallets/flask,2934,Moderate,Low,False
prchunk_1443e9439c9140a631ac,prdoc_a061aaee252fe21ba518,3,Predictive intelligence,426,59,pallets/flask,2934,Moderate,Low,False
prchunk_56060cdbed52c5a5cea7,prdoc_a061aaee252fe21ba518,4,Deterministic policy intelligence,328,47,pallets/flask,2934,Moderate,Low,False
prchunk_207b54a0e4b5dc298529,prdoc_a061aaee252fe21ba518,5,Unified review priority,312,42,pallets/flask,2934,Moderate,Low,False
prchunk_0036df3faa7bfc2e97c2,prdoc_7dfec95ae1359589485d,0,PR identity,285,36,pallets/flask,4432,Moderate,Low,False
prchunk_6e5b656db4ea66cd7325,prdoc_7dfec95ae1359589485d,1,PR description,760,129,pallets/flask,4432,Moderate,Low,False
prchunk_c0a88a4c52cd5f4f70c3,prdoc_7dfec95ae1359589485d,2,Change evidence,404,68,pallets/flask,4432,Moderate,Low,False
prchunk_0a2b74377461a4c5b492,prdoc_7dfec95ae1359589485d,3,Predictive intelligence,426,59,pallets/flask,4432,Moderate,Low,False
prchunk_020bbdc27a86e7d4d1ac,prdoc_7dfec95ae1359589485d,4,Deterministic policy intelligence,320,46,pallets/flask,4432,Moderate,Low,False
prchunk_cd41de201173120263b9,prdoc_7dfec95ae1359589485d,5,Unified review priority,312,42,pallets/flask,4432,Moderate,Low,False
prchunk_69c1b540eebf30ad197c,prdoc_3e1045f0e6218509b974,0,PR identity,297,40,pallets/flask,3059,Moderate,Low,False
prchunk_78c962218c51991046a6,prdoc_3e1045f0e6218509b974,1,PR description,396,57,pallets/flask,3059,Moderate,Low,False
prchunk_7333f8bbeb464a1a69f7,prdoc_3e1045f0e6218509b974,2,Change evidence,404,68,pallets/flask,3059,Moderate,Low,False
prchunk_e092801636ec12c5959b,prdoc_3e1045f0e6218509b974,3,Predictive intelligence,414,57,pallets/flask,3059,Moderate,Low,False
prchunk_88283c71fbe4aea137bd,prdoc_3e1045f0e6218509b974,4,Deterministic policy intelligence,442,60,pallets/flask,3059,Moderate,Low,False
prchunk_31cd03d5448d9820f690,prdoc_3e1045f0e6218509b974,5,Unified review priority,311,44,pallets/flask,3059,Moderate,Low,False
prchunk_7033a90bf28fb5fd5f2c,prdoc_cada0197b1022e9404f7,0,PR identity,259,35,pallets/flask,4631,Moderate,Low,False
prchunk_8caa4323b1df66de4ec3,prdoc_cada0197b1022e9404f7,1,PR description,175,26,pallets/flask,4631,Moderate,Low,False
prchunk_da07c9a503df55fd02d0,prdoc_cada0197b1022e9404f7,2,Change evidence,403,68,pallets/flask,4631,Moderate,Low,False
prchunk_3c88c5c73a71b4703a13,prdoc_cada0197b1022e9404f7,3,Predictive intelligence,474,67,pallets/flask,4631,Moderate,Low,False
prchunk_d7cfd2e38e7f66ef42a7,prdoc_cada0197b1022e9404f7,4,Deterministic policy intelligence,442,60,pallets/flask,4631,Moderate,Low,False
prchunk_8ead6d569a39981a1056,prdoc_cada0197b1022e9404f7,5,Unified review priority,315,43,pallets/flask,4631,Moderate,Low,False
prchunk_fe1ca272681b3a597ab4,prdoc_3d4b077d7fd06d00500a,0,PR identity,293,38,pallets/flask,4263,Routine,Low,False
prchunk_5d25804f1e9ce795e486,prdoc_3d4b077d7fd06d00500a,1,PR description,1057,180,pallets/flask,4263,Routine,Low,False
prchunk_5aaeb65fc85c96451bd2,prdoc_3d4b077d7fd06d00500a,2,PR description,234,41,pallets/flask,4263,Routine,Low,False
prchunk_310ca9bcdc406e0adb80,prdoc_3d4b077d7fd06d00500a,3,Change evidence,405,68,pallets/flask,4263,Routine,Low,False
prchunk_b116e1195ba319f813aa,prdoc_3d4b077d7fd06d00500a,4,Predictive intelligence,473,67,pallets/flask,4263,Routine,Low,False
prchunk_534a62ec40069e804cdd,prdoc_3d4b077d7fd06d00500a,5,Deterministic policy intelligence,328,47,pallets/flask,4263,Routine,Low,False
prchunk_78ddaeb7aa4ec0d6472c,prdoc_3d4b077d7fd06d00500a,6,Unified review priority,314,43,pallets/flask,4263,Routine,Low,False
prchunk_55dd5b5259a14a20e3af,prdoc_5402fb1bde5248e3819d,0,PR identity,275,36,pallets/flask,5818,Routine,Low,False
prchunk_4bb82306a3da53df7a6e,prdoc_5402fb1bde5248e3819d,1,PR description,1298,180,pallets/flask,5818,Routine,Low,False
prchunk_ff4ea0065ff0e75231f4,prdoc_5402fb1bde5248e3819d,2,PR description,922,156,pallets/flask,5818,Routine,Low,False
prchunk_c155ce12632dceacd6e1,prdoc_5402fb1bde5248e3819d,3,Change evidence,407,68,pallets/flask,5818,Routine,Low,False
prchunk_a62e2ea040507475c07e,prdoc_5402fb1bde5248e3819d,4,Predictive intelligence,426,59,pallets/flask,5818,Routine,Low,False
prchunk_baca16e2c268a70d3eb5,prdoc_5402fb1bde5248e3819d,5,Deterministic policy intelligence,328,47,pallets/flask,5818,Routine,Low,False
prchunk_3a303f954c474395fdaf,prdoc_5402fb1bde5248e3819d,6,Unified review priority,311,42,pallets/flask,5818,Routine,Low,False
prchunk_2377809cb3991035e918,prdoc_ca2520b543ff253aa0c7,0,PR identity,263,34,pallets/flask,5659,Routine,Low,False
prchunk_69d1a27b2168db9ddfa4,prdoc_ca2520b543ff253aa0c7,1,PR description,521,76,pallets/flask,5659,Routine,Low,False
prchunk_cf65c558bbc7b8abcc4b,prdoc_ca2520b543ff253aa0c7,2,Change evidence,403,68,pallets/flask,5659,Routine,Low,False
prchunk_bd2773437cf12b315a48,prdoc_ca2520b543ff253aa0c7,3,Predictive intelligence,426,59,pallets/flask,5659,Routine,Low,False
prchunk_0b4db574af9b1f550c24,prdoc_ca2520b543ff253aa0c7,4,Deterministic policy intelligence,320,46,pallets/flask,5659,Routine,Low,False
prchunk_06334acb771d4ad625b1,prdoc_ca2520b543ff253aa0c7,5,Unified review priority,311,42,pallets/flask,5659,Routine,Low,False
prchunk_523bce3fb617b5efbffa,prdoc_2f6257d925244b6581df,0,PR identity,263,35,pallets/flask,5671,Routine,Low,False
prchunk_36d60d98ceabe7648ad8,prdoc_2f6257d925244b6581df,1,PR description,369,55,pallets/flask,5671,Routine,Low,False
prchunk_bbea0ae3dffd6a6f243e,prdoc_2f6257d925244b6581df,2,Change evidence,403,68,pallets/flask,5671,Routine,Low,False
prchunk_06f670ee80fcde3aca6c,prdoc_2f6257d925244b6581df,3,Predictive intelligence,426,59,pallets/flask,5671,Routine,Low,False
prchunk_52038506da2f0b6b8074,prdoc_2f6257d925244b6581df,4,Deterministic policy intelligence,321,45,pallets/flask,5671,Routine,Low,False
prchunk_da2518def3cc3d3af0fc,prdoc_2f6257d925244b6581df,5,Unified review priority,311,42,pallets/flask,5671,Routine,Low,False
prchunk_58c57542cd528b7fe773,prdoc_70c9a1f756e854217eff,0,PR identity,273,41,pallets/flask,3426,Routine,Low,False
prchunk_0565cb132802a39ddb28,prdoc_70c9a1f756e854217eff,1,PR description,240,37,pallets/flask,3426,Routine,Low,False
prchunk_df161f0ed985c4e8308c,prdoc_70c9a1f756e854217eff,2,Change evidence,403,68,pallets/flask,3426,Routine,Low,False
prchunk_18b28aa57ee852719ac7,prdoc_70c9a1f756e854217eff,3,Predictive intelligence,474,67,pallets/flask,3426,Routine,Low,False
prchunk_d98ba8a9ca3959c7a393,prdoc_70c9a1f756e854217eff,4,Deterministic policy intelligence,442,60,pallets/flask,3426,Routine,Low,False
prchunk_c591e89c77b2c5c3031a,prdoc_70c9a1f756e854217eff,5,Unified review priority,314,43,pallets/flask,3426,Routine,Low,False
prchunk_eb8e525492d8be1ea3d4,prdoc_9035f7ea551ce6b33444,0,PR identity,281,37,pallets/flask,2917,Routine,Low,False
prchunk_fcae1def5ab9b826a3ed,prdoc_9035f7ea551ce6b33444,1,PR description,416,67,pallets/flask,2917,Routine,Low,False
prchunk_c186b9ba5f1554088971,prdoc_9035f7ea551ce6b33444,2,Change evidence,404,68,pallets/flask,2917,Routine,Low,False
prchunk_f02f14e5384c8a829a0d,prdoc_9035f7ea551ce6b33444,3,Predictive intelligence,426,59,pallets/flask,2917,Routine,Low,False
prchunk_18ca83dbe868bcfd264a,prdoc_9035f7ea551ce6b33444,4,Deterministic policy intelligence,321,45,pallets/flask,2917,Routine,Low,False
prchunk_0feed3fabbfc7a381139,prdoc_9035f7ea551ce6b33444,5,Unified review priority,311,42,pallets/flask,2917,Routine,Low,False
prchunk_f456404785d4597798e6,prdoc_bea79748c87025208975,0,PR identity,274,38,pallets/flask,3011,Routine,Low,False
prchunk_665c2ea3a9cdca1eb568,prdoc_bea79748c87025208975,1,PR description,202,32,pallets/flask,3011,Routine,Low,False
prchunk_324f823f056281a08c91,prdoc_bea79748c87025208975,2,Change evidence,404,68,pallets/flask,3011,Routine,Low,False
prchunk_2a6fe1a945af1ec31cf3,prdoc_bea79748c87025208975,3,Predictive intelligence,426,59,pallets/flask,3011,Routine,Low,False
prchunk_3206670cd66591353320,prdoc_bea79748c87025208975,4,Deterministic policy intelligence,321,45,pallets/flask,3011,Routine,Low,False
prchunk_9844e6bb3a30ec7ca84b,prdoc_bea79748c87025208975,5,Unified review priority,311,42,pallets/flask,3011,Routine,Low,False
prchunk_8def794f3c08500a78cf,prdoc_fe1c565e35aee272deef,0,PR identity,295,39,pallets/flask,5777,Routine,Low,False
prchunk_67b89321d8cf08a9ff09,prdoc_fe1c565e35aee272deef,1,PR description,333,49,pallets/flask,5777,Routine,Low,False
prchunk_50eb7f488a945c2c0c05,prdoc_fe1c565e35aee272deef,2,Change evidence,403,68,pallets/flask,5777,Routine,Low,False
prchunk_bf2c7c671bf2e0354608,prdoc_fe1c565e35aee272deef,3,Predictive intelligence,426,59,pallets/flask,5777,Routine,Low,False
prchunk_0421fe36e14e2b834e73,prdoc_fe1c565e35aee272deef,4,Deterministic policy intelligence,321,45,pallets/flask,5777,Routine,Low,False
prchunk_4822ff6f625b7c962e02,prdoc_fe1c565e35aee272deef,5,Unified review priority,311,42,pallets/flask,5777,Routine,Low,False
prchunk_450e6af5b584acec04e7,prdoc_48c26f8cd8befda0c376,0,PR identity,269,36,pallets/flask,2849,Routine,Low,False
prchunk_330b655a503196f51a35,prdoc_48c26f8cd8befda0c376,1,PR description,1098,165,pallets/flask,2849,Routine,Low,False
prchunk_3a9e046f94a0013d7696,prdoc_48c26f8cd8befda0c376,2,Change evidence,407,68,pallets/flask,2849,Routine,Low,False
prchunk_e3a80c0cc28403d68341,prdoc_48c26f8cd8befda0c376,3,Predictive intelligence,473,67,pallets/flask,2849,Routine,Low,False
prchunk_a6e75a893609d038fd78,prdoc_48c26f8cd8befda0c376,4,Deterministic policy intelligence,328,47,pallets/flask,2849,Routine,Low,False
prchunk_e3e2098f72a125062ef2,prdoc_48c26f8cd8befda0c376,5,Unified review priority,314,43,pallets/flask,2849,Routine,Low,False
prchunk_f3618ea96bb9a23b945f,prdoc_7889e4495db8fc1aecfb,0,PR identity,289,39,pallets/flask,3031,Routine,Low,False
prchunk_5cd65d4f357ebb3f0f97,prdoc_7889e4495db8fc1aecfb,1,PR description,240,36,pallets/flask,3031,Routine,Low,False
prchunk_ced90887580d5231130e,prdoc_7889e4495db8fc1aecfb,2,Change evidence,403,68,pallets/flask,3031,Routine,Low,False
prchunk_69212a825ef6792c7c3d,prdoc_7889e4495db8fc1aecfb,3,Predictive intelligence,426,59,pallets/flask,3031,Routine,Low,False
prchunk_28d77009ff2e63525a4a,prdoc_7889e4495db8fc1aecfb,4,Deterministic policy intelligence,321,45,pallets/flask,3031,Routine,Low,False
prchunk_789fb6742690cd33a61e,prdoc_7889e4495db8fc1aecfb,5,Unified review priority,311,42,pallets/flask,3031,Routine,Low,False
prchunk_79a583797252a6bce774,prdoc_e0aacaed4c76341173a1,0,PR identity,250,34,pallets/flask,5607,Routine,Low,False
prchunk_de6b3e003271d1f8aa89,prdoc_e0aacaed4c76341173a1,1,PR description,182,27,pallets/flask,5607,Routine,Low,False
prchunk_8bee286e9d44d447a3ce,prdoc_e0aacaed4c76341173a1,2,Change evidence,404,68,pallets/flask,5607,Routine,Low,False
prchunk_b494d1aaf9ea4536e2a2,prdoc_e0aacaed4c76341173a1,3,Predictive intelligence,474,67,pallets/flask,5607,Routine,Low,False
prchunk_f5bee99d1cdd0f1b5707,prdoc_e0aacaed4c76341173a1,4,Deterministic policy intelligence,328,47,pallets/flask,5607,Routine,Low,False
prchunk_aad48e3927499c38db9d,prdoc_e0aacaed4c76341173a1,5,Unified review priority,314,43,pallets/flask,5607,Routine,Low,False
prchunk_8cfc1bbdd2ff698d21b6,prdoc_d1e780b22111b48fff64,0,PR identity,285,38,pallets/flask,5723,Routine,Low,False
prchunk_7b587c975878c0b48fcb,prdoc_d1e780b22111b48fff64,1,PR description,924,142,pallets/flask,5723,Routine,Low,False
prchunk_84af293d412382c8a307,prdoc_d1e780b22111b48fff64,2,Change evidence,403,68,pallets/flask,5723,Routine,Low,False
prchunk_73b7a087a139bca3997d,prdoc_d1e780b22111b48fff64,3,Predictive intelligence,426,59,pallets/flask,5723,Routine,Low,False
prchunk_bedc119bb07881c33329,prdoc_d1e780b22111b48fff64,4,Deterministic policy intelligence,320,46,pallets/flask,5723,Routine,Low,False
prchunk_695ef898785ec86e5dce,prdoc_d1e780b22111b48fff64,5,Unified review priority,311,42,pallets/flask,5723,Routine,Low,False
prchunk_722c3330190801022300,prdoc_cf241ff202e1ad28640b,0,PR identity,287,39,pallets/flask,5355,Routine,Low,False
prchunk_9f2153db128ef0346396,prdoc_cf241ff202e1ad28640b,1,PR description,424,54,pallets/flask,5355,Routine,Low,False
prchunk_a25ff0f09a1746f0ea55,prdoc_cf241ff202e1ad28640b,2,Change evidence,403,68,pallets/flask,5355,Routine,Low,False
prchunk_e8e4943757bd5b50f4c0,prdoc_cf241ff202e1ad28640b,3,Predictive intelligence,426,59,pallets/flask,5355,Routine,Low,False
prchunk_1b35f0d0c35641b6d413,prdoc_cf241ff202e1ad28640b,4,Deterministic policy intelligence,321,45,pallets/flask,5355,Routine,Low,False
prchunk_9a0f1ead62a950e2c054,prdoc_cf241ff202e1ad28640b,5,Unified review priority,311,42,pallets/flask,5355,Routine,Low,False
prchunk_86e3f6aa847c8190eeac,prdoc_dd58f33e4f1b05197eb2,0,PR identity,256,34,pallets/flask,5610,Routine,Low,False
prchunk_bd0bc43afa5cafe108ef,prdoc_dd58f33e4f1b05197eb2,1,PR description,1087,180,pallets/flask,5610,Routine,Low,False
prchunk_f1375a49e9341ab89b07,prdoc_dd58f33e4f1b05197eb2,2,PR description,192,34,pallets/flask,5610,Routine,Low,False
prchunk_a3b16f7cabacafe8b4f2,prdoc_dd58f33e4f1b05197eb2,3,Change evidence,404,68,pallets/flask,5610,Routine,Low,False
prchunk_b7e24ff63934fbd05639,prdoc_dd58f33e4f1b05197eb2,4,Predictive intelligence,474,67,pallets/flask,5610,Routine,Low,False
prchunk_07f44aed366251460719,prdoc_dd58f33e4f1b05197eb2,5,Deterministic policy intelligence,328,47,pallets/flask,5610,Routine,Low,False
prchunk_837bf176036f4719f76e,prdoc_dd58f33e4f1b05197eb2,6,Unified review priority,314,43,pallets/flask,5610,Routine,Low,False
prchunk_51da9af991796e5f62b1,prdoc_a675b16134dffbe01b7a,0,PR identity,261,35,pallets/flask,5227,Routine,Low,False
prchunk_bfd2a90fd3e48969c44e,prdoc_a675b16134dffbe01b7a,1,PR description,1036,180,pallets/flask,5227,Routine,Low,False
prchunk_0ff7b9f6b77ce89f23ef,prdoc_a675b16134dffbe01b7a,2,PR description,228,42,pallets/flask,5227,Routine,Low,False
prchunk_8c6e263129f7dcffdcc8,prdoc_a675b16134dffbe01b7a,3,Change evidence,403,68,pallets/flask,5227,Routine,Low,False
prchunk_6eff621724a73c148cb6,prdoc_a675b16134dffbe01b7a,4,Predictive intelligence,474,67,pallets/flask,5227,Routine,Low,False
prchunk_edfbdd21056324c7bb74,prdoc_a675b16134dffbe01b7a,5,Deterministic policy intelligence,328,47,pallets/flask,5227,Routine,Low,False
prchunk_315f24694daa81c022d2,prdoc_a675b16134dffbe01b7a,6,Unified review priority,314,43,pallets/flask,5227,Routine,Low,False
prchunk_cedbdafbfd2381397583,prdoc_38e858092bd95d54f90f,0,PR identity,283,37,pallets/flask,3530,Routine,Low,False
prchunk_827040e11e0113129a20,prdoc_38e858092bd95d54f90f,1,PR description,228,33,pallets/flask,3530,Routine,Low,False
prchunk_2778e9d8884b84ab4364,prdoc_38e858092bd95d54f90f,2,Change evidence,403,68,pallets/flask,3530,Routine,Low,False
prchunk_21761ac651c3abe178a0,prdoc_38e858092bd95d54f90f,3,Predictive intelligence,426,59,pallets/flask,3530,Routine,Low,False
prchunk_761722f62fabc29f5086,prdoc_38e858092bd95d54f90f,4,Deterministic policy intelligence,321,45,pallets/flask,3530,Routine,Low,False
prchunk_85a9e37c3290960e3f77,prdoc_38e858092bd95d54f90f,5,Unified review priority,311,42,pallets/flask,3530,Routine,Low,False
prchunk_ecb0f2efc8fa18b0ed90,prdoc_0ab0d1907173a7af4b84,0,PR identity,285,41,pallets/flask,5674,Routine,Low,False
prchunk_c117c38ee4543ce2c489,prdoc_0ab0d1907173a7af4b84,1,PR description,765,134,pallets/flask,5674,Routine,Low,False
prchunk_f7b208dcd2d72f78d931,prdoc_0ab0d1907173a7af4b84,2,Change evidence,403,68,pallets/flask,5674,Routine,Low,False
prchunk_03d526f8e997741d37f9,prdoc_0ab0d1907173a7af4b84,3,Predictive intelligence,426,59,pallets/flask,5674,Routine,Low,False
prchunk_1b7e52077e66106c5098,prdoc_0ab0d1907173a7af4b84,4,Deterministic policy intelligence,320,46,pallets/flask,5674,Routine,Low,False
prchunk_39c488270b98658231f8,prdoc_0ab0d1907173a7af4b84,5,Unified review priority,311,42,pallets/flask,5674,Routine,Low,False
prchunk_8043d2845c70ed278f4e,prdoc_9cac86f6243bf7e1c1b6,0,PR identity,264,34,pallets/flask,4577,Routine,Low,False
prchunk_d214b6ace5d14575305c,prdoc_9cac86f6243bf7e1c1b6,1,PR description,1046,180,pallets/flask,4577,Routine,Low,False
prchunk_1046c5272450b0a90b8c,prdoc_9cac86f6243bf7e1c1b6,2,PR description,431,83,pallets/flask,4577,Routine,Low,False
prchunk_4c94b83a21af837b93a8,prdoc_9cac86f6243bf7e1c1b6,3,Change evidence,407,68,pallets/flask,4577,Routine,Low,False
prchunk_4841a38189f9ffc29c9a,prdoc_9cac86f6243bf7e1c1b6,4,Predictive intelligence,426,59,pallets/flask,4577,Routine,Low,False
prchunk_956c108e72e56167f5ca,prdoc_9cac86f6243bf7e1c1b6,5,Deterministic policy intelligence,328,47,pallets/flask,4577,Routine,Low,False
prchunk_ac4b1d54c3559f0355df,prdoc_9cac86f6243bf7e1c1b6,6,Unified review priority,311,42,pallets/flask,4577,Routine,Low,False
prchunk_58f17667e3535b2fcc16,prdoc_c86ed504d5b07cc87c26,0,PR identity,300,41,pallets/flask,2854,Routine,Low,False
prchunk_383fd04f2d5fb7519a89,prdoc_c86ed504d5b07cc87c26,1,PR description,823,130,pallets/flask,2854,Routine,Low,False
prchunk_387747a77f54bdd33b96,prdoc_c86ed504d5b07cc87c26,2,Change evidence,405,68,pallets/flask,2854,Routine,Low,False
prchunk_2c16d3e904813e28d117,prdoc_c86ed504d5b07cc87c26,3,Predictive intelligence,426,59,pallets/flask,2854,Routine,Low,False
prchunk_6027e74f401654d31486,prdoc_c86ed504d5b07cc87c26,4,Deterministic policy intelligence,320,46,pallets/flask,2854,Routine,Low,False
prchunk_6608dc494576486aaf40,prdoc_c86ed504d5b07cc87c26,5,Unified review priority,311,42,pallets/flask,2854,Routine,Low,False
prchunk_9bb4af021ef0d6267108,prdoc_58c2d1cabda46ea23be0,0,PR identity,242,34,pallets/flask,5732,Routine,Low,False
prchunk_71ac1ea4fa8287f919a0,prdoc_58c2d1cabda46ea23be0,1,PR description,959,159,pallets/flask,5732,Routine,Low,False
prchunk_d8fbbfd623786f89dc01,prdoc_58c2d1cabda46ea23be0,2,Change evidence,403,68,pallets/flask,5732,Routine,Low,False
prchunk_bb84629102b8383512bc,prdoc_58c2d1cabda46ea23be0,3,Predictive intelligence,474,67,pallets/flask,5732,Routine,Low,False
prchunk_231311fe57f174615914,prdoc_58c2d1cabda46ea23be0,4,Deterministic policy intelligence,328,47,pallets/flask,5732,Routine,Low,False
prchunk_39785d3cd1646459382e,prdoc_58c2d1cabda46ea23be0,5,Unified review priority,314,43,pallets/flask,5732,Routine,Low,False
prchunk_1e528c4741f644721782,prdoc_04287ee8ee2800f1a6f6,0,PR identity,278,36,pallets/flask,3563,Routine,Low,False
prchunk_ab5a2204f1aaa6d7394b,prdoc_04287ee8ee2800f1a6f6,1,PR description,192,28,pallets/flask,3563,Routine,Low,False
prchunk_87bf79b61fb2618318fe,prdoc_04287ee8ee2800f1a6f6,2,Change evidence,405,68,pallets/flask,3563,Routine,Low,False
prchunk_b0b169bd1e4cce1a0232,prdoc_04287ee8ee2800f1a6f6,3,Predictive intelligence,414,57,pallets/flask,3563,Routine,Low,False
prchunk_72f74ec14e84ab1ecda6,prdoc_04287ee8ee2800f1a6f6,4,Deterministic policy intelligence,442,60,pallets/flask,3563,Routine,Low,False
prchunk_1d288dc1901a9702b998,prdoc_04287ee8ee2800f1a6f6,5,Unified review priority,310,44,pallets/flask,3563,Routine,Low,False
prchunk_f93450af6c27f396da52,prdoc_7c757c4f86b30b85ac93,0,PR identity,276,35,pallets/flask,2913,Routine,Low,False
prchunk_20574ee7a6d652ac07d9,prdoc_7c757c4f86b30b85ac93,1,PR description,388,48,pallets/flask,2913,Routine,Low,False
prchunk_9d670f689b6af5d75851,prdoc_7c757c4f86b30b85ac93,2,Change evidence,404,68,pallets/flask,2913,Routine,Low,False
prchunk_60016ede99578d39e7da,prdoc_7c757c4f86b30b85ac93,3,Predictive intelligence,426,59,pallets/flask,2913,Routine,Low,False
prchunk_96b2c292b66ccb6349db,prdoc_7c757c4f86b30b85ac93,4,Deterministic policy intelligence,321,45,pallets/flask,2913,Routine,Low,False
prchunk_74900ca54ead65711348,prdoc_7c757c4f86b30b85ac93,5,Unified review priority,311,42,pallets/flask,2913,Routine,Low,False
prchunk_d6e75bd5c7ddbc1080f5,prdoc_9d8e7ea7aadf8cb117c1,0,PR identity,282,38,pallets/flask,5742,Routine,Low,False
prchunk_7179b306499fa6f15689,prdoc_9d8e7ea7aadf8cb117c1,1,PR description,650,96,pallets/flask,5742,Routine,Low,False
prchunk_fe8dd77889dd0eba0947,prdoc_9d8e7ea7aadf8cb117c1,2,Change evidence,404,68,pallets/flask,5742,Routine,Low,False
prchunk_ef3c361d9905a12d7067,prdoc_9d8e7ea7aadf8cb117c1,3,Predictive intelligence,426,59,pallets/flask,5742,Routine,Low,False
prchunk_789029973d900ecd91ba,prdoc_9d8e7ea7aadf8cb117c1,4,Deterministic policy intelligence,320,46,pallets/flask,5742,Routine,Low,False
prchunk_63389fb0c1d6a0bc2b7e,prdoc_9d8e7ea7aadf8cb117c1,5,Unified review priority,311,42,pallets/flask,5742,Routine,Low,False
prchunk_28b1d70924a7f1101b34,prdoc_e877bba91fe964be2c4a,0,PR identity,246,34,pallets/flask,5244,Routine,Low,False
prchunk_32cf4a3764b4f065b057,prdoc_e877bba91fe964be2c4a,1,PR description,1021,180,pallets/flask,5244,Routine,Low,False
prchunk_7eb473f40e22a6d42064,prdoc_e877bba91fe964be2c4a,2,PR description,225,41,pallets/flask,5244,Routine,Low,False
prchunk_b0ffa17bfe9397646e76,prdoc_e877bba91fe964be2c4a,3,Change evidence,406,68,pallets/flask,5244,Routine,Low,False
prchunk_13c418b7a313be30f21e,prdoc_e877bba91fe964be2c4a,4,Predictive intelligence,474,67,pallets/flask,5244,Routine,Low,False
prchunk_ac06c77cda4ba3f5d35a,prdoc_e877bba91fe964be2c4a,5,Deterministic policy intelligence,328,47,pallets/flask,5244,Routine,Low,False
prchunk_f2b0fa641cf34290b4db,prdoc_e877bba91fe964be2c4a,6,Unified review priority,314,43,pallets/flask,5244,Routine,Low,False
prchunk_ae5012568e00318c036b,prdoc_9646edb56fcbd384a31e,0,PR identity,281,38,pallets/flask,3129,Routine,Low,False
prchunk_c5f43386a7b61385f98c,prdoc_9646edb56fcbd384a31e,1,PR description,285,47,pallets/flask,3129,Routine,Low,False
prchunk_d6a8ab71a9113af3fc81,prdoc_9646edb56fcbd384a31e,2,Change evidence,403,68,pallets/flask,3129,Routine,Low,False
prchunk_9be188b94c4f05837e6d,prdoc_9646edb56fcbd384a31e,3,Predictive intelligence,426,59,pallets/flask,3129,Routine,Low,False
prchunk_364936cad89bb196ed2c,prdoc_9646edb56fcbd384a31e,4,Deterministic policy intelligence,321,45,pallets/flask,3129,Routine,Low,False
prchunk_f18e131caabdac029bd3,prdoc_9646edb56fcbd384a31e,5,Unified review priority,311,42,pallets/flask,3129,Routine,Low,False
prchunk_00d0140055ae0fdc65f0,prdoc_167d0a86667bf6e36c5f,0,PR identity,262,35,pallets/flask,3344,Routine,Low,False
prchunk_5e1dd8461470b271a793,prdoc_167d0a86667bf6e36c5f,1,PR description,645,112,pallets/flask,3344,Routine,Low,False
prchunk_36a6967256c74dd14415,prdoc_167d0a86667bf6e36c5f,2,Change evidence,403,68,pallets/flask,3344,Routine,Low,False
prchunk_2dc725c8b2ac81a09a78,prdoc_167d0a86667bf6e36c5f,3,Predictive intelligence,426,59,pallets/flask,3344,Routine,Low,False
prchunk_c91d7327203b4110c1e0,prdoc_167d0a86667bf6e36c5f,4,Deterministic policy intelligence,320,46,pallets/flask,3344,Routine,Low,False
prchunk_2c4be724fa14ded2d92c,prdoc_167d0a86667bf6e36c5f,5,Unified review priority,311,42,pallets/flask,3344,Routine,Low,False
prchunk_5418f339dc42fbdd9f86,prdoc_c78a751c29d3d4b2c6e1,0,PR identity,287,41,pallets/flask,5788,Routine,Low,False
prchunk_22fe903da7d65b128783,prdoc_c78a751c29d3d4b2c6e1,1,PR description,1073,154,pallets/flask,5788,Routine,Low,False
prchunk_ef57352a7d7fa848a0d3,prdoc_c78a751c29d3d4b2c6e1,2,Change evidence,405,68,pallets/flask,5788,Routine,Low,False
prchunk_316e5173ba4bdd45ad7e,prdoc_c78a751c29d3d4b2c6e1,3,Predictive intelligence,474,67,pallets/flask,5788,Routine,Low,False
prchunk_c8eba083861b65021d82,prdoc_c78a751c29d3d4b2c6e1,4,Deterministic policy intelligence,328,47,pallets/flask,5788,Routine,Low,False
prchunk_52ee032bfa39ec674cf6,prdoc_c78a751c29d3d4b2c6e1,5,Unified review priority,314,43,pallets/flask,5788,Routine,Low,False
prchunk_8988e1f3bc0878002af8,prdoc_2f411b50437c5f318492,0,PR identity,253,36,pallets/flask,3622,Routine,Low,False
prchunk_f3f856010ce81a83010e,prdoc_2f411b50437c5f318492,1,PR description,570,70,pallets/flask,3622,Routine,Low,False
prchunk_b063c8a863f687980c43,prdoc_2f411b50437c5f318492,2,Change evidence,404,68,pallets/flask,3622,Routine,Low,False
prchunk_37f69db933844adadbb1,prdoc_2f411b50437c5f318492,3,Predictive intelligence,474,67,pallets/flask,3622,Routine,Low,False
prchunk_35bd17c7e77058bb7f63,prdoc_2f411b50437c5f318492,4,Deterministic policy intelligence,321,45,pallets/flask,3622,Routine,Low,False
prchunk_39bb08460464e1ef1f4c,prdoc_2f411b50437c5f318492,5,Unified review priority,314,43,pallets/flask,3622,Routine,Low,False
prchunk_968254eb9b89570e2fb0,prdoc_9f582dcd72062bc01e02,0,PR identity,259,35,pallets/flask,4374,Routine,Low,False
prchunk_479cb58f82cdca18667c,prdoc_9f582dcd72062bc01e02,1,PR description,318,49,pallets/flask,4374,Routine,Low,False
prchunk_b4f599bf06e31e68ffbd,prdoc_9f582dcd72062bc01e02,2,Change evidence,405,68,pallets/flask,4374,Routine,Low,False
prchunk_290b02daa09a9872c134,prdoc_9f582dcd72062bc01e02,3,Predictive intelligence,474,67,pallets/flask,4374,Routine,Low,False
prchunk_8482b67c3018947fb113,prdoc_9f582dcd72062bc01e02,4,Deterministic policy intelligence,321,45,pallets/flask,4374,Routine,Low,False
prchunk_365de6c444ad4d927fbe,prdoc_9f582dcd72062bc01e02,5,Unified review priority,314,43,pallets/flask,4374,Routine,Low,False
prchunk_f8e8cdc40954c9d6343f,prdoc_2a2fb7ed0d0e46eb7efc,0,PR identity,290,36,pallets/flask,3360,Routine,Low,False
prchunk_5045d34fc647e95984f4,prdoc_2a2fb7ed0d0e46eb7efc,1,PR description,411,66,pallets/flask,3360,Routine,Low,False
prchunk_17f8f88cd5d9ea1f57f2,prdoc_2a2fb7ed0d0e46eb7efc,2,Change evidence,404,68,pallets/flask,3360,Routine,Low,False
prchunk_74282d1dfad4391a206f,prdoc_2a2fb7ed0d0e46eb7efc,3,Predictive intelligence,470,66,pallets/flask,3360,Routine,Low,False
prchunk_29b3c459c4361c032c65,prdoc_2a2fb7ed0d0e46eb7efc,4,Deterministic policy intelligence,442,60,pallets/flask,3360,Routine,Low,False
prchunk_0506e3788e1b4d7ed9f1,prdoc_2a2fb7ed0d0e46eb7efc,5,Unified review priority,310,44,pallets/flask,3360,Routine,Low,False
prchunk_9b5c9c8146a34c955fc7,prdoc_c37da5aee0e3e1d30aca,0,PR identity,262,35,pallets/flask,3397,Routine,Low,False
prchunk_2e7a32b83e38237d3ebe,prdoc_c37da5aee0e3e1d30aca,1,PR description,219,33,pallets/flask,3397,Routine,Low,False
prchunk_90b470b9be65cce2fe89,prdoc_c37da5aee0e3e1d30aca,2,Change evidence,405,68,pallets/flask,3397,Routine,Low,False
prchunk_2dedffc7ac960a1d668e,prdoc_c37da5aee0e3e1d30aca,3,Predictive intelligence,474,67,pallets/flask,3397,Routine,Low,False
prchunk_de1df61015fe0807564d,prdoc_c37da5aee0e3e1d30aca,4,Deterministic policy intelligence,321,45,pallets/flask,3397,Routine,Low,False
prchunk_706247bdd238c4561ddc,prdoc_c37da5aee0e3e1d30aca,5,Unified review priority,314,43,pallets/flask,3397,Routine,Low,False
prchunk_787ea0851fc1948d1927,prdoc_f9d5889376f67d5e63d8,0,PR identity,270,35,pallets/flask,4071,Routine,Low,False
prchunk_7ca67bb31b0adaf29bb0,prdoc_f9d5889376f67d5e63d8,1,PR description,1076,174,pallets/flask,4071,Routine,Low,False
prchunk_0b7699598193225f8051,prdoc_f9d5889376f67d5e63d8,2,Change evidence,406,68,pallets/flask,4071,Routine,Low,False
prchunk_8011ae660b3ae433522b,prdoc_f9d5889376f67d5e63d8,3,Predictive intelligence,414,57,pallets/flask,4071,Routine,Low,False
prchunk_721876e8f041fcc3ce98,prdoc_f9d5889376f67d5e63d8,4,Deterministic policy intelligence,328,47,pallets/flask,4071,Routine,Low,False
prchunk_9d4cc823ee51b488a92f,prdoc_f9d5889376f67d5e63d8,5,Unified review priority,310,44,pallets/flask,4071,Routine,Low,False
prchunk_f52c71c96544cf7a804f,prdoc_dc3bf99026c0d528b4e0,0,PR identity,257,36,pallets/flask,4200,Routine,Low,False
prchunk_375d9a416a6d5a4dc861,prdoc_dc3bf99026c0d528b4e0,1,PR description,251,41,pallets/flask,4200,Routine,Low,False
prchunk_aa930c30d78d10001ca0,prdoc_dc3bf99026c0d528b4e0,2,Change evidence,403,68,pallets/flask,4200,Routine,Low,False
prchunk_4e02abea688c195039e5,prdoc_dc3bf99026c0d528b4e0,3,Predictive intelligence,474,67,pallets/flask,4200,Routine,Low,False
prchunk_647d0d06a064a90a3c46,prdoc_dc3bf99026c0d528b4e0,4,Deterministic policy intelligence,321,45,pallets/flask,4200,Routine,Low,False
prchunk_1c157a848419fe5537f1,prdoc_dc3bf99026c0d528b4e0,5,Unified review priority,314,43,pallets/flask,4200,Routine,Low,False
prchunk_76c672cd1c0d57c75990,prdoc_2531ec6c8df24737e051,0,PR identity,280,39,pallets/flask,2641,Routine,Low,False
prchunk_e3978612b011ecff92c6,prdoc_2531ec6c8df24737e051,1,PR description,456,68,pallets/flask,2641,Routine,Low,False
prchunk_d446f5c3c2647c745ea6,prdoc_2531ec6c8df24737e051,2,Change evidence,406,68,pallets/flask,2641,Routine,Low,False
prchunk_c832ce655dcc651beaa1,prdoc_2531ec6c8df24737e051,3,Predictive intelligence,470,66,pallets/flask,2641,Routine,Low,False
prchunk_f3f1f2b1f0de9c330e19,prdoc_2531ec6c8df24737e051,4,Deterministic policy intelligence,442,60,pallets/flask,2641,Routine,Low,False
prchunk_64ee162c307a29680ba2,prdoc_2531ec6c8df24737e051,5,Unified review priority,310,44,pallets/flask,2641,Routine,Low,False
prchunk_d9226d8c9d7875d76201,prdoc_c4d1ab268019f43344ba,0,PR identity,302,42,pallets/flask,2588,Routine,Low,False
prchunk_a64268a9f9c3a86c43a6,prdoc_c4d1ab268019f43344ba,1,PR description,1175,180,pallets/flask,2588,Routine,Low,False
prchunk_6414f1510b100e0a34d4,prdoc_c4d1ab268019f43344ba,2,PR description,296,47,pallets/flask,2588,Routine,Low,False
prchunk_6a462634b42185cd9929,prdoc_c4d1ab268019f43344ba,3,Change evidence,405,68,pallets/flask,2588,Routine,Low,False
prchunk_7544fcb14d1b0b65cf9a,prdoc_c4d1ab268019f43344ba,4,Predictive intelligence,474,67,pallets/flask,2588,Routine,Low,False
prchunk_8d816879198864c6b34e,prdoc_c4d1ab268019f43344ba,5,Deterministic policy intelligence,328,47,pallets/flask,2588,Routine,Low,False
prchunk_46d5ec8ecbc8593273d1,prdoc_c4d1ab268019f43344ba,6,Unified review priority,314,43,pallets/flask,2588,Routine,Low,False
prchunk_307ff8808438bfc68fbb,prdoc_163ee24a06cd523efab2,0,PR identity,284,40,pallets/flask,5044,Routine,Low,False
prchunk_e88e1fc6af04f01964c1,prdoc_163ee24a06cd523efab2,1,PR description,340,53,pallets/flask,5044,Routine,Low,False
prchunk_6c675720f73b32c18eb1,prdoc_163ee24a06cd523efab2,2,Change evidence,407,68,pallets/flask,5044,Routine,Low,False
prchunk_afa536c1c77fd742bf3c,prdoc_163ee24a06cd523efab2,3,Predictive intelligence,474,67,pallets/flask,5044,Routine,Low,False
prchunk_f07b9dfadf836ef928ea,prdoc_163ee24a06cd523efab2,4,Deterministic policy intelligence,321,45,pallets/flask,5044,Routine,Low,False
prchunk_76919459274cc60e42cf,prdoc_163ee24a06cd523efab2,5,Unified review priority,314,43,pallets/flask,5044,Routine,Low,False
prchunk_afaee4904958b7f25c23,prdoc_c42e6ada3caf4e0a1500,0,PR identity,286,36,pallets/flask,5702,Routine,Low,False
prchunk_6983b522ee5a0788140e,prdoc_c42e6ada3caf4e0a1500,1,PR description,367,59,pallets/flask,5702,Routine,Low,False
prchunk_6ed82c9e23d12e4810ee,prdoc_c42e6ada3caf4e0a1500,2,Change evidence,405,68,pallets/flask,5702,Routine,Low,False
prchunk_36b4dd012a6ae0ffff4b,prdoc_c42e6ada3caf4e0a1500,3,Predictive intelligence,414,57,pallets/flask,5702,Routine,Low,False
prchunk_671f413e97c59ff6380b,prdoc_c42e6ada3caf4e0a1500,4,Deterministic policy intelligence,442,60,pallets/flask,5702,Routine,Low,False
prchunk_1e3c571c5bc92436c565,prdoc_c42e6ada3caf4e0a1500,5,Unified review priority,310,44,pallets/flask,5702,Routine,Low,False
prchunk_f6c4a4cf066ef722ea0e,prdoc_cdb9aa5d0a0634f9af6a,0,PR identity,287,38,pallets/flask,4070,Routine,Low,False
prchunk_3966f7a4de0d0db4a80c,prdoc_cdb9aa5d0a0634f9af6a,1,PR description,1068,180,pallets/flask,4070,Routine,Low,False
prchunk_6522716cc7190dc9fde7,prdoc_cdb9aa5d0a0634f9af6a,2,PR description,294,55,pallets/flask,4070,Routine,Low,False
prchunk_cdf54eb6dd669869b34f,prdoc_cdb9aa5d0a0634f9af6a,3,Change evidence,405,68,pallets/flask,4070,Routine,Low,False
prchunk_ea094b2cf58942755ba7,prdoc_cdb9aa5d0a0634f9af6a,4,Predictive intelligence,474,67,pallets/flask,4070,Routine,Low,False
prchunk_5d49b78c12badfcaff65,prdoc_cdb9aa5d0a0634f9af6a,5,Deterministic policy intelligence,328,47,pallets/flask,4070,Routine,Low,False
prchunk_a219125aecdbfd706965,prdoc_cdb9aa5d0a0634f9af6a,6,Unified review priority,314,43,pallets/flask,4070,Routine,Low,False
prchunk_6a44421db64974c1647e,prdoc_e7c58ce9d8fc14c96d6e,0,PR identity,267,39,pallets/flask,3136,Routine,Low,False
prchunk_8d0de9488ac243ffdf47,prdoc_e7c58ce9d8fc14c96d6e,1,PR description,196,32,pallets/flask,3136,Routine,Low,False
prchunk_28aa333b7ea1de28c727,prdoc_e7c58ce9d8fc14c96d6e,2,Change evidence,405,68,pallets/flask,3136,Routine,Low,False
prchunk_48fdec6e2fa1941399c2,prdoc_e7c58ce9d8fc14c96d6e,3,Predictive intelligence,470,66,pallets/flask,3136,Routine,Low,False
prchunk_73f8049e9f1d2c0e6a02,prdoc_e7c58ce9d8fc14c96d6e,4,Deterministic policy intelligence,328,47,pallets/flask,3136,Routine,Low,False
prchunk_2f1dfe16b7420289f2ef,prdoc_e7c58ce9d8fc14c96d6e,5,Unified review priority,310,44,pallets/flask,3136,Routine,Low,False
prchunk_f73be4ccb65cfe13d731,prdoc_979da865c3800a4fc9b2,0,PR identity,271,36,pallets/flask,3069,Routine,Low,False
prchunk_11c463f93cddd67e35d7,prdoc_979da865c3800a4fc9b2,1,PR description,566,90,pallets/flask,3069,Routine,Low,False
prchunk_c0f48ce9f6233889dc58,prdoc_979da865c3800a4fc9b2,2,Change evidence,404,68,pallets/flask,3069,Routine,Low,False
prchunk_352b9301401589e18206,prdoc_979da865c3800a4fc9b2,3,Predictive intelligence,426,59,pallets/flask,3069,Routine,Low,False
prchunk_d948ce1ad4989d19f119,prdoc_979da865c3800a4fc9b2,4,Deterministic policy intelligence,320,46,pallets/flask,3069,Routine,Low,False
prchunk_b4c67ca44f0199b91068,prdoc_979da865c3800a4fc9b2,5,Unified review priority,311,42,pallets/flask,3069,Routine,Low,False
prchunk_d71aba0207e1ba148bb0,prdoc_e8dbe60101bb01b20fad,0,PR identity,272,37,pallets/flask,4809,Routine,Low,False
prchunk_4d6a68e96062c752290a,prdoc_e8dbe60101bb01b20fad,1,PR description,784,129,pallets/flask,4809,Routine,Low,False
prchunk_5fabee502a95897c26ee,prdoc_e8dbe60101bb01b20fad,2,Change evidence,404,68,pallets/flask,4809,Routine,Low,False
prchunk_fc63f3ff6ba4a139b98c,prdoc_e8dbe60101bb01b20fad,3,Predictive intelligence,474,67,pallets/flask,4809,Routine,Low,False
prchunk_d02793872080772be616,prdoc_e8dbe60101bb01b20fad,4,Deterministic policy intelligence,328,47,pallets/flask,4809,Routine,Low,False
prchunk_a07c365282b54ad402a7,prdoc_e8dbe60101bb01b20fad,5,Unified review priority,314,43,pallets/flask,4809,Routine,Low,False
prchunk_2955d13a9968d17864e9,prdoc_bd40eb6d040495c33dba,0,PR identity,266,35,pallets/flask,5313,Routine,Low,False
prchunk_d1e8a9c8f0e5264508ae,prdoc_bd40eb6d040495c33dba,1,PR description,709,98,pallets/flask,5313,Routine,Low,False
prchunk_ea56ca8f9adc15457eb9,prdoc_bd40eb6d040495c33dba,2,Change evidence,403,68,pallets/flask,5313,Routine,Low,False
prchunk_43970274358b686d8f48,prdoc_bd40eb6d040495c33dba,3,Predictive intelligence,414,57,pallets/flask,5313,Routine,Low,False
prchunk_0e87285811538ca4355c,prdoc_bd40eb6d040495c33dba,4,Deterministic policy intelligence,320,46,pallets/flask,5313,Routine,Low,False
prchunk_b0b0a24f3e3d633a2962,prdoc_bd40eb6d040495c33dba,5,Unified review priority,310,44,pallets/flask,5313,Routine,Low,False
prchunk_c525d4898ff410075229,prdoc_acd56b09a974f6699e21,0,PR identity,295,41,pallets/flask,5824,Routine,Low,False
prchunk_84488ca2bfa32ab0d386,prdoc_acd56b09a974f6699e21,1,PR description,513,73,pallets/flask,5824,Routine,Low,False
prchunk_09a59f61a1543c070e7b,prdoc_acd56b09a974f6699e21,2,Change evidence,405,68,pallets/flask,5824,Routine,Low,False
prchunk_a3b8686ae34fd0c99b50,prdoc_acd56b09a974f6699e21,3,Predictive intelligence,474,67,pallets/flask,5824,Routine,Low,False
prchunk_fb84833ad023878475b8,prdoc_acd56b09a974f6699e21,4,Deterministic policy intelligence,321,45,pallets/flask,5824,Routine,Low,False
prchunk_a4c5989a64c12ae154f4,prdoc_acd56b09a974f6699e21,5,Unified review priority,314,43,pallets/flask,5824,Routine,Low,False
prchunk_24d1c340a61cdcc399dd,prdoc_21ea0078f311bcdd886b,0,PR identity,292,37,pallets/flask,3382,Routine,Low,False
prchunk_6e20da010b8f3155a383,prdoc_21ea0078f311bcdd886b,1,PR description,287,38,pallets/flask,3382,Routine,Low,False
prchunk_001a607455d2ce214af8,prdoc_21ea0078f311bcdd886b,2,Change evidence,403,68,pallets/flask,3382,Routine,Low,False
prchunk_701a7fa48993f18042f0,prdoc_21ea0078f311bcdd886b,3,Predictive intelligence,414,57,pallets/flask,3382,Routine,Low,False
prchunk_8a9c72bfe51fa4f1e2c1,prdoc_21ea0078f311bcdd886b,4,Deterministic policy intelligence,321,45,pallets/flask,3382,Routine,Low,False
prchunk_6be8ca473bbf82316b10,prdoc_21ea0078f311bcdd886b,5,Unified review priority,310,44,pallets/flask,3382,Routine,Low,False
prchunk_cd5b0871f5e88f5aa063,prdoc_034da56e26852ac054f9,0,PR identity,266,37,pallets/flask,2614,Routine,Low,False
prchunk_171d1839e337290a373c,prdoc_034da56e26852ac054f9,1,PR description,394,66,pallets/flask,2614,Routine,Low,False
prchunk_19f89706d8536a1a3c05,prdoc_034da56e26852ac054f9,2,Change evidence,404,68,pallets/flask,2614,Routine,Low,False
prchunk_5cf43b9466cd5b848b3a,prdoc_034da56e26852ac054f9,3,Predictive intelligence,474,67,pallets/flask,2614,Routine,Low,False
prchunk_a16aa41e9c904857d0da,prdoc_034da56e26852ac054f9,4,Deterministic policy intelligence,321,45,pallets/flask,2614,Routine,Low,False
prchunk_7df226a3fb56d1580f7e,prdoc_034da56e26852ac054f9,5,Unified review priority,314,43,pallets/flask,2614,Routine,Low,False
prchunk_7260cd67257337060cc2,prdoc_2a13f472362997213822,0,PR identity,308,43,pallets/flask,4648,Routine,Low,False
prchunk_0304ba61aefb5d8e88b2,prdoc_2a13f472362997213822,1,PR description,1122,180,pallets/flask,4648,Routine,Low,False
prchunk_0ff4723c57c052d032a8,prdoc_2a13f472362997213822,2,PR description,1102,180,pallets/flask,4648,Routine,Low,False
prchunk_dfa1feaa7db897ae55b3,prdoc_2a13f472362997213822,3,PR description,668,120,pallets/flask,4648,Routine,Low,False
prchunk_b5e69e0402fc121e4546,prdoc_2a13f472362997213822,4,Change evidence,406,68,pallets/flask,4648,Routine,Low,False
prchunk_ebfae1dc1738c2e4e478,prdoc_2a13f472362997213822,5,Predictive intelligence,474,67,pallets/flask,4648,Routine,Low,False
prchunk_f2cf380cd9172f9ba83b,prdoc_2a13f472362997213822,6,Deterministic policy intelligence,328,47,pallets/flask,4648,Routine,Low,False
prchunk_5d7cd268163cbe990572,prdoc_2a13f472362997213822,7,Unified review priority,314,43,pallets/flask,4648,Routine,Low,False
prchunk_a8b892473203f20ecd96,prdoc_c3f32b99f4205b143ceb,0,PR identity,286,39,pallets/flask,3236,Routine,Low,False
prchunk_f2316181145c30a26dd7,prdoc_c3f32b99f4205b143ceb,1,PR description,289,47,pallets/flask,3236,Routine,Low,False
prchunk_fbf9de646cc96bdfc8c3,prdoc_c3f32b99f4205b143ceb,2,Change evidence,405,68,pallets/flask,3236,Routine,Low,False
prchunk_115e17d2e38bd933a0dc,prdoc_c3f32b99f4205b143ceb,3,Predictive intelligence,414,57,pallets/flask,3236,Routine,Low,False
prchunk_5fafb29d17d6ac08a7a5,prdoc_c3f32b99f4205b143ceb,4,Deterministic policy intelligence,321,45,pallets/flask,3236,Routine,Low,False
prchunk_ee819b5d9f76a3784bc2,prdoc_c3f32b99f4205b143ceb,5,Unified review priority,310,44,pallets/flask,3236,Routine,Low,False
prchunk_a8bc22197c0cfba9ee0c,prdoc_c5914e0143efd490e5a3,0,PR identity,277,39,pallets/flask,5780,Routine,Low,False
prchunk_12472236e8d265852850,prdoc_c5914e0143efd490e5a3,1,PR description,1091,180,pallets/flask,5780,Routine,Low,False
prchunk_b2222158edb0653bc8f4,prdoc_c5914e0143efd490e5a3,2,PR description,672,100,pallets/flask,5780,Routine,Low,False
prchunk_8b2d7ff6472992d47f2a,prdoc_c5914e0143efd490e5a3,3,Change evidence,404,68,pallets/flask,5780,Routine,Low,False
prchunk_119813922766c13dc73a,prdoc_c5914e0143efd490e5a3,4,Predictive intelligence,474,67,pallets/flask,5780,Routine,Low,False
prchunk_0ce90cc23cb5f49597d9,prdoc_c5914e0143efd490e5a3,5,Deterministic policy intelligence,328,47,pallets/flask,5780,Routine,Low,False
prchunk_642e57b59f63f87fbd7f,prdoc_c5914e0143efd490e5a3,6,Unified review priority,314,43,pallets/flask,5780,Routine,Low,False
prchunk_34b594e3e524021f934a,prdoc_35e0b7a1e1c9611b606a,0,PR identity,282,38,pallets/flask,5344,Routine,Low,False
prchunk_3e782113a883c2cf7972,prdoc_35e0b7a1e1c9611b606a,1,PR description,684,118,pallets/flask,5344,Routine,Low,False
prchunk_ef2be1db0eda0118a373,prdoc_35e0b7a1e1c9611b606a,2,Change evidence,403,68,pallets/flask,5344,Routine,Low,False
prchunk_bf787b7b626ec8c59723,prdoc_35e0b7a1e1c9611b606a,3,Predictive intelligence,426,59,pallets/flask,5344,Routine,Low,False
prchunk_737345c406047ea2ec85,prdoc_35e0b7a1e1c9611b606a,4,Deterministic policy intelligence,320,46,pallets/flask,5344,Routine,Low,False
prchunk_63ae2e6374868346a7e1,prdoc_35e0b7a1e1c9611b606a,5,Unified review priority,311,42,pallets/flask,5344,Routine,Low,False
prchunk_0ed94a740b531a4bd411,prdoc_aeb42fc41ddd88ed2912,0,PR identity,274,39,pallets/flask,3910,Routine,Low,False
prchunk_0ed9d7bb63bad38aefde,prdoc_aeb42fc41ddd88ed2912,1,PR description,1030,170,pallets/flask,3910,Routine,Low,False
prchunk_419f31186c503471bd7c,prdoc_aeb42fc41ddd88ed2912,2,Change evidence,405,68,pallets/flask,3910,Routine,Low,False
prchunk_e8d50d13f78f4e184623,prdoc_aeb42fc41ddd88ed2912,3,Predictive intelligence,474,67,pallets/flask,3910,Routine,Low,False
prchunk_1d81aab4194eaac95508,prdoc_aeb42fc41ddd88ed2912,4,Deterministic policy intelligence,328,47,pallets/flask,3910,Routine,Low,False
prchunk_c76f5be43a4d039e90a9,prdoc_aeb42fc41ddd88ed2912,5,Unified review priority,314,43,pallets/flask,3910,Routine,Low,False
prchunk_d67ba2bd9e3457e294ef,prdoc_e1139b238007457c4173,0,PR identity,275,39,pallets/flask,3951,Routine,Low,False
prchunk_96156a38a0d9705dfcf1,prdoc_e1139b238007457c4173,1,PR description,707,119,pallets/flask,3951,Routine,Low,False
prchunk_71f351869012741a25fe,prdoc_e1139b238007457c4173,2,Change evidence,404,68,pallets/flask,3951,Routine,Low,False
prchunk_2ce8acd56bea2781808b,prdoc_e1139b238007457c4173,3,Predictive intelligence,474,67,pallets/flask,3951,Routine,Low,False
prchunk_8fd6cc9aede3eb8bc8eb,prdoc_e1139b238007457c4173,4,Deterministic policy intelligence,328,47,pallets/flask,3951,Routine,Low,False
prchunk_9768016bab5d8600e27e,prdoc_e1139b238007457c4173,5,Unified review priority,314,43,pallets/flask,3951,Routine,Low,False
prchunk_0432245a58492669291c,prdoc_86eb8d19930323be7faa,0,PR identity,258,35,pallets/flask,2940,Routine,Low,False
prchunk_b536b5685f5308f06c11,prdoc_86eb8d19930323be7faa,1,PR description,698,112,pallets/flask,2940,Routine,Low,False
prchunk_714ddd6b9086669da917,prdoc_86eb8d19930323be7faa,2,Change evidence,404,68,pallets/flask,2940,Routine,Low,False
prchunk_80ffa515f84804ac1fef,prdoc_86eb8d19930323be7faa,3,Predictive intelligence,418,58,pallets/flask,2940,Routine,Low,False
prchunk_c2c8f8459675c463a224,prdoc_86eb8d19930323be7faa,4,Deterministic policy intelligence,320,46,pallets/flask,2940,Routine,Low,False
prchunk_957d939b13e8b29d80ca,prdoc_86eb8d19930323be7faa,5,Unified review priority,314,43,pallets/flask,2940,Routine,Low,False
prchunk_b475656332429c921a3b,prdoc_067efbb1965b4b2b6716,0,PR identity,300,40,pallets/flask,4223,Routine,Low,False
prchunk_af47dffb52b10eaa8f63,prdoc_067efbb1965b4b2b6716,1,PR description,1180,180,pallets/flask,4223,Routine,Low,False
prchunk_426c859e35f7c72a644f,prdoc_067efbb1965b4b2b6716,2,PR description,798,140,pallets/flask,4223,Routine,Low,False
prchunk_0442a9f48e490512c99d,prdoc_067efbb1965b4b2b6716,3,Change evidence,405,68,pallets/flask,4223,Routine,Low,False
prchunk_6297c8e6a549ffbe34a2,prdoc_067efbb1965b4b2b6716,4,Predictive intelligence,474,67,pallets/flask,4223,Routine,Low,False
prchunk_65abc810c3cae243c091,prdoc_067efbb1965b4b2b6716,5,Deterministic policy intelligence,328,47,pallets/flask,4223,Routine,Low,False
prchunk_4676a32e895a8a216480,prdoc_067efbb1965b4b2b6716,6,Unified review priority,314,43,pallets/flask,4223,Routine,Low,False
prchunk_d3abca2f8a1d0de3583f,prdoc_0fb8036ed11348d33f24,0,PR identity,259,36,pallets/flask,4133,Routine,Low,False
prchunk_2b605117b656c85ac66e,prdoc_0fb8036ed11348d33f24,1,PR description,817,143,pallets/flask,4133,Routine,Low,False
prchunk_399081ab45ee278225ea,prdoc_0fb8036ed11348d33f24,2,Change evidence,404,68,pallets/flask,4133,Routine,Low,False
prchunk_91f4a5b43113f51ca6c5,prdoc_0fb8036ed11348d33f24,3,Predictive intelligence,474,67,pallets/flask,4133,Routine,Low,False
prchunk_1a2826d3b2a3eae3a934,prdoc_0fb8036ed11348d33f24,4,Deterministic policy intelligence,328,47,pallets/flask,4133,Routine,Low,False
prchunk_5bbf757e74bb67ecc072,prdoc_0fb8036ed11348d33f24,5,Unified review priority,314,43,pallets/flask,4133,Routine,Low,False
prchunk_871d43d14e10bb08e822,prdoc_b4e978164377c7c39106,0,PR identity,297,39,pallets/flask,4698,Routine,Low,False
prchunk_ce83a48c284aa3ea4a33,prdoc_b4e978164377c7c39106,1,PR description,1177,180,pallets/flask,4698,Routine,Low,False
prchunk_79c32dfe0844d47335f5,prdoc_b4e978164377c7c39106,2,PR description,241,42,pallets/flask,4698,Routine,Low,False
prchunk_31472ab1ce56ada824cc,prdoc_b4e978164377c7c39106,3,Change evidence,404,68,pallets/flask,4698,Routine,Low,False
prchunk_88c29cf27dfc08bceb50,prdoc_b4e978164377c7c39106,4,Predictive intelligence,474,67,pallets/flask,4698,Routine,Low,False
prchunk_f8633dcc4b6e70cbe537,prdoc_b4e978164377c7c39106,5,Deterministic policy intelligence,328,47,pallets/flask,4698,Routine,Low,False
prchunk_148345736c4163138d31,prdoc_b4e978164377c7c39106,6,Unified review priority,314,43,pallets/flask,4698,Routine,Low,False
prchunk_23aba80f6c739aa996d3,prdoc_c89d7e617e1d32ab64ca,0,PR identity,282,37,pallets/flask,2859,Routine,Low,False
prchunk_b652543c69d692fbe0b1,prdoc_c89d7e617e1d32ab64ca,1,PR description,383,52,pallets/flask,2859,Routine,Low,False
prchunk_b120fb120b923d40f7a0,prdoc_c89d7e617e1d32ab64ca,2,Change evidence,406,68,pallets/flask,2859,Routine,Low,False
prchunk_4c80a8122a0e959f511f,prdoc_c89d7e617e1d32ab64ca,3,Predictive intelligence,474,67,pallets/flask,2859,Routine,Low,False
prchunk_a63c65dfc4f4b5be3e25,prdoc_c89d7e617e1d32ab64ca,4,Deterministic policy intelligence,321,45,pallets/flask,2859,Routine,Low,False
prchunk_01f2b8139c629ede4da2,prdoc_c89d7e617e1d32ab64ca,5,Unified review priority,314,43,pallets/flask,2859,Routine,Low,False
prchunk_03cc7ad6072ddc8b95f0,prdoc_d6e85d078356140d003f,0,PR identity,279,40,pallets/flask,2650,Routine,Low,False
prchunk_b9f8c8a26a1a67d3ab89,prdoc_d6e85d078356140d003f,1,PR description,216,33,pallets/flask,2650,Routine,Low,False
prchunk_6d64b3bde3ee76f762c3,prdoc_d6e85d078356140d003f,2,Change evidence,403,68,pallets/flask,2650,Routine,Low,False
prchunk_7723013361ad085eb7c4,prdoc_d6e85d078356140d003f,3,Predictive intelligence,470,66,pallets/flask,2650,Routine,Low,False
prchunk_c5acf818dde7729b2fa8,prdoc_d6e85d078356140d003f,4,Deterministic policy intelligence,328,47,pallets/flask,2650,Routine,Low,False
prchunk_9d671aa2a12151cb8c64,prdoc_d6e85d078356140d003f,5,Unified review priority,310,44,pallets/flask,2650,Routine,Low,False
prchunk_20a3e081009936ef4920,prdoc_818d5e49cd33b2bd9706,0,PR identity,302,40,pallets/flask,3405,Routine,Low,False
prchunk_c085ed409b13ddea80db,prdoc_818d5e49cd33b2bd9706,1,PR description,1097,179,pallets/flask,3405,Routine,Low,False
prchunk_a8f816f9ec7c18f21072,prdoc_818d5e49cd33b2bd9706,2,Change evidence,404,68,pallets/flask,3405,Routine,Low,False
prchunk_f077fd861c0a75969c78,prdoc_818d5e49cd33b2bd9706,3,Predictive intelligence,474,67,pallets/flask,3405,Routine,Low,False
prchunk_9ed3990f0fc54e25a8f9,prdoc_818d5e49cd33b2bd9706,4,Deterministic policy intelligence,328,47,pallets/flask,3405,Routine,Low,False
prchunk_8c4f5d721063a3323a39,prdoc_818d5e49cd33b2bd9706,5,Unified review priority,314,43,pallets/flask,3405,Routine,Low,False
prchunk_208e29028e43a2e6e4b4,prdoc_5c631d4987073592c093,0,PR identity,254,35,pallets/flask,3192,Routine,Low,False
prchunk_446da18f359e04cf84c1,prdoc_5c631d4987073592c093,1,PR description,264,41,pallets/flask,3192,Routine,Low,False
prchunk_6a5cf5f431a43fafda95,prdoc_5c631d4987073592c093,2,Change evidence,404,68,pallets/flask,3192,Routine,Low,False
prchunk_8414ea163827e9b7885a,prdoc_5c631d4987073592c093,3,Predictive intelligence,474,67,pallets/flask,3192,Routine,Low,False
prchunk_9457430c92b5ef84d08e,prdoc_5c631d4987073592c093,4,Deterministic policy intelligence,321,45,pallets/flask,3192,Routine,Low,False
prchunk_5fd3e165449024d6871a,prdoc_5c631d4987073592c093,5,Unified review priority,314,43,pallets/flask,3192,Routine,Low,False
prchunk_30a112470d69f53acb22,prdoc_025b845dc7d8e74455b5,0,PR identity,255,37,pallets/flask,3128,Routine,Low,False
prchunk_e7d72e35e5ac1c2ec723,prdoc_025b845dc7d8e74455b5,1,PR description,192,30,pallets/flask,3128,Routine,Low,False
prchunk_39b8ef502c32f66ae14a,prdoc_025b845dc7d8e74455b5,2,Change evidence,403,68,pallets/flask,3128,Routine,Low,False
prchunk_ad667db189f9e18cec36,prdoc_025b845dc7d8e74455b5,3,Predictive intelligence,470,66,pallets/flask,3128,Routine,Low,False
prchunk_86d4d1f2f3a56ea09fcd,prdoc_025b845dc7d8e74455b5,4,Deterministic policy intelligence,328,47,pallets/flask,3128,Routine,Low,False
prchunk_222d7e03ba20cf260256,prdoc_025b845dc7d8e74455b5,5,Unified review priority,310,44,pallets/flask,3128,Routine,Low,False
prchunk_8e84072d172892a35826,prdoc_db659f02ed1311a815c1,0,PR identity,301,42,pallets/flask,5629,Routine,Low,False
prchunk_063d4beec16b186543c9,prdoc_db659f02ed1311a815c1,1,PR description,1106,180,pallets/flask,5629,Routine,Low,False
prchunk_553d3f41e4b8082dfc98,prdoc_db659f02ed1311a815c1,2,PR description,290,52,pallets/flask,5629,Routine,Low,False
prchunk_ee64e0dfb20bbc79b77a,prdoc_db659f02ed1311a815c1,3,Change evidence,404,68,pallets/flask,5629,Routine,Low,False
prchunk_ddd596b6fc4630ae35f9,prdoc_db659f02ed1311a815c1,4,Predictive intelligence,474,67,pallets/flask,5629,Routine,Low,False
prchunk_d542de8296e7ed8cea39,prdoc_db659f02ed1311a815c1,5,Deterministic policy intelligence,328,47,pallets/flask,5629,Routine,Low,False
prchunk_91a52bf6a1eaca914360,prdoc_db659f02ed1311a815c1,6,Unified review priority,314,43,pallets/flask,5629,Routine,Low,False
prchunk_d4564bde2eeb855a3859,prdoc_54aada8a868910747e60,0,PR identity,275,39,pallets/flask,3897,Routine,Low,False
prchunk_90f0790417798a8561b9,prdoc_54aada8a868910747e60,1,PR description,283,45,pallets/flask,3897,Routine,Low,False
prchunk_638be473ef2d7d703f14,prdoc_54aada8a868910747e60,2,Change evidence,404,68,pallets/flask,3897,Routine,Low,False
prchunk_773564dccb43269ac547,prdoc_54aada8a868910747e60,3,Predictive intelligence,474,67,pallets/flask,3897,Routine,Low,False
prchunk_6d537ff33523d52ca5bc,prdoc_54aada8a868910747e60,4,Deterministic policy intelligence,321,45,pallets/flask,3897,Routine,Low,False
prchunk_f0da589fa0fa16ed9ff7,prdoc_54aada8a868910747e60,5,Unified review priority,314,43,pallets/flask,3897,Routine,Low,False
prchunk_14168225bce6e6b51810,prdoc_a73332471d70187f9cba,0,PR identity,253,36,pallets/flask,4506,Routine,Low,False
prchunk_6558de8491070f4d9c83,prdoc_a73332471d70187f9cba,1,PR description,412,43,pallets/flask,4506,Routine,Low,False
prchunk_8531fa854b5fbf9f415a,prdoc_a73332471d70187f9cba,2,Change evidence,403,68,pallets/flask,4506,Routine,Low,False
prchunk_0b71ccb615a0eb3fc639,prdoc_a73332471d70187f9cba,3,Predictive intelligence,474,67,pallets/flask,4506,Routine,Low,False
prchunk_aaef15cdb324eaa8c2d9,prdoc_a73332471d70187f9cba,4,Deterministic policy intelligence,321,45,pallets/flask,4506,Routine,Low,False
prchunk_08dc97286f90b6bb8c20,prdoc_a73332471d70187f9cba,5,Unified review priority,314,43,pallets/flask,4506,Routine,Low,False
prchunk_4a80bedfe6ce504471f8,prdoc_a4ea7014ac1ace8f5d0a,0,PR identity,250,36,pallets/flask,5511,Routine,Low,False
prchunk_6f10396039269f42a6ff,prdoc_a4ea7014ac1ace8f5d0a,1,PR description,232,38,pallets/flask,5511,Routine,Low,False
prchunk_ab4f279878b2accdb84a,prdoc_a4ea7014ac1ace8f5d0a,2,Change evidence,409,68,pallets/flask,5511,Routine,Low,False
prchunk_470bde5d873266a599b5,prdoc_a4ea7014ac1ace8f5d0a,3,Predictive intelligence,470,66,pallets/flask,5511,Routine,Low,False
prchunk_a92cc3e80002774ad60c,prdoc_a4ea7014ac1ace8f5d0a,4,Deterministic policy intelligence,442,60,pallets/flask,5511,Routine,Low,False
prchunk_bbc5f951261c4337c123,prdoc_a4ea7014ac1ace8f5d0a,5,Unified review priority,310,44,pallets/flask,5511,Routine,Low,False
prchunk_746ea5ecafa109e2be5c,prdoc_fecdb8f0c8e863418a72,0,PR identity,322,43,pallets/flask,5735,Routine,Low,False
prchunk_d2e7af5b34aa4571f53e,prdoc_fecdb8f0c8e863418a72,1,PR description,1233,163,pallets/flask,5735,Routine,Low,False
prchunk_cb41630f2a5e9d30e53e,prdoc_fecdb8f0c8e863418a72,2,Change evidence,405,68,pallets/flask,5735,Routine,Low,False
prchunk_c02032446b3ae45ea815,prdoc_fecdb8f0c8e863418a72,3,Predictive intelligence,474,67,pallets/flask,5735,Routine,Low,False
prchunk_0412b966c6c3135c5838,prdoc_fecdb8f0c8e863418a72,4,Deterministic policy intelligence,328,47,pallets/flask,5735,Routine,Low,False
prchunk_bb8598cd1032e032a769,prdoc_fecdb8f0c8e863418a72,5,Unified review priority,314,43,pallets/flask,5735,Routine,Low,False
prchunk_9382ac65a484043d7b6f,prdoc_4106327c50415e5094ac,0,PR identity,268,38,pallets/flask,2855,Routine,Low,False
prchunk_54170ce5d5817e92fd41,prdoc_4106327c50415e5094ac,1,PR description,232,37,pallets/flask,2855,Routine,Low,False
prchunk_9707aa92df3f7472005d,prdoc_4106327c50415e5094ac,2,Change evidence,405,68,pallets/flask,2855,Routine,Low,False
prchunk_49eb18735de25e4927b9,prdoc_4106327c50415e5094ac,3,Predictive intelligence,474,67,pallets/flask,2855,Routine,Low,False
prchunk_d3be217e0936a3bc7bf6,prdoc_4106327c50415e5094ac,4,Deterministic policy intelligence,321,45,pallets/flask,2855,Routine,Low,False
prchunk_9782036508f83fee7420,prdoc_4106327c50415e5094ac,5,Unified review priority,314,43,pallets/flask,2855,Routine,Low,False
prchunk_b905bb7a214058f1ecde,prdoc_715734a94b9c0ec9d84c,0,PR identity,250,35,pallets/flask,3280,Routine,Low,False
prchunk_0159ed391aa5ccc157db,prdoc_715734a94b9c0ec9d84c,1,PR description,264,33,pallets/flask,3280,Routine,Low,False
prchunk_5411c30766eb54493210,prdoc_715734a94b9c0ec9d84c,2,Change evidence,403,68,pallets/flask,3280,Routine,Low,False
prchunk_984d401716fc5acd4196,prdoc_715734a94b9c0ec9d84c,3,Predictive intelligence,474,67,pallets/flask,3280,Routine,Low,False
prchunk_596fec214d39d82629da,prdoc_715734a94b9c0ec9d84c,4,Deterministic policy intelligence,321,45,pallets/flask,3280,Routine,Low,False
prchunk_df3db4496db308b51fe3,prdoc_715734a94b9c0ec9d84c,5,Unified review priority,314,43,pallets/flask,3280,Routine,Low,False
prchunk_0aaabd7dde6353aa12ce,prdoc_cc00102cdcdd5e87ec12,0,PR identity,290,40,pallets/flask,3296,Routine,Low,False
prchunk_85cedc458e139c97f0ce,prdoc_cc00102cdcdd5e87ec12,1,PR description,478,68,pallets/flask,3296,Routine,Low,False
prchunk_4aa5f09c3c87d8a175c6,prdoc_cc00102cdcdd5e87ec12,2,Change evidence,404,68,pallets/flask,3296,Routine,Low,False
prchunk_8df2f34f99965541261d,prdoc_cc00102cdcdd5e87ec12,3,Predictive intelligence,474,67,pallets/flask,3296,Routine,Low,False
prchunk_02d4535685cba1b8fb7d,prdoc_cc00102cdcdd5e87ec12,4,Deterministic policy intelligence,321,45,pallets/flask,3296,Routine,Low,False
prchunk_33cff14142adeada0dfd,prdoc_cc00102cdcdd5e87ec12,5,Unified review priority,314,43,pallets/flask,3296,Routine,Low,False
prchunk_dfa6eeabc7f7bcadec8f,prdoc_bd93402271b93edd815d,0,PR identity,288,36,pallets/flask,4560,Routine,Low,False
prchunk_e846f74ade5f8ec761a7,prdoc_bd93402271b93edd815d,1,PR description,199,29,pallets/flask,4560,Routine,Low,False
prchunk_c242d94f17b2bca3d6d7,prdoc_bd93402271b93edd815d,2,Change evidence,405,68,pallets/flask,4560,Routine,Low,False
prchunk_e7ddd80f012a2bb1fecd,prdoc_bd93402271b93edd815d,3,Predictive intelligence,414,57,pallets/flask,4560,Routine,Low,False
prchunk_4036b29cffa14a80110e,prdoc_bd93402271b93edd815d,4,Deterministic policy intelligence,442,60,pallets/flask,4560,Routine,Low,False
prchunk_5d35150f1f20368429df,prdoc_bd93402271b93edd815d,5,Unified review priority,310,44,pallets/flask,4560,Routine,Low,False
prchunk_9ead62da3a38c0a55f9e,prdoc_2f31646f6a2b0122b794,0,PR identity,254,36,pallets/flask,4927,Routine,Low,False
prchunk_fe065dc87ffea9dc3aaa,prdoc_2f31646f6a2b0122b794,1,PR description,372,60,pallets/flask,4927,Routine,Low,False
prchunk_f266d23c34a4a32af1a1,prdoc_2f31646f6a2b0122b794,2,Change evidence,403,68,pallets/flask,4927,Routine,Low,False
prchunk_9d81ce6438dd8a8ccb2b,prdoc_2f31646f6a2b0122b794,3,Predictive intelligence,474,67,pallets/flask,4927,Routine,Low,False
prchunk_34ae14c7369b7f9e9239,prdoc_2f31646f6a2b0122b794,4,Deterministic policy intelligence,321,45,pallets/flask,4927,Routine,Low,False
prchunk_7648f139931a4781846f,prdoc_2f31646f6a2b0122b794,5,Unified review priority,314,43,pallets/flask,4927,Routine,Low,False
prchunk_239ea9082fe24f1364ae,prdoc_bf4d8011d5d70507db6b,0,PR identity,255,33,pallets/flask,3989,Routine,Low,False
prchunk_9c16fbca66ad53d03317,prdoc_bf4d8011d5d70507db6b,1,PR description,579,99,pallets/flask,3989,Routine,Low,False
prchunk_8f5309965d222f756272,prdoc_bf4d8011d5d70507db6b,2,Change evidence,407,68,pallets/flask,3989,Routine,Low,False
prchunk_8cbc6fc3287e983df77e,prdoc_bf4d8011d5d70507db6b,3,Predictive intelligence,414,57,pallets/flask,3989,Routine,Low,False
prchunk_9db868eb3acd25747eff,prdoc_bf4d8011d5d70507db6b,4,Deterministic policy intelligence,328,47,pallets/flask,3989,Routine,Low,False
prchunk_624551dc117ab51f279b,prdoc_bf4d8011d5d70507db6b,5,Unified review priority,310,44,pallets/flask,3989,Routine,Low,False
prchunk_94b13d4ad4cc5cea23bd,prdoc_3d6c96ab51649dfde95e,0,PR identity,319,46,pallets/flask,5482,Routine,Low,False
prchunk_e5d10a7071e0f51c301c,prdoc_3d6c96ab51649dfde95e,1,PR description,570,90,pallets/flask,5482,Routine,Low,False
prchunk_faf2f1df846ae47a10ed,prdoc_3d6c96ab51649dfde95e,2,Change evidence,404,68,pallets/flask,5482,Routine,Low,False
prchunk_bd40a2b0eabf0f6adc65,prdoc_3d6c96ab51649dfde95e,3,Predictive intelligence,474,67,pallets/flask,5482,Routine,Low,False
prchunk_b1b5bd5110ef197523b6,prdoc_3d6c96ab51649dfde95e,4,Deterministic policy intelligence,328,47,pallets/flask,5482,Routine,Low,False
prchunk_c4dbea07bb8d5a530060,prdoc_3d6c96ab51649dfde95e,5,Unified review priority,314,43,pallets/flask,5482,Routine,Low,False
prchunk_a54ed6a54016d6ba61b6,prdoc_8d12cf78e5983749b08e,0,PR identity,278,38,pallets/flask,2910,Routine,Low,False
prchunk_9096984ccdc16e09230d,prdoc_8d12cf78e5983749b08e,1,PR description,897,132,pallets/flask,2910,Routine,Low,False
prchunk_6a5221994c26a26d6ca7,prdoc_8d12cf78e5983749b08e,2,Change evidence,403,68,pallets/flask,2910,Routine,Low,False
prchunk_2f732b67e4cc6fef2d2f,prdoc_8d12cf78e5983749b08e,3,Predictive intelligence,418,58,pallets/flask,2910,Routine,Low,False
prchunk_042f86b714870cb15493,prdoc_8d12cf78e5983749b08e,4,Deterministic policy intelligence,320,46,pallets/flask,2910,Routine,Low,False
prchunk_3e773bb2e289b6e21718,prdoc_8d12cf78e5983749b08e,5,Unified review priority,314,43,pallets/flask,2910,Routine,Low,False
prchunk_21946b8ad5bbfb9811a3,prdoc_6a1f2abda9dffdb4fa7f,0,PR identity,257,37,pallets/flask,3149,Routine,Low,False
prchunk_4c364543e85ee77f79b4,prdoc_6a1f2abda9dffdb4fa7f,1,PR description,497,66,pallets/flask,3149,Routine,Low,False
prchunk_bc2bd06798175f8aba88,prdoc_6a1f2abda9dffdb4fa7f,2,Change evidence,403,68,pallets/flask,3149,Routine,Low,False
prchunk_62300805c3bd92ee5e8e,prdoc_6a1f2abda9dffdb4fa7f,3,Predictive intelligence,474,67,pallets/flask,3149,Routine,Low,False
prchunk_af2ef87b9de484e541fe,prdoc_6a1f2abda9dffdb4fa7f,4,Deterministic policy intelligence,321,45,pallets/flask,3149,Routine,Low,False
prchunk_5a885dbbd8d5699d53d0,prdoc_6a1f2abda9dffdb4fa7f,5,Unified review priority,314,43,pallets/flask,3149,Routine,Low,False
prchunk_7652fb4dc82f3580361f,prdoc_ce1a1d107d9e5102e4c9,0,PR identity,281,37,pallets/flask,5526,Routine,Low,False
prchunk_8d65adfd65ec70b6c9b0,prdoc_ce1a1d107d9e5102e4c9,1,PR description,352,55,pallets/flask,5526,Routine,Low,False
prchunk_c5862e975c59536be07a,prdoc_ce1a1d107d9e5102e4c9,2,Change evidence,406,68,pallets/flask,5526,Routine,Low,False
prchunk_38f7823cf0b7954eb3f3,prdoc_ce1a1d107d9e5102e4c9,3,Predictive intelligence,414,57,pallets/flask,5526,Routine,Low,False
prchunk_1c42bc30ca59395b70ad,prdoc_ce1a1d107d9e5102e4c9,4,Deterministic policy intelligence,442,60,pallets/flask,5526,Routine,Low,False
prchunk_251ae101aac7c72807f9,prdoc_ce1a1d107d9e5102e4c9,5,Unified review priority,310,44,pallets/flask,5526,Routine,Low,False
prchunk_54863d383c33a69f42e0,prdoc_bbff03a89af932814bbe,0,PR identity,286,41,pallets/flask,3030,Routine,Low,False
prchunk_9b099b233f53bc0d9199,prdoc_bbff03a89af932814bbe,1,PR description,308,48,pallets/flask,3030,Routine,Low,False
prchunk_6ffa34d2a9738f9daa23,prdoc_bbff03a89af932814bbe,2,Change evidence,404,68,pallets/flask,3030,Routine,Low,False
prchunk_b175f901ea5a26aa8d6f,prdoc_bbff03a89af932814bbe,3,Predictive intelligence,474,67,pallets/flask,3030,Routine,Low,False
prchunk_e491c0d4f476310e9c0e,prdoc_bbff03a89af932814bbe,4,Deterministic policy intelligence,321,45,pallets/flask,3030,Routine,Low,False
prchunk_95e9cbbf92eb1081ccdb,prdoc_bbff03a89af932814bbe,5,Unified review priority,314,43,pallets/flask,3030,Routine,Low,False
prchunk_732d71d7372e4c4aac66,prdoc_a366fd08e4488b5371f7,0,PR identity,290,37,pallets/flask,3460,Routine,Low,False
prchunk_a78a3c175fa446868ea9,prdoc_a366fd08e4488b5371f7,1,PR description,680,105,pallets/flask,3460,Routine,Low,False
prchunk_78780f33f5f99a589df4,prdoc_a366fd08e4488b5371f7,2,Change evidence,403,68,pallets/flask,3460,Routine,Low,False
prchunk_3d460f63a8fd4531b32b,prdoc_a366fd08e4488b5371f7,3,Predictive intelligence,426,59,pallets/flask,3460,Routine,Low,False
prchunk_baba64d78f4a2e7affb1,prdoc_a366fd08e4488b5371f7,4,Deterministic policy intelligence,320,46,pallets/flask,3460,Routine,Low,False
prchunk_bfea710e105bb2ef3159,prdoc_a366fd08e4488b5371f7,5,Unified review priority,311,42,pallets/flask,3460,Routine,Low,False
prchunk_5d38a82a6f0360372364,prdoc_797cbb63fce249bb8f28,0,PR identity,288,41,pallets/flask,3432,Routine,Low,False
prchunk_104394a493b715132d70,prdoc_797cbb63fce249bb8f28,1,PR description,241,31,pallets/flask,3432,Routine,Low,False
prchunk_98bc46cca0a5ca66d249,prdoc_797cbb63fce249bb8f28,2,Change evidence,405,68,pallets/flask,3432,Routine,Low,False
prchunk_6b55f1519bc29ecdc416,prdoc_797cbb63fce249bb8f28,3,Predictive intelligence,474,67,pallets/flask,3432,Routine,Low,False
prchunk_a7aaeef3e24213db6101,prdoc_797cbb63fce249bb8f28,4,Deterministic policy intelligence,321,45,pallets/flask,3432,Routine,Low,False
prchunk_0a1ab4b5f59d5a4c3588,prdoc_797cbb63fce249bb8f28,5,Unified review priority,314,43,pallets/flask,3432,Routine,Low,False
prchunk_e9b6591e599a8f4a03ba,prdoc_d7aca7a1a0690d6bd8aa,0,PR identity,251,35,pallets/flask,3703,Routine,Low,False
prchunk_627f75067b046ffa7adc,prdoc_d7aca7a1a0690d6bd8aa,1,PR description,239,38,pallets/flask,3703,Routine,Low,False
prchunk_7e2fb7153c86056a78ee,prdoc_d7aca7a1a0690d6bd8aa,2,Change evidence,403,68,pallets/flask,3703,Routine,Low,False
prchunk_aa5deda807b59f299bad,prdoc_d7aca7a1a0690d6bd8aa,3,Predictive intelligence,474,67,pallets/flask,3703,Routine,Low,False
prchunk_4372215cd0728e0110e5,prdoc_d7aca7a1a0690d6bd8aa,4,Deterministic policy intelligence,321,45,pallets/flask,3703,Routine,Low,False
prchunk_ae0cc930d987caf6af4b,prdoc_d7aca7a1a0690d6bd8aa,5,Unified review priority,314,43,pallets/flask,3703,Routine,Low,False
prchunk_4fa2731cfbda1ad34f08,prdoc_429712bdc971d2a75ed9,0,PR identity,262,35,pallets/flask,5898,Routine,Low,False
prchunk_da23ee3fdf0f2606bf8c,prdoc_429712bdc971d2a75ed9,1,PR description,176,27,pallets/flask,5898,Routine,Low,False
prchunk_07e0a6549f63b57a31ca,prdoc_429712bdc971d2a75ed9,2,Change evidence,405,68,pallets/flask,5898,Routine,Low,False
prchunk_9255ef91f18eb8c773a5,prdoc_429712bdc971d2a75ed9,3,Predictive intelligence,414,57,pallets/flask,5898,Routine,Low,False
prchunk_631b195228beae874bcb,prdoc_429712bdc971d2a75ed9,4,Deterministic policy intelligence,321,45,pallets/flask,5898,Routine,Low,False
prchunk_0b5a4e205d1d9f4a5396,prdoc_429712bdc971d2a75ed9,5,Unified review priority,310,44,pallets/flask,5898,Routine,Low,False
prchunk_c2ebdcc08ed71524a7bc,prdoc_a11d783cecf1fba0fa9a,0,PR identity,257,34,pallets/flask,5829,Routine,Low,False
prchunk_143b15e784bc4ce5fbd3,prdoc_a11d783cecf1fba0fa9a,1,PR description,191,30,pallets/flask,5829,Routine,Low,False
prchunk_352015b76793ff7873e2,prdoc_a11d783cecf1fba0fa9a,2,Change evidence,404,68,pallets/flask,5829,Routine,Low,False
prchunk_fdde39f185fb69d30628,prdoc_a11d783cecf1fba0fa9a,3,Predictive intelligence,414,57,pallets/flask,5829,Routine,Low,False
prchunk_d75f7dbef385bee0c2c5,prdoc_a11d783cecf1fba0fa9a,4,Deterministic policy intelligence,321,45,pallets/flask,5829,Routine,Low,False
prchunk_160a37476acd89791cb8,prdoc_a11d783cecf1fba0fa9a,5,Unified review priority,310,44,pallets/flask,5829,Routine,Low,False
prchunk_fa32226a06638c533df4,prdoc_a5f11235470fc8375829,0,PR identity,281,37,pallets/flask,4184,Routine,Low,False
prchunk_ce52c8a32aea97c69f49,prdoc_a5f11235470fc8375829,1,PR description,3100,180,pallets/flask,4184,Routine,Low,False
prchunk_fd4f8368f87b8d653d2e,prdoc_a5f11235470fc8375829,2,PR description,1426,180,pallets/flask,4184,Routine,Low,False
prchunk_6a0a549c176c08b39be5,prdoc_a5f11235470fc8375829,3,PR description,527,88,pallets/flask,4184,Routine,Low,False
prchunk_f8fbfc35091287f96b01,prdoc_a5f11235470fc8375829,4,Change evidence,407,68,pallets/flask,4184,Routine,Low,False
prchunk_abf53e81fbb43d8832f7,prdoc_a5f11235470fc8375829,5,Predictive intelligence,414,57,pallets/flask,4184,Routine,Low,False
prchunk_7df916612b4e3f7f706a,prdoc_a5f11235470fc8375829,6,Deterministic policy intelligence,328,47,pallets/flask,4184,Routine,Low,False
prchunk_f5e15e266c14b862d3e1,prdoc_a5f11235470fc8375829,7,Unified review priority,310,44,pallets/flask,4184,Routine,Low,False
prchunk_54017b2372a3a0f32532,prdoc_d9c78764bba659217350,0,PR identity,267,37,pallets/flask,5402,Routine,Low,False
prchunk_b93065a756619da10496,prdoc_d9c78764bba659217350,1,PR description,386,55,pallets/flask,5402,Routine,Low,False
prchunk_6ed8d4db0febd35fef0a,prdoc_d9c78764bba659217350,2,Change evidence,403,68,pallets/flask,5402,Routine,Low,False
prchunk_32273cc671a74dda909c,prdoc_d9c78764bba659217350,3,Predictive intelligence,474,67,pallets/flask,5402,Routine,Low,False
prchunk_ea023d73528a92e06f15,prdoc_d9c78764bba659217350,4,Deterministic policy intelligence,321,45,pallets/flask,5402,Routine,Low,False
prchunk_4c9f5778a089e89b7456,prdoc_d9c78764bba659217350,5,Unified review priority,314,43,pallets/flask,5402,Routine,Low,False
prchunk_2ff604050084bfb88e6b,prdoc_7dc31c679cb6d797820a,0,PR identity,335,42,pallets/flask,5634,Routine,Low,False
prchunk_6eab24d800a423b2ef35,prdoc_7dc31c679cb6d797820a,1,PR description,744,108,pallets/flask,5634,Routine,Low,False
prchunk_6f2bf472a82c58065c7d,prdoc_7dc31c679cb6d797820a,2,Change evidence,406,68,pallets/flask,5634,Routine,Low,False
prchunk_d00f6d06b3fd3617085b,prdoc_7dc31c679cb6d797820a,3,Predictive intelligence,414,57,pallets/flask,5634,Routine,Low,False
prchunk_85f44ca8211cd3533939,prdoc_7dc31c679cb6d797820a,4,Deterministic policy intelligence,328,47,pallets/flask,5634,Routine,Low,False
prchunk_075309a36101d43107db,prdoc_7dc31c679cb6d797820a,5,Unified review priority,310,44,pallets/flask,5634,Routine,Low,False
prchunk_99505ffc7288d73f561d,prdoc_d30f11f2460c38abfa2c,0,PR identity,299,40,pallets/flask,2871,Routine,Low,False
prchunk_a1fbfa158cd35f486a7e,prdoc_d30f11f2460c38abfa2c,1,PR description,248,34,pallets/flask,2871,Routine,Low,False
prchunk_3cc09c274c9084831952,prdoc_d30f11f2460c38abfa2c,2,Change evidence,406,68,pallets/flask,2871,Routine,Low,False
prchunk_dd545e6f34b5cbd4e076,prdoc_d30f11f2460c38abfa2c,3,Predictive intelligence,474,67,pallets/flask,2871,Routine,Low,False
prchunk_8f3b2247c017cc7fa41c,prdoc_d30f11f2460c38abfa2c,4,Deterministic policy intelligence,321,45,pallets/flask,2871,Routine,Low,False
prchunk_298aa0b2137c8f3814dd,prdoc_d30f11f2460c38abfa2c,5,Unified review priority,314,43,pallets/flask,2871,Routine,Low,False
prchunk_6efc9a9cd9cf9012d28f,prdoc_28b6c19e6559fdfd9073,0,PR identity,257,35,pallets/flask,4673,Routine,Low,False
prchunk_c564d98544c7953c13f1,prdoc_28b6c19e6559fdfd9073,1,PR description,192,28,pallets/flask,4673,Routine,Low,False
prchunk_efba27a8ffbc87ab6534,prdoc_28b6c19e6559fdfd9073,2,Change evidence,403,68,pallets/flask,4673,Routine,Low,False
prchunk_9ec27a489d855202ce79,prdoc_28b6c19e6559fdfd9073,3,Predictive intelligence,470,66,pallets/flask,4673,Routine,Low,False
prchunk_eefd08333397f5ba35f6,prdoc_28b6c19e6559fdfd9073,4,Deterministic policy intelligence,328,47,pallets/flask,4673,Routine,Low,False
prchunk_30651aa04905519bac20,prdoc_28b6c19e6559fdfd9073,5,Unified review priority,310,44,pallets/flask,4673,Routine,Low,False
prchunk_d7daff5dcf51b67609c0,prdoc_e9ce0ef5c372ee48aa83,0,PR identity,250,33,pallets/flask,3274,Routine,Low,False
prchunk_12b693ab1c21768dfd1a,prdoc_e9ce0ef5c372ee48aa83,1,PR description,181,28,pallets/flask,3274,Routine,Low,False
prchunk_55a6a86f89a47cba31b9,prdoc_e9ce0ef5c372ee48aa83,2,Change evidence,404,68,pallets/flask,3274,Routine,Low,False
prchunk_c9b1291be29047b7699d,prdoc_e9ce0ef5c372ee48aa83,3,Predictive intelligence,413,57,pallets/flask,3274,Routine,Low,False
prchunk_aac95d6383412ccc19bf,prdoc_e9ce0ef5c372ee48aa83,4,Deterministic policy intelligence,328,47,pallets/flask,3274,Routine,Low,False
prchunk_8fdaaea4a31a50f77882,prdoc_e9ce0ef5c372ee48aa83,5,Unified review priority,310,44,pallets/flask,3274,Routine,Low,False
prchunk_287e466352bc3fd62436,prdoc_4beb9f91973e403e7744,0,PR identity,243,34,pallets/flask,5141,Routine,Low,False
prchunk_6916bbee6dae7a0fe14e,prdoc_4beb9f91973e403e7744,1,PR description,1024,180,pallets/flask,5141,Routine,Low,False
prchunk_df48f0ea282b28d15f6a,prdoc_4beb9f91973e403e7744,2,PR description,225,41,pallets/flask,5141,Routine,Low,False
prchunk_2de8838cc8513385bd40,prdoc_4beb9f91973e403e7744,3,Change evidence,404,68,pallets/flask,5141,Routine,Low,False
prchunk_2bd3ab6b594a767114a5,prdoc_4beb9f91973e403e7744,4,Predictive intelligence,473,67,pallets/flask,5141,Routine,Low,False
prchunk_fa20e863e4680fc44289,prdoc_4beb9f91973e403e7744,5,Deterministic policy intelligence,320,46,pallets/flask,5141,Routine,Low,False
prchunk_864458d854c0711f8f28,prdoc_4beb9f91973e403e7744,6,Unified review priority,314,43,pallets/flask,5141,Routine,Low,False
prchunk_6b6cef8ec4d6ddf4c7fa,prdoc_de64db89a6e56417b4b0,0,PR identity,254,35,pallets/flask,5194,Routine,Low,False
prchunk_c8a873f9f8304cc8784c,prdoc_de64db89a6e56417b4b0,1,PR description,1042,180,pallets/flask,5194,Routine,Low,False
prchunk_e809ec460051488489c0,prdoc_de64db89a6e56417b4b0,2,PR description,241,45,pallets/flask,5194,Routine,Low,False
prchunk_6f251d08d759680b217e,prdoc_de64db89a6e56417b4b0,3,Change evidence,404,68,pallets/flask,5194,Routine,Low,False
prchunk_5feaeb13aeef412fd474,prdoc_de64db89a6e56417b4b0,4,Predictive intelligence,473,67,pallets/flask,5194,Routine,Low,False
prchunk_cfd867fefe39a0c1f8bb,prdoc_de64db89a6e56417b4b0,5,Deterministic policy intelligence,320,46,pallets/flask,5194,Routine,Low,False
prchunk_ce9ecaa376f50cf559d3,prdoc_de64db89a6e56417b4b0,6,Unified review priority,314,43,pallets/flask,5194,Routine,Low,False
prchunk_cc51f13a5f6bc3059bb5,prdoc_829ebcae4692a4fe499e,0,PR identity,266,35,pallets/flask,4685,Routine,Low,False
prchunk_b7e5d1c180e850b44477,prdoc_829ebcae4692a4fe499e,1,PR description,209,33,pallets/flask,4685,Routine,Low,False
prchunk_38ed99c39ee92b118cf2,prdoc_829ebcae4692a4fe499e,2,Change evidence,406,68,pallets/flask,4685,Routine,Low,False
prchunk_5f710faea3161137fd21,prdoc_829ebcae4692a4fe499e,3,Predictive intelligence,414,57,pallets/flask,4685,Routine,Low,False
prchunk_570626e7362481ffd92b,prdoc_829ebcae4692a4fe499e,4,Deterministic policy intelligence,442,60,pallets/flask,4685,Routine,Low,False
prchunk_3968ff9ec80aabdcbc8e,prdoc_829ebcae4692a4fe499e,5,Unified review priority,310,44,pallets/flask,4685,Routine,Low,False
prchunk_e311875bf81f801b1def,prdoc_a4447a84339ac847f433,0,PR identity,255,33,pallets/flask,5522,Routine,Low,False
prchunk_c7f7c6dc3d47449c3e74,prdoc_a4447a84339ac847f433,1,PR description,993,164,pallets/flask,5522,Routine,Low,False
prchunk_6a803d6c9852b5775508,prdoc_a4447a84339ac847f433,2,Change evidence,403,68,pallets/flask,5522,Routine,Low,False
prchunk_8f1caf1b0469c6d26589,prdoc_a4447a84339ac847f433,3,Predictive intelligence,418,58,pallets/flask,5522,Routine,Low,False
prchunk_67fc83a3d924f95de108,prdoc_a4447a84339ac847f433,4,Deterministic policy intelligence,320,46,pallets/flask,5522,Routine,Low,False
prchunk_6e4882cd902646ee6c89,prdoc_a4447a84339ac847f433,5,Unified review priority,314,43,pallets/flask,5522,Routine,Low,False
prchunk_292711974c5e5d1d64aa,prdoc_998145687991f4e17868,0,PR identity,278,37,pallets/flask,5797,Routine,Low,False
prchunk_4c8854b656db81f81619,prdoc_998145687991f4e17868,1,PR description,518,87,pallets/flask,5797,Routine,Low,False
prchunk_33554be6ef7fab2694d1,prdoc_998145687991f4e17868,2,Change evidence,405,68,pallets/flask,5797,Routine,Low,False
prchunk_ac2119c8ecce7023af6c,prdoc_998145687991f4e17868,3,Predictive intelligence,414,57,pallets/flask,5797,Routine,Low,False
prchunk_70a60b50b9a5a0ab2952,prdoc_998145687991f4e17868,4,Deterministic policy intelligence,328,47,pallets/flask,5797,Routine,Low,False
prchunk_2ff7e2449887bc88cd53,prdoc_998145687991f4e17868,5,Unified review priority,310,44,pallets/flask,5797,Routine,Low,False
prchunk_4e572c240d479dbfbd48,prdoc_b188fb9b4c45768ee08f,0,PR identity,256,34,pallets/flask,5024,Routine,Low,False
prchunk_4829e0094495a26e2eee,prdoc_b188fb9b4c45768ee08f,1,PR description,191,29,pallets/flask,5024,Routine,Low,False
prchunk_48e9519e694688404288,prdoc_b188fb9b4c45768ee08f,2,Change evidence,403,68,pallets/flask,5024,Routine,Low,False
prchunk_4c8bdbfc792f5f12494e,prdoc_b188fb9b4c45768ee08f,3,Predictive intelligence,414,57,pallets/flask,5024,Routine,Low,False
prchunk_d0936b29f4fbdca03239,prdoc_b188fb9b4c45768ee08f,4,Deterministic policy intelligence,328,47,pallets/flask,5024,Routine,Low,False
prchunk_dbbab7db205cfaaa4501,prdoc_b188fb9b4c45768ee08f,5,Unified review priority,310,44,pallets/flask,5024,Routine,Low,False
prchunk_2d402ea8d9a295a6802c,prdoc_cce28b78c8df3b56d298,0,PR identity,285,41,pallets/flask,3975,Routine,Low,False
prchunk_e38f444e8a72476b1936,prdoc_cce28b78c8df3b56d298,1,PR description,1189,169,pallets/flask,3975,Routine,Low,False
prchunk_8db23a7850614b8683df,prdoc_cce28b78c8df3b56d298,2,Change evidence,406,68,pallets/flask,3975,Routine,Low,False
prchunk_20968b15103e3a01c99e,prdoc_cce28b78c8df3b56d298,3,Predictive intelligence,474,67,pallets/flask,3975,Routine,Low,False
prchunk_42d91b58c57f739a345b,prdoc_cce28b78c8df3b56d298,4,Deterministic policy intelligence,328,47,pallets/flask,3975,Routine,Low,False
prchunk_3046568e9c5b8fd3b76a,prdoc_cce28b78c8df3b56d298,5,Unified review priority,314,43,pallets/flask,3975,Routine,Low,False
prchunk_cf730cc313305488db92,prdoc_61fe62e4a7e1c362818c,0,PR identity,249,35,pallets/flask,3042,Routine,Low,False
prchunk_b610d9fb0993594cdb45,prdoc_61fe62e4a7e1c362818c,1,PR description,156,25,pallets/flask,3042,Routine,Low,False
prchunk_1c7c16fdb6737bc04e61,prdoc_61fe62e4a7e1c362818c,2,Change evidence,403,68,pallets/flask,3042,Routine,Low,False
prchunk_9d061491ab9460059037,prdoc_61fe62e4a7e1c362818c,3,Predictive intelligence,474,67,pallets/flask,3042,Routine,Low,False
prchunk_c518f70851e6cda91d05,prdoc_61fe62e4a7e1c362818c,4,Deterministic policy intelligence,321,45,pallets/flask,3042,Routine,Low,False
prchunk_0d67a100c5be05129ea3,prdoc_61fe62e4a7e1c362818c,5,Unified review priority,314,43,pallets/flask,3042,Routine,Low,False
prchunk_b84bd75a943783060a49,prdoc_aee0c22edcfa05c30d3c,0,PR identity,302,41,pallets/flask,5911,Routine,Low,False
prchunk_26af23aabb0fd7f08127,prdoc_aee0c22edcfa05c30d3c,1,PR description,543,75,pallets/flask,5911,Routine,Low,False
prchunk_a349f0253db81d2a84c4,prdoc_aee0c22edcfa05c30d3c,2,Change evidence,404,68,pallets/flask,5911,Routine,Low,False
prchunk_97a7da2ec5b7dbe5a1a8,prdoc_aee0c22edcfa05c30d3c,3,Predictive intelligence,474,67,pallets/flask,5911,Routine,Low,False
prchunk_d7df3ac63cca09f1e2d7,prdoc_aee0c22edcfa05c30d3c,4,Deterministic policy intelligence,321,45,pallets/flask,5911,Routine,Low,False
prchunk_b061a02f64766cf8238a,prdoc_aee0c22edcfa05c30d3c,5,Unified review priority,314,43,pallets/flask,5911,Routine,Low,False
prchunk_ee3d4e4117acfd7e4ad7,prdoc_6947ed1576697b19b35a,0,PR identity,251,36,pallets/flask,4781,Routine,Low,False
prchunk_2c587b934f8deea7e77d,prdoc_6947ed1576697b19b35a,1,PR description,1055,180,pallets/flask,4781,Routine,Low,False
prchunk_a5596588fabfa5a2023e,prdoc_6947ed1576697b19b35a,2,PR description,211,37,pallets/flask,4781,Routine,Low,False
prchunk_b636592bc5262269ff93,prdoc_6947ed1576697b19b35a,3,Change evidence,404,68,pallets/flask,4781,Routine,Low,False
prchunk_e3d335a6832271fbe856,prdoc_6947ed1576697b19b35a,4,Predictive intelligence,473,67,pallets/flask,4781,Routine,Low,False
prchunk_8c0a7a8e433b915e9cac,prdoc_6947ed1576697b19b35a,5,Deterministic policy intelligence,320,46,pallets/flask,4781,Routine,Low,False
prchunk_bec1cbfa0ea09714e3a0,prdoc_6947ed1576697b19b35a,6,Unified review priority,314,43,pallets/flask,4781,Routine,Low,False
prchunk_9c587fe5a9402c59cbb0,prdoc_619555feb26f9db61cd1,0,PR identity,259,37,pallets/flask,3109,Routine,Low,False
prchunk_14941288135c2e812b0c,prdoc_619555feb26f9db61cd1,1,PR description,245,43,pallets/flask,3109,Routine,Low,False
prchunk_5fa9db6a1440c9404c4c,prdoc_619555feb26f9db61cd1,2,Change evidence,404,68,pallets/flask,3109,Routine,Low,False
prchunk_b7363c885c29f82bb816,prdoc_619555feb26f9db61cd1,3,Predictive intelligence,474,67,pallets/flask,3109,Routine,Low,False
prchunk_6788bb0360c559963ae1,prdoc_619555feb26f9db61cd1,4,Deterministic policy intelligence,321,45,pallets/flask,3109,Routine,Low,False
prchunk_f2201200f74ab20b883a,prdoc_619555feb26f9db61cd1,5,Unified review priority,314,43,pallets/flask,3109,Routine,Low,False
prchunk_c1d74bcd88ba151c873c,prdoc_0aac91ef09e5d9086c30,0,PR identity,275,38,pallets/flask,3309,Routine,Low,False
prchunk_92c8c298aca8789f4f70,prdoc_0aac91ef09e5d9086c30,1,PR description,684,111,pallets/flask,3309,Routine,Low,False
prchunk_68eee5c5db865a1a7698,prdoc_0aac91ef09e5d9086c30,2,Change evidence,406,68,pallets/flask,3309,Routine,Low,False
prchunk_c885c96878f2d82800bc,prdoc_0aac91ef09e5d9086c30,3,Predictive intelligence,473,67,pallets/flask,3309,Routine,Low,False
prchunk_25175db8950850691593,prdoc_0aac91ef09e5d9086c30,4,Deterministic policy intelligence,320,46,pallets/flask,3309,Routine,Low,False
prchunk_06738bc966682cbb3334,prdoc_0aac91ef09e5d9086c30,5,Unified review priority,314,43,pallets/flask,3309,Routine,Low,False
prchunk_231e5bb46321946386cd,prdoc_0c24acd67c0507fe332f,0,PR identity,309,39,pallets/flask,3802,Routine,Low,False
prchunk_db9237baa4ee8880e1ae,prdoc_0c24acd67c0507fe332f,1,PR description,414,65,pallets/flask,3802,Routine,Low,False
prchunk_85bb22de68301ab02a3a,prdoc_0c24acd67c0507fe332f,2,Change evidence,403,68,pallets/flask,3802,Routine,Low,False
prchunk_a9e0454055fceb675011,prdoc_0c24acd67c0507fe332f,3,Predictive intelligence,414,57,pallets/flask,3802,Routine,Low,False
prchunk_d9f4769b6ab69063794e,prdoc_0c24acd67c0507fe332f,4,Deterministic policy intelligence,321,45,pallets/flask,3802,Routine,Low,False
prchunk_e050435bd4c5191f652f,prdoc_0c24acd67c0507fe332f,5,Unified review priority,310,44,pallets/flask,3802,Routine,Low,False
prchunk_b26fb9ed0330488a7c08,prdoc_53aaf019f9b7ce4e2fba,0,PR identity,284,40,pallets/flask,4598,Routine,Low,False
prchunk_56320201325d04c357ab,prdoc_53aaf019f9b7ce4e2fba,1,PR description,1053,180,pallets/flask,4598,Routine,Low,False
prchunk_5948c4398a8ddfe13152,prdoc_53aaf019f9b7ce4e2fba,2,PR description,237,41,pallets/flask,4598,Routine,Low,False
prchunk_aa5847833f189a05f0a1,prdoc_53aaf019f9b7ce4e2fba,3,Change evidence,404,68,pallets/flask,4598,Routine,Low,False
prchunk_8881f13a3481fcc9d432,prdoc_53aaf019f9b7ce4e2fba,4,Predictive intelligence,473,67,pallets/flask,4598,Routine,Low,False
prchunk_f40c69413e6a42d20193,prdoc_53aaf019f9b7ce4e2fba,5,Deterministic policy intelligence,320,46,pallets/flask,4598,Routine,Low,False
prchunk_28bca6531dfb99fa04af,prdoc_53aaf019f9b7ce4e2fba,6,Unified review priority,314,43,pallets/flask,4598,Routine,Low,False
prchunk_e1ca13c870eae6607681,prdoc_9574717eddb7f6bf29cf,0,PR identity,264,35,pallets/flask,3407,Routine,Low,False
prchunk_9dce7f57defa0ba1b282,prdoc_9574717eddb7f6bf29cf,1,PR description,464,71,pallets/flask,3407,Routine,Low,False
prchunk_1046cdb903891373957f,prdoc_9574717eddb7f6bf29cf,2,Change evidence,406,68,pallets/flask,3407,Routine,Low,False
prchunk_4267434a56514fbcfc55,prdoc_9574717eddb7f6bf29cf,3,Predictive intelligence,474,67,pallets/flask,3407,Routine,Low,False
prchunk_d1a3fd40414c7ac404f1,prdoc_9574717eddb7f6bf29cf,4,Deterministic policy intelligence,321,45,pallets/flask,3407,Routine,Low,False
prchunk_5663821c38f7f1681a63,prdoc_9574717eddb7f6bf29cf,5,Unified review priority,314,43,pallets/flask,3407,Routine,Low,False
prchunk_f9e94f1835e715c36f88,prdoc_24365e03109b2263fed3,0,PR identity,268,36,pallets/flask,2652,Routine,Low,False
prchunk_edb0d3118af2024df9ea,prdoc_24365e03109b2263fed3,1,PR description,205,31,pallets/flask,2652,Routine,Low,False
prchunk_bf4a616b5e3a143d882a,prdoc_24365e03109b2263fed3,2,Change evidence,403,68,pallets/flask,2652,Routine,Low,False
prchunk_a85d9dd842dfd79fa7d0,prdoc_24365e03109b2263fed3,3,Predictive intelligence,413,57,pallets/flask,2652,Routine,Low,False
prchunk_5d9c5f26bbb23f393bb5,prdoc_24365e03109b2263fed3,4,Deterministic policy intelligence,328,47,pallets/flask,2652,Routine,Low,False
prchunk_93dfccdd6e2204c02e3d,prdoc_24365e03109b2263fed3,5,Unified review priority,310,44,pallets/flask,2652,Routine,Low,False
prchunk_aa8c493243204a0d5a81,prdoc_a25e35677bc18302b061,0,PR identity,260,36,pallets/flask,3419,Routine,Low,False
prchunk_e398d7e6fe4f58a3302d,prdoc_a25e35677bc18302b061,1,PR description,165,26,pallets/flask,3419,Routine,Low,False
prchunk_854fa96f04cde9b9db06,prdoc_a25e35677bc18302b061,2,Change evidence,404,68,pallets/flask,3419,Routine,Low,False
prchunk_e968742c65628de39e43,prdoc_a25e35677bc18302b061,3,Predictive intelligence,474,67,pallets/flask,3419,Routine,Low,False
prchunk_0a249515a1f8d836457b,prdoc_a25e35677bc18302b061,4,Deterministic policy intelligence,321,45,pallets/flask,3419,Routine,Low,False
prchunk_214a86c8af993bfd784b,prdoc_a25e35677bc18302b061,5,Unified review priority,314,43,pallets/flask,3419,Routine,Low,False
prchunk_18de16ed087735793637,prdoc_3a5809fb83638a3db417,0,PR identity,260,34,pallets/flask,2582,Routine,Low,False
prchunk_3d9c8dd778d6db1edcc5,prdoc_3a5809fb83638a3db417,1,PR description,254,40,pallets/flask,2582,Routine,Low,False
prchunk_0394db3621ff4f356fe1,prdoc_3a5809fb83638a3db417,2,Change evidence,406,68,pallets/flask,2582,Routine,Low,False
prchunk_db27fc73563633bc9956,prdoc_3a5809fb83638a3db417,3,Predictive intelligence,414,57,pallets/flask,2582,Routine,Low,False
prchunk_10042d88c340ab0e6c0a,prdoc_3a5809fb83638a3db417,4,Deterministic policy intelligence,321,45,pallets/flask,2582,Routine,Low,False
prchunk_e95fa9ec8daa833869fe,prdoc_3a5809fb83638a3db417,5,Unified review priority,310,44,pallets/flask,2582,Routine,Low,False
prchunk_68460c8cab65c4296f16,prdoc_5241af4fc040a8508ae8,0,PR identity,278,40,pallets/flask,3807,Routine,Low,False
prchunk_e361fc265d726619fca4,prdoc_5241af4fc040a8508ae8,1,PR description,280,45,pallets/flask,3807,Routine,Low,False
prchunk_63eb6e16ccb36898615c,prdoc_5241af4fc040a8508ae8,2,Change evidence,404,68,pallets/flask,3807,Routine,Low,False
prchunk_5aba192bc5bacdeb32c8,prdoc_5241af4fc040a8508ae8,3,Predictive intelligence,474,67,pallets/flask,3807,Routine,Low,False
prchunk_bd5e6f1055142ddd40c4,prdoc_5241af4fc040a8508ae8,4,Deterministic policy intelligence,321,45,pallets/flask,3807,Routine,Low,False
prchunk_493b0ab6717ebb9ba3d0,prdoc_5241af4fc040a8508ae8,5,Unified review priority,314,43,pallets/flask,3807,Routine,Low,False
prchunk_173601ecb69f322585bd,prdoc_88f0424d1cf72b432aff,0,PR identity,251,35,pallets/flask,3001,Routine,Low,False
prchunk_25fec4c4cedae4bab2d7,prdoc_88f0424d1cf72b432aff,1,PR description,621,80,pallets/flask,3001,Routine,Low,False
prchunk_9fe71c13fab38f32db7e,prdoc_88f0424d1cf72b432aff,2,Change evidence,405,68,pallets/flask,3001,Routine,Low,False
prchunk_c04b44f26e80c8642b56,prdoc_88f0424d1cf72b432aff,3,Predictive intelligence,474,67,pallets/flask,3001,Routine,Low,False
prchunk_91ee46221193352e0ee7,prdoc_88f0424d1cf72b432aff,4,Deterministic policy intelligence,328,47,pallets/flask,3001,Routine,Low,False
prchunk_0a366ec421e89bae73a4,prdoc_88f0424d1cf72b432aff,5,Unified review priority,314,43,pallets/flask,3001,Routine,Low,False
prchunk_47054f34dae8fab9efcf,prdoc_b88f88a2ea38279d9411,0,PR identity,255,36,pallets/flask,2753,Routine,Low,False
prchunk_01ba1cc47fa616942793,prdoc_b88f88a2ea38279d9411,1,PR description,262,42,pallets/flask,2753,Routine,Low,False
prchunk_53ac498f28cd04f11cd8,prdoc_b88f88a2ea38279d9411,2,Change evidence,403,68,pallets/flask,2753,Routine,Low,False
prchunk_f5e6ff29758b94a27945,prdoc_b88f88a2ea38279d9411,3,Predictive intelligence,474,67,pallets/flask,2753,Routine,Low,False
prchunk_ba30593b100e4a49a4fa,prdoc_b88f88a2ea38279d9411,4,Deterministic policy intelligence,321,45,pallets/flask,2753,Routine,Low,False
prchunk_2dcdc241ed3d4718b9dc,prdoc_b88f88a2ea38279d9411,5,Unified review priority,314,43,pallets/flask,2753,Routine,Low,False
prchunk_00c4652568b841039677,prdoc_cd14e2a02e86d20ccbb6,0,PR identity,279,37,pallets/flask,5409,Routine,Low,False
prchunk_dd24bc768b5e83b96fa4,prdoc_cd14e2a02e86d20ccbb6,1,PR description,1045,180,pallets/flask,5409,Routine,Low,False
prchunk_a107c18dd7ff7d2f7f00,prdoc_cd14e2a02e86d20ccbb6,2,PR description,237,44,pallets/flask,5409,Routine,Low,False
prchunk_7265d55143f7e06c9c01,prdoc_cd14e2a02e86d20ccbb6,3,Change evidence,403,68,pallets/flask,5409,Routine,Low,False
prchunk_530627c3db822ac5e409,prdoc_cd14e2a02e86d20ccbb6,4,Predictive intelligence,473,67,pallets/flask,5409,Routine,Low,False
prchunk_be4c3d8abec68ab92fa9,prdoc_cd14e2a02e86d20ccbb6,5,Deterministic policy intelligence,320,46,pallets/flask,5409,Routine,Low,False
prchunk_9281567d34f1e8a76713,prdoc_cd14e2a02e86d20ccbb6,6,Unified review priority,314,43,pallets/flask,5409,Routine,Low,False
prchunk_ec0953b343ecb92014e6,prdoc_069b3f58bc82e23320eb,0,PR identity,266,35,pallets/flask,5225,Routine,Low,False
prchunk_f9b554c183555c60c6ce,prdoc_069b3f58bc82e23320eb,1,PR description,1041,180,pallets/flask,5225,Routine,Low,False
prchunk_3ef32b651f018c59896f,prdoc_069b3f58bc82e23320eb,2,PR description,228,42,pallets/flask,5225,Routine,Low,False
prchunk_d0f2ded63f7a8c9bc77c,prdoc_069b3f58bc82e23320eb,3,Change evidence,404,68,pallets/flask,5225,Routine,Low,False
prchunk_7b481bb4c2b9d16d909b,prdoc_069b3f58bc82e23320eb,4,Predictive intelligence,473,67,pallets/flask,5225,Routine,Low,False
prchunk_eb4f413233453679859c,prdoc_069b3f58bc82e23320eb,5,Deterministic policy intelligence,320,46,pallets/flask,5225,Routine,Low,False
prchunk_3d3d2000d0fa4b22aa1e,prdoc_069b3f58bc82e23320eb,6,Unified review priority,314,43,pallets/flask,5225,Routine,Low,False
prchunk_50b009a7b837568ab5d2,prdoc_75fbda6863c49c1cfb76,0,PR identity,320,46,pallets/flask,3458,Routine,Low,False
prchunk_b0bae3d023ceae08d03f,prdoc_75fbda6863c49c1cfb76,1,PR description,736,117,pallets/flask,3458,Routine,Low,False
prchunk_41726ccdae9556eb2ab6,prdoc_75fbda6863c49c1cfb76,2,Change evidence,403,68,pallets/flask,3458,Routine,Low,False
prchunk_163672fe447c66bfc707,prdoc_75fbda6863c49c1cfb76,3,Predictive intelligence,474,67,pallets/flask,3458,Routine,Low,False
prchunk_30fe45815f65c1250e5b,prdoc_75fbda6863c49c1cfb76,4,Deterministic policy intelligence,328,47,pallets/flask,3458,Routine,Low,False
prchunk_e964b0270d42be24b97a,prdoc_75fbda6863c49c1cfb76,5,Unified review priority,314,43,pallets/flask,3458,Routine,Low,False
prchunk_d3afa689a9a338909aaf,prdoc_7f832ff4619396b7594c,0,PR identity,279,41,pallets/flask,3337,Routine,Low,False
prchunk_fc30708ddbe655445cf9,prdoc_7f832ff4619396b7594c,1,PR description,1012,175,pallets/flask,3337,Routine,Low,False
prchunk_844437b160de778b4f79,prdoc_7f832ff4619396b7594c,2,Change evidence,405,68,pallets/flask,3337,Routine,Low,False
prchunk_475ba07c4193a7c6c8e8,prdoc_7f832ff4619396b7594c,3,Predictive intelligence,473,67,pallets/flask,3337,Routine,Low,False
prchunk_a3fed378696013b534c9,prdoc_7f832ff4619396b7594c,4,Deterministic policy intelligence,320,46,pallets/flask,3337,Routine,Low,False
prchunk_57ef9d61eeb5117c7952,prdoc_7f832ff4619396b7594c,5,Unified review priority,314,43,pallets/flask,3337,Routine,Low,False
prchunk_501f51c0f9c63e7b06db,prdoc_acfe3a3fce6970620294,0,PR identity,271,37,pallets/flask,5801,Routine,Low,False
prchunk_01cdd74c80954f116407,prdoc_acfe3a3fce6970620294,1,PR description,988,162,pallets/flask,5801,Routine,Low,False
prchunk_5a6713e4dc48c7d11fea,prdoc_acfe3a3fce6970620294,2,Change evidence,404,68,pallets/flask,5801,Routine,Low,False
prchunk_82211f3727fdea4373e8,prdoc_acfe3a3fce6970620294,3,Predictive intelligence,473,67,pallets/flask,5801,Routine,Low,False
prchunk_e0113b2c7943f2b6cdc1,prdoc_acfe3a3fce6970620294,4,Deterministic policy intelligence,320,46,pallets/flask,5801,Routine,Low,False
prchunk_69846db40402e0db61f4,prdoc_acfe3a3fce6970620294,5,Unified review priority,314,43,pallets/flask,5801,Routine,Low,False
prchunk_84da511bf54ab42eab07,prdoc_126db7771d0c258dedd2,0,PR identity,258,36,pallets/flask,3940,Routine,Low,False
prchunk_8dc91b42478daaff1664,prdoc_126db7771d0c258dedd2,1,PR description,264,32,pallets/flask,3940,Routine,Low,False
prchunk_5d46fa565f6d2fb6d9c9,prdoc_126db7771d0c258dedd2,2,Change evidence,403,68,pallets/flask,3940,Routine,Low,False
prchunk_ea49362819b2b2997f1f,prdoc_126db7771d0c258dedd2,3,Predictive intelligence,474,67,pallets/flask,3940,Routine,Low,False
prchunk_4aec2baa1c43310e93b4,prdoc_126db7771d0c258dedd2,4,Deterministic policy intelligence,321,45,pallets/flask,3940,Routine,Low,False
prchunk_96b4fe24bc0d466e6de9,prdoc_126db7771d0c258dedd2,5,Unified review priority,314,43,pallets/flask,3940,Routine,Low,False
prchunk_e8bfd7b625d13defcc0b,prdoc_57d908fded6ec4f9f3ad,0,PR identity,254,35,pallets/flask,3982,Routine,Low,False
prchunk_05c35a952aa85a9de574,prdoc_57d908fded6ec4f9f3ad,1,PR description,170,26,pallets/flask,3982,Routine,Low,False
prchunk_baaadccc5566d1ff058c,prdoc_57d908fded6ec4f9f3ad,2,Change evidence,403,68,pallets/flask,3982,Routine,Low,False
prchunk_b50ed43eeb1ba1cfbb2a,prdoc_57d908fded6ec4f9f3ad,3,Predictive intelligence,474,67,pallets/flask,3982,Routine,Low,False
prchunk_832392a449e3d64cde66,prdoc_57d908fded6ec4f9f3ad,4,Deterministic policy intelligence,321,45,pallets/flask,3982,Routine,Low,False
prchunk_075de52e05b28bd0add7,prdoc_57d908fded6ec4f9f3ad,5,Unified review priority,314,43,pallets/flask,3982,Routine,Low,False
prchunk_e2ac02841a9d0f68a09e,prdoc_077f22e9023a0ebc4a37,0,PR identity,270,39,pallets/flask,3778,Routine,Low,False
prchunk_cd2b4543ab7302e0e19b,prdoc_077f22e9023a0ebc4a37,1,PR description,1358,180,pallets/flask,3778,Routine,Low,False
prchunk_0ac2d3acc0bb7fdfbf8c,prdoc_077f22e9023a0ebc4a37,2,PR description,493,64,pallets/flask,3778,Routine,Low,False
prchunk_2ae8caa188745caa5b27,prdoc_077f22e9023a0ebc4a37,3,Change evidence,404,68,pallets/flask,3778,Routine,Low,False
prchunk_b1c6f0817afd8d0e4231,prdoc_077f22e9023a0ebc4a37,4,Predictive intelligence,473,67,pallets/flask,3778,Routine,Low,False
prchunk_5a9ee943ab99e08fc47a,prdoc_077f22e9023a0ebc4a37,5,Deterministic policy intelligence,320,46,pallets/flask,3778,Routine,Low,False
prchunk_0d7bddaf362ee16ce804,prdoc_077f22e9023a0ebc4a37,6,Unified review priority,314,43,pallets/flask,3778,Routine,Low,False
prchunk_58c6e252c5a8a0edbf2b,prdoc_46f3c3391c2fd14358e9,0,PR identity,266,35,pallets/flask,5188,Routine,Low,False
prchunk_6f3b2bc1714f32202f75,prdoc_46f3c3391c2fd14358e9,1,PR description,1047,180,pallets/flask,5188,Routine,Low,False
prchunk_e62761db9951bbbd8a57,prdoc_46f3c3391c2fd14358e9,2,PR description,247,48,pallets/flask,5188,Routine,Low,False
prchunk_f84bd9883bcf0327b24a,prdoc_46f3c3391c2fd14358e9,3,Change evidence,404,68,pallets/flask,5188,Routine,Low,False
prchunk_98e7c389e97d1f84902d,prdoc_46f3c3391c2fd14358e9,4,Predictive intelligence,473,67,pallets/flask,5188,Routine,Low,False
prchunk_371871dccc36df8fca12,prdoc_46f3c3391c2fd14358e9,5,Deterministic policy intelligence,320,46,pallets/flask,5188,Routine,Low,False
prchunk_ad1e6b48530f66f362a7,prdoc_46f3c3391c2fd14358e9,6,Unified review priority,314,43,pallets/flask,5188,Routine,Low,False
prchunk_00fc0fc77df03c171bda,prdoc_3d7a50e26865919347fc,0,PR identity,258,35,pallets/flask,4970,Routine,Low,False
prchunk_b4a532c0465e0fc620db,prdoc_3d7a50e26865919347fc,1,PR description,1073,180,pallets/flask,4970,Routine,Low,False
prchunk_6de60a5cac384e916104,prdoc_3d7a50e26865919347fc,2,PR description,225,38,pallets/flask,4970,Routine,Low,False
prchunk_51881fa5f980047051a5,prdoc_3d7a50e26865919347fc,3,Change evidence,405,68,pallets/flask,4970,Routine,Low,False
prchunk_430412637755016c1b04,prdoc_3d7a50e26865919347fc,4,Predictive intelligence,473,67,pallets/flask,4970,Routine,Low,False
prchunk_84477cfaba8fb0513789,prdoc_3d7a50e26865919347fc,5,Deterministic policy intelligence,320,46,pallets/flask,4970,Routine,Low,False
prchunk_9f14cb3f985e915ad12c,prdoc_3d7a50e26865919347fc,6,Unified review priority,314,43,pallets/flask,4970,Routine,Low,False
prchunk_6ddd73182de5565a4ffb,prdoc_ef3c5839984745c75de8,0,PR identity,273,40,pallets/flask,3276,Routine,Low,False
prchunk_5860cd60cc25d7d12713,prdoc_ef3c5839984745c75de8,1,PR description,309,51,pallets/flask,3276,Routine,Low,False
prchunk_bfb1ef2053e30183e84c,prdoc_ef3c5839984745c75de8,2,Change evidence,404,68,pallets/flask,3276,Routine,Low,False
prchunk_1c733f0fc09819718e04,prdoc_ef3c5839984745c75de8,3,Predictive intelligence,474,67,pallets/flask,3276,Routine,Low,False
prchunk_02e8cf708cc6fcd4867f,prdoc_ef3c5839984745c75de8,4,Deterministic policy intelligence,321,45,pallets/flask,3276,Routine,Low,False
prchunk_a5362783daed8b9162e2,prdoc_ef3c5839984745c75de8,5,Unified review priority,314,43,pallets/flask,3276,Routine,Low,False
prchunk_d1f2be0b9112df9b81cc,prdoc_16014d9d38408e38434a,0,PR identity,299,42,pallets/flask,5826,Routine,Low,False
prchunk_415afcdd281da7036288,prdoc_16014d9d38408e38434a,1,PR description,482,72,pallets/flask,5826,Routine,Low,False
prchunk_8998062e1a5282998ca6,prdoc_16014d9d38408e38434a,2,Change evidence,403,68,pallets/flask,5826,Routine,Low,False
prchunk_08986c00d595ebdc5db8,prdoc_16014d9d38408e38434a,3,Predictive intelligence,474,67,pallets/flask,5826,Routine,Low,False
prchunk_ff9c27f8891676109378,prdoc_16014d9d38408e38434a,4,Deterministic policy intelligence,321,45,pallets/flask,5826,Routine,Low,False
prchunk_73697786fd39998ceaa8,prdoc_16014d9d38408e38434a,5,Unified review priority,314,43,pallets/flask,5826,Routine,Low,False
prchunk_2a18aa806191804a4ff9,prdoc_0cc00a9f609a0b9f2c87,0,PR identity,279,38,pallets/flask,3015,Routine,Low,False
prchunk_87c8c70de6e1e1dd5e77,prdoc_0cc00a9f609a0b9f2c87,1,PR description,857,136,pallets/flask,3015,Routine,Low,False
prchunk_8262cdf508f031922c0f,prdoc_0cc00a9f609a0b9f2c87,2,Change evidence,405,68,pallets/flask,3015,Routine,Low,False
prchunk_68d41d3bd6e4c53d3c00,prdoc_0cc00a9f609a0b9f2c87,3,Predictive intelligence,473,67,pallets/flask,3015,Routine,Low,False
prchunk_b97307eee985d46105c3,prdoc_0cc00a9f609a0b9f2c87,4,Deterministic policy intelligence,320,46,pallets/flask,3015,Routine,Low,False
prchunk_13c9b8db4e5761cff390,prdoc_0cc00a9f609a0b9f2c87,5,Unified review priority,314,43,pallets/flask,3015,Routine,Low,False
prchunk_0d38851f517292add47c,prdoc_ca9052a55705ab05029f,0,PR identity,264,35,pallets/flask,5630,Routine,Low,False
prchunk_76b41762f6c240408e50,prdoc_ca9052a55705ab05029f,1,PR description,755,109,pallets/flask,5630,Routine,Low,False
prchunk_84375544b7c857afc4e2,prdoc_ca9052a55705ab05029f,2,Change evidence,406,68,pallets/flask,5630,Routine,Low,False
prchunk_1dca74fab2a164c7fe3b,prdoc_ca9052a55705ab05029f,3,Predictive intelligence,414,57,pallets/flask,5630,Routine,Low,False
prchunk_df3b4dae64c1f76782bb,prdoc_ca9052a55705ab05029f,4,Deterministic policy intelligence,328,47,pallets/flask,5630,Routine,Low,False
prchunk_bcdaefb2fe3ba69defaf,prdoc_ca9052a55705ab05029f,5,Unified review priority,310,44,pallets/flask,5630,Routine,Low,False
prchunk_d9ce7d560153f7a0245a,prdoc_9d3bbbdd52b5d223a632,0,PR identity,290,40,pallets/flask,4196,Routine,Low,False
prchunk_f8987aea9ee6efa585a2,prdoc_9d3bbbdd52b5d223a632,1,PR description,442,65,pallets/flask,4196,Routine,Low,False
prchunk_5690c820952fba567b6b,prdoc_9d3bbbdd52b5d223a632,2,Change evidence,403,68,pallets/flask,4196,Routine,Low,False
prchunk_0938643596d2d2ba0a41,prdoc_9d3bbbdd52b5d223a632,3,Predictive intelligence,474,67,pallets/flask,4196,Routine,Low,False
prchunk_d593746f772c16d66ce0,prdoc_9d3bbbdd52b5d223a632,4,Deterministic policy intelligence,321,45,pallets/flask,4196,Routine,Low,False
prchunk_ec527567236accae0421,prdoc_9d3bbbdd52b5d223a632,5,Unified review priority,314,43,pallets/flask,4196,Routine,Low,False
prchunk_749751760ac741a169f6,prdoc_a213cc595f3107a26de2,0,PR identity,260,37,pallets/flask,2904,Routine,Low,False
prchunk_e3741a6e32af485b9994,prdoc_a213cc595f3107a26de2,1,PR description,561,92,pallets/flask,2904,Routine,Low,False
prchunk_551ab54f8e9de2bb65b5,prdoc_a213cc595f3107a26de2,2,Change evidence,405,68,pallets/flask,2904,Routine,Low,False
prchunk_31c14567b3dbc00a729b,prdoc_a213cc595f3107a26de2,3,Predictive intelligence,473,67,pallets/flask,2904,Routine,Low,False
prchunk_c0877111081886929b20,prdoc_a213cc595f3107a26de2,4,Deterministic policy intelligence,320,46,pallets/flask,2904,Routine,Low,False
prchunk_b8667057f6967c27db1d,prdoc_a213cc595f3107a26de2,5,Unified review priority,314,43,pallets/flask,2904,Routine,Low,False
prchunk_6437c5b0a048ba14bdb9,prdoc_61336ee6db60749f5a69,0,PR identity,266,39,pallets/flask,2835,Routine,Low,False
prchunk_5f0ff34371bb0e8777bf,prdoc_61336ee6db60749f5a69,1,PR description,218,35,pallets/flask,2835,Routine,Low,False
prchunk_52cc0c7d38d1ad85c515,prdoc_61336ee6db60749f5a69,2,Change evidence,404,68,pallets/flask,2835,Routine,Low,False
prchunk_ee4181c9e2916419a552,prdoc_61336ee6db60749f5a69,3,Predictive intelligence,474,67,pallets/flask,2835,Routine,Low,False
prchunk_861cd25b9d6851b5b7c8,prdoc_61336ee6db60749f5a69,4,Deterministic policy intelligence,321,45,pallets/flask,2835,Routine,Low,False
prchunk_fec08b3af1af56891dcd,prdoc_61336ee6db60749f5a69,5,Unified review priority,314,43,pallets/flask,2835,Routine,Low,False
prchunk_3b226c10618fd8fc18dc,prdoc_794d5a28cb4c1758fa7c,0,PR identity,262,35,pallets/flask,5384,Routine,Low,False
prchunk_93c2797d103f09095ed9,prdoc_794d5a28cb4c1758fa7c,1,PR description,398,46,pallets/flask,5384,Routine,Low,False
prchunk_c8977f813a4f4ebf2d27,prdoc_794d5a28cb4c1758fa7c,2,Change evidence,404,68,pallets/flask,5384,Routine,Low,False
prchunk_66d6e807f10290038ea3,prdoc_794d5a28cb4c1758fa7c,3,Predictive intelligence,474,67,pallets/flask,5384,Routine,Low,False
prchunk_da8198ec4b25983f29c9,prdoc_794d5a28cb4c1758fa7c,4,Deterministic policy intelligence,321,45,pallets/flask,5384,Routine,Low,False
prchunk_d77bea192e99fe038de4,prdoc_794d5a28cb4c1758fa7c,5,Unified review priority,314,43,pallets/flask,5384,Routine,Low,False
prchunk_4805855652b9ee19d7bf,prdoc_1a5d42fcd29f68a468c3,0,PR identity,298,43,pallets/flask,5008,Routine,Low,False
prchunk_deec75a8e11270f11b17,prdoc_1a5d42fcd29f68a468c3,1,PR description,1040,180,pallets/flask,5008,Routine,Low,False
prchunk_1df0bedd5936a2dcf317,prdoc_1a5d42fcd29f68a468c3,2,PR description,256,50,pallets/flask,5008,Routine,Low,False
prchunk_f1109b14aec21cff38d8,prdoc_1a5d42fcd29f68a468c3,3,Change evidence,405,68,pallets/flask,5008,Routine,Low,False
prchunk_9034231afb1b6cb4b1a8,prdoc_1a5d42fcd29f68a468c3,4,Predictive intelligence,473,67,pallets/flask,5008,Routine,Low,False
prchunk_66e37b8ece38d307bc45,prdoc_1a5d42fcd29f68a468c3,5,Deterministic policy intelligence,320,46,pallets/flask,5008,Routine,Low,False
prchunk_bebbf62ef86b163cf64f,prdoc_1a5d42fcd29f68a468c3,6,Unified review priority,314,43,pallets/flask,5008,Routine,Low,False
prchunk_a5513e736e77c6ff2ad8,prdoc_9bf1352ca55431675ff2,0,PR identity,283,40,pallets/flask,4768,Routine,Low,False
prchunk_bb4faddd1761cedc65db,prdoc_9bf1352ca55431675ff2,1,PR description,339,54,pallets/flask,4768,Routine,Low,False
prchunk_697c48e67f9ba894469c,prdoc_9bf1352ca55431675ff2,2,Change evidence,403,68,pallets/flask,4768,Routine,Low,False
prchunk_768702f4b2c7ef142806,prdoc_9bf1352ca55431675ff2,3,Predictive intelligence,474,67,pallets/flask,4768,Routine,Low,False
prchunk_a8a925a479a6a4a9f856,prdoc_9bf1352ca55431675ff2,4,Deterministic policy intelligence,321,45,pallets/flask,4768,Routine,Low,False
prchunk_b855c684ab13cc0fdf9c,prdoc_9bf1352ca55431675ff2,5,Unified review priority,314,43,pallets/flask,4768,Routine,Low,False
prchunk_fe22b67f25fee27ba801,prdoc_c4ab67099ca148eaed7b,0,PR identity,256,35,pallets/flask,5708,Routine,Low,False
prchunk_8c84e3db539e0474287c,prdoc_c4ab67099ca148eaed7b,1,PR description,971,160,pallets/flask,5708,Routine,Low,False
prchunk_dc3ccfb4c33e6201f228,prdoc_c4ab67099ca148eaed7b,2,Change evidence,403,68,pallets/flask,5708,Routine,Low,False
prchunk_f3346fcee8460d6520e2,prdoc_c4ab67099ca148eaed7b,3,Predictive intelligence,473,67,pallets/flask,5708,Routine,Low,False
prchunk_a9d1cb8fad7377ad5b42,prdoc_c4ab67099ca148eaed7b,4,Deterministic policy intelligence,320,46,pallets/flask,5708,Routine,Low,False
prchunk_42b067546c687cfe2961,prdoc_c4ab67099ca148eaed7b,5,Unified review priority,314,43,pallets/flask,5708,Routine,Low,False
prchunk_3c9551c690ef74fddc28,prdoc_8f2c8d10cdfba634882d,0,PR identity,272,39,pallets/flask,5811,Routine,Low,False
prchunk_dfa0e33188221635fd15,prdoc_8f2c8d10cdfba634882d,1,PR description,1156,180,pallets/flask,5811,Routine,Low,False
prchunk_591653668d6b967d42cf,prdoc_8f2c8d10cdfba634882d,2,PR description,309,54,pallets/flask,5811,Routine,Low,False
prchunk_a2d1a1e2717060c12f6c,prdoc_8f2c8d10cdfba634882d,3,Change evidence,404,68,pallets/flask,5811,Routine,Low,False
prchunk_5f47e8ea5c73df66a5f1,prdoc_8f2c8d10cdfba634882d,4,Predictive intelligence,474,67,pallets/flask,5811,Routine,Low,False
prchunk_4511982d0c5d49eda39d,prdoc_8f2c8d10cdfba634882d,5,Deterministic policy intelligence,328,47,pallets/flask,5811,Routine,Low,False
prchunk_b3794c562a82ecd43ae2,prdoc_8f2c8d10cdfba634882d,6,Unified review priority,314,43,pallets/flask,5811,Routine,Low,False
prchunk_d8e4b7a990cf6221f430,prdoc_420e1ccce2bfef9efd16,0,PR identity,281,36,pallets/flask,3699,Routine,Low,False
prchunk_847df60718499103d6c4,prdoc_420e1ccce2bfef9efd16,1,PR description,290,45,pallets/flask,3699,Routine,Low,False
prchunk_32d3b43e08ccac9805fc,prdoc_420e1ccce2bfef9efd16,2,Change evidence,405,68,pallets/flask,3699,Routine,Low,False
prchunk_ccedbd4907793110be0d,prdoc_420e1ccce2bfef9efd16,3,Predictive intelligence,414,57,pallets/flask,3699,Routine,Low,False
prchunk_7adcd4c3f8ff6dc69881,prdoc_420e1ccce2bfef9efd16,4,Deterministic policy intelligence,321,45,pallets/flask,3699,Routine,Low,False
prchunk_a380c9e885b9a2076558,prdoc_420e1ccce2bfef9efd16,5,Unified review priority,310,44,pallets/flask,3699,Routine,Low,False
prchunk_ca337fb1c13d428656bd,prdoc_2d8e3a8887cfae958b81,0,PR identity,259,38,pallets/flask,4033,Routine,Low,False
prchunk_d1be80b9243f1ee1e310,prdoc_2d8e3a8887cfae958b81,1,PR description,244,29,pallets/flask,4033,Routine,Low,False
prchunk_262af25225822ed6d6cd,prdoc_2d8e3a8887cfae958b81,2,Change evidence,404,68,pallets/flask,4033,Routine,Low,False
prchunk_0dd82c056699fb7bf9b1,prdoc_2d8e3a8887cfae958b81,3,Predictive intelligence,474,67,pallets/flask,4033,Routine,Low,False
prchunk_9633ac98b01edaf73f61,prdoc_2d8e3a8887cfae958b81,4,Deterministic policy intelligence,321,45,pallets/flask,4033,Routine,Low,False
prchunk_dff2b016eb6f5c9d1e9d,prdoc_2d8e3a8887cfae958b81,5,Unified review priority,314,43,pallets/flask,4033,Routine,Low,False
prchunk_fc82038af12f51f54e48,prdoc_30c368ea18b4d2b0ce50,0,PR identity,256,36,pallets/flask,4237,Routine,Low,False
prchunk_891d5aa5f650c2e2005c,prdoc_30c368ea18b4d2b0ce50,1,PR description,1034,180,pallets/flask,4237,Routine,Low,False
prchunk_9e20104d726ca70d21a1,prdoc_30c368ea18b4d2b0ce50,2,PR description,228,41,pallets/flask,4237,Routine,Low,False
prchunk_ef408fd1a21b2d426762,prdoc_30c368ea18b4d2b0ce50,3,Change evidence,405,68,pallets/flask,4237,Routine,Low,False
prchunk_5eecabf8d7531ff4cb66,prdoc_30c368ea18b4d2b0ce50,4,Predictive intelligence,474,67,pallets/flask,4237,Routine,Low,False
prchunk_a61862237b25eb8c7270,prdoc_30c368ea18b4d2b0ce50,5,Deterministic policy intelligence,320,46,pallets/flask,4237,Routine,Low,False
prchunk_81286f1c3b4cf43a6514,prdoc_30c368ea18b4d2b0ce50,6,Unified review priority,314,43,pallets/flask,4237,Routine,Low,False
prchunk_66c9c5354abfe5655e6b,prdoc_28ba1851c4c9289e3ceb,0,PR identity,276,38,pallets/flask,3605,Routine,Low,False
prchunk_71cca6b20e3c926f3dce,prdoc_28ba1851c4c9289e3ceb,1,PR description,288,47,pallets/flask,3605,Routine,Low,False
prchunk_de93a7f678d3fe2113ce,prdoc_28ba1851c4c9289e3ceb,2,Change evidence,404,68,pallets/flask,3605,Routine,Low,False
prchunk_e1ccea9e0855cbb8d7e7,prdoc_28ba1851c4c9289e3ceb,3,Predictive intelligence,474,67,pallets/flask,3605,Routine,Low,False
prchunk_ec1f71bf181d794153a1,prdoc_28ba1851c4c9289e3ceb,4,Deterministic policy intelligence,321,45,pallets/flask,3605,Routine,Low,False
prchunk_cb6bd6106146cb77d072,prdoc_28ba1851c4c9289e3ceb,5,Unified review priority,314,43,pallets/flask,3605,Routine,Low,False
prchunk_89cba15bac2c20b63ff7,prdoc_85cf3d5cd6eb98051be7,0,PR identity,265,36,pallets/flask,4843,Routine,Low,False
prchunk_60b727bce6e47f974bfb,prdoc_85cf3d5cd6eb98051be7,1,PR description,1114,180,pallets/flask,4843,Routine,Low,False
prchunk_e5b6c5d7bd3919b35921,prdoc_85cf3d5cd6eb98051be7,2,PR description,452,81,pallets/flask,4843,Routine,Low,False
prchunk_ce78d118cdedf64d3b55,prdoc_85cf3d5cd6eb98051be7,3,Change evidence,403,68,pallets/flask,4843,Routine,Low,False
prchunk_ebb6c2593a4627fa58df,prdoc_85cf3d5cd6eb98051be7,4,Predictive intelligence,474,67,pallets/flask,4843,Routine,Low,False
prchunk_4c889f55c353ff7cda27,prdoc_85cf3d5cd6eb98051be7,5,Deterministic policy intelligence,320,46,pallets/flask,4843,Routine,Low,False
prchunk_0aac6f010e896e929631,prdoc_85cf3d5cd6eb98051be7,6,Unified review priority,314,43,pallets/flask,4843,Routine,Low,False
prchunk_bfb4535508fe79bb63e9,prdoc_e84711e13f0ceb9ad93f,0,PR identity,275,38,pallets/flask,2592,Routine,Low,False
prchunk_5724b0aaef1e87567b96,prdoc_e84711e13f0ceb9ad93f,1,PR description,439,76,pallets/flask,2592,Routine,Low,False
prchunk_4842d3bbcdbaf39f1e88,prdoc_e84711e13f0ceb9ad93f,2,Change evidence,406,68,pallets/flask,2592,Routine,Low,False
prchunk_cf186bc9b0a1a1380b15,prdoc_e84711e13f0ceb9ad93f,3,Predictive intelligence,414,57,pallets/flask,2592,Routine,Low,False
prchunk_3c1491f2863b768b6abc,prdoc_e84711e13f0ceb9ad93f,4,Deterministic policy intelligence,321,45,pallets/flask,2592,Routine,Low,False
prchunk_7ba01c7e2494e8e1ed71,prdoc_e84711e13f0ceb9ad93f,5,Unified review priority,310,44,pallets/flask,2592,Routine,Low,False
prchunk_174be18d71c13bbb2e3a,prdoc_9a9eeb92a00e895e3f29,0,PR identity,304,42,pallets/flask,3324,Routine,Low,False
prchunk_49630f0f2d237bc779e7,prdoc_9a9eeb92a00e895e3f29,1,PR description,1170,180,pallets/flask,3324,Routine,Low,False
prchunk_5e1daaac754ff9be8769,prdoc_9a9eeb92a00e895e3f29,2,PR description,653,113,pallets/flask,3324,Routine,Low,False
prchunk_9b05d5d8b3902d7c60bd,prdoc_9a9eeb92a00e895e3f29,3,Change evidence,404,68,pallets/flask,3324,Routine,Low,False
prchunk_65dfb1055091a987b347,prdoc_9a9eeb92a00e895e3f29,4,Predictive intelligence,474,67,pallets/flask,3324,Routine,Low,False
prchunk_30ac5fc3feaab1058368,prdoc_9a9eeb92a00e895e3f29,5,Deterministic policy intelligence,320,46,pallets/flask,3324,Routine,Low,False
prchunk_f6319949f9aadd3d9328,prdoc_9a9eeb92a00e895e3f29,6,Unified review priority,314,43,pallets/flask,3324,Routine,Low,False
prchunk_c3f9a2e714c4454a4ea6,prdoc_da6efa49cd984a9084d6,0,PR identity,249,35,pallets/flask,3784,Routine,Low,False
prchunk_7bcde7253fc8ddfdf9d1,prdoc_da6efa49cd984a9084d6,1,PR description,662,108,pallets/flask,3784,Routine,Low,False
prchunk_e88167f2a1378ddbbe00,prdoc_da6efa49cd984a9084d6,2,Change evidence,406,68,pallets/flask,3784,Routine,Low,False
prchunk_c8f929ab102d0976f658,prdoc_da6efa49cd984a9084d6,3,Predictive intelligence,474,67,pallets/flask,3784,Routine,Low,False
prchunk_571daffb0b1c227bdb1c,prdoc_da6efa49cd984a9084d6,4,Deterministic policy intelligence,320,46,pallets/flask,3784,Routine,Low,False
prchunk_cbb0c23f58edea33b4c3,prdoc_da6efa49cd984a9084d6,5,Unified review priority,314,43,pallets/flask,3784,Routine,Low,False
prchunk_5fc89d6e0e2cf3906d3e,prdoc_b616755edc08b86dc781,0,PR identity,280,40,pallets/flask,3333,Routine,Low,False
prchunk_a190af4c6d548119570a,prdoc_b616755edc08b86dc781,1,PR description,462,80,pallets/flask,3333,Routine,Low,False
prchunk_00a84567a0c6eb334c11,prdoc_b616755edc08b86dc781,2,Change evidence,403,68,pallets/flask,3333,Routine,Low,False
prchunk_978fb3e380f3a530da33,prdoc_b616755edc08b86dc781,3,Predictive intelligence,474,67,pallets/flask,3333,Routine,Low,False
prchunk_c4451ea19d5709c84626,prdoc_b616755edc08b86dc781,4,Deterministic policy intelligence,320,46,pallets/flask,3333,Routine,Low,False
prchunk_441d100a4f08468c047c,prdoc_b616755edc08b86dc781,5,Unified review priority,314,43,pallets/flask,3333,Routine,Low,False
prchunk_71c520151f0ac08c8def,prdoc_3f4fc6cf942cf935d07c,0,PR identity,283,42,pallets/flask,3824,Routine,Low,False
prchunk_baf75386fd90865fbcad,prdoc_3f4fc6cf942cf935d07c,1,PR description,1087,172,pallets/flask,3824,Routine,Low,False
prchunk_ffe2de54bd0cacebe56f,prdoc_3f4fc6cf942cf935d07c,2,Change evidence,403,68,pallets/flask,3824,Routine,Low,False
prchunk_a27803e594add58a91e6,prdoc_3f4fc6cf942cf935d07c,3,Predictive intelligence,474,67,pallets/flask,3824,Routine,Low,False
prchunk_a8b297809d7ab2f9fcdf,prdoc_3f4fc6cf942cf935d07c,4,Deterministic policy intelligence,320,46,pallets/flask,3824,Routine,Low,False
prchunk_667dbf400733435c2653,prdoc_3f4fc6cf942cf935d07c,5,Unified review priority,314,43,pallets/flask,3824,Routine,Low,False
prchunk_8bbcd99ebc7caa0fb497,prdoc_234f0428522cb78d7501,0,PR identity,294,41,pallets/flask,5875,Routine,Low,False
prchunk_38f151853023d75aaadb,prdoc_234f0428522cb78d7501,1,PR description,563,91,pallets/flask,5875,Routine,Low,False
prchunk_2f3380e2447146e626ad,prdoc_234f0428522cb78d7501,2,Change evidence,405,68,pallets/flask,5875,Routine,Low,False
prchunk_836ac4624b349a955ec6,prdoc_234f0428522cb78d7501,3,Predictive intelligence,474,67,pallets/flask,5875,Routine,Low,False
prchunk_03e0721fe299c91a28eb,prdoc_234f0428522cb78d7501,4,Deterministic policy intelligence,320,46,pallets/flask,5875,Routine,Low,False
prchunk_8221b5f2e89b89a89527,prdoc_234f0428522cb78d7501,5,Unified review priority,314,43,pallets/flask,5875,Routine,Low,False
prchunk_e20ee705a751383bac54,prdoc_b9ae987739977b8c95ab,0,PR identity,282,40,pallets/flask,2575,Routine,Low,False
prchunk_1c21033dcbf4b6065b86,prdoc_b9ae987739977b8c95ab,1,PR description,1007,147,pallets/flask,2575,Routine,Low,False
prchunk_97f989e63562a0d00ff6,prdoc_b9ae987739977b8c95ab,2,Change evidence,403,68,pallets/flask,2575,Routine,Low,False
prchunk_562f834bd08520e80352,prdoc_b9ae987739977b8c95ab,3,Predictive intelligence,474,67,pallets/flask,2575,Routine,Low,False
prchunk_3a24fd2e675d318bff3f,prdoc_b9ae987739977b8c95ab,4,Deterministic policy intelligence,320,46,pallets/flask,2575,Routine,Low,False
prchunk_d3feca59bd32e5d2c5e8,prdoc_b9ae987739977b8c95ab,5,Unified review priority,314,43,pallets/flask,2575,Routine,Low,False
prchunk_57a96096d9f23892025a,prdoc_1e2ad10f00f3cc9c280a,0,PR identity,273,40,pallets/flask,3793,Routine,Low,False
prchunk_189050eb0f4c7887350d,prdoc_1e2ad10f00f3cc9c280a,1,PR description,1155,133,pallets/flask,3793,Routine,Low,False
prchunk_1f07af23e7f4245509ef,prdoc_1e2ad10f00f3cc9c280a,2,Change evidence,406,68,pallets/flask,3793,Routine,Low,False
prchunk_7bf651a684455ca9c30f,prdoc_1e2ad10f00f3cc9c280a,3,Predictive intelligence,474,67,pallets/flask,3793,Routine,Low,False
prchunk_9bb7e4f8b70ed1509a12,prdoc_1e2ad10f00f3cc9c280a,4,Deterministic policy intelligence,320,46,pallets/flask,3793,Routine,Low,False
prchunk_40ac68e169149738d100,prdoc_1e2ad10f00f3cc9c280a,5,Unified review priority,314,43,pallets/flask,3793,Routine,Low,False
prchunk_e86345f92bb2c605224b,prdoc_ea05b077847d199c3796,0,PR identity,297,40,pallets/flask,4897,Routine,Low,False
prchunk_20e6ed1caddbad4d17cc,prdoc_ea05b077847d199c3796,1,PR description,1079,180,pallets/flask,4897,Routine,Low,False
prchunk_ffbd57759a1db12b8fa6,prdoc_ea05b077847d199c3796,2,PR description,367,71,pallets/flask,4897,Routine,Low,False
prchunk_a2b561c5072b67e9d74e,prdoc_ea05b077847d199c3796,3,Change evidence,404,68,pallets/flask,4897,Routine,Low,False
prchunk_8db4606f9824937a43a9,prdoc_ea05b077847d199c3796,4,Predictive intelligence,474,67,pallets/flask,4897,Routine,Low,False
prchunk_c9bdf8fc4b2097a63086,prdoc_ea05b077847d199c3796,5,Deterministic policy intelligence,320,46,pallets/flask,4897,Routine,Low,False
prchunk_6683d76f9cf9db260a10,prdoc_ea05b077847d199c3796,6,Unified review priority,314,43,pallets/flask,4897,Routine,Low,False
prchunk_de80b8c5f84aff092df2,prdoc_6e307724d3c34c8b1b38,0,PR identity,258,35,pallets/flask,4640,Routine,Low,False
prchunk_0c18feabf61aef93ba52,prdoc_6e307724d3c34c8b1b38,1,PR description,457,74,pallets/flask,4640,Routine,Low,False
prchunk_8c2194ed0e1263197b33,prdoc_6e307724d3c34c8b1b38,2,Change evidence,403,68,pallets/flask,4640,Routine,Low,False
prchunk_734f2126b76c7a28cce0,prdoc_6e307724d3c34c8b1b38,3,Predictive intelligence,474,67,pallets/flask,4640,Routine,Low,False
prchunk_8441e82d53fb88c523e8,prdoc_6e307724d3c34c8b1b38,4,Deterministic policy intelligence,320,46,pallets/flask,4640,Routine,Low,False
prchunk_64b5cae1fc33e78a252b,prdoc_6e307724d3c34c8b1b38,5,Unified review priority,314,43,pallets/flask,4640,Routine,Low,False
prchunk_6598aa53cef23ae4efc0,prdoc_c20ffbd397d4dae8a61f,0,PR identity,296,39,pallets/flask,5982,Routine,Low,False
prchunk_42056e6e9dc6c52604f7,prdoc_c20ffbd397d4dae8a61f,1,PR description,959,125,pallets/flask,5982,Routine,Low,False
prchunk_59c853e918ba537b6059,prdoc_c20ffbd397d4dae8a61f,2,Change evidence,404,68,pallets/flask,5982,Routine,Low,False
prchunk_6a873cf2c29d29a140a7,prdoc_c20ffbd397d4dae8a61f,3,Predictive intelligence,474,67,pallets/flask,5982,Routine,Low,False
prchunk_e2d020ba5297d5c05737,prdoc_c20ffbd397d4dae8a61f,4,Deterministic policy intelligence,320,46,pallets/flask,5982,Routine,Low,False
prchunk_6a52001f6efcd3b99412,prdoc_c20ffbd397d4dae8a61f,5,Unified review priority,314,43,pallets/flask,5982,Routine,Low,False
prchunk_6a22ceb0f692410108fd,prdoc_8f8bb30648544dfbde60,0,PR identity,254,35,pallets/flask,2797,Routine,Low,False
prchunk_ea84b865819dc2d50a86,prdoc_8f8bb30648544dfbde60,1,PR description,188,28,pallets/flask,2797,Routine,Low,False
prchunk_08ad2a3098f7e65677f4,prdoc_8f8bb30648544dfbde60,2,Change evidence,404,68,pallets/flask,2797,Routine,Low,False
prchunk_9991046fce332355209d,prdoc_8f8bb30648544dfbde60,3,Predictive intelligence,474,67,pallets/flask,2797,Routine,Low,False
prchunk_9a148077b3cd8552c2de,prdoc_8f8bb30648544dfbde60,4,Deterministic policy intelligence,321,45,pallets/flask,2797,Routine,Low,False
prchunk_4d1c94c5b86053164eb1,prdoc_8f8bb30648544dfbde60,5,Unified review priority,314,43,pallets/flask,2797,Routine,Low,False
prchunk_8334560b59a91d483272,prdoc_6a943e5898f6dba3252a,0,PR identity,279,39,pallets/flask,2682,Routine,Low,False
prchunk_b18aa39509d28164dde9,prdoc_6a943e5898f6dba3252a,1,PR description,712,113,pallets/flask,2682,Routine,Low,False
prchunk_f4a71823ff8e8419bd8c,prdoc_6a943e5898f6dba3252a,2,Change evidence,404,68,pallets/flask,2682,Routine,Low,False
prchunk_0970e65f1befc0bc9fb6,prdoc_6a943e5898f6dba3252a,3,Predictive intelligence,474,67,pallets/flask,2682,Routine,Low,False
prchunk_580941423661fd70f009,prdoc_6a943e5898f6dba3252a,4,Deterministic policy intelligence,320,46,pallets/flask,2682,Routine,Low,False
prchunk_ec1fad8769265f08b786,prdoc_6a943e5898f6dba3252a,5,Unified review priority,314,43,pallets/flask,2682,Routine,Low,False
prchunk_85c46d6b4bba637c58cf,prdoc_e6514df29476b1a8b51a,0,PR identity,284,39,pallets/flask,3467,Routine,Low,False
prchunk_44ccabe9e0b7934c3f80,prdoc_e6514df29476b1a8b51a,1,PR description,709,114,pallets/flask,3467,Routine,Low,False
prchunk_5bed58152be7bc2f33ec,prdoc_e6514df29476b1a8b51a,2,Change evidence,404,68,pallets/flask,3467,Routine,Low,False
prchunk_5bbd0e92ee380423fb9a,prdoc_e6514df29476b1a8b51a,3,Predictive intelligence,474,67,pallets/flask,3467,Routine,Low,False
prchunk_c902a993127db2c26ad4,prdoc_e6514df29476b1a8b51a,4,Deterministic policy intelligence,320,46,pallets/flask,3467,Routine,Low,False
prchunk_f5d25e0e87f3738f581c,prdoc_e6514df29476b1a8b51a,5,Unified review priority,314,43,pallets/flask,3467,Routine,Low,False
prchunk_8b4be3e95f1ec82cd1bf,prdoc_5127bc2c3ee89313c612,0,PR identity,273,40,pallets/flask,3850,Routine,Low,False
prchunk_aab895a9b64233d4abfe,prdoc_5127bc2c3ee89313c612,1,PR description,854,142,pallets/flask,3850,Routine,Low,False
prchunk_d41ffbfe906f1c68934e,prdoc_5127bc2c3ee89313c612,2,Change evidence,403,68,pallets/flask,3850,Routine,Low,False
prchunk_242e03d42e8129a75366,prdoc_5127bc2c3ee89313c612,3,Predictive intelligence,474,67,pallets/flask,3850,Routine,Low,False
prchunk_e046d2644fbd9186aa6e,prdoc_5127bc2c3ee89313c612,4,Deterministic policy intelligence,320,46,pallets/flask,3850,Routine,Low,False
prchunk_d667ec62d8ac5a96c9b7,prdoc_5127bc2c3ee89313c612,5,Unified review priority,314,43,pallets/flask,3850,Routine,Low,False
prchunk_732676acadf16ca97ca1,prdoc_cd8f50d17e48e112ee32,0,PR identity,265,36,pallets/flask,2619,Routine,Low,False
prchunk_108519b85cb468260bfb,prdoc_cd8f50d17e48e112ee32,1,PR description,212,33,pallets/flask,2619,Routine,Low,False
prchunk_52682cb6abc52be771bb,prdoc_cd8f50d17e48e112ee32,2,Change evidence,404,68,pallets/flask,2619,Routine,Low,False
prchunk_010a613fb77a1cd2af9e,prdoc_cd8f50d17e48e112ee32,3,Predictive intelligence,474,67,pallets/flask,2619,Routine,Low,False
prchunk_09ba0bc5f8360884144a,prdoc_cd8f50d17e48e112ee32,4,Deterministic policy intelligence,321,45,pallets/flask,2619,Routine,Low,False
prchunk_4af5fee0ce8a4256b65b,prdoc_cd8f50d17e48e112ee32,5,Unified review priority,314,43,pallets/flask,2619,Routine,Low,False
prchunk_a27cb152f4f8d5fd75da,prdoc_1da48e0c02917c488921,0,PR identity,265,38,pallets/flask,3073,Routine,Low,False
prchunk_afadbed7b6acb063fd16,prdoc_1da48e0c02917c488921,1,PR description,408,57,pallets/flask,3073,Routine,Low,False
prchunk_e3c8bfc5223e1d8d3699,prdoc_1da48e0c02917c488921,2,Change evidence,403,68,pallets/flask,3073,Routine,Low,False
prchunk_015a13361b4f0a4179bb,prdoc_1da48e0c02917c488921,3,Predictive intelligence,474,67,pallets/flask,3073,Routine,Low,False
prchunk_73a4383dadc7133af056,prdoc_1da48e0c02917c488921,4,Deterministic policy intelligence,321,45,pallets/flask,3073,Routine,Low,False
prchunk_e7ffee5fb53e120e4ce5,prdoc_1da48e0c02917c488921,5,Unified review priority,314,43,pallets/flask,3073,Routine,Low,False
prchunk_dce9a6190c3880c8ec2d,prdoc_dddd6442ccfed267f357,0,PR identity,281,38,pallets/flask,2740,Routine,Low,False
prchunk_69a69c891c8488a5ee4d,prdoc_dddd6442ccfed267f357,1,PR description,265,40,pallets/flask,2740,Routine,Low,False
prchunk_cae50f709f31525bde5e,prdoc_dddd6442ccfed267f357,2,Change evidence,405,68,pallets/flask,2740,Routine,Low,False
prchunk_316cb7d75eafe33b05b0,prdoc_dddd6442ccfed267f357,3,Predictive intelligence,474,67,pallets/flask,2740,Routine,Low,False
prchunk_6f50b346cbbb72cdc9ce,prdoc_dddd6442ccfed267f357,4,Deterministic policy intelligence,321,45,pallets/flask,2740,Routine,Low,False
prchunk_04414e3e51b617381d73,prdoc_dddd6442ccfed267f357,5,Unified review priority,314,43,pallets/flask,2740,Routine,Low,False
prchunk_8673f3a062376853fa46,prdoc_8449f57f5f8473ff7bfd,0,PR identity,327,46,pallets/flask,2944,Routine,Low,False
prchunk_a8472d47e502167d408c,prdoc_8449f57f5f8473ff7bfd,1,PR description,601,90,pallets/flask,2944,Routine,Low,False
prchunk_cf317364b018007b1f92,prdoc_8449f57f5f8473ff7bfd,2,Change evidence,405,68,pallets/flask,2944,Routine,Low,False
prchunk_76e80e8cf23641f447c3,prdoc_8449f57f5f8473ff7bfd,3,Predictive intelligence,474,67,pallets/flask,2944,Routine,Low,False
prchunk_6175b03eacd59cdabc1d,prdoc_8449f57f5f8473ff7bfd,4,Deterministic policy intelligence,320,46,pallets/flask,2944,Routine,Low,False
prchunk_c1c597ed7b15f577ba24,prdoc_8449f57f5f8473ff7bfd,5,Unified review priority,314,43,pallets/flask,2944,Routine,Low,False
prchunk_9cf53263a1d03d7bfda5,prdoc_1d2f995b504942bb4502,0,PR identity,284,39,pallets/flask,3461,Routine,Low,False
prchunk_a2b1554285d8507f10b4,prdoc_1d2f995b504942bb4502,1,PR description,709,114,pallets/flask,3461,Routine,Low,False
prchunk_1544fe2e87bf9d8d2f66,prdoc_1d2f995b504942bb4502,2,Change evidence,404,68,pallets/flask,3461,Routine,Low,False
prchunk_c3e91a92568f0e3e726b,prdoc_1d2f995b504942bb4502,3,Predictive intelligence,474,67,pallets/flask,3461,Routine,Low,False
prchunk_52c4d5d84e34904eeeea,prdoc_1d2f995b504942bb4502,4,Deterministic policy intelligence,320,46,pallets/flask,3461,Routine,Low,False
prchunk_389a51f9bf676793f1af,prdoc_1d2f995b504942bb4502,5,Unified review priority,314,43,pallets/flask,3461,Routine,Low,False
prchunk_549543408a736929bd28,prdoc_cb068e5e7e9b4f8c9ba7,0,PR identity,275,38,pallets/flask,4540,Routine,Low,False
prchunk_dd9e8e138e7b7eddd0bb,prdoc_cb068e5e7e9b4f8c9ba7,1,PR description,875,132,pallets/flask,4540,Routine,Low,False
prchunk_47f4c0565b0a091b0411,prdoc_cb068e5e7e9b4f8c9ba7,2,Change evidence,404,68,pallets/flask,4540,Routine,Low,False
prchunk_e63cfc92215ae892fd24,prdoc_cb068e5e7e9b4f8c9ba7,3,Predictive intelligence,474,67,pallets/flask,4540,Routine,Low,False
prchunk_61004c2451eba6d20369,prdoc_cb068e5e7e9b4f8c9ba7,4,Deterministic policy intelligence,320,46,pallets/flask,4540,Routine,Low,False
prchunk_88c7f99cd02cd6584876,prdoc_cb068e5e7e9b4f8c9ba7,5,Unified review priority,314,43,pallets/flask,4540,Routine,Low,False
prchunk_a8e8e7e12d6287d119fd,prdoc_8d972b35a79408d7a65c,0,PR identity,282,40,pallets/flask,5874,Routine,Low,False
prchunk_80567fed88a51859e6c1,prdoc_8d972b35a79408d7a65c,1,PR description,414,65,pallets/flask,5874,Routine,Low,False
prchunk_c8b6c6a1bbe0a686cbe2,prdoc_8d972b35a79408d7a65c,2,Change evidence,403,68,pallets/flask,5874,Routine,Low,False
prchunk_ea2765f28e5177616105,prdoc_8d972b35a79408d7a65c,3,Predictive intelligence,474,67,pallets/flask,5874,Routine,Low,False
prchunk_0b2385cb1c896b30ce2d,prdoc_8d972b35a79408d7a65c,4,Deterministic policy intelligence,321,45,pallets/flask,5874,Routine,Low,False
prchunk_48d742b33b1607c22368,prdoc_8d972b35a79408d7a65c,5,Unified review priority,314,43,pallets/flask,5874,Routine,Low,False
prchunk_484b790187e3d9857a08,prdoc_f955d031cd988ee5e4b0,0,PR identity,278,38,pallets/flask,4111,Routine,Low,False
prchunk_a0c8794ca9fb68bd01e6,prdoc_f955d031cd988ee5e4b0,1,PR description,454,76,pallets/flask,4111,Routine,Low,False
prchunk_de64917c2fecef126196,prdoc_f955d031cd988ee5e4b0,2,Change evidence,403,68,pallets/flask,4111,Routine,Low,False
prchunk_f0570174f05277dba3f5,prdoc_f955d031cd988ee5e4b0,3,Predictive intelligence,474,67,pallets/flask,4111,Routine,Low,False
prchunk_0b8afb21078128c29224,prdoc_f955d031cd988ee5e4b0,4,Deterministic policy intelligence,320,46,pallets/flask,4111,Routine,Low,False
prchunk_1502376a9cedd0d71b86,prdoc_f955d031cd988ee5e4b0,5,Unified review priority,314,43,pallets/flask,4111,Routine,Low,False
prchunk_13bed97356bcc0003336,prdoc_0a0c36427acbebd4446b,0,PR identity,284,39,pallets/flask,3278,Routine,Low,False
prchunk_539a1f0ee499cdeb884f,prdoc_0a0c36427acbebd4446b,1,PR description,392,62,pallets/flask,3278,Routine,Low,False
prchunk_5d71d8c58ff9e05d55f5,prdoc_0a0c36427acbebd4446b,2,Change evidence,405,68,pallets/flask,3278,Routine,Low,False
prchunk_639e082e6f88c9af627c,prdoc_0a0c36427acbebd4446b,3,Predictive intelligence,413,57,pallets/flask,3278,Routine,Low,False
prchunk_2236f2a42ffcb643ce72,prdoc_0a0c36427acbebd4446b,4,Deterministic policy intelligence,442,60,pallets/flask,3278,Routine,Low,False
prchunk_815bfd6fce38229296c0,prdoc_0a0c36427acbebd4446b,5,Unified review priority,310,44,pallets/flask,3278,Routine,Low,False
prchunk_3db9a31c894c2255c3a9,prdoc_f435b6e74ca1140be1a9,0,PR identity,256,35,pallets/flask,5202,Routine,Low,False
prchunk_0f87d14c5328568a1e2f,prdoc_f435b6e74ca1140be1a9,1,PR description,1031,180,pallets/flask,5202,Routine,Low,False
prchunk_67e7cb7b509d1986a613,prdoc_f435b6e74ca1140be1a9,2,PR description,228,42,pallets/flask,5202,Routine,Low,False
prchunk_24d37d7621561c26b3ec,prdoc_f435b6e74ca1140be1a9,3,Change evidence,403,68,pallets/flask,5202,Routine,Low,False
prchunk_83d0f2abe0805d00232d,prdoc_f435b6e74ca1140be1a9,4,Predictive intelligence,474,67,pallets/flask,5202,Routine,Low,False
prchunk_30cf22d4aa57286d1971,prdoc_f435b6e74ca1140be1a9,5,Deterministic policy intelligence,320,46,pallets/flask,5202,Routine,Low,False
prchunk_e27a129641be4372175e,prdoc_f435b6e74ca1140be1a9,6,Unified review priority,314,43,pallets/flask,5202,Routine,Low,False
prchunk_be9670da5d8c33454962,prdoc_dbf0a55d4fe3b5a7964d,0,PR identity,276,38,pallets/flask,5216,Routine,Low,False
prchunk_c3006eeae67bfb56a1ab,prdoc_dbf0a55d4fe3b5a7964d,1,PR description,187,29,pallets/flask,5216,Routine,Low,False
prchunk_75d462bd5ffeb4a9d266,prdoc_dbf0a55d4fe3b5a7964d,2,Change evidence,404,68,pallets/flask,5216,Routine,Low,False
prchunk_768fc360b8964509856f,prdoc_dbf0a55d4fe3b5a7964d,3,Predictive intelligence,474,67,pallets/flask,5216,Routine,Low,False
prchunk_eb203b8eb66d3b9426bc,prdoc_dbf0a55d4fe3b5a7964d,4,Deterministic policy intelligence,321,45,pallets/flask,5216,Routine,Low,False
prchunk_c7bbcdd10a1bc9a7497a,prdoc_dbf0a55d4fe3b5a7964d,5,Unified review priority,314,43,pallets/flask,5216,Routine,Low,False
prchunk_0f6680b9488e7f7e0921,prdoc_b78c5436cbccbdad1224,0,PR identity,276,35,pallets/flask,4921,Routine,Low,False
prchunk_979a68c97d2848414d76,prdoc_b78c5436cbccbdad1224,1,PR description,1066,180,pallets/flask,4921,Routine,Low,False
prchunk_a0d5dee9d3e4cdfe7d52,prdoc_b78c5436cbccbdad1224,2,PR description,309,50,pallets/flask,4921,Routine,Low,False
prchunk_d2108127aab8cc3c8b86,prdoc_b78c5436cbccbdad1224,3,Change evidence,403,68,pallets/flask,4921,Routine,Low,False
prchunk_bcfe8f322ceafdb59a11,prdoc_b78c5436cbccbdad1224,4,Predictive intelligence,414,57,pallets/flask,4921,Routine,Low,False
prchunk_4bd71d024e7dc22fa85f,prdoc_b78c5436cbccbdad1224,5,Deterministic policy intelligence,320,46,pallets/flask,4921,Routine,Low,False
prchunk_0a4943818937ec682506,prdoc_b78c5436cbccbdad1224,6,Unified review priority,310,44,pallets/flask,4921,Routine,Low,False
prchunk_cbc800a3affcca78a629,prdoc_de5a7a05b5b7687f7313,0,PR identity,300,42,pallets/flask,3205,Routine,Low,False
prchunk_fdf845ee73d22b795579,prdoc_de5a7a05b5b7687f7313,1,PR description,715,115,pallets/flask,3205,Routine,Low,False
prchunk_d329faf6fdeb987e563d,prdoc_de5a7a05b5b7687f7313,2,Change evidence,407,68,pallets/flask,3205,Routine,Low,False
prchunk_02b0e83febade652bc49,prdoc_de5a7a05b5b7687f7313,3,Predictive intelligence,474,67,pallets/flask,3205,Routine,Low,False
prchunk_d8883f3cc84301493b64,prdoc_de5a7a05b5b7687f7313,4,Deterministic policy intelligence,320,46,pallets/flask,3205,Routine,Low,False
prchunk_4beb91b73b0edb464604,prdoc_de5a7a05b5b7687f7313,5,Unified review priority,314,43,pallets/flask,3205,Routine,Low,False
prchunk_b2975d69de8a634a1b66,prdoc_e7e9f572c1eec1087dea,0,PR identity,282,38,pallets/flask,4463,Routine,Low,False
prchunk_3df0418f311fbd5876db,prdoc_e7e9f572c1eec1087dea,1,PR description,818,136,pallets/flask,4463,Routine,Low,False
prchunk_4385123eb7af26a4f978,prdoc_e7e9f572c1eec1087dea,2,Change evidence,405,68,pallets/flask,4463,Routine,Low,False
prchunk_2a46ff15fcb72c934933,prdoc_e7e9f572c1eec1087dea,3,Predictive intelligence,474,67,pallets/flask,4463,Routine,Low,False
prchunk_35b0b4bed24dc18e3364,prdoc_e7e9f572c1eec1087dea,4,Deterministic policy intelligence,320,46,pallets/flask,4463,Routine,Low,False
prchunk_8c56e874d1a2de6d6a92,prdoc_e7e9f572c1eec1087dea,5,Unified review priority,314,43,pallets/flask,4463,Routine,Low,False
prchunk_263613e95bb7b704ea97,prdoc_90cb5e7849a5d4272a9d,0,PR identity,253,35,pallets/flask,3378,Routine,Low,False
prchunk_35a97ecd9128f52f9390,prdoc_90cb5e7849a5d4272a9d,1,PR description,842,139,pallets/flask,3378,Routine,Low,False
prchunk_8c9988f897ae92d0ce59,prdoc_90cb5e7849a5d4272a9d,2,Change evidence,403,68,pallets/flask,3378,Routine,Low,False
prchunk_9e0c2a18b3fb6336b4e1,prdoc_90cb5e7849a5d4272a9d,3,Predictive intelligence,474,67,pallets/flask,3378,Routine,Low,False
prchunk_5aa71f887ae810df3734,prdoc_90cb5e7849a5d4272a9d,4,Deterministic policy intelligence,320,46,pallets/flask,3378,Routine,Low,False
prchunk_65805efc770f37e38eb9,prdoc_90cb5e7849a5d4272a9d,5,Unified review priority,314,43,pallets/flask,3378,Routine,Low,False
prchunk_35ff4c17193932e1d804,prdoc_98c699e684dbd10ddd4c,0,PR identity,282,38,pallets/flask,3581,Routine,Low,False
prchunk_452a3bef0d4908d2b7b0,prdoc_98c699e684dbd10ddd4c,1,PR description,759,120,pallets/flask,3581,Routine,Low,False
prchunk_17929ce6339f3f1951f7,prdoc_98c699e684dbd10ddd4c,2,Change evidence,403,68,pallets/flask,3581,Routine,Low,False
prchunk_caaf6763b6e85a41e906,prdoc_98c699e684dbd10ddd4c,3,Predictive intelligence,474,67,pallets/flask,3581,Routine,Low,False
prchunk_db2d0b8a228063013f30,prdoc_98c699e684dbd10ddd4c,4,Deterministic policy intelligence,320,46,pallets/flask,3581,Routine,Low,False
prchunk_2d329ec69c775b7aa6ec,prdoc_98c699e684dbd10ddd4c,5,Unified review priority,314,43,pallets/flask,3581,Routine,Low,False
prchunk_60097417bd36acc2dcc4,prdoc_c046b19f05e5aeb3be8c,0,PR identity,255,35,pallets/flask,5300,Routine,Low,False
prchunk_7f7e2972ffe711719862,prdoc_c046b19f05e5aeb3be8c,1,PR description,272,28,pallets/flask,5300,Routine,Low,False
prchunk_e59afdf5bbb863f4358f,prdoc_c046b19f05e5aeb3be8c,2,Change evidence,403,68,pallets/flask,5300,Routine,Low,False
prchunk_a279a7dd4b486b8c4c03,prdoc_c046b19f05e5aeb3be8c,3,Predictive intelligence,474,67,pallets/flask,5300,Routine,Low,False
prchunk_5e7c79bcfe73c60c1e92,prdoc_c046b19f05e5aeb3be8c,4,Deterministic policy intelligence,321,45,pallets/flask,5300,Routine,Low,False
prchunk_53e723427a256c8ce53d,prdoc_c046b19f05e5aeb3be8c,5,Unified review priority,314,43,pallets/flask,5300,Routine,Low,False
prchunk_3e612ac0c517c39f17e9,prdoc_14e5f2fcac01924d8164,0,PR identity,303,41,pallets/flask,5717,Routine,Low,False
prchunk_9eebe3705ccca51dfe75,prdoc_14e5f2fcac01924d8164,1,PR description,1219,180,pallets/flask,5717,Routine,Low,False
prchunk_702a6376e3981b19f287,prdoc_14e5f2fcac01924d8164,2,PR description,327,48,pallets/flask,5717,Routine,Low,False
prchunk_80c4af4032799c53efed,prdoc_14e5f2fcac01924d8164,3,Change evidence,406,68,pallets/flask,5717,Routine,Low,False
prchunk_f146b5e940739d0210ff,prdoc_14e5f2fcac01924d8164,4,Predictive intelligence,474,67,pallets/flask,5717,Routine,Low,False
prchunk_19c76fcccab362ffdc9f,prdoc_14e5f2fcac01924d8164,5,Deterministic policy intelligence,320,46,pallets/flask,5717,Routine,Low,False
prchunk_fbc9cea069a33d0f9513,prdoc_14e5f2fcac01924d8164,6,Unified review priority,314,43,pallets/flask,5717,Routine,Low,False
prchunk_2a224809ef31f2eaf9d3,prdoc_345a2710a1d593b72b53,0,PR identity,259,35,pallets/flask,5163,Routine,Low,False
prchunk_26c39d411f5306f7815c,prdoc_345a2710a1d593b72b53,1,PR description,1055,180,pallets/flask,5163,Routine,Low,False
prchunk_6acc6fed785a004200d2,prdoc_345a2710a1d593b72b53,2,PR description,322,64,pallets/flask,5163,Routine,Low,False
prchunk_aac16f6c03c07f697135,prdoc_345a2710a1d593b72b53,3,Change evidence,403,68,pallets/flask,5163,Routine,Low,False
prchunk_276a6c0e6c1ec1dc5d73,prdoc_345a2710a1d593b72b53,4,Predictive intelligence,474,67,pallets/flask,5163,Routine,Low,False
prchunk_a4032920d18b66cd08ec,prdoc_345a2710a1d593b72b53,5,Deterministic policy intelligence,320,46,pallets/flask,5163,Routine,Low,False
prchunk_ea551eef22602bc702de,prdoc_345a2710a1d593b72b53,6,Unified review priority,314,43,pallets/flask,5163,Routine,Low,False
prchunk_f2c10e35c90c55a4e2f2,prdoc_56e5f196ac815ec722b3,0,PR identity,286,39,pallets/flask,4797,Routine,Low,False
prchunk_42629566111f8540deda,prdoc_56e5f196ac815ec722b3,1,PR description,1079,144,pallets/flask,4797,Routine,Low,False
prchunk_56fcb516e1e22ad59d06,prdoc_56e5f196ac815ec722b3,2,Change evidence,404,68,pallets/flask,4797,Routine,Low,False
prchunk_1dfed1d12e5fd8ae8c16,prdoc_56e5f196ac815ec722b3,3,Predictive intelligence,474,67,pallets/flask,4797,Routine,Low,False
prchunk_5aacf1e265fdc1c144cd,prdoc_56e5f196ac815ec722b3,4,Deterministic policy intelligence,320,46,pallets/flask,4797,Routine,Low,False
prchunk_a672de5913b770b59fae,prdoc_56e5f196ac815ec722b3,5,Unified review priority,314,43,pallets/flask,4797,Routine,Low,False
prchunk_9151ef21e1ae702a3740,prdoc_d295a1801753fc0c103b,0,PR identity,259,37,pallets/flask,3483,Routine,Low,False
prchunk_d22ea936d7fa8086ff8b,prdoc_d295a1801753fc0c103b,1,PR description,434,75,pallets/flask,3483,Routine,Low,False
prchunk_988d2eccc75f9fdd4971,prdoc_d295a1801753fc0c103b,2,Change evidence,403,68,pallets/flask,3483,Routine,Low,False
prchunk_3156800735c966bb76f9,prdoc_d295a1801753fc0c103b,3,Predictive intelligence,474,67,pallets/flask,3483,Routine,Low,False
prchunk_5667077d8005474aefb0,prdoc_d295a1801753fc0c103b,4,Deterministic policy intelligence,320,46,pallets/flask,3483,Routine,Low,False
prchunk_1653b1ac96cda5640b29,prdoc_d295a1801753fc0c103b,5,Unified review priority,314,43,pallets/flask,3483,Routine,Low,False
prchunk_7f0310af7f0ba1da8daf,prdoc_31308a87fe45c2cb248c,0,PR identity,291,41,pallets/flask,3683,Routine,Low,False
prchunk_a64b9ccc555544eff0cd,prdoc_31308a87fe45c2cb248c,1,PR description,620,88,pallets/flask,3683,Routine,Low,False
prchunk_2776751bfe5343083c64,prdoc_31308a87fe45c2cb248c,2,Change evidence,406,68,pallets/flask,3683,Routine,Low,False
prchunk_3af6417bc556356ac5bc,prdoc_31308a87fe45c2cb248c,3,Predictive intelligence,474,67,pallets/flask,3683,Routine,Low,False
prchunk_5de967db3ce4b21585a0,prdoc_31308a87fe45c2cb248c,4,Deterministic policy intelligence,320,46,pallets/flask,3683,Routine,Low,False
prchunk_0c82cf0549b96b77b9ab,prdoc_31308a87fe45c2cb248c,5,Unified review priority,314,43,pallets/flask,3683,Routine,Low,False
prchunk_667dcb77352821cfa275,prdoc_79e9d235adff12f1f5b8,0,PR identity,282,36,pallets/flask,5799,Routine,Low,False
prchunk_1ecf0a8d037a7dd5f7ca,prdoc_79e9d235adff12f1f5b8,1,PR description,640,97,pallets/flask,5799,Routine,Low,False
prchunk_d9179a3254a6cf763552,prdoc_79e9d235adff12f1f5b8,2,Change evidence,405,68,pallets/flask,5799,Routine,Low,False
prchunk_2a4105ea22bb3e11ccf8,prdoc_79e9d235adff12f1f5b8,3,Predictive intelligence,414,57,pallets/flask,5799,Routine,Low,False
prchunk_ec3ffeaa05e960f00330,prdoc_79e9d235adff12f1f5b8,4,Deterministic policy intelligence,328,47,pallets/flask,5799,Routine,Low,False
prchunk_33f01e78edbd256cd31e,prdoc_79e9d235adff12f1f5b8,5,Unified review priority,310,44,pallets/flask,5799,Routine,Low,False
prchunk_74ae7dc22a79a8885d0f,prdoc_2a341db4fe0291432858,0,PR identity,250,35,pallets/flask,5463,Routine,Low,False
prchunk_7dfca40275946660fdd2,prdoc_2a341db4fe0291432858,1,PR description,968,160,pallets/flask,5463,Routine,Low,False
prchunk_6600f4e414e2867d3af7,prdoc_2a341db4fe0291432858,2,Change evidence,403,68,pallets/flask,5463,Routine,Low,False
prchunk_be0f198f5e88efe129c4,prdoc_2a341db4fe0291432858,3,Predictive intelligence,474,67,pallets/flask,5463,Routine,Low,False
prchunk_77593af6d3561b3882f2,prdoc_2a341db4fe0291432858,4,Deterministic policy intelligence,320,46,pallets/flask,5463,Routine,Low,False
prchunk_a1419a835e277f16ad2f,prdoc_2a341db4fe0291432858,5,Unified review priority,314,43,pallets/flask,5463,Routine,Low,False
prchunk_4c7df76b8462ca7eb802,prdoc_d830953d34315ccb7a6b,0,PR identity,254,35,pallets/flask,3079,Routine,Low,False
prchunk_f3c8d914a149f84a8729,prdoc_d830953d34315ccb7a6b,1,PR description,668,108,pallets/flask,3079,Routine,Low,False
prchunk_2ef7bbad06dd44ec6df9,prdoc_d830953d34315ccb7a6b,2,Change evidence,404,68,pallets/flask,3079,Routine,Low,False
prchunk_fde26e196890e98755ea,prdoc_d830953d34315ccb7a6b,3,Predictive intelligence,474,67,pallets/flask,3079,Routine,Low,False
prchunk_24d915291ae1f1cc698a,prdoc_d830953d34315ccb7a6b,4,Deterministic policy intelligence,320,46,pallets/flask,3079,Routine,Low,False
prchunk_81dfae0af9f5fbfd59b4,prdoc_d830953d34315ccb7a6b,5,Unified review priority,314,43,pallets/flask,3079,Routine,Low,False
prchunk_7d555fdfa88f86454f8f,prdoc_4e9336e444d4cdcd624b,0,PR identity,268,37,pallets/flask,3121,Routine,Low,False
prchunk_1a85d545f8cb1acc0a0e,prdoc_4e9336e444d4cdcd624b,1,PR description,671,99,pallets/flask,3121,Routine,Low,False
prchunk_a97d18867e35cfaac0ac,prdoc_4e9336e444d4cdcd624b,2,Change evidence,403,68,pallets/flask,3121,Routine,Low,False
prchunk_24c83cac9b62b0ccc422,prdoc_4e9336e444d4cdcd624b,3,Predictive intelligence,474,67,pallets/flask,3121,Routine,Low,False
prchunk_2fbd2634661becf2c94f,prdoc_4e9336e444d4cdcd624b,4,Deterministic policy intelligence,320,46,pallets/flask,3121,Routine,Low,False
prchunk_55229399343bb7bc61b4,prdoc_4e9336e444d4cdcd624b,5,Unified review priority,314,43,pallets/flask,3121,Routine,Low,False
prchunk_f7c7729d102f43e23435,prdoc_c45a2a29da21779bb7fe,0,PR identity,265,38,pallets/flask,3601,Routine,Low,False
prchunk_4b5759065a36b7a72815,prdoc_c45a2a29da21779bb7fe,1,PR description,953,145,pallets/flask,3601,Routine,Low,False
prchunk_fe4b45baa39139d1eacb,prdoc_c45a2a29da21779bb7fe,2,Change evidence,403,68,pallets/flask,3601,Routine,Low,False
prchunk_c264f2b52a6fcad71d95,prdoc_c45a2a29da21779bb7fe,3,Predictive intelligence,474,67,pallets/flask,3601,Routine,Low,False
prchunk_fa762dad6e71a4278cb4,prdoc_c45a2a29da21779bb7fe,4,Deterministic policy intelligence,320,46,pallets/flask,3601,Routine,Low,False
prchunk_39f2a72298df173b3851,prdoc_c45a2a29da21779bb7fe,5,Unified review priority,314,43,pallets/flask,3601,Routine,Low,False
prchunk_5046b45d2d9f5172b447,prdoc_c3af639393f86e007011,0,PR identity,293,38,pallets/flask,4186,Routine,Low,False
prchunk_77b053f6dae5931c3a76,prdoc_c3af639393f86e007011,1,PR description,1056,180,pallets/flask,4186,Routine,Low,False
prchunk_191123e19bfdbd0b838b,prdoc_c3af639393f86e007011,2,PR description,234,42,pallets/flask,4186,Routine,Low,False
prchunk_7e6f8863b66cfada88a3,prdoc_c3af639393f86e007011,3,Change evidence,405,68,pallets/flask,4186,Routine,Low,False
prchunk_a5fd9ba4bd0ac5486c9b,prdoc_c3af639393f86e007011,4,Predictive intelligence,474,67,pallets/flask,4186,Routine,Low,False
prchunk_7b4c2ff0cf50f2d2b3fb,prdoc_c3af639393f86e007011,5,Deterministic policy intelligence,320,46,pallets/flask,4186,Routine,Low,False
prchunk_e105b61084cc9f6ca90e,prdoc_c3af639393f86e007011,6,Unified review priority,314,43,pallets/flask,4186,Routine,Low,False
prchunk_179edac752873746295f,prdoc_fb7f2054ce240c346dc0,0,PR identity,286,38,pallets/flask,5928,Routine,Low,False
prchunk_cd67ef35b21d164e068a,prdoc_fb7f2054ce240c346dc0,1,PR description,813,130,pallets/flask,5928,Routine,Low,False
prchunk_8a51d06c2248d2760eca,prdoc_fb7f2054ce240c346dc0,2,Change evidence,409,68,pallets/flask,5928,Routine,Low,False
prchunk_8808f83b51c4fd012011,prdoc_fb7f2054ce240c346dc0,3,Predictive intelligence,414,57,pallets/flask,5928,Routine,Low,False
prchunk_87c056d35c909df3172e,prdoc_fb7f2054ce240c346dc0,4,Deterministic policy intelligence,328,47,pallets/flask,5928,Routine,Low,False
prchunk_fb2b17b8bf575abce0e0,prdoc_fb7f2054ce240c346dc0,5,Unified review priority,310,44,pallets/flask,5928,Routine,Low,False
prchunk_74fffc917725a237a37c,prdoc_fa8c682b7d2eb520daf6,0,PR identity,284,38,pallets/flask,3063,Routine,Low,False
prchunk_0c694e7a9540e3585d96,prdoc_fa8c682b7d2eb520daf6,1,PR description,458,68,pallets/flask,3063,Routine,Low,False
prchunk_d0436a21e349d9e37b03,prdoc_fa8c682b7d2eb520daf6,2,Change evidence,406,68,pallets/flask,3063,Routine,Low,False
prchunk_770d6b401342695e6c70,prdoc_fa8c682b7d2eb520daf6,3,Predictive intelligence,414,57,pallets/flask,3063,Routine,Low,False
prchunk_e63e4de5078b5636a781,prdoc_fa8c682b7d2eb520daf6,4,Deterministic policy intelligence,321,45,pallets/flask,3063,Routine,Low,False
prchunk_9458882a14807f1343ff,prdoc_fa8c682b7d2eb520daf6,5,Unified review priority,310,44,pallets/flask,3063,Routine,Low,False
prchunk_9ab6c12d26351cf9a676,prdoc_7c15479ef696bbfb56ad,0,PR identity,260,36,pallets/flask,3920,Routine,Low,False
prchunk_b88153eec38ee98b8651,prdoc_7c15479ef696bbfb56ad,1,PR description,310,50,pallets/flask,3920,Routine,Low,False
prchunk_612e1167ee483d748cb7,prdoc_7c15479ef696bbfb56ad,2,Change evidence,403,68,pallets/flask,3920,Routine,Low,False
prchunk_61d4e1727daa3e74ffad,prdoc_7c15479ef696bbfb56ad,3,Predictive intelligence,474,67,pallets/flask,3920,Routine,Low,False
prchunk_42d0363c49fa5774533d,prdoc_7c15479ef696bbfb56ad,4,Deterministic policy intelligence,321,45,pallets/flask,3920,Routine,Low,False
prchunk_9cb5cbf7ffa63e7fada5,prdoc_7c15479ef696bbfb56ad,5,Unified review priority,314,43,pallets/flask,3920,Routine,Low,False
prchunk_937f58ca919cfaf819c8,prdoc_f57a4b690ef12d57e980,0,PR identity,256,35,pallets/flask,4764,Routine,Low,False
prchunk_5431d988d3abde326ade,prdoc_f57a4b690ef12d57e980,1,PR description,690,119,pallets/flask,4764,Routine,Low,False
prchunk_a7aa4a8c38a6b7b2a7c8,prdoc_f57a4b690ef12d57e980,2,Change evidence,403,68,pallets/flask,4764,Routine,Low,False
prchunk_d6a5bbc5cd6cfd44926f,prdoc_f57a4b690ef12d57e980,3,Predictive intelligence,474,67,pallets/flask,4764,Routine,Low,False
prchunk_aa53a8525a1e2b8f0a6c,prdoc_f57a4b690ef12d57e980,4,Deterministic policy intelligence,320,46,pallets/flask,4764,Routine,Low,False
prchunk_39171d311beda4ee309b,prdoc_f57a4b690ef12d57e980,5,Unified review priority,314,43,pallets/flask,4764,Routine,Low,False
prchunk_f90fe6dd012b4265cf8c,prdoc_8f79a3be44479e67bbf2,0,PR identity,276,36,pallets/flask,5647,Routine,Low,False
prchunk_c939a3ea9fe73d8607b9,prdoc_8f79a3be44479e67bbf2,1,PR description,457,64,pallets/flask,5647,Routine,Low,False
prchunk_1c6866fea0e685ac0618,prdoc_8f79a3be44479e67bbf2,2,Change evidence,403,68,pallets/flask,5647,Routine,Low,False
prchunk_c6a82f2dedd475bb7fe9,prdoc_8f79a3be44479e67bbf2,3,Predictive intelligence,413,57,pallets/flask,5647,Routine,Low,False
prchunk_198a61d0fd2dcef84e3a,prdoc_8f79a3be44479e67bbf2,4,Deterministic policy intelligence,321,45,pallets/flask,5647,Routine,Low,False
prchunk_ca920283edec19467c8b,prdoc_8f79a3be44479e67bbf2,5,Unified review priority,310,44,pallets/flask,5647,Routine,Low,False
prchunk_bdff2460e5a70835887f,prdoc_a6948d3f255f7e653e78,0,PR identity,269,37,pallets/flask,5444,Routine,Low,False
prchunk_918559a7761dd929b00c,prdoc_a6948d3f255f7e653e78,1,PR description,1082,180,pallets/flask,5444,Routine,Low,False
prchunk_9331bb45b25edcc11be3,prdoc_a6948d3f255f7e653e78,2,PR description,237,41,pallets/flask,5444,Routine,Low,False
prchunk_aa21ff583fa1737a226c,prdoc_a6948d3f255f7e653e78,3,Change evidence,404,68,pallets/flask,5444,Routine,Low,False
prchunk_e961b64c3f1ae1de5bce,prdoc_a6948d3f255f7e653e78,4,Predictive intelligence,474,67,pallets/flask,5444,Routine,Low,False
prchunk_6f738969485c155fc84f,prdoc_a6948d3f255f7e653e78,5,Deterministic policy intelligence,320,46,pallets/flask,5444,Routine,Low,False
prchunk_66a57725d15239e17e37,prdoc_a6948d3f255f7e653e78,6,Unified review priority,314,43,pallets/flask,5444,Routine,Low,False
prchunk_37d15fa123515ef2fd7f,prdoc_cc20100a82bff8beb051,0,PR identity,299,39,pallets/flask,3082,Routine,Low,False
prchunk_247a0c33713fc16f100b,prdoc_cc20100a82bff8beb051,1,PR description,1363,180,pallets/flask,3082,Routine,Low,False
prchunk_a143503f13aa52f81428,prdoc_cc20100a82bff8beb051,2,PR description,396,65,pallets/flask,3082,Routine,Low,False
prchunk_68aa83ee099c5762bd0f,prdoc_cc20100a82bff8beb051,3,Change evidence,405,68,pallets/flask,3082,Routine,Low,False
prchunk_15ac0be9699427c96cbd,prdoc_cc20100a82bff8beb051,4,Predictive intelligence,418,58,pallets/flask,3082,Routine,Low,False
prchunk_1f5f19746d13f24cdcde,prdoc_cc20100a82bff8beb051,5,Deterministic policy intelligence,320,46,pallets/flask,3082,Routine,Low,False
prchunk_963743fc2b34ccd5f4ce,prdoc_cc20100a82bff8beb051,6,Unified review priority,314,43,pallets/flask,3082,Routine,Low,False
prchunk_385fa26e25c6bf67aacc,prdoc_0beb5a35bb9ca57a4eb9,0,PR identity,321,44,pallets/flask,2921,Routine,Low,False
prchunk_75795153317eaffdcd70,prdoc_0beb5a35bb9ca57a4eb9,1,PR description,526,83,pallets/flask,2921,Routine,Low,False
prchunk_e6d3a1c49951c6d42a4a,prdoc_0beb5a35bb9ca57a4eb9,2,Change evidence,405,68,pallets/flask,2921,Routine,Low,False
prchunk_1b5f9735542b29b70347,prdoc_0beb5a35bb9ca57a4eb9,3,Predictive intelligence,474,67,pallets/flask,2921,Routine,Low,False
prchunk_dca9240fa6e546292f2f,prdoc_0beb5a35bb9ca57a4eb9,4,Deterministic policy intelligence,320,46,pallets/flask,2921,Routine,Low,False
prchunk_c24d2839ba76f9cb8e8e,prdoc_0beb5a35bb9ca57a4eb9,5,Unified review priority,314,43,pallets/flask,2921,Routine,Low,False
prchunk_7be37eb22c06adf188ef,prdoc_691e6fd3a288e3a8949b,0,PR identity,272,39,pallets/flask,3896,Routine,Low,False
prchunk_39684509959fd8dc2aa1,prdoc_691e6fd3a288e3a8949b,1,PR description,771,125,pallets/flask,3896,Routine,Low,False
prchunk_8918af22967aee89c865,prdoc_691e6fd3a288e3a8949b,2,Change evidence,403,68,pallets/flask,3896,Routine,Low,False
prchunk_e95ce242da669f6ef391,prdoc_691e6fd3a288e3a8949b,3,Predictive intelligence,474,67,pallets/flask,3896,Routine,Low,False
prchunk_2a74119c00bdaa7c95c2,prdoc_691e6fd3a288e3a8949b,4,Deterministic policy intelligence,320,46,pallets/flask,3896,Routine,Low,False
prchunk_b6c98dd7c76ba07505c7,prdoc_691e6fd3a288e3a8949b,5,Unified review priority,314,43,pallets/flask,3896,Routine,Low,False
prchunk_632ebffe705ece865a64,prdoc_28cf129f80885535f0bb,0,PR identity,265,38,pallets/flask,3338,Routine,Low,False
prchunk_15708ac3fa43c8cfe6e3,prdoc_28cf129f80885535f0bb,1,PR description,236,33,pallets/flask,3338,Routine,Low,False
prchunk_75576136fa7ff1aa7395,prdoc_28cf129f80885535f0bb,2,Change evidence,403,68,pallets/flask,3338,Routine,Low,False
prchunk_9a9e5eefc51a6a43f409,prdoc_28cf129f80885535f0bb,3,Predictive intelligence,470,66,pallets/flask,3338,Routine,Low,False
prchunk_5c2bbc9bb8084b311247,prdoc_28cf129f80885535f0bb,4,Deterministic policy intelligence,321,45,pallets/flask,3338,Routine,Low,False
prchunk_31727ca2a7fed32dbbff,prdoc_28cf129f80885535f0bb,5,Unified review priority,310,44,pallets/flask,3338,Routine,Low,False
prchunk_eb3c01abce8dfae74bea,prdoc_09a0ad3d89c60a6ffbdb,0,PR identity,247,36,pallets/flask,2955,Routine,Low,False
prchunk_0eaefe16bbeea82d7416,prdoc_09a0ad3d89c60a6ffbdb,1,PR description,662,109,pallets/flask,2955,Routine,Low,False
prchunk_c046a4daf62a39d332f6,prdoc_09a0ad3d89c60a6ffbdb,2,Change evidence,404,68,pallets/flask,2955,Routine,Low,False
prchunk_980e36a1474b8c659a58,prdoc_09a0ad3d89c60a6ffbdb,3,Predictive intelligence,474,67,pallets/flask,2955,Routine,Low,False
prchunk_16d85f07e11a4a88e927,prdoc_09a0ad3d89c60a6ffbdb,4,Deterministic policy intelligence,320,46,pallets/flask,2955,Routine,Low,False
prchunk_f33e258dbdba6990a5d1,prdoc_09a0ad3d89c60a6ffbdb,5,Unified review priority,314,43,pallets/flask,2955,Routine,Low,False
prchunk_aea2c1c051e6966f3d49,prdoc_a5bad9c75172ae7db4a8,0,PR identity,277,39,pallets/flask,4752,Routine,Low,False
prchunk_11fa96025bbb1492767e,prdoc_a5bad9c75172ae7db4a8,1,PR description,992,162,pallets/flask,4752,Routine,Low,False
prchunk_87818656f20f71fad77a,prdoc_a5bad9c75172ae7db4a8,2,Change evidence,404,68,pallets/flask,4752,Routine,Low,False
prchunk_a04d08f86016a9ec37d5,prdoc_a5bad9c75172ae7db4a8,3,Predictive intelligence,474,67,pallets/flask,4752,Routine,Low,False
prchunk_5e050ce5953414156b30,prdoc_a5bad9c75172ae7db4a8,4,Deterministic policy intelligence,320,46,pallets/flask,4752,Routine,Low,False
prchunk_e34d904c721d4fca66ef,prdoc_a5bad9c75172ae7db4a8,5,Unified review priority,314,43,pallets/flask,4752,Routine,Low,False
prchunk_b7d3d4f7a86284d15ac3,prdoc_afd45396c67330593712,0,PR identity,312,43,pallets/flask,5693,Routine,Low,False
prchunk_ff0875fe8be37c05e5a9,prdoc_afd45396c67330593712,1,PR description,974,131,pallets/flask,5693,Routine,Low,False
prchunk_e3e83150bc7ee1376927,prdoc_afd45396c67330593712,2,Change evidence,405,68,pallets/flask,5693,Routine,Low,False
prchunk_e48d89621773b69c9b35,prdoc_afd45396c67330593712,3,Predictive intelligence,474,67,pallets/flask,5693,Routine,Low,False
prchunk_94c5b9ec391cc8fe6754,prdoc_afd45396c67330593712,4,Deterministic policy intelligence,320,46,pallets/flask,5693,Routine,Low,False
prchunk_c4396d7e153d627c89cb,prdoc_afd45396c67330593712,5,Unified review priority,314,43,pallets/flask,5693,Routine,Low,False
prchunk_6340f71b4d2971359748,prdoc_e25ac151508c382b058e,0,PR identity,280,37,pallets/flask,5487,Routine,Low,False
prchunk_d96f18a3516ed04beef4,prdoc_e25ac151508c382b058e,1,PR description,374,56,pallets/flask,5487,Routine,Low,False
prchunk_ac10820b8238c397cf8f,prdoc_e25ac151508c382b058e,2,Change evidence,403,68,pallets/flask,5487,Routine,Low,False
prchunk_a55011a36dcaaf20388b,prdoc_e25ac151508c382b058e,3,Predictive intelligence,413,57,pallets/flask,5487,Routine,Low,False
prchunk_d99b07c397e7eabc5888,prdoc_e25ac151508c382b058e,4,Deterministic policy intelligence,321,45,pallets/flask,5487,Routine,Low,False
prchunk_6fe5e368d2aba902be05,prdoc_e25ac151508c382b058e,5,Unified review priority,310,44,pallets/flask,5487,Routine,Low,False
prchunk_d31abc694f9aed8380db,prdoc_689ca066a09b89bb9a0f,0,PR identity,255,35,pallets/flask,4871,Routine,Low,False
prchunk_7b20bc34e78c93142dca,prdoc_689ca066a09b89bb9a0f,1,PR description,1028,180,pallets/flask,4871,Routine,Low,False
prchunk_0b815ed7727db6de06ab,prdoc_689ca066a09b89bb9a0f,2,PR description,228,42,pallets/flask,4871,Routine,Low,False
prchunk_6378ef81863df3765fe8,prdoc_689ca066a09b89bb9a0f,3,Change evidence,404,68,pallets/flask,4871,Routine,Low,False
prchunk_7eedc72365aba708742b,prdoc_689ca066a09b89bb9a0f,4,Predictive intelligence,474,67,pallets/flask,4871,Routine,Low,False
prchunk_2b349ce7f64da402ee4e,prdoc_689ca066a09b89bb9a0f,5,Deterministic policy intelligence,320,46,pallets/flask,4871,Routine,Low,False
prchunk_1ede519a71973527c81e,prdoc_689ca066a09b89bb9a0f,6,Unified review priority,314,43,pallets/flask,4871,Routine,Low,False
prchunk_3cb13d6becaacd90e122,prdoc_9f12a824b6f5af318313,0,PR identity,253,36,pallets/flask,5478,Routine,Low,False
prchunk_aa121618bb0fc7d3572c,prdoc_9f12a824b6f5af318313,1,PR description,972,161,pallets/flask,5478,Routine,Low,False
prchunk_eacb478d905c1d53733c,prdoc_9f12a824b6f5af318313,2,Change evidence,403,68,pallets/flask,5478,Routine,Low,False
prchunk_e5d2b94eb90cbee04c5d,prdoc_9f12a824b6f5af318313,3,Predictive intelligence,474,67,pallets/flask,5478,Routine,Low,False
prchunk_0aa1caf07043332a1a1b,prdoc_9f12a824b6f5af318313,4,Deterministic policy intelligence,320,46,pallets/flask,5478,Routine,Low,False
prchunk_457ea932283acaffef36,prdoc_9f12a824b6f5af318313,5,Unified review priority,314,43,pallets/flask,5478,Routine,Low,False
prchunk_3bbd4264a4724736aa3e,prdoc_6dc75d230c7c7a7d3ef4,0,PR identity,279,38,pallets/flask,3173,Routine,Low,False
prchunk_e0dcf332f7fe7fbaa02a,prdoc_6dc75d230c7c7a7d3ef4,1,PR description,260,42,pallets/flask,3173,Routine,Low,False
prchunk_647bdf998de2ee8c1f21,prdoc_6dc75d230c7c7a7d3ef4,2,Change evidence,403,68,pallets/flask,3173,Routine,Low,False
prchunk_1062f740a9eba02c320c,prdoc_6dc75d230c7c7a7d3ef4,3,Predictive intelligence,413,57,pallets/flask,3173,Routine,Low,False
prchunk_e355c71915c0469d6ad0,prdoc_6dc75d230c7c7a7d3ef4,4,Deterministic policy intelligence,321,45,pallets/flask,3173,Routine,Low,False
prchunk_0e5bac92e7b56d2fd717,prdoc_6dc75d230c7c7a7d3ef4,5,Unified review priority,310,44,pallets/flask,3173,Routine,Low,False
prchunk_20189cefc5c53cb82310,prdoc_99b950e5b7b5a15cb61a,0,PR identity,254,35,pallets/flask,4829,Routine,Low,False
prchunk_99a0fcfa71c94110951c,prdoc_99b950e5b7b5a15cb61a,1,PR description,1050,180,pallets/flask,4829,Routine,Low,False
prchunk_9a51227e65c145947e1b,prdoc_99b950e5b7b5a15cb61a,2,PR description,241,45,pallets/flask,4829,Routine,Low,False
prchunk_bffa66fa5f68baa479fc,prdoc_99b950e5b7b5a15cb61a,3,Change evidence,404,68,pallets/flask,4829,Routine,Low,False
prchunk_a1341d46cb7a269f8c5f,prdoc_99b950e5b7b5a15cb61a,4,Predictive intelligence,474,67,pallets/flask,4829,Routine,Low,False
prchunk_16cab9dcadd0b76bd9e6,prdoc_99b950e5b7b5a15cb61a,5,Deterministic policy intelligence,320,46,pallets/flask,4829,Routine,Low,False
prchunk_697ddc338e9b59dd2d6a,prdoc_99b950e5b7b5a15cb61a,6,Unified review priority,314,43,pallets/flask,4829,Routine,Low,False
prchunk_91a6fcb89b8b41d57315,prdoc_900507070ce7d774581a,0,PR identity,302,43,pallets/flask,5950,Routine,Low,False
prchunk_a9f4eeb5e5013f88e2f0,prdoc_900507070ce7d774581a,1,PR description,343,53,pallets/flask,5950,Routine,Low,False
prchunk_43fe4a00c9b7b95246ce,prdoc_900507070ce7d774581a,2,Change evidence,403,68,pallets/flask,5950,Routine,Low,False
prchunk_625ec725795a9373b519,prdoc_900507070ce7d774581a,3,Predictive intelligence,470,66,pallets/flask,5950,Routine,Low,False
prchunk_3dffa6ca30cefd16053d,prdoc_900507070ce7d774581a,4,Deterministic policy intelligence,321,45,pallets/flask,5950,Routine,Low,False
prchunk_f5eb9f1781ac379ad555,prdoc_900507070ce7d774581a,5,Unified review priority,310,44,pallets/flask,5950,Routine,Low,False
prchunk_1cb3d36bb94e32b3274a,prdoc_a93d5a8bc9d9506ff040,0,PR identity,265,34,pallets/flask,4966,Routine,Low,False
prchunk_7292dfeadedb7acf9261,prdoc_a93d5a8bc9d9506ff040,1,PR description,235,32,pallets/flask,4966,Routine,Low,False
prchunk_dc29848aad6ebe38a751,prdoc_a93d5a8bc9d9506ff040,2,Change evidence,403,68,pallets/flask,4966,Routine,Low,False
prchunk_9f38c5c4c69fd2e71ee9,prdoc_a93d5a8bc9d9506ff040,3,Predictive intelligence,413,57,pallets/flask,4966,Routine,Low,False
prchunk_b2ef4d7e32e8049de7ea,prdoc_a93d5a8bc9d9506ff040,4,Deterministic policy intelligence,321,45,pallets/flask,4966,Routine,Low,False
prchunk_a358417e429cd6a95139,prdoc_a93d5a8bc9d9506ff040,5,Unified review priority,310,44,pallets/flask,4966,Routine,Low,False
prchunk_e92766ed2a2e7d2db78e,prdoc_3e26a91ce97ba0632b5b,0,PR identity,276,39,pallets/flask,2874,Routine,Low,False
prchunk_51635a83d3899b4e7e79,prdoc_3e26a91ce97ba0632b5b,1,PR description,367,60,pallets/flask,2874,Routine,Low,False
prchunk_d895b581c3300b8f2b39,prdoc_3e26a91ce97ba0632b5b,2,Change evidence,404,68,pallets/flask,2874,Routine,Low,False
prchunk_c98f2a5bbd1a9f287b87,prdoc_3e26a91ce97ba0632b5b,3,Predictive intelligence,470,66,pallets/flask,2874,Routine,Low,False
prchunk_f0070d1a985c84e078b1,prdoc_3e26a91ce97ba0632b5b,4,Deterministic policy intelligence,321,45,pallets/flask,2874,Routine,Low,False
prchunk_e5abedd7a054008df7af,prdoc_3e26a91ce97ba0632b5b,5,Unified review priority,310,44,pallets/flask,2874,Routine,Low,False
prchunk_06d2f04f8bb57aba2200,prdoc_1af8d06104acbafa6413,0,PR identity,273,37,pallets/flask,3101,Routine,Low,False
prchunk_65936d3e4612ba27f380,prdoc_1af8d06104acbafa6413,1,PR description,315,48,pallets/flask,3101,Routine,Low,False
prchunk_07fb5c6a1e1a83f3df54,prdoc_1af8d06104acbafa6413,2,Change evidence,403,68,pallets/flask,3101,Routine,Low,False
prchunk_fb3660cd8196f6b2ba7a,prdoc_1af8d06104acbafa6413,3,Predictive intelligence,414,57,pallets/flask,3101,Routine,Low,False
prchunk_54c28a92faa4761d8bda,prdoc_1af8d06104acbafa6413,4,Deterministic policy intelligence,321,45,pallets/flask,3101,Routine,Low,False
prchunk_f2febce68e01ef348e02,prdoc_1af8d06104acbafa6413,5,Unified review priority,310,44,pallets/flask,3101,Routine,Low,False
prchunk_7bf16d23e85b52f7c853,prdoc_3a740164f785440889e4,0,PR identity,297,41,pallets/flask,3200,Routine,Low,False
prchunk_48ba9411d2c834f71648,prdoc_3a740164f785440889e4,1,PR description,307,39,pallets/flask,3200,Routine,Low,False
prchunk_1c9702fa505dd4275a69,prdoc_3a740164f785440889e4,2,Change evidence,404,68,pallets/flask,3200,Routine,Low,False
prchunk_2de7d59bfea6b3d06f5a,prdoc_3a740164f785440889e4,3,Predictive intelligence,470,66,pallets/flask,3200,Routine,Low,False
prchunk_28de2fb60a11adc3689b,prdoc_3a740164f785440889e4,4,Deterministic policy intelligence,321,45,pallets/flask,3200,Routine,Low,False
prchunk_98167b08dd988d9b80c0,prdoc_3a740164f785440889e4,5,Unified review priority,310,44,pallets/flask,3200,Routine,Low,False
prchunk_8cccc4f1d08e8a83a386,prdoc_db3386523daaa2ab28eb,0,PR identity,283,37,pallets/flask,2730,Routine,Low,False
prchunk_092e2bc4fd0238f810e5,prdoc_db3386523daaa2ab28eb,1,PR description,215,32,pallets/flask,2730,Routine,Low,False
prchunk_bb180c2b972d56cc7f4d,prdoc_db3386523daaa2ab28eb,2,Change evidence,402,68,pallets/flask,2730,Routine,Low,False
prchunk_1ad0058294b676f7b98c,prdoc_db3386523daaa2ab28eb,3,Predictive intelligence,414,57,pallets/flask,2730,Routine,Low,False
prchunk_584f43b96e42cdb1ae43,prdoc_db3386523daaa2ab28eb,4,Deterministic policy intelligence,328,47,pallets/flask,2730,Routine,Low,False
prchunk_5df3032822126ca4c53d,prdoc_db3386523daaa2ab28eb,5,Unified review priority,310,44,pallets/flask,2730,Routine,Low,False
prchunk_159a286517acbfe74c3e,prdoc_baa18bd7185018d0a3e5,0,PR identity,299,43,pallets/flask,5966,Routine,Low,False
prchunk_05110dd1092621344e74,prdoc_baa18bd7185018d0a3e5,1,PR description,1329,180,pallets/flask,5966,Routine,Low,False
prchunk_0b93976669fe5dcdda27,prdoc_baa18bd7185018d0a3e5,2,PR description,824,112,pallets/flask,5966,Routine,Low,False
prchunk_59743cc6acb0809bd7bb,prdoc_baa18bd7185018d0a3e5,3,Change evidence,404,68,pallets/flask,5966,Routine,Low,False
prchunk_f30eed8dc1c82163d87a,prdoc_baa18bd7185018d0a3e5,4,Predictive intelligence,474,67,pallets/flask,5966,Routine,Low,False
prchunk_3e06920a0c8cf5257d52,prdoc_baa18bd7185018d0a3e5,5,Deterministic policy intelligence,320,46,pallets/flask,5966,Routine,Low,False
prchunk_4350d72cad46ac125b90,prdoc_baa18bd7185018d0a3e5,6,Unified review priority,314,43,pallets/flask,5966,Routine,Low,False
prchunk_adb8555c28af4e02f4d4,prdoc_90ef80d1af8957b003e3,0,PR identity,270,37,pallets/flask,3321,Routine,Low,False
prchunk_4d08230efdf919d30c42,prdoc_90ef80d1af8957b003e3,1,PR description,257,39,pallets/flask,3321,Routine,Low,False
prchunk_96fb39ed8614e3cb3980,prdoc_90ef80d1af8957b003e3,2,Change evidence,403,68,pallets/flask,3321,Routine,Low,False
prchunk_98f3ea0264e90d03b97d,prdoc_90ef80d1af8957b003e3,3,Predictive intelligence,414,57,pallets/flask,3321,Routine,Low,False
prchunk_93bf323107160849189a,prdoc_90ef80d1af8957b003e3,4,Deterministic policy intelligence,321,45,pallets/flask,3321,Routine,Low,False
prchunk_8acbcc8b6b6d936f6f02,prdoc_90ef80d1af8957b003e3,5,Unified review priority,310,44,pallets/flask,3321,Routine,Low,False
prchunk_5ef424075330f0997a64,prdoc_45b51a73f89612958ccc,0,PR identity,306,40,pallets/flask,2963,Routine,Low,False
prchunk_cd77a110ce6e3429ebc5,prdoc_45b51a73f89612958ccc,1,PR description,663,105,pallets/flask,2963,Routine,Low,False
prchunk_616fa3330b42e09fe284,prdoc_45b51a73f89612958ccc,2,Change evidence,405,68,pallets/flask,2963,Routine,Low,False
prchunk_8560e7738b531cbeecb2,prdoc_45b51a73f89612958ccc,3,Predictive intelligence,414,57,pallets/flask,2963,Routine,Low,False
prchunk_8d8c237898eff8b0f694,prdoc_45b51a73f89612958ccc,4,Deterministic policy intelligence,320,46,pallets/flask,2963,Routine,Low,False
prchunk_e8d1c996413ead4d423a,prdoc_45b51a73f89612958ccc,5,Unified review priority,310,44,pallets/flask,2963,Routine,Low,False
prchunk_24862ffc5e6806ac50f1,prdoc_b29ba39d35501902d468,0,PR identity,273,35,pallets/flask,2630,Routine,Low,False
prchunk_4e6a3a0f6bd6623a8d0d,prdoc_b29ba39d35501902d468,1,PR description,412,62,pallets/flask,2630,Routine,Low,False
prchunk_ef9af6be95b9e3429068,prdoc_b29ba39d35501902d468,2,Change evidence,404,68,pallets/flask,2630,Routine,Low,False
prchunk_660758def8447259e525,prdoc_b29ba39d35501902d468,3,Predictive intelligence,413,57,pallets/flask,2630,Routine,Low,False
prchunk_efbf38cc15aa9e9a1851,prdoc_b29ba39d35501902d468,4,Deterministic policy intelligence,321,45,pallets/flask,2630,Routine,Low,False
prchunk_e03e11adbe67bf39a703,prdoc_b29ba39d35501902d468,5,Unified review priority,310,44,pallets/flask,2630,Routine,Low,False
prchunk_0f8fd50cc2c9066f01e8,prdoc_5b9290102f6fb0e07ef3,0,PR identity,291,40,pallets/flask,5420,Routine,Low,False
prchunk_865e56adda1ae11507e4,prdoc_5b9290102f6fb0e07ef3,1,PR description,1046,116,pallets/flask,5420,Routine,Low,False
prchunk_389b89561359a6308757,prdoc_5b9290102f6fb0e07ef3,2,Change evidence,404,68,pallets/flask,5420,Routine,Low,False
prchunk_6a7e94294b0f870796d8,prdoc_5b9290102f6fb0e07ef3,3,Predictive intelligence,474,67,pallets/flask,5420,Routine,Low,False
prchunk_22de95f7e86bf56f2633,prdoc_5b9290102f6fb0e07ef3,4,Deterministic policy intelligence,320,46,pallets/flask,5420,Routine,Low,False
prchunk_89f59f9ddc3b7c05ded0,prdoc_5b9290102f6fb0e07ef3,5,Unified review priority,314,43,pallets/flask,5420,Routine,Low,False
prchunk_cda852a2098ae0e4ff62,prdoc_572a079ffa5241abba29,0,PR identity,286,36,pallets/flask,5303,Routine,Low,False
prchunk_ede8045929dd537a4c6f,prdoc_572a079ffa5241abba29,1,PR description,223,31,pallets/flask,5303,Routine,Low,False
prchunk_be3a76f056246b080723,prdoc_572a079ffa5241abba29,2,Change evidence,403,68,pallets/flask,5303,Routine,Low,False
prchunk_185c68532f31a8df7cba,prdoc_572a079ffa5241abba29,3,Predictive intelligence,413,57,pallets/flask,5303,Routine,Low,False
prchunk_f2fa71ee55dbfeb081cf,prdoc_572a079ffa5241abba29,4,Deterministic policy intelligence,328,47,pallets/flask,5303,Routine,Low,False
prchunk_ee102f02fab0d5d40956,prdoc_572a079ffa5241abba29,5,Unified review priority,310,44,pallets/flask,5303,Routine,Low,False
prchunk_bbc99abfc8193098de21,prdoc_2377e6f82f244733bf67,0,PR identity,286,40,pallets/flask,3868,Routine,Low,False
prchunk_0a89bc36f53709547733,prdoc_2377e6f82f244733bf67,1,PR description,250,38,pallets/flask,3868,Routine,Low,False
prchunk_d80e72f636b676bead99,prdoc_2377e6f82f244733bf67,2,Change evidence,403,68,pallets/flask,3868,Routine,Low,False
prchunk_a50783e175d1167435db,prdoc_2377e6f82f244733bf67,3,Predictive intelligence,470,66,pallets/flask,3868,Routine,Low,False
prchunk_2a200c4c43cb31cb77fc,prdoc_2377e6f82f244733bf67,4,Deterministic policy intelligence,321,45,pallets/flask,3868,Routine,Low,False
prchunk_da723389499bb7e295a0,prdoc_2377e6f82f244733bf67,5,Unified review priority,310,44,pallets/flask,3868,Routine,Low,False
prchunk_3f39d06153b8e84f83a6,prdoc_28f26e4567f40f2cb5d0,0,PR identity,302,40,pallets/flask,3060,Routine,Low,False
prchunk_4ecaabe4a454aa8f4b65,prdoc_28f26e4567f40f2cb5d0,1,PR description,408,53,pallets/flask,3060,Routine,Low,False
prchunk_eb0a02ed2b91df45ad98,prdoc_28f26e4567f40f2cb5d0,2,Change evidence,404,68,pallets/flask,3060,Routine,Low,False
prchunk_25672caa9ee8c270c7e1,prdoc_28f26e4567f40f2cb5d0,3,Predictive intelligence,470,66,pallets/flask,3060,Routine,Low,False
prchunk_d6bb6f924684303add3b,prdoc_28f26e4567f40f2cb5d0,4,Deterministic policy intelligence,321,45,pallets/flask,3060,Routine,Low,False
prchunk_73dc1631f35568be9e97,prdoc_28f26e4567f40f2cb5d0,5,Unified review priority,310,44,pallets/flask,3060,Routine,Low,False
prchunk_5cbfcd51e400e98e9103,prdoc_2792d03c2605a1477e7f,0,PR identity,265,36,pallets/flask,2603,Routine,Low,False
prchunk_177cec0230622a0b0c0c,prdoc_2792d03c2605a1477e7f,1,PR description,255,40,pallets/flask,2603,Routine,Low,False
prchunk_806cb25032a2b7d1ca27,prdoc_2792d03c2605a1477e7f,2,Change evidence,404,68,pallets/flask,2603,Routine,Low,False
prchunk_6acce88f851955e4c89f,prdoc_2792d03c2605a1477e7f,3,Predictive intelligence,413,57,pallets/flask,2603,Routine,Low,False
prchunk_7c87acae57d19d42f71c,prdoc_2792d03c2605a1477e7f,4,Deterministic policy intelligence,321,45,pallets/flask,2603,Routine,Low,False
prchunk_53f44fcc5ae2eb5da787,prdoc_2792d03c2605a1477e7f,5,Unified review priority,310,44,pallets/flask,2603,Routine,Low,False
prchunk_4c67bbd000b00d184da3,prdoc_9d1af03bb65689cb1ae0,0,PR identity,290,40,pallets/flask,5743,Routine,Low,False
prchunk_4e85283b9a2c3ce16b94,prdoc_9d1af03bb65689cb1ae0,1,PR description,1189,160,pallets/flask,5743,Routine,Low,False
prchunk_c21196ff08e66460f11b,prdoc_9d1af03bb65689cb1ae0,2,Change evidence,407,68,pallets/flask,5743,Routine,Low,False
prchunk_da7f0bccc64811778302,prdoc_9d1af03bb65689cb1ae0,3,Predictive intelligence,470,66,pallets/flask,5743,Routine,Low,False
prchunk_9808cffc3f339fb79090,prdoc_9d1af03bb65689cb1ae0,4,Deterministic policy intelligence,328,47,pallets/flask,5743,Routine,Low,False
prchunk_a5cd4eb9eca4502b8fd9,prdoc_9d1af03bb65689cb1ae0,5,Unified review priority,310,44,pallets/flask,5743,Routine,Low,False
prchunk_8cc428e82ebb5089556c,prdoc_cfe36103491758d0d2d1,0,PR identity,292,42,pallets/flask,3924,Routine,Low,False
prchunk_054323f7bd53b20a3ff2,prdoc_cfe36103491758d0d2d1,1,PR description,1081,180,pallets/flask,3924,Routine,Low,False
prchunk_782467c48ea299f22b0f,prdoc_cfe36103491758d0d2d1,2,PR description,619,114,pallets/flask,3924,Routine,Low,False
prchunk_b505a18dfefbe76cb9a6,prdoc_cfe36103491758d0d2d1,3,Change evidence,403,68,pallets/flask,3924,Routine,Low,False
prchunk_8cb30965068fe3d0148c,prdoc_cfe36103491758d0d2d1,4,Predictive intelligence,474,67,pallets/flask,3924,Routine,Low,False
prchunk_3f6f0f7ddbdfa1c1fc7c,prdoc_cfe36103491758d0d2d1,5,Deterministic policy intelligence,320,46,pallets/flask,3924,Routine,Low,False
prchunk_62ffcdacd70438ad6162,prdoc_cfe36103491758d0d2d1,6,Unified review priority,314,43,pallets/flask,3924,Routine,Low,False
prchunk_74cf714200be24148828,prdoc_199346d285a28ea83a0f,0,PR identity,268,37,pallets/flask,3238,Routine,Low,False
prchunk_22b1839348034f549acf,prdoc_199346d285a28ea83a0f,1,PR description,215,31,pallets/flask,3238,Routine,Low,False
prchunk_9b9f1066563530b08ae2,prdoc_199346d285a28ea83a0f,2,Change evidence,404,68,pallets/flask,3238,Routine,Low,False
prchunk_73d06573d3dd07cbc4fa,prdoc_199346d285a28ea83a0f,3,Predictive intelligence,470,66,pallets/flask,3238,Routine,Low,False
prchunk_c8205e1b36c1654d7ae0,prdoc_199346d285a28ea83a0f,4,Deterministic policy intelligence,321,45,pallets/flask,3238,Routine,Low,False
prchunk_4a5c231eff822bebb4f2,prdoc_199346d285a28ea83a0f,5,Unified review priority,310,44,pallets/flask,3238,Routine,Low,False
prchunk_aff3879f2670308b68a3,prdoc_165b3d11f092a4865c28,0,PR identity,291,39,pallets/flask,4363,Routine,Low,False
prchunk_412f1d127add11f0a928,prdoc_165b3d11f092a4865c28,1,PR description,3465,180,pallets/flask,4363,Routine,Low,False
prchunk_699412d7051637610196,prdoc_165b3d11f092a4865c28,2,PR description,2791,180,pallets/flask,4363,Routine,Low,False
prchunk_081b9a43a03dccf6e3f8,prdoc_165b3d11f092a4865c28,3,PR description,904,153,pallets/flask,4363,Routine,Low,False
prchunk_a42fc26f1b4aae22a8ce,prdoc_165b3d11f092a4865c28,4,Change evidence,404,68,pallets/flask,4363,Routine,Low,False
prchunk_318cd2e4e81cee803404,prdoc_165b3d11f092a4865c28,5,Predictive intelligence,470,66,pallets/flask,4363,Routine,Low,False
prchunk_71bf5b1bf1a388241e8d,prdoc_165b3d11f092a4865c28,6,Deterministic policy intelligence,328,47,pallets/flask,4363,Routine,Low,False
prchunk_af847871a871d826ce09,prdoc_165b3d11f092a4865c28,7,Unified review priority,310,44,pallets/flask,4363,Routine,Low,False
prchunk_28b251fe3f107793e25b,prdoc_19e2ef15d2df5d69c19c,0,PR identity,288,39,pallets/flask,4281,Routine,Low,False
prchunk_f0be303e587fc36a436e,prdoc_19e2ef15d2df5d69c19c,1,PR description,1593,180,pallets/flask,4281,Routine,Low,False
prchunk_b6f8cca52681542a0e05,prdoc_19e2ef15d2df5d69c19c,2,PR description,809,134,pallets/flask,4281,Routine,Low,False
prchunk_e1a53c1b2fbe355c4d9a,prdoc_19e2ef15d2df5d69c19c,3,Change evidence,404,68,pallets/flask,4281,Routine,Low,False
prchunk_faf87ca700f00427dc36,prdoc_19e2ef15d2df5d69c19c,4,Predictive intelligence,474,67,pallets/flask,4281,Routine,Low,False
prchunk_7d821c3ab76b083f12ca,prdoc_19e2ef15d2df5d69c19c,5,Deterministic policy intelligence,320,46,pallets/flask,4281,Routine,Low,False
prchunk_f31909695aacc9e29581,prdoc_19e2ef15d2df5d69c19c,6,Unified review priority,314,43,pallets/flask,4281,Routine,Low,False
prchunk_e756b9a2be8f301e236e,prdoc_b2d64c3bebd258eaeeea,0,PR identity,303,43,pallets/flask,3058,Routine,Low,False
prchunk_43ddc5ffdffc59af619d,prdoc_b2d64c3bebd258eaeeea,1,PR description,556,88,pallets/flask,3058,Routine,Low,False
prchunk_952733648c4036601a86,prdoc_b2d64c3bebd258eaeeea,2,Change evidence,405,68,pallets/flask,3058,Routine,Low,False
prchunk_5ee0a5d548099dfc767e,prdoc_b2d64c3bebd258eaeeea,3,Predictive intelligence,474,67,pallets/flask,3058,Routine,Low,False
prchunk_718b3f8a661b05d000ad,prdoc_b2d64c3bebd258eaeeea,4,Deterministic policy intelligence,320,46,pallets/flask,3058,Routine,Low,False
prchunk_094b0c5ab4762c07460d,prdoc_b2d64c3bebd258eaeeea,5,Unified review priority,314,43,pallets/flask,3058,Routine,Low,False
prchunk_a0f0be81275152811350,prdoc_17db9e4f5bf23e4a5546,0,PR identity,289,39,pallets/flask,5048,Routine,Low,False
prchunk_767cb1fa3d6a3ac23539,prdoc_17db9e4f5bf23e4a5546,1,PR description,372,48,pallets/flask,5048,Routine,Low,False
prchunk_4e1a91cf5429be6f04bc,prdoc_17db9e4f5bf23e4a5546,2,Change evidence,403,68,pallets/flask,5048,Routine,Low,False
prchunk_35b02b7473b738229379,prdoc_17db9e4f5bf23e4a5546,3,Predictive intelligence,470,66,pallets/flask,5048,Routine,Low,False
prchunk_add75033fc65e651662c,prdoc_17db9e4f5bf23e4a5546,4,Deterministic policy intelligence,321,45,pallets/flask,5048,Routine,Low,False
prchunk_e205ad265771bac21577,prdoc_17db9e4f5bf23e4a5546,5,Unified review priority,310,44,pallets/flask,5048,Routine,Low,False
prchunk_2080b2350850ff9abe05,prdoc_c7ef3b76d4a4498eea40,0,PR identity,259,37,pallets/flask,3510,Routine,Low,False
prchunk_8b23d573ceb5bdedc5a7,prdoc_c7ef3b76d4a4498eea40,1,PR description,674,110,pallets/flask,3510,Routine,Low,False
prchunk_8d95da2ac6da2f8f91d7,prdoc_c7ef3b76d4a4498eea40,2,Change evidence,406,68,pallets/flask,3510,Routine,Low,False
prchunk_7851c5dc0bef041ce2db,prdoc_c7ef3b76d4a4498eea40,3,Predictive intelligence,474,67,pallets/flask,3510,Routine,Low,False
prchunk_28a2e635180a22a8bf46,prdoc_c7ef3b76d4a4498eea40,4,Deterministic policy intelligence,320,46,pallets/flask,3510,Routine,Low,False
prchunk_deb9be9be45d039ebdeb,prdoc_c7ef3b76d4a4498eea40,5,Unified review priority,314,43,pallets/flask,3510,Routine,Low,False
prchunk_814a253347e59f8d28e7,prdoc_b42703478081ddc63d75,0,PR identity,287,39,pallets/flask,4324,Routine,Low,False
prchunk_b62bf3ecfac1c89b0c13,prdoc_b42703478081ddc63d75,1,PR description,1590,180,pallets/flask,4324,Routine,Low,False
prchunk_f7e3bfdf9a6429ea7c7d,prdoc_b42703478081ddc63d75,2,PR description,809,134,pallets/flask,4324,Routine,Low,False
prchunk_48761ce3c1f2125ea006,prdoc_b42703478081ddc63d75,3,Change evidence,404,68,pallets/flask,4324,Routine,Low,False
prchunk_2bbf67d729b9f9a036ac,prdoc_b42703478081ddc63d75,4,Predictive intelligence,474,67,pallets/flask,4324,Routine,Low,False
prchunk_5be9609c9c660519a78b,prdoc_b42703478081ddc63d75,5,Deterministic policy intelligence,320,46,pallets/flask,4324,Routine,Low,False
prchunk_717a88c1396b0484461d,prdoc_b42703478081ddc63d75,6,Unified review priority,314,43,pallets/flask,4324,Routine,Low,False
prchunk_f71e5b3deae53f5803bd,prdoc_f4c69b5d8ed323b7465e,0,PR identity,276,34,pallets/flask,5917,Routine,Low,False
prchunk_96fc2d40763ab337cc51,prdoc_f4c69b5d8ed323b7465e,1,PR description,509,76,pallets/flask,5917,Routine,Low,False
prchunk_e7f30b98a27f5b8bcf7d,prdoc_f4c69b5d8ed323b7465e,2,Change evidence,406,68,pallets/flask,5917,Routine,Low,False
prchunk_ab6e68816858d3547e82,prdoc_f4c69b5d8ed323b7465e,3,Predictive intelligence,414,57,pallets/flask,5917,Routine,Low,False
prchunk_3e9e9d89d8cee0ca5790,prdoc_f4c69b5d8ed323b7465e,4,Deterministic policy intelligence,328,47,pallets/flask,5917,Routine,Low,False
prchunk_d7075810c6b709f717b2,prdoc_f4c69b5d8ed323b7465e,5,Unified review priority,310,44,pallets/flask,5917,Routine,Low,False
prchunk_3368692c03fe37464aa7,prdoc_1ad10960babdd9aaeb0c,0,PR identity,317,43,pallets/flask,5761,Routine,Low,False
prchunk_1b4600b39255dd2208d8,prdoc_1ad10960babdd9aaeb0c,1,PR description,591,92,pallets/flask,5761,Routine,Low,False
prchunk_8fa0a893efcf7ba7e205,prdoc_1ad10960babdd9aaeb0c,2,Change evidence,404,68,pallets/flask,5761,Routine,Low,False
prchunk_0fbabf255894f4517fd4,prdoc_1ad10960babdd9aaeb0c,3,Predictive intelligence,474,67,pallets/flask,5761,Routine,Low,False
prchunk_20eb794e4c1761dcb589,prdoc_1ad10960babdd9aaeb0c,4,Deterministic policy intelligence,320,46,pallets/flask,5761,Routine,Low,False
prchunk_cc3a0db1631a962931f5,prdoc_1ad10960babdd9aaeb0c,5,Unified review priority,314,43,pallets/flask,5761,Routine,Low,False
prchunk_eabc618fd2931fc8ef16,prdoc_601e02ba52b2a5eed889,0,PR identity,315,45,pallets/flask,3075,Routine,Low,False
prchunk_edfb7fa3efb83f8d7daa,prdoc_601e02ba52b2a5eed889,1,PR description,763,98,pallets/flask,3075,Routine,Low,False
prchunk_935d10de3a2466f218df,prdoc_601e02ba52b2a5eed889,2,Change evidence,405,68,pallets/flask,3075,Routine,Low,False
prchunk_1cb4c463bf1e532bcfd9,prdoc_601e02ba52b2a5eed889,3,Predictive intelligence,474,67,pallets/flask,3075,Routine,Low,False
prchunk_ed5b75800c1cae701bad,prdoc_601e02ba52b2a5eed889,4,Deterministic policy intelligence,320,46,pallets/flask,3075,Routine,Low,False
prchunk_7a24c0f7bebf97abcb84,prdoc_601e02ba52b2a5eed889,5,Unified review priority,314,43,pallets/flask,3075,Routine,Low,False
prchunk_65dc9f97600535b407ad,prdoc_94a559fe8bf79d409575,0,PR identity,259,34,pallets/flask,4287,Routine,Low,False
prchunk_2455ad2c99d614ab1f31,prdoc_94a559fe8bf79d409575,1,PR description,194,29,pallets/flask,4287,Routine,Low,False
prchunk_dc30bd7116beb267177b,prdoc_94a559fe8bf79d409575,2,Change evidence,403,68,pallets/flask,4287,Routine,Low,False
prchunk_256778c3b6dfbac93e7b,prdoc_94a559fe8bf79d409575,3,Predictive intelligence,413,57,pallets/flask,4287,Routine,Low,False
prchunk_03ca74918f88366dfc21,prdoc_94a559fe8bf79d409575,4,Deterministic policy intelligence,328,47,pallets/flask,4287,Routine,Low,False
prchunk_43326627fc5c7261b6d8,prdoc_94a559fe8bf79d409575,5,Unified review priority,310,44,pallets/flask,4287,Routine,Low,False
prchunk_3e6605319f4c613a2b83,prdoc_9233c9a1e4c99472b624,0,PR identity,270,38,pallets/flask,5497,Routine,Low,False
prchunk_481b2c42c6f41d4e5a28,prdoc_9233c9a1e4c99472b624,1,PR description,520,84,pallets/flask,5497,Routine,Low,False
prchunk_6126b84fe3044b3db239,prdoc_9233c9a1e4c99472b624,2,Change evidence,403,68,pallets/flask,5497,Routine,Low,False
prchunk_5093cae9f382b09ecabc,prdoc_9233c9a1e4c99472b624,3,Predictive intelligence,474,67,pallets/flask,5497,Routine,Low,False
prchunk_011634a04ee082058a36,prdoc_9233c9a1e4c99472b624,4,Deterministic policy intelligence,320,46,pallets/flask,5497,Routine,Low,False
prchunk_c39f882cd2fb7d022021,prdoc_9233c9a1e4c99472b624,5,Unified review priority,314,43,pallets/flask,5497,Routine,Low,False
prchunk_da4477a8d964a8729984,prdoc_a7d5d5ce8d58656aa632,0,PR identity,284,39,pallets/flask,4662,Routine,Low,False
prchunk_8f6c9e93285016d030a7,prdoc_a7d5d5ce8d58656aa632,1,PR description,223,34,pallets/flask,4662,Routine,Low,False
prchunk_720e1120cf421ca7bfbd,prdoc_a7d5d5ce8d58656aa632,2,Change evidence,404,68,pallets/flask,4662,Routine,Low,False
prchunk_ef1e8146c5c0197af1f7,prdoc_a7d5d5ce8d58656aa632,3,Predictive intelligence,414,57,pallets/flask,4662,Routine,Low,False
prchunk_f678fa46922f1fbda575,prdoc_a7d5d5ce8d58656aa632,4,Deterministic policy intelligence,321,45,pallets/flask,4662,Routine,Low,False
prchunk_b92a931d7b714721496f,prdoc_a7d5d5ce8d58656aa632,5,Unified review priority,310,44,pallets/flask,4662,Routine,Low,False
prchunk_02525db8da136fb175ae,prdoc_93d5568afed502041c18,0,PR identity,283,36,pallets/flask,5182,Routine,Low,False
prchunk_20762c267dde607ed7a9,prdoc_93d5568afed502041c18,1,PR description,792,126,pallets/flask,5182,Routine,Low,False
prchunk_b4a42ca0d8661989d7b2,prdoc_93d5568afed502041c18,2,Change evidence,403,68,pallets/flask,5182,Routine,Low,False
prchunk_370af782f123bc749dbf,prdoc_93d5568afed502041c18,3,Predictive intelligence,417,58,pallets/flask,5182,Routine,Low,False
prchunk_7782b721a3258743028d,prdoc_93d5568afed502041c18,4,Deterministic policy intelligence,320,46,pallets/flask,5182,Routine,Low,False
prchunk_088fa602b40f3209e326,prdoc_93d5568afed502041c18,5,Unified review priority,314,43,pallets/flask,5182,Routine,Low,False
prchunk_94de1f97e1d11e578233,prdoc_87a40e8b139bb8acb06c,0,PR identity,291,37,pallets/flask,2850,Routine,Low,False
prchunk_fb6fde6ff090983bc5a6,prdoc_87a40e8b139bb8acb06c,1,PR description,282,42,pallets/flask,2850,Routine,Low,False
prchunk_2391b2e020eef3474ea4,prdoc_87a40e8b139bb8acb06c,2,Change evidence,403,68,pallets/flask,2850,Routine,Low,False
prchunk_d52480cb4a16f0ba4f34,prdoc_87a40e8b139bb8acb06c,3,Predictive intelligence,414,57,pallets/flask,2850,Routine,Low,False
prchunk_452a256fa43c6f756977,prdoc_87a40e8b139bb8acb06c,4,Deterministic policy intelligence,321,45,pallets/flask,2850,Routine,Low,False
prchunk_42cbc2c4c10aa544a5cf,prdoc_87a40e8b139bb8acb06c,5,Unified review priority,310,44,pallets/flask,2850,Routine,Low,False
prchunk_a293de65e71ac216f325,prdoc_cfe06dbaeeba3c19c704,0,PR identity,252,35,pallets/flask,2719,Routine,Low,False
prchunk_929a7745198f495cfdd4,prdoc_cfe06dbaeeba3c19c704,1,PR description,190,28,pallets/flask,2719,Routine,Low,False
prchunk_060cdc06d8d071cb0a70,prdoc_cfe06dbaeeba3c19c704,2,Change evidence,403,68,pallets/flask,2719,Routine,Low,False
prchunk_5c0070a0ec1b98de43c9,prdoc_cfe06dbaeeba3c19c704,3,Predictive intelligence,414,57,pallets/flask,2719,Routine,Low,False
prchunk_41499cb3c6e2426e2c04,prdoc_cfe06dbaeeba3c19c704,4,Deterministic policy intelligence,321,45,pallets/flask,2719,Routine,Low,False
prchunk_e7b6ae9b85c182514f78,prdoc_cfe06dbaeeba3c19c704,5,Unified review priority,310,44,pallets/flask,2719,Routine,Low,False
prchunk_7a683e9c02376ab2fcdc,prdoc_f4d8bfc8ef7119a64b0a,0,PR identity,291,41,pallets/flask,3698,Routine,Low,False
prchunk_acd0ccb423d7035775dd,prdoc_f4d8bfc8ef7119a64b0a,1,PR description,798,126,pallets/flask,3698,Routine,Low,False
prchunk_cc607888fc4709ae7b37,prdoc_f4d8bfc8ef7119a64b0a,2,Change evidence,403,68,pallets/flask,3698,Routine,Low,False
prchunk_b3f294bc3ec60eb44774,prdoc_f4d8bfc8ef7119a64b0a,3,Predictive intelligence,474,67,pallets/flask,3698,Routine,Low,False
prchunk_eaf0bbffdaebf484ce2f,prdoc_f4d8bfc8ef7119a64b0a,4,Deterministic policy intelligence,320,46,pallets/flask,3698,Routine,Low,False
prchunk_5e570f730434dddcef3b,prdoc_f4d8bfc8ef7119a64b0a,5,Unified review priority,314,43,pallets/flask,3698,Routine,Low,False
prchunk_32844c2124b2d86fc87f,prdoc_8124029bcda311aa6cbf,0,PR identity,293,40,pallets/flask,4234,Routine,Low,False
prchunk_0244302a2ff99f941073,prdoc_8124029bcda311aa6cbf,1,PR description,253,40,pallets/flask,4234,Routine,Low,False
prchunk_b1b270fa575f21eb3e5c,prdoc_8124029bcda311aa6cbf,2,Change evidence,403,68,pallets/flask,4234,Routine,Low,False
prchunk_aca51d0bf6d7ab32f3c8,prdoc_8124029bcda311aa6cbf,3,Predictive intelligence,414,57,pallets/flask,4234,Routine,Low,False
prchunk_ec55db05b0be76de825f,prdoc_8124029bcda311aa6cbf,4,Deterministic policy intelligence,321,45,pallets/flask,4234,Routine,Low,False
prchunk_2bf7f6067ccfbc5de904,prdoc_8124029bcda311aa6cbf,5,Unified review priority,310,44,pallets/flask,4234,Routine,Low,False
prchunk_55f25561fdf9dfd3926e,prdoc_6ecfc28dfd30b13b296b,0,PR identity,275,39,pallets/flask,3804,Routine,Low,False
prchunk_053cd8b6945f6117a793,prdoc_6ecfc28dfd30b13b296b,1,PR description,690,112,pallets/flask,3804,Routine,Low,False
prchunk_daedfd29ca761e28113b,prdoc_6ecfc28dfd30b13b296b,2,Change evidence,403,68,pallets/flask,3804,Routine,Low,False
prchunk_b742649c67e3b9b0e8c8,prdoc_6ecfc28dfd30b13b296b,3,Predictive intelligence,474,67,pallets/flask,3804,Routine,Low,False
prchunk_b197763df385614d0ca4,prdoc_6ecfc28dfd30b13b296b,4,Deterministic policy intelligence,320,46,pallets/flask,3804,Routine,Low,False
prchunk_c96fd572b40a206e4ae4,prdoc_6ecfc28dfd30b13b296b,5,Unified review priority,314,43,pallets/flask,3804,Routine,Low,False
prchunk_d68482ec2b750ec9d8a6,prdoc_bb63ba3cae62737a1d51,0,PR identity,273,38,pallets/flask,5264,Routine,Low,False
prchunk_02cc14de93259e3cda85,prdoc_bb63ba3cae62737a1d51,1,PR description,785,132,pallets/flask,5264,Routine,Low,False
prchunk_bb9329d48af15775cdb8,prdoc_bb63ba3cae62737a1d51,2,Change evidence,402,68,pallets/flask,5264,Routine,Low,False
prchunk_f383e4fa0c7a6fa4ee8f,prdoc_bb63ba3cae62737a1d51,3,Predictive intelligence,414,57,pallets/flask,5264,Routine,Low,False
prchunk_c62f0c0ced1d711b7c18,prdoc_bb63ba3cae62737a1d51,4,Deterministic policy intelligence,320,46,pallets/flask,5264,Routine,Low,False
prchunk_2fbfa573742c4c192efd,prdoc_bb63ba3cae62737a1d51,5,Unified review priority,310,44,pallets/flask,5264,Routine,Low,False
prchunk_a7aebe89e722f262d6d5,prdoc_9c9114e017f143611464,0,PR identity,269,35,pallets/flask,4783,Routine,Low,False
prchunk_1a2a5181bc79762d73f9,prdoc_9c9114e017f143611464,1,PR description,455,49,pallets/flask,4783,Routine,Low,False
prchunk_d73504a1c3209fa3f3fa,prdoc_9c9114e017f143611464,2,Change evidence,403,68,pallets/flask,4783,Routine,Low,False
prchunk_7e5c36e1d14ac2810299,prdoc_9c9114e017f143611464,3,Predictive intelligence,414,57,pallets/flask,4783,Routine,Low,False
prchunk_df74075cd4277540a700,prdoc_9c9114e017f143611464,4,Deterministic policy intelligence,321,45,pallets/flask,4783,Routine,Low,False
prchunk_9628b252bdd755820549,prdoc_9c9114e017f143611464,5,Unified review priority,310,44,pallets/flask,4783,Routine,Low,False
prchunk_feb09982573674155466,prdoc_bb7ef87cde315736eb55,0,PR identity,277,36,pallets/flask,5700,Routine,Low,False
prchunk_df8bc90eb55bc6b3e6cd,prdoc_bb7ef87cde315736eb55,1,PR description,311,45,pallets/flask,5700,Routine,Low,False
prchunk_ba86ff6c92d48afd8ae8,prdoc_bb7ef87cde315736eb55,2,Change evidence,407,68,pallets/flask,5700,Routine,Low,False
prchunk_a1094b794506cbc02d04,prdoc_bb7ef87cde315736eb55,3,Predictive intelligence,414,57,pallets/flask,5700,Routine,Low,False
prchunk_c268e72452d6c39d952a,prdoc_bb7ef87cde315736eb55,4,Deterministic policy intelligence,321,45,pallets/flask,5700,Routine,Low,False
prchunk_b265c5a397b460885543,prdoc_bb7ef87cde315736eb55,5,Unified review priority,310,44,pallets/flask,5700,Routine,Low,False
prchunk_397ba7b361e10db856a8,prdoc_4a48bf31b13493cacd62,0,PR identity,293,40,pallets/flask,3113,Routine,Low,False
prchunk_5d017adbfc00ea2cdeac,prdoc_4a48bf31b13493cacd62,1,PR description,268,41,pallets/flask,3113,Routine,Low,False
prchunk_7b1a7e6e1f189d13e7af,prdoc_4a48bf31b13493cacd62,2,Change evidence,403,68,pallets/flask,3113,Routine,Low,False
prchunk_18e76470f6044457a6ea,prdoc_4a48bf31b13493cacd62,3,Predictive intelligence,413,57,pallets/flask,3113,Routine,Low,False
prchunk_a277e6f084ca2c49083b,prdoc_4a48bf31b13493cacd62,4,Deterministic policy intelligence,321,45,pallets/flask,3113,Routine,Low,False
prchunk_ae6d88da4bc18d146d88,prdoc_4a48bf31b13493cacd62,5,Unified review priority,310,44,pallets/flask,3113,Routine,Low,False
prchunk_52d5ddd588edebce8f34,prdoc_fed6ed49b864667c86d6,0,PR identity,263,35,pallets/flask,3895,Routine,Low,False
prchunk_386ae1767779a578931f,prdoc_fed6ed49b864667c86d6,1,PR description,680,94,pallets/flask,3895,Routine,Low,False
prchunk_39a1d8ba5e4e267b6fa2,prdoc_fed6ed49b864667c86d6,2,Change evidence,406,68,pallets/flask,3895,Routine,Low,False
prchunk_8aedbe089b43936cd1ba,prdoc_fed6ed49b864667c86d6,3,Predictive intelligence,414,57,pallets/flask,3895,Routine,Low,False
prchunk_579f3fc9aba3c2e4ef4e,prdoc_fed6ed49b864667c86d6,4,Deterministic policy intelligence,328,47,pallets/flask,3895,Routine,Low,False
prchunk_1347c4696f1cdc957038,prdoc_fed6ed49b864667c86d6,5,Unified review priority,310,44,pallets/flask,3895,Routine,Low,False
prchunk_2082b7c604ec8d8f8183,prdoc_7cc873a4d012943e1845,0,PR identity,268,36,pallets/flask,5180,Routine,Low,False
prchunk_9f4832e70396fd6e812d,prdoc_7cc873a4d012943e1845,1,PR description,202,31,pallets/flask,5180,Routine,Low,False
prchunk_511f3f50819175ce07f4,prdoc_7cc873a4d012943e1845,2,Change evidence,403,68,pallets/flask,5180,Routine,Low,False
prchunk_bdcb40e18dbabe2bbf7c,prdoc_7cc873a4d012943e1845,3,Predictive intelligence,413,57,pallets/flask,5180,Routine,Low,False
prchunk_1c3734a48529b2e5c68f,prdoc_7cc873a4d012943e1845,4,Deterministic policy intelligence,328,47,pallets/flask,5180,Routine,Low,False
prchunk_b847cef76ca5ef72dcba,prdoc_7cc873a4d012943e1845,5,Unified review priority,310,44,pallets/flask,5180,Routine,Low,False
prchunk_d19b3cae03465d25025a,prdoc_d58b81b130d36984726a,0,PR identity,289,40,pallets/flask,4394,Routine,Low,False
prchunk_bd96da1b94575a98158e,prdoc_d58b81b130d36984726a,1,PR description,317,42,pallets/flask,4394,Routine,Low,False
prchunk_d25510b5da8ad6a88890,prdoc_d58b81b130d36984726a,2,Change evidence,403,68,pallets/flask,4394,Routine,Low,False
prchunk_ba250f8ad3746eaa476e,prdoc_d58b81b130d36984726a,3,Predictive intelligence,470,66,pallets/flask,4394,Routine,Low,False
prchunk_9721664e1731def77448,prdoc_d58b81b130d36984726a,4,Deterministic policy intelligence,321,45,pallets/flask,4394,Routine,Low,False
prchunk_6197ee1dd790de53565a,prdoc_d58b81b130d36984726a,5,Unified review priority,310,44,pallets/flask,4394,Routine,Low,False
prchunk_33451afe2aa82a4b91e0,prdoc_16918ba39413629e00b4,0,PR identity,265,34,pallets/flask,5382,Routine,Low,False
prchunk_92048998d5e008bcbedd,prdoc_16918ba39413629e00b4,1,PR description,259,37,pallets/flask,5382,Routine,Low,False
prchunk_b4721bd2fe2a4afa2059,prdoc_16918ba39413629e00b4,2,Change evidence,405,68,pallets/flask,5382,Routine,Low,False
prchunk_cf799b504976e4b0b16e,prdoc_16918ba39413629e00b4,3,Predictive intelligence,413,57,pallets/flask,5382,Routine,Low,False
prchunk_735856408070b04e4517,prdoc_16918ba39413629e00b4,4,Deterministic policy intelligence,321,45,pallets/flask,5382,Routine,Low,False
prchunk_9660f8b13f83ab1e7793,prdoc_16918ba39413629e00b4,5,Unified review priority,310,44,pallets/flask,5382,Routine,Low,False
prchunk_c073efccf58298690d47,prdoc_943fbeae0c4078b780c5,0,PR identity,282,37,pallets/flask,2915,Routine,Low,False
prchunk_4805401eae08b6675e25,prdoc_943fbeae0c4078b780c5,1,PR description,381,50,pallets/flask,2915,Routine,Low,False
prchunk_516a72b10f5f8f501079,prdoc_943fbeae0c4078b780c5,2,Change evidence,403,68,pallets/flask,2915,Routine,Low,False
prchunk_ab6104f4e6498e82de0c,prdoc_943fbeae0c4078b780c5,3,Predictive intelligence,414,57,pallets/flask,2915,Routine,Low,False
prchunk_b2ff6d054b92b5ce8d2a,prdoc_943fbeae0c4078b780c5,4,Deterministic policy intelligence,321,45,pallets/flask,2915,Routine,Low,False
prchunk_06f2a4ca822c6f553b25,prdoc_943fbeae0c4078b780c5,5,Unified review priority,310,44,pallets/flask,2915,Routine,Low,False
prchunk_4361a99d6ee0c5d4c408,prdoc_92afb1331a6b975beff2,0,PR identity,258,36,pallets/flask,4175,Routine,Low,False
prchunk_e7ffc746da3a88f28e87,prdoc_92afb1331a6b975beff2,1,PR description,336,46,pallets/flask,4175,Routine,Low,False
prchunk_2381e5941dfaef8732e9,prdoc_92afb1331a6b975beff2,2,Change evidence,403,68,pallets/flask,4175,Routine,Low,False
prchunk_2f14bd9c3ae2c5560994,prdoc_92afb1331a6b975beff2,3,Predictive intelligence,414,57,pallets/flask,4175,Routine,Low,False
prchunk_ba23fea903f13e55c774,prdoc_92afb1331a6b975beff2,4,Deterministic policy intelligence,321,45,pallets/flask,4175,Routine,Low,False
prchunk_c38aeec165cf744be5c6,prdoc_92afb1331a6b975beff2,5,Unified review priority,310,44,pallets/flask,4175,Routine,Low,False
prchunk_31b69a1a86c9a264f6d9,prdoc_98a83870f2dcfffef295,0,PR identity,278,36,pallets/flask,2834,Routine,Low,False
prchunk_9ee68056b053e40acfae,prdoc_98a83870f2dcfffef295,1,PR description,388,52,pallets/flask,2834,Routine,Low,False
prchunk_bccbed2fbbe5f461cbb5,prdoc_98a83870f2dcfffef295,2,Change evidence,403,68,pallets/flask,2834,Routine,Low,False
prchunk_a246743c43391b71f217,prdoc_98a83870f2dcfffef295,3,Predictive intelligence,414,57,pallets/flask,2834,Routine,Low,False
prchunk_8e2ee9580b79bcc65da6,prdoc_98a83870f2dcfffef295,4,Deterministic policy intelligence,321,45,pallets/flask,2834,Routine,Low,False
prchunk_25ae52b1901a8a69063b,prdoc_98a83870f2dcfffef295,5,Unified review priority,310,44,pallets/flask,2834,Routine,Low,False
prchunk_f04a0d8ba52b897727cc,prdoc_4e4c04ff4f7ccaeeaff1,0,PR identity,300,42,pallets/flask,5938,Routine,Low,False
prchunk_2c30487d5de649e095ef,prdoc_4e4c04ff4f7ccaeeaff1,1,PR description,274,41,pallets/flask,5938,Routine,Low,False
prchunk_86edb26b6840fd3682a8,prdoc_4e4c04ff4f7ccaeeaff1,2,Change evidence,404,68,pallets/flask,5938,Routine,Low,False
prchunk_04bea62a8e19de82500c,prdoc_4e4c04ff4f7ccaeeaff1,3,Predictive intelligence,470,66,pallets/flask,5938,Routine,Low,False
prchunk_507fef89504a47226683,prdoc_4e4c04ff4f7ccaeeaff1,4,Deterministic policy intelligence,321,45,pallets/flask,5938,Routine,Low,False
prchunk_7d21113b1f9ad5e34956,prdoc_4e4c04ff4f7ccaeeaff1,5,Unified review priority,310,44,pallets/flask,5938,Routine,Low,False
prchunk_28e5d9d90c770403125d,prdoc_0415e5aa887ebefae752,0,PR identity,266,35,pallets/flask,2808,Routine,Low,False
prchunk_63df078eb9b084f0399b,prdoc_0415e5aa887ebefae752,1,PR description,200,30,pallets/flask,2808,Routine,Low,False
prchunk_76c31c7043f191b12d45,prdoc_0415e5aa887ebefae752,2,Change evidence,403,68,pallets/flask,2808,Routine,Low,False
prchunk_035baad7cf4876620cb5,prdoc_0415e5aa887ebefae752,3,Predictive intelligence,413,57,pallets/flask,2808,Routine,Low,False
prchunk_ad3241009bd6b6fd4fb8,prdoc_0415e5aa887ebefae752,4,Deterministic policy intelligence,328,47,pallets/flask,2808,Routine,Low,False
prchunk_483301bc1e51b48da29f,prdoc_0415e5aa887ebefae752,5,Unified review priority,310,44,pallets/flask,2808,Routine,Low,False
prchunk_6a4b0e42180b36ed9baf,prdoc_832ab32fdf8ab2a6c75f,0,PR identity,252,36,pallets/flask,3390,Routine,Low,False
prchunk_d777b8b93d70a01fbd9d,prdoc_832ab32fdf8ab2a6c75f,1,PR description,665,109,pallets/flask,3390,Routine,Low,False
prchunk_d6b8c232f9ea6b977a1b,prdoc_832ab32fdf8ab2a6c75f,2,Change evidence,403,68,pallets/flask,3390,Routine,Low,False
prchunk_88a1a884acff2c93ddf7,prdoc_832ab32fdf8ab2a6c75f,3,Predictive intelligence,474,67,pallets/flask,3390,Routine,Low,False
prchunk_c02b980e750c366778dd,prdoc_832ab32fdf8ab2a6c75f,4,Deterministic policy intelligence,320,46,pallets/flask,3390,Routine,Low,False
prchunk_6b4f190532cd0ecd3bdf,prdoc_832ab32fdf8ab2a6c75f,5,Unified review priority,314,43,pallets/flask,3390,Routine,Low,False
prchunk_67a3ff99fecb5e42b046,prdoc_34d3a95d540c449e2502,0,PR identity,259,34,pallets/flask,5232,Routine,Low,False
prchunk_40bcddb0f1b8aadf5532,prdoc_34d3a95d540c449e2502,1,PR description,194,29,pallets/flask,5232,Routine,Low,False
prchunk_5b9d5245fdbc107046db,prdoc_34d3a95d540c449e2502,2,Change evidence,403,68,pallets/flask,5232,Routine,Low,False
prchunk_5985bca5572ad401345c,prdoc_34d3a95d540c449e2502,3,Predictive intelligence,413,57,pallets/flask,5232,Routine,Low,False
prchunk_922dac1d4bdf151a97f5,prdoc_34d3a95d540c449e2502,4,Deterministic policy intelligence,328,47,pallets/flask,5232,Routine,Low,False
prchunk_80eb94dd78e55f5ccabe,prdoc_34d3a95d540c449e2502,5,Unified review priority,310,44,pallets/flask,5232,Routine,Low,False
prchunk_bb7a4c08638efbc7d5da,prdoc_6222e3a869a63c52bbeb,0,PR identity,300,41,pallets/flask,5955,Routine,Low,False
prchunk_602c6e94c8e44a918bbe,prdoc_6222e3a869a63c52bbeb,1,PR description,1186,159,pallets/flask,5955,Routine,Low,False
prchunk_91dee4b4bc0a3db24e22,prdoc_6222e3a869a63c52bbeb,2,Change evidence,405,68,pallets/flask,5955,Routine,Low,False
prchunk_9457359bac4c89af4609,prdoc_6222e3a869a63c52bbeb,3,Predictive intelligence,474,67,pallets/flask,5955,Routine,Low,False
prchunk_1ccdccedc56cfbd1dddd,prdoc_6222e3a869a63c52bbeb,4,Deterministic policy intelligence,320,46,pallets/flask,5955,Routine,Low,False
prchunk_bb0e2243c5ef17b7988b,prdoc_6222e3a869a63c52bbeb,5,Unified review priority,314,43,pallets/flask,5955,Routine,Low,False
prchunk_0cfb63e672877ce2f7a3,prdoc_292e7714916af172882f,0,PR identity,259,34,pallets/flask,4694,Routine,Low,False
prchunk_e3abf3c05141f7a8cee9,prdoc_292e7714916af172882f,1,PR description,194,29,pallets/flask,4694,Routine,Low,False
prchunk_6a6bbfbebf9e30fb1f1e,prdoc_292e7714916af172882f,2,Change evidence,403,68,pallets/flask,4694,Routine,Low,False
prchunk_ab19e60e93670476f5cd,prdoc_292e7714916af172882f,3,Predictive intelligence,413,57,pallets/flask,4694,Routine,Low,False
prchunk_ca9ac0148ff01a2a8a8d,prdoc_292e7714916af172882f,4,Deterministic policy intelligence,328,47,pallets/flask,4694,Routine,Low,False
prchunk_5af1eacf87632b44370e,prdoc_292e7714916af172882f,5,Unified review priority,310,44,pallets/flask,4694,Routine,Low,False
prchunk_eced27209e5cfa2f3c9e,prdoc_30616ce6a1774806c96a,0,PR identity,274,36,pallets/flask,4461,Routine,Low,False
prchunk_3d96f3b75b8159e73b5e,prdoc_30616ce6a1774806c96a,1,PR description,557,85,pallets/flask,4461,Routine,Low,False
prchunk_84af20e3e5e35b66772b,prdoc_30616ce6a1774806c96a,2,Change evidence,405,68,pallets/flask,4461,Routine,Low,False
prchunk_885c4fa552dc31a1c379,prdoc_30616ce6a1774806c96a,3,Predictive intelligence,414,57,pallets/flask,4461,Routine,Low,False
prchunk_61e0bd2d029742bc4550,prdoc_30616ce6a1774806c96a,4,Deterministic policy intelligence,320,46,pallets/flask,4461,Routine,Low,False
prchunk_42153d5c8d54af5ea5af,prdoc_30616ce6a1774806c96a,5,Unified review priority,310,44,pallets/flask,4461,Routine,Low,False
prchunk_2552efe84064e0c96634,prdoc_6b3db6215f4354f097f8,0,PR identity,265,35,pallets/flask,5737,Routine,Low,False
prchunk_b1d087dd2d4517e9b973,prdoc_6b3db6215f4354f097f8,1,PR description,408,57,pallets/flask,5737,Routine,Low,False
prchunk_e5e5ce14d732fa4146fb,prdoc_6b3db6215f4354f097f8,2,Change evidence,403,68,pallets/flask,5737,Routine,Low,False
prchunk_c610595fd3ee7390099d,prdoc_6b3db6215f4354f097f8,3,Predictive intelligence,414,57,pallets/flask,5737,Routine,Low,False
prchunk_d5849d2f4532955ccbe5,prdoc_6b3db6215f4354f097f8,4,Deterministic policy intelligence,321,45,pallets/flask,5737,Routine,Low,False
prchunk_4395370a63b1cadcbbcc,prdoc_6b3db6215f4354f097f8,5,Unified review priority,310,44,pallets/flask,5737,Routine,Low,False
prchunk_f73291e430c9450c249c,prdoc_e4bf2727aff5a264644c,0,PR identity,282,39,pallets/flask,2858,Routine,Low,False
prchunk_758c3e30f6b844b56f4c,prdoc_e4bf2727aff5a264644c,1,PR description,856,115,pallets/flask,2858,Routine,Low,False
prchunk_aa6dff3e204ea46fefbf,prdoc_e4bf2727aff5a264644c,2,Change evidence,404,68,pallets/flask,2858,Routine,Low,False
prchunk_603f5bf0d6998aca0f1a,prdoc_e4bf2727aff5a264644c,3,Predictive intelligence,474,67,pallets/flask,2858,Routine,Low,False
prchunk_a188f2c9af566b294be0,prdoc_e4bf2727aff5a264644c,4,Deterministic policy intelligence,320,46,pallets/flask,2858,Routine,Low,False
prchunk_f8f44721b140ed31276b,prdoc_e4bf2727aff5a264644c,5,Unified review priority,314,43,pallets/flask,2858,Routine,Low,False
prchunk_d3397b6adc941e796a83,prdoc_0a1c9d88f835d1723ec5,0,PR identity,276,39,pallets/flask,4319,Routine,Low,False
prchunk_2fb48c9398feff58415a,prdoc_0a1c9d88f835d1723ec5,1,PR description,2465,180,pallets/flask,4319,Routine,Low,False
prchunk_7ea9ebb95ed869ffb906,prdoc_0a1c9d88f835d1723ec5,2,PR description,2948,180,pallets/flask,4319,Routine,Low,False
prchunk_74475354865d49710619,prdoc_0a1c9d88f835d1723ec5,3,PR description,969,165,pallets/flask,4319,Routine,Low,False
prchunk_37254d49df97146442f3,prdoc_0a1c9d88f835d1723ec5,4,Change evidence,404,68,pallets/flask,4319,Routine,Low,False
prchunk_affd3408639458910ad4,prdoc_0a1c9d88f835d1723ec5,5,Predictive intelligence,470,66,pallets/flask,4319,Routine,Low,False
prchunk_45f45f3a881c13cc9616,prdoc_0a1c9d88f835d1723ec5,6,Deterministic policy intelligence,328,47,pallets/flask,4319,Routine,Low,False
prchunk_ba01f0ed89700708ed8c,prdoc_0a1c9d88f835d1723ec5,7,Unified review priority,310,44,pallets/flask,4319,Routine,Low,False
prchunk_c85a9f86f2028538b64e,prdoc_cd8e8c27fde757ad7e4c,0,PR identity,260,35,pallets/flask,4835,Routine,Low,False
prchunk_081651b501f39569e68c,prdoc_cd8e8c27fde757ad7e4c,1,PR description,262,41,pallets/flask,4835,Routine,Low,False
prchunk_bc6247f49cdc9de67a1f,prdoc_cd8e8c27fde757ad7e4c,2,Change evidence,403,68,pallets/flask,4835,Routine,Low,False
prchunk_7b62930bfa3df1148d4c,prdoc_cd8e8c27fde757ad7e4c,3,Predictive intelligence,414,57,pallets/flask,4835,Routine,Low,False
prchunk_37d3aa835d34cefc9b08,prdoc_cd8e8c27fde757ad7e4c,4,Deterministic policy intelligence,321,45,pallets/flask,4835,Routine,Low,False
prchunk_63d2b93759ef7d49f283,prdoc_cd8e8c27fde757ad7e4c,5,Unified review priority,310,44,pallets/flask,4835,Routine,Low,False
prchunk_3ed02c215a524e8cd62c,prdoc_884c1f861c95e37de498,0,PR identity,270,36,pallets/flask,3056,Routine,Low,False
prchunk_4a79f07f2c81589e6712,prdoc_884c1f861c95e37de498,1,PR description,588,78,pallets/flask,3056,Routine,Low,False
prchunk_d6278c92b3ee89b3a94d,prdoc_884c1f861c95e37de498,2,Change evidence,405,68,pallets/flask,3056,Routine,Low,False
prchunk_0e2f7d1d1a751c5b2e87,prdoc_884c1f861c95e37de498,3,Predictive intelligence,414,57,pallets/flask,3056,Routine,Low,False
prchunk_519336645a41468f6ad6,prdoc_884c1f861c95e37de498,4,Deterministic policy intelligence,320,46,pallets/flask,3056,Routine,Low,False
prchunk_b17c742019c8f50ac9a2,prdoc_884c1f861c95e37de498,5,Unified review priority,310,44,pallets/flask,3056,Routine,Low,False
prchunk_44366d2e27fd4a048ad0,prdoc_6965c9e7a41b5a643cd6,0,PR identity,291,36,pallets/flask,6013,Routine,Low,False
prchunk_d1b59c6b03d4c7862b25,prdoc_6965c9e7a41b5a643cd6,1,PR description,281,38,pallets/flask,6013,Routine,Low,False
prchunk_6b28a1756d5fd347a4c5,prdoc_6965c9e7a41b5a643cd6,2,Change evidence,403,68,pallets/flask,6013,Routine,Low,False
prchunk_d209d60a06fcf67fd1a6,prdoc_6965c9e7a41b5a643cd6,3,Predictive intelligence,413,57,pallets/flask,6013,Routine,Low,False
prchunk_73a1145024e6e7d939bf,prdoc_6965c9e7a41b5a643cd6,4,Deterministic policy intelligence,321,45,pallets/flask,6013,Routine,Low,False
prchunk_8e7ccaa1587058f283d9,prdoc_6965c9e7a41b5a643cd6,5,Unified review priority,310,44,pallets/flask,6013,Routine,Low,False
prchunk_3f79fceff31c2058d536,prdoc_843eeb7526a8d400fe63,0,PR identity,277,37,pallets/flask,3065,Routine,Low,False
prchunk_ff3df2f6b25a47dbc206,prdoc_843eeb7526a8d400fe63,1,PR description,391,58,pallets/flask,3065,Routine,Low,False
prchunk_15094cb1fa4ec895ecce,prdoc_843eeb7526a8d400fe63,2,Change evidence,403,68,pallets/flask,3065,Routine,Low,False
prchunk_d66049721b895f202d3c,prdoc_843eeb7526a8d400fe63,3,Predictive intelligence,414,57,pallets/flask,3065,Routine,Low,False
prchunk_d2d4baf55494fd1b37e0,prdoc_843eeb7526a8d400fe63,4,Deterministic policy intelligence,321,45,pallets/flask,3065,Routine,Low,False
prchunk_faf531074e6f593ff046,prdoc_843eeb7526a8d400fe63,5,Unified review priority,310,44,pallets/flask,3065,Routine,Low,False
prchunk_4a583ea3cd3b2a1081ac,prdoc_cde68adbf308d939239f,0,PR identity,271,35,pallets/flask,4100,Routine,Low,False
prchunk_1bf21c416023b880decc,prdoc_cde68adbf308d939239f,1,PR description,208,30,pallets/flask,4100,Routine,Low,False
prchunk_b76c10ebab539d5ed2be,prdoc_cde68adbf308d939239f,2,Change evidence,403,68,pallets/flask,4100,Routine,Low,False
prchunk_e951bfb65c5fa382e6b1,prdoc_cde68adbf308d939239f,3,Predictive intelligence,413,57,pallets/flask,4100,Routine,Low,False
prchunk_515ebee8c13d7ae82557,prdoc_cde68adbf308d939239f,4,Deterministic policy intelligence,328,47,pallets/flask,4100,Routine,Low,False
prchunk_6c87f99679b1b84dade8,prdoc_cde68adbf308d939239f,5,Unified review priority,310,44,pallets/flask,4100,Routine,Low,False
prchunk_3aad65ec795a925852c3,prdoc_a9f8af4432e419b84541,0,PR identity,296,38,pallets/flask,5077,Routine,Low,False
prchunk_6bde65b404cc183a7f64,prdoc_a9f8af4432e419b84541,1,PR description,338,34,pallets/flask,5077,Routine,Low,False
prchunk_907de8052224b339663a,prdoc_a9f8af4432e419b84541,2,Change evidence,403,68,pallets/flask,5077,Routine,Low,False
prchunk_a92a932f6d225e96ab04,prdoc_a9f8af4432e419b84541,3,Predictive intelligence,414,57,pallets/flask,5077,Routine,Low,False
prchunk_a23eccbea9cf40f89113,prdoc_a9f8af4432e419b84541,4,Deterministic policy intelligence,321,45,pallets/flask,5077,Routine,Low,False
prchunk_35760017f7fc76b05d9f,prdoc_a9f8af4432e419b84541,5,Unified review priority,310,44,pallets/flask,5077,Routine,Low,False
prchunk_84938ccc496f188eaf8a,prdoc_b25f886b65b97e46320a,0,PR identity,284,39,pallets/flask,3774,Routine,Low,False
prchunk_a50aceb30721c008c36e,prdoc_b25f886b65b97e46320a,1,PR description,1881,180,pallets/flask,3774,Routine,Low,False
prchunk_453ac8d3ac69cc10f0a1,prdoc_b25f886b65b97e46320a,2,PR description,2025,180,pallets/flask,3774,Routine,Low,False
prchunk_f7cb4b223b229d946f20,prdoc_b25f886b65b97e46320a,3,PR description,3395,180,pallets/flask,3774,Routine,Low,False
prchunk_914ada077bae83fd0f4f,prdoc_b25f886b65b97e46320a,4,PR description,1918,180,pallets/flask,3774,Routine,Low,False
prchunk_ca5ebed4304f6643dc56,prdoc_b25f886b65b97e46320a,5,PR description,1076,180,pallets/flask,3774,Routine,Low,False
prchunk_772ffd6f3b8a5e180370,prdoc_b25f886b65b97e46320a,6,PR description,911,141,pallets/flask,3774,Routine,Low,False
prchunk_720ae8d31636dddbf0eb,prdoc_b25f886b65b97e46320a,7,Change evidence,404,68,pallets/flask,3774,Routine,Low,False
prchunk_1b1e1bcb791031c13dcc,prdoc_b25f886b65b97e46320a,8,Predictive intelligence,470,66,pallets/flask,3774,Routine,Low,False
prchunk_34308ca13e232d801c80,prdoc_b25f886b65b97e46320a,9,Deterministic policy intelligence,328,47,pallets/flask,3774,Routine,Low,False
prchunk_42806d01794af446f821,prdoc_b25f886b65b97e46320a,10,Unified review priority,310,44,pallets/flask,3774,Routine,Low,False
prchunk_a1d2a51b92b55d50d0aa,prdoc_3b57777155803c657192,0,PR identity,267,39,pallets/flask,5613,Routine,Low,False
prchunk_2ef326ce78378e484f05,prdoc_3b57777155803c657192,1,PR description,537,76,pallets/flask,5613,Routine,Low,False
prchunk_b29679e4d97c0f1301dd,prdoc_3b57777155803c657192,2,Change evidence,404,68,pallets/flask,5613,Routine,Low,False
prchunk_12bdff3cceddd70bf8b9,prdoc_3b57777155803c657192,3,Predictive intelligence,470,66,pallets/flask,5613,Routine,Low,False
prchunk_b1a6377f7d6071171154,prdoc_3b57777155803c657192,4,Deterministic policy intelligence,321,45,pallets/flask,5613,Routine,Low,False
prchunk_a5a215fd6339750887a8,prdoc_3b57777155803c657192,5,Unified review priority,310,44,pallets/flask,5613,Routine,Low,False
prchunk_23fd4232e55684ea5c19,prdoc_cb9ff244b7692e845f92,0,PR identity,249,33,pallets/flask,3517,Routine,Low,False
prchunk_ffa5d10c9ec28fb87b2b,prdoc_cb9ff244b7692e845f92,1,PR description,661,108,pallets/flask,3517,Routine,Low,False
prchunk_53eedf0415ca4246d27f,prdoc_cb9ff244b7692e845f92,2,Change evidence,403,68,pallets/flask,3517,Routine,Low,False
prchunk_18ec209922c94bfca779,prdoc_cb9ff244b7692e845f92,3,Predictive intelligence,418,58,pallets/flask,3517,Routine,Low,False
prchunk_53eb0567f7b73e4bae77,prdoc_cb9ff244b7692e845f92,4,Deterministic policy intelligence,320,46,pallets/flask,3517,Routine,Low,False
prchunk_aa99c12ece5d8160a854,prdoc_cb9ff244b7692e845f92,5,Unified review priority,314,43,pallets/flask,3517,Routine,Low,False
prchunk_f7be057d4dd91838681a,prdoc_b4fd722a10259d4e29eb,0,PR identity,281,37,pallets/flask,4497,Routine,Low,False
prchunk_3636c81654366d8a2bf8,prdoc_b4fd722a10259d4e29eb,1,PR description,212,31,pallets/flask,4497,Routine,Low,False
prchunk_ab99e731ecb1f420a527,prdoc_b4fd722a10259d4e29eb,2,Change evidence,404,68,pallets/flask,4497,Routine,Low,False
prchunk_60cbb798b4f6f7f7ff7c,prdoc_b4fd722a10259d4e29eb,3,Predictive intelligence,413,57,pallets/flask,4497,Routine,Low,False
prchunk_f38e5e7584e27c989cf2,prdoc_b4fd722a10259d4e29eb,4,Deterministic policy intelligence,321,45,pallets/flask,4497,Routine,Low,False
prchunk_7c4aa6c2e0194f423c7d,prdoc_b4fd722a10259d4e29eb,5,Unified review priority,310,44,pallets/flask,4497,Routine,Low,False
prchunk_f7f042f76a4411ec33ef,prdoc_cfb6ea29c87acd796d3a,0,PR identity,287,40,pallets/flask,3772,Routine,Low,False
prchunk_fc47707c760eb66b3546,prdoc_cfb6ea29c87acd796d3a,1,PR description,692,113,pallets/flask,3772,Routine,Low,False
prchunk_2f95822d00a2d54ce6ab,prdoc_cfb6ea29c87acd796d3a,2,Change evidence,405,68,pallets/flask,3772,Routine,Low,False
prchunk_cdf2ee4fcebb6df82547,prdoc_cfb6ea29c87acd796d3a,3,Predictive intelligence,474,67,pallets/flask,3772,Routine,Low,False
prchunk_9440f38a36d14ef1ed98,prdoc_cfb6ea29c87acd796d3a,4,Deterministic policy intelligence,320,46,pallets/flask,3772,Routine,Low,False
prchunk_9fcbaaf441bd112d4d5b,prdoc_cfb6ea29c87acd796d3a,5,Unified review priority,314,43,pallets/flask,3772,Routine,Low,False
prchunk_0b39b9d92da101276770,prdoc_a68bc8704753f00fd24c,0,PR identity,310,44,pallets/flask,3308,Routine,Low,False
prchunk_9d82949ed9e6d021cf40,prdoc_a68bc8704753f00fd24c,1,PR description,815,125,pallets/flask,3308,Routine,Low,False
prchunk_16ff2b14217ab827a63d,prdoc_a68bc8704753f00fd24c,2,Change evidence,403,68,pallets/flask,3308,Routine,Low,False
prchunk_a9aae13ee631fa578d3b,prdoc_a68bc8704753f00fd24c,3,Predictive intelligence,414,57,pallets/flask,3308,Routine,Low,False
prchunk_a8c93b5597e428e79370,prdoc_a68bc8704753f00fd24c,4,Deterministic policy intelligence,320,46,pallets/flask,3308,Routine,Low,False
prchunk_36650b4e44f8b85b4867,prdoc_a68bc8704753f00fd24c,5,Unified review priority,310,44,pallets/flask,3308,Routine,Low,False
prchunk_834f6ab3b4771cc2790d,prdoc_5b5726f1a9f33567ab42,0,PR identity,288,37,pallets/flask,3816,Routine,Low,False
prchunk_a5700e1da3ba7e0491f9,prdoc_5b5726f1a9f33567ab42,1,PR description,509,55,pallets/flask,3816,Routine,Low,False
prchunk_c345cdce559055608716,prdoc_5b5726f1a9f33567ab42,2,Change evidence,404,68,pallets/flask,3816,Routine,Low,False
prchunk_4cb8004d6e4a66551c7a,prdoc_5b5726f1a9f33567ab42,3,Predictive intelligence,414,57,pallets/flask,3816,Routine,Low,False
prchunk_dd457afbcc861199cb36,prdoc_5b5726f1a9f33567ab42,4,Deterministic policy intelligence,321,45,pallets/flask,3816,Routine,Low,False
prchunk_c521f444dcf7aed312f7,prdoc_5b5726f1a9f33567ab42,5,Unified review priority,310,44,pallets/flask,3816,Routine,Low,False
prchunk_2dbcf50d43da712bc830,prdoc_3f20ae2712f76ebb4322,0,PR identity,273,40,pallets/flask,3946,Routine,Low,False
prchunk_86673535ea6cf743445d,prdoc_3f20ae2712f76ebb4322,1,PR description,241,40,pallets/flask,3946,Routine,Low,False
prchunk_743b5c6ec4296b434cba,prdoc_3f20ae2712f76ebb4322,2,Change evidence,403,68,pallets/flask,3946,Routine,Low,False
prchunk_336dc02d026809e87563,prdoc_3f20ae2712f76ebb4322,3,Predictive intelligence,470,66,pallets/flask,3946,Routine,Low,False
prchunk_dc8e59a798f991312a46,prdoc_3f20ae2712f76ebb4322,4,Deterministic policy intelligence,321,45,pallets/flask,3946,Routine,Low,False
prchunk_ca8c101294a5ce8cfd79,prdoc_3f20ae2712f76ebb4322,5,Unified review priority,310,44,pallets/flask,3946,Routine,Low,False
prchunk_d2239e15ea2a317a8197,prdoc_9b24578b5b0a17d53c54,0,PR identity,272,40,pallets/flask,3798,Routine,Low,False
prchunk_669ba9c8818429c7eb9f,prdoc_9b24578b5b0a17d53c54,1,PR description,260,42,pallets/flask,3798,Routine,Low,False
prchunk_7bffe05a169a07c8b60b,prdoc_9b24578b5b0a17d53c54,2,Change evidence,403,68,pallets/flask,3798,Routine,Low,False
prchunk_7c4a9ff0e6cf278525d7,prdoc_9b24578b5b0a17d53c54,3,Predictive intelligence,470,66,pallets/flask,3798,Routine,Low,False
prchunk_e515d549d1451733c05b,prdoc_9b24578b5b0a17d53c54,4,Deterministic policy intelligence,321,45,pallets/flask,3798,Routine,Low,False
prchunk_5166a5787f3fa44d11c4,prdoc_9b24578b5b0a17d53c54,5,Unified review priority,310,44,pallets/flask,3798,Routine,Low,False
prchunk_9cfde464544ca06072b3,prdoc_8b627f924a88a627778d,0,PR identity,265,33,pallets/flask,5066,Routine,Low,False
prchunk_8ff5ca889cbd1c7c4f4b,prdoc_8b627f924a88a627778d,1,PR description,178,25,pallets/flask,5066,Routine,Low,False
prchunk_a62d577696a886f90651,prdoc_8b627f924a88a627778d,2,Change evidence,405,68,pallets/flask,5066,Routine,Low,False
prchunk_448a33dc91932acaf03d,prdoc_8b627f924a88a627778d,3,Predictive intelligence,414,57,pallets/flask,5066,Routine,Low,False
prchunk_2026a4d313b39be037f3,prdoc_8b627f924a88a627778d,4,Deterministic policy intelligence,321,45,pallets/flask,5066,Routine,Low,False
prchunk_923f56a6886623ad3e21,prdoc_8b627f924a88a627778d,5,Unified review priority,310,44,pallets/flask,5066,Routine,Low,False
prchunk_c18110d21e62cfcb43c4,prdoc_de10a69087c4abcb33c9,0,PR identity,281,38,pallets/flask,3732,Routine,Low,False
prchunk_5a23e53b6ec883295863,prdoc_de10a69087c4abcb33c9,1,PR description,678,113,pallets/flask,3732,Routine,Low,False
prchunk_7537458e820e239b66ea,prdoc_de10a69087c4abcb33c9,2,Change evidence,403,68,pallets/flask,3732,Routine,Low,False
prchunk_ae48a79fbb32bf7b6f9b,prdoc_de10a69087c4abcb33c9,3,Predictive intelligence,474,67,pallets/flask,3732,Routine,Low,False
prchunk_c9e02ea12774e7ef0ef8,prdoc_de10a69087c4abcb33c9,4,Deterministic policy intelligence,320,46,pallets/flask,3732,Routine,Low,False
prchunk_b488940bc1c5f080aa4e,prdoc_de10a69087c4abcb33c9,5,Unified review priority,314,43,pallets/flask,3732,Routine,Low,False
prchunk_e1b3101a2ff6a116a173,prdoc_7c582a290db7fc91bb0c,0,PR identity,269,34,pallets/flask,4266,Routine,Low,False
prchunk_e4fedb0dca094b3a65a1,prdoc_7c582a290db7fc91bb0c,1,PR description,234,30,pallets/flask,4266,Routine,Low,False
prchunk_dbc81066da55e8b9ad81,prdoc_7c582a290db7fc91bb0c,2,Change evidence,403,68,pallets/flask,4266,Routine,Low,False
prchunk_7a8be2d2abd463b8c632,prdoc_7c582a290db7fc91bb0c,3,Predictive intelligence,414,57,pallets/flask,4266,Routine,Low,False
prchunk_cf6d75edf595872ee428,prdoc_7c582a290db7fc91bb0c,4,Deterministic policy intelligence,321,45,pallets/flask,4266,Routine,Low,False
prchunk_33489dbf5dd93b84e82e,prdoc_7c582a290db7fc91bb0c,5,Unified review priority,310,44,pallets/flask,4266,Routine,Low,False
prchunk_c7efbd0112645f72ac49,prdoc_482e4324f202d537ee98,0,PR identity,269,38,pallets/flask,3757,Routine,Low,False
prchunk_baae091d9d1ee50fc27c,prdoc_482e4324f202d537ee98,1,PR description,222,33,pallets/flask,3757,Routine,Low,False
prchunk_db2fb65d7e2be1b7513e,prdoc_482e4324f202d537ee98,2,Change evidence,403,68,pallets/flask,3757,Routine,Low,False
prchunk_6808a0109cab8dcc4c51,prdoc_482e4324f202d537ee98,3,Predictive intelligence,470,66,pallets/flask,3757,Routine,Low,False
prchunk_dee84c71dba0e767a00b,prdoc_482e4324f202d537ee98,4,Deterministic policy intelligence,321,45,pallets/flask,3757,Routine,Low,False
prchunk_1733cb274b7c8d0e4485,prdoc_482e4324f202d537ee98,5,Unified review priority,310,44,pallets/flask,3757,Routine,Low,False
prchunk_36f5f609cecc91a9b2f5,prdoc_18039c2e072b03fc8bee,0,PR identity,293,41,pallets/flask,2633,Routine,Low,False
prchunk_0322ce6d4e6e30cf87bb,prdoc_18039c2e072b03fc8bee,1,PR description,762,122,pallets/flask,2633,Routine,Low,False
prchunk_8ce42f6aca7ef448c479,prdoc_18039c2e072b03fc8bee,2,Change evidence,404,68,pallets/flask,2633,Routine,Low,False
prchunk_012b511efbe1a672d701,prdoc_18039c2e072b03fc8bee,3,Predictive intelligence,474,67,pallets/flask,2633,Routine,Low,False
prchunk_0aa5e3f2d252cc18f553,prdoc_18039c2e072b03fc8bee,4,Deterministic policy intelligence,320,46,pallets/flask,2633,Routine,Low,False
prchunk_8084f67efe5bcb574b0e,prdoc_18039c2e072b03fc8bee,5,Unified review priority,314,43,pallets/flask,2633,Routine,Low,False
prchunk_50351632fdb5bf68a374,prdoc_349fa93fe6a81a5feae1,0,PR identity,284,39,pallets/flask,4358,Routine,Low,False
prchunk_bc7f24cbf5e517bd8676,prdoc_349fa93fe6a81a5feae1,1,PR description,1731,180,pallets/flask,4358,Routine,Low,False
prchunk_04e8aa697ff19e718b1e,prdoc_349fa93fe6a81a5feae1,2,PR description,1824,180,pallets/flask,4358,Routine,Low,False
prchunk_314b4fb24026151395db,prdoc_349fa93fe6a81a5feae1,3,PR description,3707,180,pallets/flask,4358,Routine,Low,False
prchunk_c81fc1c927d2449c1f2e,prdoc_349fa93fe6a81a5feae1,4,PR description,1119,180,pallets/flask,4358,Routine,Low,False
prchunk_bb16572ad1979c032348,prdoc_349fa93fe6a81a5feae1,5,PR description,468,79,pallets/flask,4358,Routine,Low,False
prchunk_1d182f5bafed38a88068,prdoc_349fa93fe6a81a5feae1,6,Change evidence,404,68,pallets/flask,4358,Routine,Low,False
prchunk_eab0f558fd8e98a3ccfa,prdoc_349fa93fe6a81a5feae1,7,Predictive intelligence,470,66,pallets/flask,4358,Routine,Low,False
prchunk_d792e6e4e2a3a357c1b0,prdoc_349fa93fe6a81a5feae1,8,Deterministic policy intelligence,328,47,pallets/flask,4358,Routine,Low,False
prchunk_d790b3beedf921b3dced,prdoc_349fa93fe6a81a5feae1,9,Unified review priority,310,44,pallets/flask,4358,Routine,Low,False
prchunk_008088db693e55601f41,prdoc_d332827f3c8e71a0e50e,0,PR identity,284,39,pallets/flask,3858,Routine,Low,False
prchunk_376c724d51f371715821,prdoc_d332827f3c8e71a0e50e,1,PR description,1721,180,pallets/flask,3858,Routine,Low,False
prchunk_99a7eb6d21bf56884d5b,prdoc_d332827f3c8e71a0e50e,2,PR description,3991,180,pallets/flask,3858,Routine,Low,False
prchunk_1e4fa481cb5e7a8a89dd,prdoc_d332827f3c8e71a0e50e,3,PR description,2102,180,pallets/flask,3858,Routine,Low,False
prchunk_a4a4a99460944001967f,prdoc_d332827f3c8e71a0e50e,4,PR description,1056,180,pallets/flask,3858,Routine,Low,False
prchunk_9981273dd125f31f8256,prdoc_d332827f3c8e71a0e50e,5,PR description,944,148,pallets/flask,3858,Routine,Low,False
prchunk_927212608017fef6b60a,prdoc_d332827f3c8e71a0e50e,6,Change evidence,404,68,pallets/flask,3858,Routine,Low,False
prchunk_16e5f0c60f7e79b01edd,prdoc_d332827f3c8e71a0e50e,7,Predictive intelligence,470,66,pallets/flask,3858,Routine,Low,False
prchunk_7548e1b311c9a187f6b6,prdoc_d332827f3c8e71a0e50e,8,Deterministic policy intelligence,328,47,pallets/flask,3858,Routine,Low,False
prchunk_40f42f58f2f27f53bd2b,prdoc_d332827f3c8e71a0e50e,9,Unified review priority,310,44,pallets/flask,3858,Routine,Low,False
prchunk_9a88bd680f1feeb6c182,prdoc_1a868b44620a02bf8ba8,0,PR identity,255,35,pallets/flask,5611,Routine,Low,False
prchunk_65d9bb5f677ddc7bffdd,prdoc_1a868b44620a02bf8ba8,1,PR description,971,160,pallets/flask,5611,Routine,Low,False
prchunk_c18e79b2b963d3825bfd,prdoc_1a868b44620a02bf8ba8,2,Change evidence,403,68,pallets/flask,5611,Routine,Low,False
prchunk_3d1609f3057eb126ec04,prdoc_1a868b44620a02bf8ba8,3,Predictive intelligence,474,67,pallets/flask,5611,Routine,Low,False
prchunk_36a40d4d448fd66688bc,prdoc_1a868b44620a02bf8ba8,4,Deterministic policy intelligence,320,46,pallets/flask,5611,Routine,Low,False
prchunk_cf9b2c8638ff1834f78f,prdoc_1a868b44620a02bf8ba8,5,Unified review priority,314,43,pallets/flask,5611,Routine,Low,False
prchunk_dfe7966b3fa4fb2c79bb,prdoc_99fcfe6cbb532a515b8b,0,PR identity,265,36,pallets/flask,3336,Routine,Low,False
prchunk_ff266201f46ea8fb49fd,prdoc_99fcfe6cbb532a515b8b,1,PR description,646,105,pallets/flask,3336,Routine,Low,False
prchunk_6c7c478f48f35f454af2,prdoc_99fcfe6cbb532a515b8b,2,Change evidence,404,68,pallets/flask,3336,Routine,Low,False
prchunk_b60cf9bf87fbac72f7e4,prdoc_99fcfe6cbb532a515b8b,3,Predictive intelligence,414,57,pallets/flask,3336,Routine,Low,False
prchunk_8ea768bb89a704f9f7a9,prdoc_99fcfe6cbb532a515b8b,4,Deterministic policy intelligence,320,46,pallets/flask,3336,Routine,Low,False
prchunk_c328a10b6994b50845ea,prdoc_99fcfe6cbb532a515b8b,5,Unified review priority,310,44,pallets/flask,3336,Routine,Low,False
prchunk_45297caed03550aff552,prdoc_f99897b38ae51dad829b,0,PR identity,294,38,pallets/flask,4304,Routine,Low,False
prchunk_158c9d48c9f15b5694c6,prdoc_f99897b38ae51dad829b,1,PR description,266,37,pallets/flask,4304,Routine,Low,False
prchunk_8c79cdfd21df93429621,prdoc_f99897b38ae51dad829b,2,Change evidence,403,68,pallets/flask,4304,Routine,Low,False
prchunk_6ba26643f248b3f40f05,prdoc_f99897b38ae51dad829b,3,Predictive intelligence,413,57,pallets/flask,4304,Routine,Low,False
prchunk_0c46cf539a6b04e7ec85,prdoc_f99897b38ae51dad829b,4,Deterministic policy intelligence,321,45,pallets/flask,4304,Routine,Low,False
prchunk_2e3bb94b266900b2011a,prdoc_f99897b38ae51dad829b,5,Unified review priority,310,44,pallets/flask,4304,Routine,Low,False
prchunk_647520811444edf40f0f,prdoc_b4f919e32254cc20bc6a,0,PR identity,286,40,pallets/flask,2889,Routine,Low,False
prchunk_552648449eb355dc021e,prdoc_b4f919e32254cc20bc6a,1,PR description,848,96,pallets/flask,2889,Routine,Low,False
prchunk_f74ce83d2ecd983fc704,prdoc_b4f919e32254cc20bc6a,2,Change evidence,403,68,pallets/flask,2889,Routine,Low,False
prchunk_0d54bc8c060695fb8fcc,prdoc_b4f919e32254cc20bc6a,3,Predictive intelligence,474,67,pallets/flask,2889,Routine,Low,False
prchunk_4250440d893c21353008,prdoc_b4f919e32254cc20bc6a,4,Deterministic policy intelligence,320,46,pallets/flask,2889,Routine,Low,False
prchunk_b94ee35c3bb3ebf7e3a0,prdoc_b4f919e32254cc20bc6a,5,Unified review priority,314,43,pallets/flask,2889,Routine,Low,False
prchunk_9453a41768a8d9108950,prdoc_dcfecc0a6a248a9b9003,0,PR identity,275,35,pallets/flask,2793,Routine,Low,False
prchunk_7651f883fd5226ee5ddc,prdoc_dcfecc0a6a248a9b9003,1,PR description,279,41,pallets/flask,2793,Routine,Low,False
prchunk_30bbeaad8a0ed14588dc,prdoc_dcfecc0a6a248a9b9003,2,Change evidence,403,68,pallets/flask,2793,Routine,Low,False
prchunk_123ff169f708dc609ff5,prdoc_dcfecc0a6a248a9b9003,3,Predictive intelligence,413,57,pallets/flask,2793,Routine,Low,False
prchunk_ac83d01695cd6cb27f3a,prdoc_dcfecc0a6a248a9b9003,4,Deterministic policy intelligence,321,45,pallets/flask,2793,Routine,Low,False
prchunk_9e000b71f68bf8a58418,prdoc_dcfecc0a6a248a9b9003,5,Unified review priority,310,44,pallets/flask,2793,Routine,Low,False
prchunk_4625aceec01c0ba255b3,prdoc_cef4e303013571fe4aeb,0,PR identity,288,36,pallets/flask,3659,Routine,Low,False
prchunk_150b94006e7021a9a133,prdoc_cef4e303013571fe4aeb,1,PR description,328,47,pallets/flask,3659,Routine,Low,False
prchunk_6ea8da247781d2429338,prdoc_cef4e303013571fe4aeb,2,Change evidence,404,68,pallets/flask,3659,Routine,Low,False
prchunk_1c7331ed8e7cfe6f68b5,prdoc_cef4e303013571fe4aeb,3,Predictive intelligence,414,57,pallets/flask,3659,Routine,Low,False
prchunk_8c65d5b84b51e0bd1022,prdoc_cef4e303013571fe4aeb,4,Deterministic policy intelligence,321,45,pallets/flask,3659,Routine,Low,False
prchunk_8fc51db6f30cad6314ed,prdoc_cef4e303013571fe4aeb,5,Unified review priority,310,44,pallets/flask,3659,Routine,Low,False
prchunk_832fc1dd01fd5bb713f9,prdoc_95f0e59f40bfd0c8cb17,0,PR identity,258,36,pallets/flask,5698,Routine,Low,False
prchunk_a540d2ffd75d0f4b7e2d,prdoc_95f0e59f40bfd0c8cb17,1,PR description,546,81,pallets/flask,5698,Routine,Low,False
prchunk_40fd25fb454d84e50acb,prdoc_95f0e59f40bfd0c8cb17,2,Change evidence,404,68,pallets/flask,5698,Routine,Low,False
prchunk_72d109ae5c76c057411f,prdoc_95f0e59f40bfd0c8cb17,3,Predictive intelligence,474,67,pallets/flask,5698,Routine,Low,False
prchunk_2367ac32e6110e6f1bc8,prdoc_95f0e59f40bfd0c8cb17,4,Deterministic policy intelligence,320,46,pallets/flask,5698,Routine,Low,False
prchunk_7355b7a35b66cab90807,prdoc_95f0e59f40bfd0c8cb17,5,Unified review priority,314,43,pallets/flask,5698,Routine,Low,False
prchunk_623a7e77e42f15705f8b,prdoc_9186cfb9dbff54c5e12f,0,PR identity,287,41,pallets/flask,2973,Routine,Low,False
prchunk_f5da65736b256d0ff6db,prdoc_9186cfb9dbff54c5e12f,1,PR description,239,38,pallets/flask,2973,Routine,Low,False
prchunk_efa3dacd51e6f6998545,prdoc_9186cfb9dbff54c5e12f,2,Change evidence,403,68,pallets/flask,2973,Routine,Low,False
prchunk_781e6db83a581c8b5b21,prdoc_9186cfb9dbff54c5e12f,3,Predictive intelligence,470,66,pallets/flask,2973,Routine,Low,False
prchunk_f5c3d986c9e3f4ccd985,prdoc_9186cfb9dbff54c5e12f,4,Deterministic policy intelligence,321,45,pallets/flask,2973,Routine,Low,False
prchunk_e80a2cffa85d08e456e9,prdoc_9186cfb9dbff54c5e12f,5,Unified review priority,310,44,pallets/flask,2973,Routine,Low,False
prchunk_01678ffb0a75ec974d47,prdoc_236da0c34db048efffe4,0,PR identity,284,39,pallets/flask,4469,Routine,Low,False
prchunk_b6c86dce717ba92af791,prdoc_236da0c34db048efffe4,1,PR description,331,55,pallets/flask,4469,Routine,Low,False
prchunk_f3b8d89d4b5fee0b9181,prdoc_236da0c34db048efffe4,2,Change evidence,403,68,pallets/flask,4469,Routine,Low,False
prchunk_9a02b15d0f3ad13c200e,prdoc_236da0c34db048efffe4,3,Predictive intelligence,414,57,pallets/flask,4469,Routine,Low,False
prchunk_8c16f519ac659e7a6386,prdoc_236da0c34db048efffe4,4,Deterministic policy intelligence,321,45,pallets/flask,4469,Routine,Low,False
prchunk_f7b46a3fe716f12e8cc0,prdoc_236da0c34db048efffe4,5,Unified review priority,310,44,pallets/flask,4469,Routine,Low,False
prchunk_45f4eb2aaacc7e544a26,prdoc_944c5ed88f289a0bc863,0,PR identity,283,35,pallets/flask,5287,Routine,Low,False
prchunk_fd81dac19188a1b29545,prdoc_944c5ed88f289a0bc863,1,PR description,266,39,pallets/flask,5287,Routine,Low,False
prchunk_07a1b92590e56f9f4548,prdoc_944c5ed88f289a0bc863,2,Change evidence,403,68,pallets/flask,5287,Routine,Low,False
prchunk_7b73b845d5412aafdc8f,prdoc_944c5ed88f289a0bc863,3,Predictive intelligence,414,57,pallets/flask,5287,Routine,Low,False
prchunk_ab1e7ad783f820b1f9f2,prdoc_944c5ed88f289a0bc863,4,Deterministic policy intelligence,321,45,pallets/flask,5287,Routine,Low,False
prchunk_9a778ab2301f107d20f7,prdoc_944c5ed88f289a0bc863,5,Unified review priority,310,44,pallets/flask,5287,Routine,Low,False
prchunk_be34e1927f8dbf26c70d,prdoc_651defb3a544b9d98b94,0,PR identity,284,37,pallets/flask,3855,Routine,Low,False
prchunk_a02185db3005548f826c,prdoc_651defb3a544b9d98b94,1,PR description,2923,180,pallets/flask,3855,Routine,Low,False
prchunk_f1718548887610402e1b,prdoc_651defb3a544b9d98b94,2,PR description,4397,180,pallets/flask,3855,Routine,Low,False
prchunk_18cb30fb204e5d9cfcc3,prdoc_651defb3a544b9d98b94,3,PR description,1730,180,pallets/flask,3855,Routine,Low,False
prchunk_569f9f2c884acf777ef5,prdoc_651defb3a544b9d98b94,4,PR description,1042,180,pallets/flask,3855,Routine,Low,False
prchunk_7c1f6827b67cb567543a,prdoc_651defb3a544b9d98b94,5,PR description,816,126,pallets/flask,3855,Routine,Low,False
prchunk_ce24869671e82fc2bc97,prdoc_651defb3a544b9d98b94,6,Change evidence,404,68,pallets/flask,3855,Routine,Low,False
prchunk_98d882d4d730bda7fc46,prdoc_651defb3a544b9d98b94,7,Predictive intelligence,413,57,pallets/flask,3855,Routine,Low,False
prchunk_bbf35ab51cadd5339196,prdoc_651defb3a544b9d98b94,8,Deterministic policy intelligence,328,47,pallets/flask,3855,Routine,Low,False
prchunk_c34cb9865893420461e0,prdoc_651defb3a544b9d98b94,9,Unified review priority,310,44,pallets/flask,3855,Routine,Low,False
prchunk_f023b11b5b9ce3a3f969,prdoc_ff11eea8cddb4a1fb936,0,PR identity,311,42,pallets/flask,5452,Routine,Low,False
prchunk_ae80d3d1b3efe9b3c01c,prdoc_ff11eea8cddb4a1fb936,1,PR description,1604,180,pallets/flask,5452,Routine,Low,False
prchunk_03297a78dc5f9cd0ced7,prdoc_ff11eea8cddb4a1fb936,2,PR description,2817,180,pallets/flask,5452,Routine,Low,False
prchunk_36fcc17e0c852f6250c8,prdoc_ff11eea8cddb4a1fb936,3,PR description,2148,180,pallets/flask,5452,Routine,Low,False
prchunk_8f9738c92b1c563f096e,prdoc_ff11eea8cddb4a1fb936,4,PR description,2014,180,pallets/flask,5452,Routine,Low,False
prchunk_4868b1378a432241b0cc,prdoc_ff11eea8cddb4a1fb936,5,PR description,3171,180,pallets/flask,5452,Routine,Low,False
prchunk_5351291ea967bc16902e,prdoc_ff11eea8cddb4a1fb936,6,PR description,3152,180,pallets/flask,5452,Routine,Low,False
prchunk_f13fe460fd99292e7515,prdoc_ff11eea8cddb4a1fb936,7,PR description,2619,180,pallets/flask,5452,Routine,Low,False
prchunk_1e224e79a29d0dc16cd5,prdoc_ff11eea8cddb4a1fb936,8,PR description,2249,180,pallets/flask,5452,Routine,Low,False
prchunk_9f279bf5f9c6c16c1f8e,prdoc_ff11eea8cddb4a1fb936,9,PR description,2875,180,pallets/flask,5452,Routine,Low,False
prchunk_6d0922420daf7b2b699d,prdoc_ff11eea8cddb4a1fb936,10,PR description,3547,180,pallets/flask,5452,Routine,Low,False
prchunk_64f0e2929e1843b6d184,prdoc_ff11eea8cddb4a1fb936,11,PR description,2197,180,pallets/flask,5452,Routine,Low,False
prchunk_1b77677dc2333d913bd9,prdoc_ff11eea8cddb4a1fb936,12,PR description,1351,180,pallets/flask,5452,Routine,Low,False
prchunk_a7e6a9f42f3adb040785,prdoc_ff11eea8cddb4a1fb936,13,PR description,3338,180,pallets/flask,5452,Routine,Low,False
prchunk_7949d8ad1bb715227250,prdoc_ff11eea8cddb4a1fb936,14,PR description,2912,180,pallets/flask,5452,Routine,Low,False
prchunk_c53b6c625bb91447caf8,prdoc_ff11eea8cddb4a1fb936,15,PR description,2844,180,pallets/flask,5452,Routine,Low,False
prchunk_b5f1108a138953053340,prdoc_ff11eea8cddb4a1fb936,16,PR description,3664,180,pallets/flask,5452,Routine,Low,False
prchunk_820d43b6111f8976f1d8,prdoc_ff11eea8cddb4a1fb936,17,PR description,2583,180,pallets/flask,5452,Routine,Low,False
prchunk_fa5a32e2f85a07c31d83,prdoc_ff11eea8cddb4a1fb936,18,PR description,2867,180,pallets/flask,5452,Routine,Low,False
prchunk_baf3f3807222b5565706,prdoc_ff11eea8cddb4a1fb936,19,PR description,3931,180,pallets/flask,5452,Routine,Low,False
prchunk_a9abb5d15ded07d423b8,prdoc_ff11eea8cddb4a1fb936,20,PR description,3037,180,pallets/flask,5452,Routine,Low,False
prchunk_c879f7603864abee962e,prdoc_ff11eea8cddb4a1fb936,21,PR description,2774,180,pallets/flask,5452,Routine,Low,False
prchunk_39b088f79be13d30d8b7,prdoc_ff11eea8cddb4a1fb936,22,PR description,2273,180,pallets/flask,5452,Routine,Low,False
prchunk_4ce55606da741985c145,prdoc_ff11eea8cddb4a1fb936,23,PR description,2762,180,pallets/flask,5452,Routine,Low,False
prchunk_48c1049a51c07bfe7ade,prdoc_ff11eea8cddb4a1fb936,24,PR description,1139,180,pallets/flask,5452,Routine,Low,False
prchunk_8a5c7c643624bc6d8ce9,prdoc_ff11eea8cddb4a1fb936,25,PR description,621,89,pallets/flask,5452,Routine,Low,False
prchunk_5866b3be022a295046d4,prdoc_ff11eea8cddb4a1fb936,26,Change evidence,407,68,pallets/flask,5452,Routine,Low,False
prchunk_c5ce1455e37da10eeba3,prdoc_ff11eea8cddb4a1fb936,27,Predictive intelligence,470,66,pallets/flask,5452,Routine,Low,False
prchunk_6c9f5ad5a4b23eb65e4f,prdoc_ff11eea8cddb4a1fb936,28,Deterministic policy intelligence,328,47,pallets/flask,5452,Routine,Low,False
prchunk_4557c2eac4e62c92c83b,prdoc_ff11eea8cddb4a1fb936,29,Unified review priority,310,44,pallets/flask,5452,Routine,Low,False
prchunk_df42c65f33d21ca3dc94,prdoc_d7b091d82a03ea83af2e,0,PR identity,311,40,pallets/flask,5401,Routine,Low,False
prchunk_0510882c759e14a76ba2,prdoc_d7b091d82a03ea83af2e,1,PR description,2346,180,pallets/flask,5401,Routine,Low,False
prchunk_519a1b4653a6f380b418,prdoc_d7b091d82a03ea83af2e,2,PR description,2124,180,pallets/flask,5401,Routine,Low,False
prchunk_fdb5e9b73aa9f4e6c454,prdoc_d7b091d82a03ea83af2e,3,PR description,2037,180,pallets/flask,5401,Routine,Low,False
prchunk_2a1577b15ce8d3ad510a,prdoc_d7b091d82a03ea83af2e,4,PR description,1947,180,pallets/flask,5401,Routine,Low,False
prchunk_febfc41b1002b3013639,prdoc_d7b091d82a03ea83af2e,5,PR description,3367,180,pallets/flask,5401,Routine,Low,False
prchunk_4a9ca9224ca0cf5fff77,prdoc_d7b091d82a03ea83af2e,6,PR description,2672,180,pallets/flask,5401,Routine,Low,False
prchunk_44e9ecb5db7851e82f58,prdoc_d7b091d82a03ea83af2e,7,PR description,1753,180,pallets/flask,5401,Routine,Low,False
prchunk_4db5c7eaf08b59c57033,prdoc_d7b091d82a03ea83af2e,8,PR description,2253,180,pallets/flask,5401,Routine,Low,False
prchunk_f5b2abdd7ead08ad3ac9,prdoc_d7b091d82a03ea83af2e,9,PR description,3759,180,pallets/flask,5401,Routine,Low,False
prchunk_5730d23039a159d8bfed,prdoc_d7b091d82a03ea83af2e,10,PR description,3502,180,pallets/flask,5401,Routine,Low,False
prchunk_8989abe95a74dbf4e83e,prdoc_d7b091d82a03ea83af2e,11,PR description,3443,180,pallets/flask,5401,Routine,Low,False
prchunk_f46ad9b6eba01ccae051,prdoc_d7b091d82a03ea83af2e,12,PR description,3153,180,pallets/flask,5401,Routine,Low,False
prchunk_e4fc925a3073c0e31227,prdoc_d7b091d82a03ea83af2e,13,PR description,1453,180,pallets/flask,5401,Routine,Low,False
prchunk_f07fafa5e0dc974099a1,prdoc_d7b091d82a03ea83af2e,14,PR description,1213,180,pallets/flask,5401,Routine,Low,False
prchunk_e5ebf54bd7a59abf8a88,prdoc_d7b091d82a03ea83af2e,15,PR description,205,27,pallets/flask,5401,Routine,Low,False
prchunk_d70cc40149cf7f37a99c,prdoc_d7b091d82a03ea83af2e,16,Change evidence,407,68,pallets/flask,5401,Routine,Low,False
prchunk_df5bb505bf6683f68c67,prdoc_d7b091d82a03ea83af2e,17,Predictive intelligence,414,57,pallets/flask,5401,Routine,Low,False
prchunk_a5dfaab26bf17aaf8ca5,prdoc_d7b091d82a03ea83af2e,18,Deterministic policy intelligence,328,47,pallets/flask,5401,Routine,Low,False
prchunk_29c0855aac1dee0b4bfb,prdoc_d7b091d82a03ea83af2e,19,Unified review priority,310,44,pallets/flask,5401,Routine,Low,False
prchunk_5b96d887b6b3f16e8301,prdoc_6b241e2bcf525807a2ff,0,PR identity,286,41,pallets/flask,2746,Routine,Low,False
prchunk_ea7f6cc4db9d7deea1ea,prdoc_6b241e2bcf525807a2ff,1,PR description,383,60,pallets/flask,2746,Routine,Low,False
prchunk_f8ef0470b504535459ab,prdoc_6b241e2bcf525807a2ff,2,Change evidence,404,68,pallets/flask,2746,Routine,Low,False
prchunk_aae795839e8e46a4d242,prdoc_6b241e2bcf525807a2ff,3,Predictive intelligence,414,57,pallets/flask,2746,Routine,Low,False
prchunk_899247d54e14e2530dfb,prdoc_6b241e2bcf525807a2ff,4,Deterministic policy intelligence,321,45,pallets/flask,2746,Routine,Low,False
prchunk_8f09ba11222eea19d97b,prdoc_6b241e2bcf525807a2ff,5,Unified review priority,310,44,pallets/flask,2746,Routine,Low,False
prchunk_37b27bbfb62a5a43ecf0,prdoc_7100cd39edfcb56c4bbc,0,PR identity,311,42,pallets/flask,5474,Routine,Low,False
prchunk_2df3888a8241a9773e63,prdoc_7100cd39edfcb56c4bbc,1,PR description,1577,180,pallets/flask,5474,Routine,Low,False
prchunk_42da8d07fb60cac055ea,prdoc_7100cd39edfcb56c4bbc,2,PR description,1977,180,pallets/flask,5474,Routine,Low,False
prchunk_dae8f272a709de8d601b,prdoc_7100cd39edfcb56c4bbc,3,PR description,3811,180,pallets/flask,5474,Routine,Low,False
prchunk_314d79a2cf8b0c3012d8,prdoc_7100cd39edfcb56c4bbc,4,PR description,3158,180,pallets/flask,5474,Routine,Low,False
prchunk_ef6a899279a5f55b6c77,prdoc_7100cd39edfcb56c4bbc,5,PR description,2438,180,pallets/flask,5474,Routine,Low,False
prchunk_1ba79b70b18063fb2dc8,prdoc_7100cd39edfcb56c4bbc,6,PR description,2047,180,pallets/flask,5474,Routine,Low,False
prchunk_80269b7c1942e39ef9a3,prdoc_7100cd39edfcb56c4bbc,7,PR description,3440,180,pallets/flask,5474,Routine,Low,False
prchunk_08ddbed0e2abd0770a7c,prdoc_7100cd39edfcb56c4bbc,8,PR description,2965,180,pallets/flask,5474,Routine,Low,False
prchunk_15fd37b73a3adca13518,prdoc_7100cd39edfcb56c4bbc,9,PR description,3067,180,pallets/flask,5474,Routine,Low,False
prchunk_41b119ec325ca5e805f8,prdoc_7100cd39edfcb56c4bbc,10,PR description,2002,180,pallets/flask,5474,Routine,Low,False
prchunk_901d51cff29fa7c8cdc1,prdoc_7100cd39edfcb56c4bbc,11,PR description,1191,180,pallets/flask,5474,Routine,Low,False
prchunk_29de8db80bcd3da8d0b5,prdoc_7100cd39edfcb56c4bbc,12,PR description,332,46,pallets/flask,5474,Routine,Low,False
prchunk_50727b165209fa2527a5,prdoc_7100cd39edfcb56c4bbc,13,Change evidence,407,68,pallets/flask,5474,Routine,Low,False
prchunk_d591e1669cdd34166fca,prdoc_7100cd39edfcb56c4bbc,14,Predictive intelligence,470,66,pallets/flask,5474,Routine,Low,False
prchunk_bad9ab2a86a6f3d77cf9,prdoc_7100cd39edfcb56c4bbc,15,Deterministic policy intelligence,328,47,pallets/flask,5474,Routine,Low,False
prchunk_155e0236d5e648661720,prdoc_7100cd39edfcb56c4bbc,16,Unified review priority,310,44,pallets/flask,5474,Routine,Low,False
prchunk_ee89db40a0b510dc8492,prdoc_dc883e2bd2db603b0502,0,PR identity,276,36,pallets/flask,2637,Routine,Low,False
prchunk_957e1d9e41f8c195af89,prdoc_dc883e2bd2db603b0502,1,PR description,190,28,pallets/flask,2637,Routine,Low,False
prchunk_dbd90cda995d2aeafb77,prdoc_dc883e2bd2db603b0502,2,Change evidence,406,68,pallets/flask,2637,Routine,Low,False
prchunk_879ac62eed80b84c11d8,prdoc_dc883e2bd2db603b0502,3,Predictive intelligence,414,57,pallets/flask,2637,Routine,Low,False
prchunk_e0a8d6a93654ee3f94c6,prdoc_dc883e2bd2db603b0502,4,Deterministic policy intelligence,321,45,pallets/flask,2637,Routine,Low,False
prchunk_f39dc8c1960bb3add410,prdoc_dc883e2bd2db603b0502,5,Unified review priority,310,44,pallets/flask,2637,Routine,Low,False
prchunk_94dda8e3d622e0ba0a45,prdoc_0504fb78443f182ce866,0,PR identity,311,42,pallets/flask,5538,Routine,Low,False
prchunk_ad73a6b142f3601178cb,prdoc_0504fb78443f182ce866,1,PR description,2739,180,pallets/flask,5538,Routine,Low,False
prchunk_b93fb93ac3d7932f18d9,prdoc_0504fb78443f182ce866,2,PR description,2892,180,pallets/flask,5538,Routine,Low,False
prchunk_eb9e2fd1e1ec4bb69b99,prdoc_0504fb78443f182ce866,3,PR description,3664,180,pallets/flask,5538,Routine,Low,False
prchunk_aa3c4ca89a34e0337b17,prdoc_0504fb78443f182ce866,4,PR description,1508,180,pallets/flask,5538,Routine,Low,False
prchunk_85f525b84e229d6a3a1e,prdoc_0504fb78443f182ce866,5,PR description,2366,180,pallets/flask,5538,Routine,Low,False
prchunk_bedd5cf2f80d20ab8165,prdoc_0504fb78443f182ce866,6,PR description,3287,180,pallets/flask,5538,Routine,Low,False
prchunk_ec6388692a95dc478dc0,prdoc_0504fb78443f182ce866,7,PR description,2266,180,pallets/flask,5538,Routine,Low,False
prchunk_ba7338532cda71d1db43,prdoc_0504fb78443f182ce866,8,PR description,3701,180,pallets/flask,5538,Routine,Low,False
prchunk_d6433293c00840b6fb44,prdoc_0504fb78443f182ce866,9,PR description,1823,180,pallets/flask,5538,Routine,Low,False
prchunk_c79e8cea0acc6a214edb,prdoc_0504fb78443f182ce866,10,PR description,3005,180,pallets/flask,5538,Routine,Low,False
prchunk_a473aebe1b0460feea3d,prdoc_0504fb78443f182ce866,11,PR description,3455,180,pallets/flask,5538,Routine,Low,False
prchunk_6c03b2f07154b96244b0,prdoc_0504fb78443f182ce866,12,PR description,3967,180,pallets/flask,5538,Routine,Low,False
prchunk_b00936802e7a67460797,prdoc_0504fb78443f182ce866,13,PR description,1151,180,pallets/flask,5538,Routine,Low,False
prchunk_7decd246335ac0776ff6,prdoc_0504fb78443f182ce866,14,PR description,1034,149,pallets/flask,5538,Routine,Low,False
prchunk_aa52f51509addab77120,prdoc_0504fb78443f182ce866,15,Change evidence,407,68,pallets/flask,5538,Routine,Low,False
prchunk_00517e7610b6463410c6,prdoc_0504fb78443f182ce866,16,Predictive intelligence,470,66,pallets/flask,5538,Routine,Low,False
prchunk_af00c5aee37481ba5e17,prdoc_0504fb78443f182ce866,17,Deterministic policy intelligence,328,47,pallets/flask,5538,Routine,Low,False
prchunk_13affdc5115d77db51ec,prdoc_0504fb78443f182ce866,18,Unified review priority,310,44,pallets/flask,5538,Routine,Low,False
prchunk_3098001cd48a03aa7816,prdoc_bc43cfaded2ed3cda816,0,PR identity,287,37,pallets/flask,3891,Routine,Low,False
prchunk_d3afe12ccbf8ce9a348d,prdoc_bc43cfaded2ed3cda816,1,PR description,1621,180,pallets/flask,3891,Routine,Low,False
prchunk_13836f48b6ba6ff1d7ad,prdoc_bc43cfaded2ed3cda816,2,PR description,1534,180,pallets/flask,3891,Routine,Low,False
prchunk_8f6745bd2ba49168875d,prdoc_bc43cfaded2ed3cda816,3,PR description,3029,180,pallets/flask,3891,Routine,Low,False
prchunk_50bd71fe6700222cc597,prdoc_bc43cfaded2ed3cda816,4,PR description,2012,180,pallets/flask,3891,Routine,Low,False
prchunk_4a0ffbd6fad2c9e62c53,prdoc_bc43cfaded2ed3cda816,5,PR description,1064,180,pallets/flask,3891,Routine,Low,False
prchunk_da01aebfc8235e08aae5,prdoc_bc43cfaded2ed3cda816,6,PR description,922,143,pallets/flask,3891,Routine,Low,False
prchunk_5a7a751bc5d7ea81e75a,prdoc_bc43cfaded2ed3cda816,7,Change evidence,407,68,pallets/flask,3891,Routine,Low,False
prchunk_d0a4f241ce816396e714,prdoc_bc43cfaded2ed3cda816,8,Predictive intelligence,413,57,pallets/flask,3891,Routine,Low,False
prchunk_af34287fbc4f7a598fed,prdoc_bc43cfaded2ed3cda816,9,Deterministic policy intelligence,328,47,pallets/flask,3891,Routine,Low,False
prchunk_c56ec9db3ebd8346f062,prdoc_bc43cfaded2ed3cda816,10,Unified review priority,310,44,pallets/flask,3891,Routine,Low,False
prchunk_46a445b460fcc2f98282,prdoc_40788f4805ca99206c68,0,PR identity,271,35,pallets/flask,4882,Routine,Low,False
prchunk_043a24cb9ad19c72a230,prdoc_40788f4805ca99206c68,1,PR description,659,116,pallets/flask,4882,Routine,Low,False
prchunk_a866b9fb4ad04cb588fc,prdoc_40788f4805ca99206c68,2,Change evidence,403,68,pallets/flask,4882,Routine,Low,False
prchunk_e04de982463149281faa,prdoc_40788f4805ca99206c68,3,Predictive intelligence,414,57,pallets/flask,4882,Routine,Low,False
prchunk_898869203d33ff610d2b,prdoc_40788f4805ca99206c68,4,Deterministic policy intelligence,320,46,pallets/flask,4882,Routine,Low,False
prchunk_30b387bae158251d2037,prdoc_40788f4805ca99206c68,5,Unified review priority,310,44,pallets/flask,4882,Routine,Low,False
prchunk_456bee7df6d1c118f893,prdoc_54f55450110f7f37e124,0,PR identity,276,36,pallets/flask,3408,Routine,Low,False
prchunk_8b1f9cef89b36d480ac3,prdoc_54f55450110f7f37e124,1,PR description,664,88,pallets/flask,3408,Routine,Low,False
prchunk_829d45ade6e57b799e98,prdoc_54f55450110f7f37e124,2,Change evidence,403,68,pallets/flask,3408,Routine,Low,False
prchunk_3e7fb9781a9d88ba4cc8,prdoc_54f55450110f7f37e124,3,Predictive intelligence,414,57,pallets/flask,3408,Routine,Low,False
prchunk_f3189591e2942e7a8303,prdoc_54f55450110f7f37e124,4,Deterministic policy intelligence,320,46,pallets/flask,3408,Routine,Low,False
prchunk_9a17419f9ef780f6236c,prdoc_54f55450110f7f37e124,5,Unified review priority,310,44,pallets/flask,3408,Routine,Low,False
prchunk_377e8e7f50c11134dfab,prdoc_f9310419769fdcfd1234,0,PR identity,271,36,pallets/flask,5336,Routine,Low,False
prchunk_719fc6133a92fa98e5f1,prdoc_f9310419769fdcfd1234,1,PR description,907,128,pallets/flask,5336,Routine,Low,False
prchunk_51d2388e271c08540c4d,prdoc_f9310419769fdcfd1234,2,Change evidence,403,68,pallets/flask,5336,Routine,Low,False
prchunk_e5f98b38c61eb823f1fa,prdoc_f9310419769fdcfd1234,3,Predictive intelligence,414,57,pallets/flask,5336,Routine,Low,False
prchunk_d681f77e81333c947b40,prdoc_f9310419769fdcfd1234,4,Deterministic policy intelligence,320,46,pallets/flask,5336,Routine,Low,False
prchunk_c12b0c4c11c68e9dcd70,prdoc_f9310419769fdcfd1234,5,Unified review priority,310,44,pallets/flask,5336,Routine,Low,False
prchunk_11e87b0c1fdf585a62a2,prdoc_39482013b9a10445af5b,0,PR identity,311,42,pallets/flask,5425,Routine,Low,False
prchunk_bd3b060fd5eec64b1391,prdoc_39482013b9a10445af5b,1,PR description,1753,180,pallets/flask,5425,Routine,Low,False
prchunk_84625dfef97ba8e0fed1,prdoc_39482013b9a10445af5b,2,PR description,2679,180,pallets/flask,5425,Routine,Low,False
prchunk_eddfa2accf890210d77c,prdoc_39482013b9a10445af5b,3,PR description,3485,180,pallets/flask,5425,Routine,Low,False
prchunk_482e7875bfcaca3e7ec5,prdoc_39482013b9a10445af5b,4,PR description,2331,180,pallets/flask,5425,Routine,Low,False
prchunk_7a357fd93194e099cfbe,prdoc_39482013b9a10445af5b,5,PR description,3009,180,pallets/flask,5425,Routine,Low,False
prchunk_ed3bf63249c68a4dc720,prdoc_39482013b9a10445af5b,6,PR description,2567,180,pallets/flask,5425,Routine,Low,False
prchunk_dd34a65760e8ac602e25,prdoc_39482013b9a10445af5b,7,PR description,3630,180,pallets/flask,5425,Routine,Low,False
prchunk_acc5b508fbfe540c996e,prdoc_39482013b9a10445af5b,8,PR description,2847,180,pallets/flask,5425,Routine,Low,False
prchunk_b15be966a64677b7adf7,prdoc_39482013b9a10445af5b,9,PR description,3720,180,pallets/flask,5425,Routine,Low,False
prchunk_d54c6beedf5390db697e,prdoc_39482013b9a10445af5b,10,PR description,3194,180,pallets/flask,5425,Routine,Low,False
prchunk_537172b513607411022a,prdoc_39482013b9a10445af5b,11,PR description,3478,180,pallets/flask,5425,Routine,Low,False
prchunk_647096bd1cc9acb10498,prdoc_39482013b9a10445af5b,12,PR description,3158,180,pallets/flask,5425,Routine,Low,False
prchunk_011662e5d0e20f652d3c,prdoc_39482013b9a10445af5b,13,PR description,3440,180,pallets/flask,5425,Routine,Low,False
prchunk_5dc83dae2140e7761a90,prdoc_39482013b9a10445af5b,14,PR description,1831,180,pallets/flask,5425,Routine,Low,False
prchunk_a7ae85ab9a428983d741,prdoc_39482013b9a10445af5b,15,PR description,1186,180,pallets/flask,5425,Routine,Low,False
prchunk_bb2a8359003f177af1e9,prdoc_39482013b9a10445af5b,16,PR description,351,48,pallets/flask,5425,Routine,Low,False
prchunk_333fcbdc7d58246f524a,prdoc_39482013b9a10445af5b,17,Change evidence,407,68,pallets/flask,5425,Routine,Low,False
prchunk_0580d9dd2a1f470165ee,prdoc_39482013b9a10445af5b,18,Predictive intelligence,470,66,pallets/flask,5425,Routine,Low,False
prchunk_0cd7782f4d1796b5b673,prdoc_39482013b9a10445af5b,19,Deterministic policy intelligence,328,47,pallets/flask,5425,Routine,Low,False
prchunk_7ee649441d9cbd66411a,prdoc_39482013b9a10445af5b,20,Unified review priority,310,44,pallets/flask,5425,Routine,Low,False
prchunk_096abc7d1576e6ae0943,prdoc_388f6977f4a7aff25541,0,PR identity,284,37,pallets/flask,3790,Routine,Low,False
prchunk_f13ea755e7919cec7ae7,prdoc_388f6977f4a7aff25541,1,PR description,1854,180,pallets/flask,3790,Routine,Low,False
prchunk_b794b47c797724e82231,prdoc_388f6977f4a7aff25541,2,PR description,1837,180,pallets/flask,3790,Routine,Low,False
prchunk_89e21d1e7518e92bba72,prdoc_388f6977f4a7aff25541,3,PR description,3416,180,pallets/flask,3790,Routine,Low,False
prchunk_3e5423a7cddcf589ace9,prdoc_388f6977f4a7aff25541,4,PR description,2080,180,pallets/flask,3790,Routine,Low,False
prchunk_7f325ea34949e8998a7d,prdoc_388f6977f4a7aff25541,5,PR description,1064,180,pallets/flask,3790,Routine,Low,False
prchunk_cd5c5572150b930ef646,prdoc_388f6977f4a7aff25541,6,PR description,922,143,pallets/flask,3790,Routine,Low,False
prchunk_b7c32e2c294784789b93,prdoc_388f6977f4a7aff25541,7,Change evidence,404,68,pallets/flask,3790,Routine,Low,False
prchunk_92011c1b1c44d2c6bbd4,prdoc_388f6977f4a7aff25541,8,Predictive intelligence,413,57,pallets/flask,3790,Routine,Low,False
prchunk_81625f6fa072dbe63efb,prdoc_388f6977f4a7aff25541,9,Deterministic policy intelligence,328,47,pallets/flask,3790,Routine,Low,False
prchunk_15bdf5a236a976fee40c,prdoc_388f6977f4a7aff25541,10,Unified review priority,310,44,pallets/flask,3790,Routine,Low,False
prchunk_1459034ab363a6b813ae,prdoc_ee610e4772cb3fd62670,0,PR identity,288,40,pallets/flask,3267,Routine,Low,False
prchunk_89e3648cd920ea7d7363,prdoc_ee610e4772cb3fd62670,1,PR description,527,79,pallets/flask,3267,Routine,Low,False
prchunk_0757bc60d94119be8a42,prdoc_ee610e4772cb3fd62670,2,Change evidence,403,68,pallets/flask,3267,Routine,Low,False
prchunk_8670b1932670c8af765d,prdoc_ee610e4772cb3fd62670,3,Predictive intelligence,474,67,pallets/flask,3267,Routine,Low,False
prchunk_8e310218fda57b3562ea,prdoc_ee610e4772cb3fd62670,4,Deterministic policy intelligence,320,46,pallets/flask,3267,Routine,Low,False
prchunk_d9c9addc6a26e251a6d8,prdoc_ee610e4772cb3fd62670,5,Unified review priority,314,43,pallets/flask,3267,Routine,Low,False
prchunk_7f2e1ab58ec2b9d395c1,prdoc_42a0545b4b4aedfb83bb,0,PR identity,273,36,pallets/flask,3492,Routine,Low,False
prchunk_feec99cf67e6cda05fe2,prdoc_42a0545b4b4aedfb83bb,1,PR description,279,43,pallets/flask,3492,Routine,Low,False
prchunk_3a0c4dfa4ba9adb26701,prdoc_42a0545b4b4aedfb83bb,2,Change evidence,404,68,pallets/flask,3492,Routine,Low,False
prchunk_5c7121f2ae5e76bd9081,prdoc_42a0545b4b4aedfb83bb,3,Predictive intelligence,414,57,pallets/flask,3492,Routine,Low,False
prchunk_6df07812b0535a5fcb06,prdoc_42a0545b4b4aedfb83bb,4,Deterministic policy intelligence,321,45,pallets/flask,3492,Routine,Low,False
prchunk_13c4ce49efbc977bdb8f,prdoc_42a0545b4b4aedfb83bb,5,Unified review priority,310,44,pallets/flask,3492,Routine,Low,False
prchunk_d1268cc1dc025428ede3,prdoc_f722ff94e3f429d66591,0,PR identity,261,38,pallets/flask,3548,Routine,Low,False
prchunk_c7be625619b4f14553d0,prdoc_f722ff94e3f429d66591,1,PR description,738,121,pallets/flask,3548,Routine,Low,False
prchunk_66cc85521bf838f966ea,prdoc_f722ff94e3f429d66591,2,Change evidence,403,68,pallets/flask,3548,Routine,Low,False
prchunk_84662e8426d6c1d22f82,prdoc_f722ff94e3f429d66591,3,Predictive intelligence,474,67,pallets/flask,3548,Routine,Low,False
prchunk_527f83f8601086aa4d30,prdoc_f722ff94e3f429d66591,4,Deterministic policy intelligence,320,46,pallets/flask,3548,Routine,Low,False
prchunk_77d3d07a0ff6c0a715b5,prdoc_f722ff94e3f429d66591,5,Unified review priority,314,43,pallets/flask,3548,Routine,Low,False
prchunk_7e07f0d598544353f7c0,prdoc_66ad9698ddf91ffafcd9,0,PR identity,310,43,pallets/flask,2930,Routine,Low,False
prchunk_51da209dfaf6a9ad3e8e,prdoc_66ad9698ddf91ffafcd9,1,PR description,625,89,pallets/flask,2930,Routine,Low,False
prchunk_088857ec4d60be938aad,prdoc_66ad9698ddf91ffafcd9,2,Change evidence,404,68,pallets/flask,2930,Routine,Low,False
prchunk_aeb90720e66d0b0907b4,prdoc_66ad9698ddf91ffafcd9,3,Predictive intelligence,474,67,pallets/flask,2930,Routine,Low,False
prchunk_4465058dbeeab0e0fb2b,prdoc_66ad9698ddf91ffafcd9,4,Deterministic policy intelligence,320,46,pallets/flask,2930,Routine,Low,False
prchunk_b583275b355e246e5c00,prdoc_66ad9698ddf91ffafcd9,5,Unified review priority,314,43,pallets/flask,2930,Routine,Low,False
prchunk_7faea2c677abd27a05f5,prdoc_4375ea7c8ad7810ab896,0,PR identity,288,37,pallets/flask,3773,Routine,Low,False
prchunk_320d97dcfa202f161426,prdoc_4375ea7c8ad7810ab896,1,PR description,3284,180,pallets/flask,3773,Routine,Low,False
prchunk_3400218e164504db0799,prdoc_4375ea7c8ad7810ab896,2,PR description,1130,180,pallets/flask,3773,Routine,Low,False
prchunk_c10ab359368bcc298efe,prdoc_4375ea7c8ad7810ab896,3,PR description,1054,180,pallets/flask,3773,Routine,Low,False
prchunk_9ac3cb9e16a8bc386246,prdoc_4375ea7c8ad7810ab896,4,PR description,630,95,pallets/flask,3773,Routine,Low,False
prchunk_39e18e6fd204048d7fbf,prdoc_4375ea7c8ad7810ab896,5,Change evidence,404,68,pallets/flask,3773,Routine,Low,False
prchunk_dc3a2a5f88567c21b3cc,prdoc_4375ea7c8ad7810ab896,6,Predictive intelligence,413,57,pallets/flask,3773,Routine,Low,False
prchunk_8cf9f43227f0c164db55,prdoc_4375ea7c8ad7810ab896,7,Deterministic policy intelligence,328,47,pallets/flask,3773,Routine,Low,False
prchunk_2a1d7c80920f723546eb,prdoc_4375ea7c8ad7810ab896,8,Unified review priority,310,44,pallets/flask,3773,Routine,Low,False
prchunk_b46379f74f8f8e471c85,prdoc_aa1bdc07c306aaa47609,0,PR identity,275,37,pallets/flask,4254,Routine,Low,False
prchunk_527c2054e1d7c464c4d0,prdoc_aa1bdc07c306aaa47609,1,PR description,2394,180,pallets/flask,4254,Routine,Low,False
prchunk_5435acf73f024a39c12a,prdoc_aa1bdc07c306aaa47609,2,PR description,3047,180,pallets/flask,4254,Routine,Low,False
prchunk_035ac78af148e3ef0204,prdoc_aa1bdc07c306aaa47609,3,PR description,1063,180,pallets/flask,4254,Routine,Low,False
prchunk_590b31f9ce9c74f67811,prdoc_aa1bdc07c306aaa47609,4,Change evidence,404,68,pallets/flask,4254,Routine,Low,False
prchunk_7fdbcb383dbc86ba3a79,prdoc_aa1bdc07c306aaa47609,5,Predictive intelligence,414,57,pallets/flask,4254,Routine,Low,False
prchunk_da5f0e5a59d993a3f6b9,prdoc_aa1bdc07c306aaa47609,6,Deterministic policy intelligence,328,47,pallets/flask,4254,Routine,Low,False
prchunk_6ab8109f18e193412df5,prdoc_aa1bdc07c306aaa47609,7,Unified review priority,310,44,pallets/flask,4254,Routine,Low,False
prchunk_b21e21d32b6c45f98a66,prdoc_627d39b8a7baa31b310b,0,PR identity,274,37,pallets/flask,5701,Routine,Low,False
prchunk_199518348ef88d7cddb2,prdoc_627d39b8a7baa31b310b,1,PR description,187,29,pallets/flask,5701,Routine,Low,False
prchunk_71c13ac2897d8c036f98,prdoc_627d39b8a7baa31b310b,2,Change evidence,403,68,pallets/flask,5701,Routine,Low,False
prchunk_c2737cded6483e8f40a9,prdoc_627d39b8a7baa31b310b,3,Predictive intelligence,414,57,pallets/flask,5701,Routine,Low,False
prchunk_44fecf831a8d1087229b,prdoc_627d39b8a7baa31b310b,4,Deterministic policy intelligence,321,45,pallets/flask,5701,Routine,Low,False
prchunk_cb9b232a5862b3da7d05,prdoc_627d39b8a7baa31b310b,5,Unified review priority,310,44,pallets/flask,5701,Routine,Low,False
prchunk_a036abe706674b0069ac,prdoc_9604f425e126f85cba0d,0,PR identity,263,35,pallets/flask,3544,Routine,Low,False
prchunk_fcaeb2dcf032b6254682,prdoc_9604f425e126f85cba0d,1,PR description,676,110,pallets/flask,3544,Routine,Low,False
prchunk_4054f57f6d812d2ce823,prdoc_9604f425e126f85cba0d,2,Change evidence,403,68,pallets/flask,3544,Routine,Low,False
prchunk_112c2df52e0746cfe878,prdoc_9604f425e126f85cba0d,3,Predictive intelligence,414,57,pallets/flask,3544,Routine,Low,False
prchunk_eb8387fb6706fea210dc,prdoc_9604f425e126f85cba0d,4,Deterministic policy intelligence,320,46,pallets/flask,3544,Routine,Low,False
prchunk_8e7689d331ed92a7a744,prdoc_9604f425e126f85cba0d,5,Unified review priority,310,44,pallets/flask,3544,Routine,Low,False
prchunk_dfae309da40ceec3ed6c,prdoc_f63828b69473b968bf21,0,PR identity,270,37,pallets/flask,3381,Routine,Low,False
prchunk_1b2ad92b9b3cf2535ee3,prdoc_f63828b69473b968bf21,1,PR description,647,104,pallets/flask,3381,Routine,Low,False
prchunk_4df95c585e9bf2c8bead,prdoc_f63828b69473b968bf21,2,Change evidence,403,68,pallets/flask,3381,Routine,Low,False
prchunk_326740f2cfc690512a00,prdoc_f63828b69473b968bf21,3,Predictive intelligence,414,57,pallets/flask,3381,Routine,Low,False
prchunk_05d503209231314258bf,prdoc_f63828b69473b968bf21,4,Deterministic policy intelligence,320,46,pallets/flask,3381,Routine,Low,False
prchunk_db9649fcd7731984b39e,prdoc_f63828b69473b968bf21,5,Unified review priority,310,44,pallets/flask,3381,Routine,Low,False
prchunk_237fff2f5df9a19761c6,prdoc_4a9348f6bec352708a6c,0,PR identity,292,41,pallets/flask,4955,Routine,Low,False
prchunk_73d5a92b53cf61ff1987,prdoc_4a9348f6bec352708a6c,1,PR description,648,90,pallets/flask,4955,Routine,Low,False
prchunk_fef40538de506f919cf9,prdoc_4a9348f6bec352708a6c,2,Change evidence,405,68,pallets/flask,4955,Routine,Low,False
prchunk_e64706e6be35a8363ef7,prdoc_4a9348f6bec352708a6c,3,Predictive intelligence,474,67,pallets/flask,4955,Routine,Low,False
prchunk_1abd1e4d29bd859d3347,prdoc_4a9348f6bec352708a6c,4,Deterministic policy intelligence,320,46,pallets/flask,4955,Routine,Low,False
prchunk_f1687e1ee6e4bd9f4c1c,prdoc_4a9348f6bec352708a6c,5,Unified review priority,314,43,pallets/flask,4955,Routine,Low,False
prchunk_8b2846d5681270191a56,prdoc_18fe73d9d2e8c5229c98,0,PR identity,286,35,pallets/flask,3425,Routine,Low,False
prchunk_bd74d7b26fde7ada7c35,prdoc_18fe73d9d2e8c5229c98,1,PR description,359,45,pallets/flask,3425,Routine,Low,False
prchunk_555af4a0b762fcb2a5e4,prdoc_18fe73d9d2e8c5229c98,2,Change evidence,404,68,pallets/flask,3425,Routine,Low,False
prchunk_9369672fb75f0abc7625,prdoc_18fe73d9d2e8c5229c98,3,Predictive intelligence,414,57,pallets/flask,3425,Routine,Low,False
prchunk_4b1d0ffeceae4b70b1b3,prdoc_18fe73d9d2e8c5229c98,4,Deterministic policy intelligence,321,45,pallets/flask,3425,Routine,Low,False
prchunk_61865b92e312bd2cd3b5,prdoc_18fe73d9d2e8c5229c98,5,Unified review priority,310,44,pallets/flask,3425,Routine,Low,False
prchunk_2453672785810747b4b6,prdoc_e9073dfc4ef56ad0020e,0,PR identity,285,37,pallets/flask,4675,Routine,Low,False
prchunk_e72143e08a601aaaa4bd,prdoc_e9073dfc4ef56ad0020e,1,PR description,325,48,pallets/flask,4675,Routine,Low,False
prchunk_a2dc1a13e2d898310961,prdoc_e9073dfc4ef56ad0020e,2,Change evidence,403,68,pallets/flask,4675,Routine,Low,False
prchunk_c8af32de891540591f18,prdoc_e9073dfc4ef56ad0020e,3,Predictive intelligence,413,57,pallets/flask,4675,Routine,Low,False
prchunk_1234b2e0fa1815657a1c,prdoc_e9073dfc4ef56ad0020e,4,Deterministic policy intelligence,321,45,pallets/flask,4675,Routine,Low,False
prchunk_531d9c846867f3044ef7,prdoc_e9073dfc4ef56ad0020e,5,Unified review priority,310,44,pallets/flask,4675,Routine,Low,False
prchunk_fc36d25249c792adc880,prdoc_8f6bbe3cf6676fc6ddf9,0,PR identity,311,40,pallets/flask,5514,Routine,Low,False
prchunk_1b0a414d94aaac96fbf9,prdoc_8f6bbe3cf6676fc6ddf9,1,PR description,1915,180,pallets/flask,5514,Routine,Low,False
prchunk_d8deb025752e700f8a43,prdoc_8f6bbe3cf6676fc6ddf9,2,PR description,1714,180,pallets/flask,5514,Routine,Low,False
prchunk_12944ac47219f4fbc08d,prdoc_8f6bbe3cf6676fc6ddf9,3,PR description,2934,180,pallets/flask,5514,Routine,Low,False
prchunk_c15e32ae51b924757386,prdoc_8f6bbe3cf6676fc6ddf9,4,PR description,2441,180,pallets/flask,5514,Routine,Low,False
prchunk_a4d8075abc701fc5cdb4,prdoc_8f6bbe3cf6676fc6ddf9,5,PR description,3457,180,pallets/flask,5514,Routine,Low,False
prchunk_1dafede928dc7d825ef1,prdoc_8f6bbe3cf6676fc6ddf9,6,PR description,3774,180,pallets/flask,5514,Routine,Low,False
prchunk_164ec29f8ac733bcd2c5,prdoc_8f6bbe3cf6676fc6ddf9,7,PR description,1804,180,pallets/flask,5514,Routine,Low,False
prchunk_4ab8dca67b90850fa24a,prdoc_8f6bbe3cf6676fc6ddf9,8,PR description,1184,180,pallets/flask,5514,Routine,Low,False
prchunk_0aa1b5a51c828e66b8af,prdoc_8f6bbe3cf6676fc6ddf9,9,PR description,368,51,pallets/flask,5514,Routine,Low,False
prchunk_78e21659e5e5f9522204,prdoc_8f6bbe3cf6676fc6ddf9,10,Change evidence,407,68,pallets/flask,5514,Routine,Low,False
prchunk_0ce3b100e6cafa2d2fc9,prdoc_8f6bbe3cf6676fc6ddf9,11,Predictive intelligence,414,57,pallets/flask,5514,Routine,Low,False
prchunk_bc46e4b2c2293a811692,prdoc_8f6bbe3cf6676fc6ddf9,12,Deterministic policy intelligence,328,47,pallets/flask,5514,Routine,Low,False
prchunk_3d4b1dbbccc52c7d5f94,prdoc_8f6bbe3cf6676fc6ddf9,13,Unified review priority,310,44,pallets/flask,5514,Routine,Low,False
prchunk_88bd21673af47b607e68,prdoc_f5f9a17529b4b1b25f8b,0,PR identity,269,36,pallets/flask,3282,Routine,Low,False
prchunk_bcb59cdbad98a9e68c25,prdoc_f5f9a17529b4b1b25f8b,1,PR description,1001,157,pallets/flask,3282,Routine,Low,False
prchunk_79ceb54f1b62c151a135,prdoc_f5f9a17529b4b1b25f8b,2,Change evidence,405,68,pallets/flask,3282,Routine,Low,False
prchunk_6c6f12db4a3b5e4ad409,prdoc_f5f9a17529b4b1b25f8b,3,Predictive intelligence,414,57,pallets/flask,3282,Routine,Low,False
prchunk_3ab21effaedb877b7789,prdoc_f5f9a17529b4b1b25f8b,4,Deterministic policy intelligence,328,47,pallets/flask,3282,Routine,Low,False
prchunk_5caadc06509ee76683e5,prdoc_f5f9a17529b4b1b25f8b,5,Unified review priority,310,44,pallets/flask,3282,Routine,Low,False
prchunk_95611ccfdef0dcf8e3d6,prdoc_2c8049bbada27e7f0ccc,0,PR identity,284,37,pallets/flask,3677,Routine,Low,False
prchunk_fe7030e8b552b2772b42,prdoc_2c8049bbada27e7f0ccc,1,PR description,2052,180,pallets/flask,3677,Routine,Low,False
prchunk_9a98d53fc7b254b65be4,prdoc_2c8049bbada27e7f0ccc,2,PR description,3562,180,pallets/flask,3677,Routine,Low,False
prchunk_a4285c9bf57a8683a4c8,prdoc_2c8049bbada27e7f0ccc,3,PR description,1428,180,pallets/flask,3677,Routine,Low,False
prchunk_ab82ea3022cac231de2d,prdoc_2c8049bbada27e7f0ccc,4,PR description,1049,180,pallets/flask,3677,Routine,Low,False
prchunk_b13e1853e3148106d513,prdoc_2c8049bbada27e7f0ccc,5,PR description,696,106,pallets/flask,3677,Routine,Low,False
prchunk_34e1d7081857b5ff8a89,prdoc_2c8049bbada27e7f0ccc,6,Change evidence,404,68,pallets/flask,3677,Routine,Low,False
prchunk_bff50a41f9eae81bdd99,prdoc_2c8049bbada27e7f0ccc,7,Predictive intelligence,413,57,pallets/flask,3677,Routine,Low,False
prchunk_e28716152f8c47d8716f,prdoc_2c8049bbada27e7f0ccc,8,Deterministic policy intelligence,328,47,pallets/flask,3677,Routine,Low,False
prchunk_2b8167ab82798647db0b,prdoc_2c8049bbada27e7f0ccc,9,Unified review priority,310,44,pallets/flask,3677,Routine,Low,False
prchunk_1ab5a1af4941b61d053f,prdoc_0d1a68a93d9380c77192,0,PR identity,283,39,pallets/flask,4913,Routine,Low,False
prchunk_0049b570ac00583a970a,prdoc_0d1a68a93d9380c77192,1,PR description,249,40,pallets/flask,4913,Routine,Low,False
prchunk_84c9b16e326a570260de,prdoc_0d1a68a93d9380c77192,2,Change evidence,403,68,pallets/flask,4913,Routine,Low,False
prchunk_cadd3ce66ffa53ebf92b,prdoc_0d1a68a93d9380c77192,3,Predictive intelligence,414,57,pallets/flask,4913,Routine,Low,False
prchunk_f8e5cd130bc1f2936629,prdoc_0d1a68a93d9380c77192,4,Deterministic policy intelligence,321,45,pallets/flask,4913,Routine,Low,False
prchunk_86996caa195f3b104353,prdoc_0d1a68a93d9380c77192,5,Unified review priority,310,44,pallets/flask,4913,Routine,Low,False
prchunk_f2efcf9d4f18be2be51e,prdoc_eea7ad0920b797994217,0,PR identity,278,38,pallets/flask,4250,Routine,Low,False
prchunk_8e6a2966c551c2179204,prdoc_eea7ad0920b797994217,1,PR description,493,82,pallets/flask,4250,Routine,Low,False
prchunk_0d385675d398dab7ef17,prdoc_eea7ad0920b797994217,2,Change evidence,405,68,pallets/flask,4250,Routine,Low,False
prchunk_2357ebdcf6905bd58202,prdoc_eea7ad0920b797994217,3,Predictive intelligence,474,67,pallets/flask,4250,Routine,Low,False
prchunk_119f278e123f5dde0d8b,prdoc_eea7ad0920b797994217,4,Deterministic policy intelligence,320,46,pallets/flask,4250,Routine,Low,False
prchunk_56b6377e8b18aa5c9a8e,prdoc_eea7ad0920b797994217,5,Unified review priority,314,43,pallets/flask,4250,Routine,Low,False
prchunk_dd3e63f397473b36a5f7,prdoc_4cd3346b11ac2c353914,0,PR identity,298,41,pallets/flask,5532,Routine,Low,False
prchunk_c7d287e1109e7827dc6c,prdoc_4cd3346b11ac2c353914,1,PR description,877,103,pallets/flask,5532,Routine,Low,False
prchunk_58c6e7c2eee1183779cb,prdoc_4cd3346b11ac2c353914,2,Change evidence,403,68,pallets/flask,5532,Routine,Low,False
prchunk_2a6f0daf351963c6b137,prdoc_4cd3346b11ac2c353914,3,Predictive intelligence,474,67,pallets/flask,5532,Routine,Low,False
prchunk_d43ce592c5b34ba8a7db,prdoc_4cd3346b11ac2c353914,4,Deterministic policy intelligence,320,46,pallets/flask,5532,Routine,Low,False
prchunk_df3c3fc20cb6e6febe92,prdoc_4cd3346b11ac2c353914,5,Unified review priority,314,43,pallets/flask,5532,Routine,Low,False
prchunk_377801c3f3d717822eaf,prdoc_a51983c1ef3a7263bfdf,0,PR identity,264,36,pallets/flask,3299,Routine,Low,False
prchunk_06f0b245d44ad56dd744,prdoc_a51983c1ef3a7263bfdf,1,PR description,226,35,pallets/flask,3299,Routine,Low,False
prchunk_7aca522c9f00ccfb66ec,prdoc_a51983c1ef3a7263bfdf,2,Change evidence,405,68,pallets/flask,3299,Routine,Low,False
prchunk_3a49d492666939def2c4,prdoc_a51983c1ef3a7263bfdf,3,Predictive intelligence,414,57,pallets/flask,3299,Routine,Low,False
prchunk_aea83212f62022cfb560,prdoc_a51983c1ef3a7263bfdf,4,Deterministic policy intelligence,321,45,pallets/flask,3299,Routine,Low,False
prchunk_8ffa8b45d3c25ed7c320,prdoc_a51983c1ef3a7263bfdf,5,Unified review priority,310,44,pallets/flask,3299,Routine,Low,False
prchunk_06b495e9e164e4a4e81b,prdoc_6e18e5e1f36b777bbb4b,0,PR identity,311,40,pallets/flask,5374,Routine,Low,False
prchunk_f25f7ac163137f4a8566,prdoc_6e18e5e1f36b777bbb4b,1,PR description,2582,180,pallets/flask,5374,Routine,Low,False
prchunk_3f71e812fe855b928a26,prdoc_6e18e5e1f36b777bbb4b,2,PR description,3437,180,pallets/flask,5374,Routine,Low,False
prchunk_2ec319d52da2309d3aa8,prdoc_6e18e5e1f36b777bbb4b,3,PR description,2004,180,pallets/flask,5374,Routine,Low,False
prchunk_3ec2a88614ee9feedf7e,prdoc_6e18e5e1f36b777bbb4b,4,PR description,2239,180,pallets/flask,5374,Routine,Low,False
prchunk_c51f075bac3df7a9baaa,prdoc_6e18e5e1f36b777bbb4b,5,PR description,3105,180,pallets/flask,5374,Routine,Low,False
prchunk_d5a2aae5050dc9878469,prdoc_6e18e5e1f36b777bbb4b,6,PR description,3124,180,pallets/flask,5374,Routine,Low,False
prchunk_5ddb4310397299a2bd36,prdoc_6e18e5e1f36b777bbb4b,7,PR description,3742,180,pallets/flask,5374,Routine,Low,False
prchunk_882b23011bfdec12de48,prdoc_6e18e5e1f36b777bbb4b,8,PR description,1145,180,pallets/flask,5374,Routine,Low,False
prchunk_c570297624810de281ac,prdoc_6e18e5e1f36b777bbb4b,9,PR description,1057,154,pallets/flask,5374,Routine,Low,False
prchunk_f012db737c6e7d21ea22,prdoc_6e18e5e1f36b777bbb4b,10,Change evidence,405,68,pallets/flask,5374,Routine,Low,False
prchunk_727bb375eba0b7683169,prdoc_6e18e5e1f36b777bbb4b,11,Predictive intelligence,414,57,pallets/flask,5374,Routine,Low,False
prchunk_39092deb8a83f0bde916,prdoc_6e18e5e1f36b777bbb4b,12,Deterministic policy intelligence,328,47,pallets/flask,5374,Routine,Low,False
prchunk_452a0214ead39a92b236,prdoc_6e18e5e1f36b777bbb4b,13,Unified review priority,310,44,pallets/flask,5374,Routine,Low,False
prchunk_465ecd3b3d4ea6cb092d,prdoc_4f193bd1afb811383f52,0,PR identity,283,39,pallets/flask,5903,Routine,Low,False
prchunk_46241e7942345680f3b5,prdoc_4f193bd1afb811383f52,1,PR description,431,69,pallets/flask,5903,Routine,Low,False
prchunk_cd45774e219ead336831,prdoc_4f193bd1afb811383f52,2,Change evidence,404,68,pallets/flask,5903,Routine,Low,False
prchunk_9f065522264f8dc29497,prdoc_4f193bd1afb811383f52,3,Predictive intelligence,413,57,pallets/flask,5903,Routine,Low,False
prchunk_877d1c9c4690bdf7e472,prdoc_4f193bd1afb811383f52,4,Deterministic policy intelligence,321,45,pallets/flask,5903,Routine,Low,False
prchunk_3681bfe7e902362fcda1,prdoc_4f193bd1afb811383f52,5,Unified review priority,310,44,pallets/flask,5903,Routine,Low,False
prchunk_7e9ad7e86aaf80290ece,prdoc_5f7c4dd11aada5f28f0e,0,PR identity,269,33,pallets/flask,5899,Routine,Low,False
prchunk_2dee11b9505c885819c2,prdoc_5f7c4dd11aada5f28f0e,1,PR description,183,25,pallets/flask,5899,Routine,Low,False
prchunk_385dee81854c9532681e,prdoc_5f7c4dd11aada5f28f0e,2,Change evidence,405,68,pallets/flask,5899,Routine,Low,False
prchunk_fef30fa929c55f492398,prdoc_5f7c4dd11aada5f28f0e,3,Predictive intelligence,413,57,pallets/flask,5899,Routine,Low,False
prchunk_dc91b23027b5ce919c74,prdoc_5f7c4dd11aada5f28f0e,4,Deterministic policy intelligence,321,45,pallets/flask,5899,Routine,Low,False
prchunk_2eb48f4f8be2f669e75a,prdoc_5f7c4dd11aada5f28f0e,5,Unified review priority,310,44,pallets/flask,5899,Routine,Low,False
prchunk_de51d132abeadc9de38d,prdoc_01054d1b98a55842ab47,0,PR identity,281,38,pallets/flask,3932,Routine,Low,False
prchunk_6ecaa247633db36d7371,prdoc_01054d1b98a55842ab47,1,PR description,701,119,pallets/flask,3932,Routine,Low,False
prchunk_71a66983ad91d44c8de9,prdoc_01054d1b98a55842ab47,2,Change evidence,404,68,pallets/flask,3932,Routine,Low,False
prchunk_d3ec9b13322ff3d8323f,prdoc_01054d1b98a55842ab47,3,Predictive intelligence,414,57,pallets/flask,3932,Routine,Low,False
prchunk_72ba6a5fc497a979af65,prdoc_01054d1b98a55842ab47,4,Deterministic policy intelligence,320,46,pallets/flask,3932,Routine,Low,False
prchunk_3a229dffb87536b34385,prdoc_01054d1b98a55842ab47,5,Unified review priority,310,44,pallets/flask,3932,Routine,Low,False
prchunk_731a034b7fadaaba0159,prdoc_b0def0563855ca38b58a,0,PR identity,283,37,pallets/flask,3819,Routine,Low,False
prchunk_dcad857d9afa2ada3c5f,prdoc_b0def0563855ca38b58a,1,PR description,3230,180,pallets/flask,3819,Routine,Low,False
prchunk_a783282c314ba840cffd,prdoc_b0def0563855ca38b58a,2,PR description,1514,180,pallets/flask,3819,Routine,Low,False
prchunk_6efee8a6c653bfb277d9,prdoc_b0def0563855ca38b58a,3,PR description,1059,180,pallets/flask,3819,Routine,Low,False
prchunk_fbdb34e0a87a89d172b5,prdoc_b0def0563855ca38b58a,4,PR description,770,118,pallets/flask,3819,Routine,Low,False
prchunk_985c27a03a399697571e,prdoc_b0def0563855ca38b58a,5,Change evidence,404,68,pallets/flask,3819,Routine,Low,False
prchunk_102499b3f1b35afd5c99,prdoc_b0def0563855ca38b58a,6,Predictive intelligence,414,57,pallets/flask,3819,Routine,Low,False
prchunk_ef346653ae827310e4f5,prdoc_b0def0563855ca38b58a,7,Deterministic policy intelligence,328,47,pallets/flask,3819,Routine,Low,False
prchunk_122e873e778c2f572b21,prdoc_b0def0563855ca38b58a,8,Unified review priority,310,44,pallets/flask,3819,Routine,Low,False
prchunk_361dd650e74a617c41f6,prdoc_f6ac3ed16bfeb9f42543,0,PR identity,297,39,pallets/flask,5546,Routine,Low,False
prchunk_a61250240ba3a253e037,prdoc_f6ac3ed16bfeb9f42543,1,PR description,261,35,pallets/flask,5546,Routine,Low,False
prchunk_43a74c17dae0e37cadd5,prdoc_f6ac3ed16bfeb9f42543,2,Change evidence,403,68,pallets/flask,5546,Routine,Low,False
prchunk_08663ee809fd0dbd8584,prdoc_f6ac3ed16bfeb9f42543,3,Predictive intelligence,470,66,pallets/flask,5546,Routine,Low,False
prchunk_f5bd3bbf69eac9ca3832,prdoc_f6ac3ed16bfeb9f42543,4,Deterministic policy intelligence,321,45,pallets/flask,5546,Routine,Low,False
prchunk_3fe91cee5e537b55a311,prdoc_f6ac3ed16bfeb9f42543,5,Unified review priority,310,44,pallets/flask,5546,Routine,Low,False
prchunk_455a91f76df03c8f7452,prdoc_f34ea3a6bdce72662344,0,PR identity,266,36,pallets/flask,2577,Routine,Low,False
prchunk_f5ee96120e53adcda745,prdoc_f34ea3a6bdce72662344,1,PR description,500,80,pallets/flask,2577,Routine,Low,False
prchunk_f68225a8851f371dfcf8,prdoc_f34ea3a6bdce72662344,2,Change evidence,404,68,pallets/flask,2577,Routine,Low,False
prchunk_f437af162a164b5c71d9,prdoc_f34ea3a6bdce72662344,3,Predictive intelligence,414,57,pallets/flask,2577,Routine,Low,False
prchunk_7866530f42bf34904418,prdoc_f34ea3a6bdce72662344,4,Deterministic policy intelligence,320,46,pallets/flask,2577,Routine,Low,False
prchunk_4d7f070e4000d83c0703,prdoc_f34ea3a6bdce72662344,5,Unified review priority,310,44,pallets/flask,2577,Routine,Low,False
prchunk_864ca30db6c2fbab52b3,prdoc_547ca6e3b2363104a756,0,PR identity,263,37,pallets/flask,5672,Routine,Low,False
prchunk_39762e1548fb253321b1,prdoc_547ca6e3b2363104a756,1,PR description,189,30,pallets/flask,5672,Routine,Low,False
prchunk_dacf85fac45b99549e2b,prdoc_547ca6e3b2363104a756,2,Change evidence,404,68,pallets/flask,5672,Routine,Low,False
prchunk_56568af8e384aa0df219,prdoc_547ca6e3b2363104a756,3,Predictive intelligence,470,66,pallets/flask,5672,Routine,Low,False
prchunk_58a2fd9b8fa153b95c80,prdoc_547ca6e3b2363104a756,4,Deterministic policy intelligence,321,45,pallets/flask,5672,Routine,Low,False
prchunk_d1be60bb82e67aa5c94a,prdoc_547ca6e3b2363104a756,5,Unified review priority,310,44,pallets/flask,5672,Routine,Low,False
prchunk_7fe07a4436b3db4505de,prdoc_9dfbcac74e3937c47199,0,PR identity,309,40,pallets/flask,3244,Routine,Low,False
prchunk_419186a3085ad4268140,prdoc_9dfbcac74e3937c47199,1,PR description,289,42,pallets/flask,3244,Routine,Low,False
prchunk_2635fce61ac25cc3c52f,prdoc_9dfbcac74e3937c47199,2,Change evidence,403,68,pallets/flask,3244,Routine,Low,False
prchunk_04a7f6a4d5a113ceda81,prdoc_9dfbcac74e3937c47199,3,Predictive intelligence,414,57,pallets/flask,3244,Routine,Low,False
prchunk_f031c3c2121d6596a651,prdoc_9dfbcac74e3937c47199,4,Deterministic policy intelligence,321,45,pallets/flask,3244,Routine,Low,False
prchunk_9b7a424ae879b5daff70,prdoc_9dfbcac74e3937c47199,5,Unified review priority,310,44,pallets/flask,3244,Routine,Low,False
prchunk_14473f388a83aa38a09d,prdoc_bbdb2e8d03ac6d3e84be,0,PR identity,284,37,pallets/flask,3636,Routine,Low,False
prchunk_ab9a4c817ad0f6d751cf,prdoc_bbdb2e8d03ac6d3e84be,1,PR description,2880,180,pallets/flask,3636,Routine,Low,False
prchunk_2e37659505c2be847705,prdoc_bbdb2e8d03ac6d3e84be,2,PR description,3276,180,pallets/flask,3636,Routine,Low,False
prchunk_89bf27dc70ada4809f55,prdoc_bbdb2e8d03ac6d3e84be,3,PR description,1054,180,pallets/flask,3636,Routine,Low,False
prchunk_e9e346cd3a0421c21d87,prdoc_bbdb2e8d03ac6d3e84be,4,PR description,1115,180,pallets/flask,3636,Routine,Low,False
prchunk_37f48120ff2247e43710,prdoc_bbdb2e8d03ac6d3e84be,5,PR description,246,33,pallets/flask,3636,Routine,Low,False
prchunk_ce0f0aab5c8ffd759c66,prdoc_bbdb2e8d03ac6d3e84be,6,Change evidence,404,68,pallets/flask,3636,Routine,Low,False
prchunk_fabcc8f73b643b5d7429,prdoc_bbdb2e8d03ac6d3e84be,7,Predictive intelligence,413,57,pallets/flask,3636,Routine,Low,False
prchunk_4350db7209107a9c9e0d,prdoc_bbdb2e8d03ac6d3e84be,8,Deterministic policy intelligence,328,47,pallets/flask,3636,Routine,Low,False
prchunk_477296a9e11958d2e152,prdoc_bbdb2e8d03ac6d3e84be,9,Unified review priority,310,44,pallets/flask,3636,Routine,Low,False
prchunk_0ad7eb8a46ad274f011a,prdoc_364ebc8cad76717e0ae1,0,PR identity,280,39,pallets/flask,5338,Routine,Low,False
prchunk_1167bf01ef0d081767ae,prdoc_364ebc8cad76717e0ae1,1,PR description,781,133,pallets/flask,5338,Routine,Low,False
prchunk_f39bff04e4041dc75915,prdoc_364ebc8cad76717e0ae1,2,Change evidence,403,68,pallets/flask,5338,Routine,Low,False
prchunk_56c8e43242dfa47022ed,prdoc_364ebc8cad76717e0ae1,3,Predictive intelligence,470,66,pallets/flask,5338,Routine,Low,False
prchunk_6d59b2aad1f896f1488f,prdoc_364ebc8cad76717e0ae1,4,Deterministic policy intelligence,320,46,pallets/flask,5338,Routine,Low,False
prchunk_43f2246a97d7a0d1f6d7,prdoc_364ebc8cad76717e0ae1,5,Unified review priority,310,44,pallets/flask,5338,Routine,Low,False
prchunk_fdf4c14c160eee686825,prdoc_930ae4d47260e0fb007d,0,PR identity,302,40,pallets/flask,5923,Routine,Low,False
prchunk_e1e84c3f520ee5d9763b,prdoc_930ae4d47260e0fb007d,1,PR description,788,114,pallets/flask,5923,Routine,Low,False
prchunk_39df1d99315dc07bf61e,prdoc_930ae4d47260e0fb007d,2,Change evidence,405,68,pallets/flask,5923,Routine,Low,False
prchunk_c24a2647fc9920c158c2,prdoc_930ae4d47260e0fb007d,3,Predictive intelligence,470,66,pallets/flask,5923,Routine,Low,False
prchunk_6369e32dc54d09582e0e,prdoc_930ae4d47260e0fb007d,4,Deterministic policy intelligence,320,46,pallets/flask,5923,Routine,Low,False
prchunk_22578f713652f1d0bc64,prdoc_930ae4d47260e0fb007d,5,Unified review priority,310,44,pallets/flask,5923,Routine,Low,False
prchunk_d37848c06c29cab49e65,prdoc_c87ae31d38661cd35dfa,0,PR identity,279,37,pallets/flask,4181,Routine,Low,False
prchunk_fbcad3e4355d745acb8f,prdoc_c87ae31d38661cd35dfa,1,PR description,3253,180,pallets/flask,4181,Routine,Low,False
prchunk_26571932a9e85d6fd8e0,prdoc_c87ae31d38661cd35dfa,2,PR description,3744,180,pallets/flask,4181,Routine,Low,False
prchunk_695bf37fe849751daf11,prdoc_c87ae31d38661cd35dfa,3,PR description,3899,180,pallets/flask,4181,Routine,Low,False
prchunk_2bd21838f832459b2f3f,prdoc_c87ae31d38661cd35dfa,4,PR description,1071,180,pallets/flask,4181,Routine,Low,False
prchunk_1e384e5ba6434cc62341,prdoc_c87ae31d38661cd35dfa,5,PR description,289,48,pallets/flask,4181,Routine,Low,False
prchunk_f6b5751f3e00ea308e80,prdoc_c87ae31d38661cd35dfa,6,Change evidence,404,68,pallets/flask,4181,Routine,Low,False
prchunk_800882c96636cd96dced,prdoc_c87ae31d38661cd35dfa,7,Predictive intelligence,413,57,pallets/flask,4181,Routine,Low,False
prchunk_c061b43b23fd646e79fa,prdoc_c87ae31d38661cd35dfa,8,Deterministic policy intelligence,328,47,pallets/flask,4181,Routine,Low,False
prchunk_34a635da5c63772c1897,prdoc_c87ae31d38661cd35dfa,9,Unified review priority,310,44,pallets/flask,4181,Routine,Low,False
prchunk_66ae32401e2e7604d5b0,prdoc_aef365d21070adb0ab7b,0,PR identity,279,39,pallets/flask,4276,Routine,Low,False
prchunk_26e8265386b356dfc2d1,prdoc_aef365d21070adb0ab7b,1,PR description,3148,180,pallets/flask,4276,Routine,Low,False
prchunk_5853ec16b491a84e57c8,prdoc_aef365d21070adb0ab7b,2,PR description,3707,180,pallets/flask,4276,Routine,Low,False
prchunk_a0e43012ad1cb292abb8,prdoc_aef365d21070adb0ab7b,3,PR description,1063,180,pallets/flask,4276,Routine,Low,False
prchunk_834442cfed2640b97241,prdoc_aef365d21070adb0ab7b,4,PR description,251,42,pallets/flask,4276,Routine,Low,False
prchunk_454d355d50b58a6683f7,prdoc_aef365d21070adb0ab7b,5,Change evidence,404,68,pallets/flask,4276,Routine,Low,False
prchunk_61b4273e16a1b45ea59f,prdoc_aef365d21070adb0ab7b,6,Predictive intelligence,470,66,pallets/flask,4276,Routine,Low,False
prchunk_30d12a7b14cefd31ca45,prdoc_aef365d21070adb0ab7b,7,Deterministic policy intelligence,328,47,pallets/flask,4276,Routine,Low,False
prchunk_58d34b83c9d852b9bc51,prdoc_aef365d21070adb0ab7b,8,Unified review priority,310,44,pallets/flask,4276,Routine,Low,False
prchunk_e4bbab30a4966ed60d01,prdoc_b325c3a9253f6b15bb81,0,PR identity,290,39,pallets/flask,4221,Routine,Low,False
prchunk_9b29d7e493bb6eecf5e3,prdoc_b325c3a9253f6b15bb81,1,PR description,350,54,pallets/flask,4221,Routine,Low,False
prchunk_16ba7000cac0fa32f6b5,prdoc_b325c3a9253f6b15bb81,2,Change evidence,403,68,pallets/flask,4221,Routine,Low,False
prchunk_b6fba15fea0a53114bf8,prdoc_b325c3a9253f6b15bb81,3,Predictive intelligence,414,57,pallets/flask,4221,Routine,Low,False
prchunk_0a40ca7e5ef1816b9a05,prdoc_b325c3a9253f6b15bb81,4,Deterministic policy intelligence,321,45,pallets/flask,4221,Routine,Low,False
prchunk_c642ec3ca664c4f96843,prdoc_b325c3a9253f6b15bb81,5,Unified review priority,310,44,pallets/flask,4221,Routine,Low,False
prchunk_21a89f9828f372e93941,prdoc_aa5bbdde5c8ec3593479,0,PR identity,274,35,pallets/flask,4821,Routine,Low,False
prchunk_4b420c6ffbdd92a9c403,prdoc_aa5bbdde5c8ec3593479,1,PR description,196,28,pallets/flask,4821,Routine,Low,False
prchunk_190de8c4c29c841c59ec,prdoc_aa5bbdde5c8ec3593479,2,Change evidence,404,68,pallets/flask,4821,Routine,Low,False
prchunk_b0f2be4d4527f40331a7,prdoc_aa5bbdde5c8ec3593479,3,Predictive intelligence,414,57,pallets/flask,4821,Routine,Low,False
prchunk_21db515d2433be6b10fb,prdoc_aa5bbdde5c8ec3593479,4,Deterministic policy intelligence,321,45,pallets/flask,4821,Routine,Low,False
prchunk_942062b828022023ab35,prdoc_aa5bbdde5c8ec3593479,5,Unified review priority,310,44,pallets/flask,4821,Routine,Low,False
prchunk_88c40037b5a9de3fbf1a,prdoc_512b6fe2c4347f740958,0,PR identity,283,39,pallets/flask,4926,Routine,Low,False
prchunk_03af0699b23937541a56,prdoc_512b6fe2c4347f740958,1,PR description,200,31,pallets/flask,4926,Routine,Low,False
prchunk_2ce5215388a2cd77dc3c,prdoc_512b6fe2c4347f740958,2,Change evidence,403,68,pallets/flask,4926,Routine,Low,False
prchunk_57c60e42c26399901c9f,prdoc_512b6fe2c4347f740958,3,Predictive intelligence,414,57,pallets/flask,4926,Routine,Low,False
prchunk_494ecdb92eaf1da165f3,prdoc_512b6fe2c4347f740958,4,Deterministic policy intelligence,321,45,pallets/flask,4926,Routine,Low,False
prchunk_ada9f505473dd768adcf,prdoc_512b6fe2c4347f740958,5,Unified review priority,310,44,pallets/flask,4926,Routine,Low,False
prchunk_301ff3c7e0fe2da48f23,prdoc_0733ce1c73a59a43234e,0,PR identity,276,37,pallets/flask,4209,Routine,Low,False
prchunk_daa5ab7911e499a72041,prdoc_0733ce1c73a59a43234e,1,PR description,2030,180,pallets/flask,4209,Routine,Low,False
prchunk_dddd554201ca6dc7d695,prdoc_0733ce1c73a59a43234e,2,PR description,3753,180,pallets/flask,4209,Routine,Low,False
prchunk_5bd9799ac8c2ab0e216d,prdoc_0733ce1c73a59a43234e,3,PR description,2248,180,pallets/flask,4209,Routine,Low,False
prchunk_8a0bb72b255edb75eb4a,prdoc_0733ce1c73a59a43234e,4,PR description,814,136,pallets/flask,4209,Routine,Low,False
prchunk_c66dbb6625b1094bef4e,prdoc_0733ce1c73a59a43234e,5,Change evidence,405,68,pallets/flask,4209,Routine,Low,False
prchunk_c0dcacf518a203d7a149,prdoc_0733ce1c73a59a43234e,6,Predictive intelligence,413,57,pallets/flask,4209,Routine,Low,False
prchunk_d81acb2566d5c690b2a3,prdoc_0733ce1c73a59a43234e,7,Deterministic policy intelligence,328,47,pallets/flask,4209,Routine,Low,False
prchunk_07994d1ad4e97593f2cc,prdoc_0733ce1c73a59a43234e,8,Unified review priority,310,44,pallets/flask,4209,Routine,Low,False
prchunk_c73dd50061ca6072af50,prdoc_23f55fd2d320355f2ada,0,PR identity,282,39,pallets/flask,4972,Routine,Low,False
prchunk_f3f2175dd7c4a46ee0c6,prdoc_23f55fd2d320355f2ada,1,PR description,195,31,pallets/flask,4972,Routine,Low,False
prchunk_038064371f53547ada08,prdoc_23f55fd2d320355f2ada,2,Change evidence,403,68,pallets/flask,4972,Routine,Low,False
prchunk_e4c498c9f84232d23533,prdoc_23f55fd2d320355f2ada,3,Predictive intelligence,414,57,pallets/flask,4972,Routine,Low,False
prchunk_53c058f15a647ffd2d68,prdoc_23f55fd2d320355f2ada,4,Deterministic policy intelligence,321,45,pallets/flask,4972,Routine,Low,False
prchunk_d0eed057097f74b9868b,prdoc_23f55fd2d320355f2ada,5,Unified review priority,310,44,pallets/flask,4972,Routine,Low,False
prchunk_f1fdd3ed98c568cd192a,prdoc_ff918916c675ff9dfca0,0,PR identity,278,37,pallets/flask,5037,Routine,Low,False
prchunk_0b5d0b7ad8306e307e2a,prdoc_ff918916c675ff9dfca0,1,PR description,214,32,pallets/flask,5037,Routine,Low,False
prchunk_c1812987071f4e13aedc,prdoc_ff918916c675ff9dfca0,2,Change evidence,403,68,pallets/flask,5037,Routine,Low,False
prchunk_7c68b0e8a42efd83b744,prdoc_ff918916c675ff9dfca0,3,Predictive intelligence,414,57,pallets/flask,5037,Routine,Low,False
prchunk_89d3f394da71c1345465,prdoc_ff918916c675ff9dfca0,4,Deterministic policy intelligence,321,45,pallets/flask,5037,Routine,Low,False
prchunk_211baa8348ae179593fe,prdoc_ff918916c675ff9dfca0,5,Unified review priority,310,44,pallets/flask,5037,Routine,Low,False
prchunk_73cc263ca53b9b38521b,prdoc_e7110678c13381da5fb0,0,PR identity,270,38,pallets/flask,3100,Routine,Low,False
prchunk_2b9c943bdbf0351bea8a,prdoc_e7110678c13381da5fb0,1,PR description,493,83,pallets/flask,3100,Routine,Low,False
prchunk_196f4880f005f40bc29a,prdoc_e7110678c13381da5fb0,2,Change evidence,403,68,pallets/flask,3100,Routine,Low,False
prchunk_6038653c705329fb45f3,prdoc_e7110678c13381da5fb0,3,Predictive intelligence,470,66,pallets/flask,3100,Routine,Low,False
prchunk_c259030388950429b9e1,prdoc_e7110678c13381da5fb0,4,Deterministic policy intelligence,320,46,pallets/flask,3100,Routine,Low,False
prchunk_334b66961a2d26789430,prdoc_e7110678c13381da5fb0,5,Unified review priority,310,44,pallets/flask,3100,Routine,Low,False
prchunk_b6582820526eabeec192,prdoc_8d3d6a9baa9b2621c087,0,PR identity,284,37,pallets/flask,3624,Routine,Low,False
prchunk_bc564f9d8c90465cb231,prdoc_8d3d6a9baa9b2621c087,1,PR description,3196,180,pallets/flask,3624,Routine,Low,False
prchunk_4f408fa3f571bfe4ba2c,prdoc_8d3d6a9baa9b2621c087,2,PR description,2393,180,pallets/flask,3624,Routine,Low,False
prchunk_0b64349ed77d20b83fb8,prdoc_8d3d6a9baa9b2621c087,3,PR description,1056,180,pallets/flask,3624,Routine,Low,False
prchunk_72decbc5c32856dba367,prdoc_8d3d6a9baa9b2621c087,4,PR description,1081,180,pallets/flask,3624,Routine,Low,False
prchunk_e5a1a90842b6653d8396,prdoc_8d3d6a9baa9b2621c087,5,PR description,224,36,pallets/flask,3624,Routine,Low,False
prchunk_5161188879fae467de06,prdoc_8d3d6a9baa9b2621c087,6,Change evidence,404,68,pallets/flask,3624,Routine,Low,False
prchunk_0fa093542a3fd2d978b6,prdoc_8d3d6a9baa9b2621c087,7,Predictive intelligence,413,57,pallets/flask,3624,Routine,Low,False
prchunk_980343c4d439d9b90f1f,prdoc_8d3d6a9baa9b2621c087,8,Deterministic policy intelligence,328,47,pallets/flask,3624,Routine,Low,False
prchunk_ca647fc66d97654e8fd8,prdoc_8d3d6a9baa9b2621c087,9,Unified review priority,310,44,pallets/flask,3624,Routine,Low,False
prchunk_b0d6c28b714c009250b2,prdoc_85f895c6ceb4667c5ed9,0,PR identity,272,36,pallets/flask,4011,Routine,Low,False
prchunk_e7bbf80e4c8841f3b826,prdoc_85f895c6ceb4667c5ed9,1,PR description,229,34,pallets/flask,4011,Routine,Low,False
prchunk_d1ad1bcaa482130916a5,prdoc_85f895c6ceb4667c5ed9,2,Change evidence,406,68,pallets/flask,4011,Routine,Low,False
prchunk_190ee0122a951fb6dc43,prdoc_85f895c6ceb4667c5ed9,3,Predictive intelligence,413,57,pallets/flask,4011,Routine,Low,False
prchunk_9631d4ab6de98acead73,prdoc_85f895c6ceb4667c5ed9,4,Deterministic policy intelligence,321,45,pallets/flask,4011,Routine,Low,False
prchunk_bcaea62198a4d7741bfb,prdoc_85f895c6ceb4667c5ed9,5,Unified review priority,310,44,pallets/flask,4011,Routine,Low,False
prchunk_30fa7f8e36724704e9f7,prdoc_0a2d8a9c45a5ce3d68bd,0,PR identity,259,34,pallets/flask,4511,Routine,Low,False
prchunk_2dd1293c74b6c48fced8,prdoc_0a2d8a9c45a5ce3d68bd,1,PR description,175,26,pallets/flask,4511,Routine,Low,False
prchunk_d574694aac46150e83a8,prdoc_0a2d8a9c45a5ce3d68bd,2,Change evidence,404,68,pallets/flask,4511,Routine,Low,False
prchunk_1c3c9847ac86ee10b805,prdoc_0a2d8a9c45a5ce3d68bd,3,Predictive intelligence,413,57,pallets/flask,4511,Routine,Low,False
prchunk_fd43b0b6c8eaaae0dcb1,prdoc_0a2d8a9c45a5ce3d68bd,4,Deterministic policy intelligence,321,45,pallets/flask,4511,Routine,Low,False
prchunk_3909a144b5b2944403ec,prdoc_0a2d8a9c45a5ce3d68bd,5,Unified review priority,310,44,pallets/flask,4511,Routine,Low,False
prchunk_dd2efd995a4bf2f42f98,prdoc_e6328109df5310398d16,0,PR identity,284,37,pallets/flask,3756,Routine,Low,False
prchunk_b6c757f928e752a17629,prdoc_e6328109df5310398d16,1,PR description,3056,180,pallets/flask,3756,Routine,Low,False
prchunk_7e1900096febdee98af3,prdoc_e6328109df5310398d16,2,PR description,3005,180,pallets/flask,3756,Routine,Low,False
prchunk_e9b81de4291e0f5b0f7a,prdoc_e6328109df5310398d16,3,PR description,1040,180,pallets/flask,3756,Routine,Low,False
prchunk_a5f12841f23b9af27878,prdoc_e6328109df5310398d16,4,PR description,1133,180,pallets/flask,3756,Routine,Low,False
prchunk_54bf3f61e9294e84bd01,prdoc_e6328109df5310398d16,5,Change evidence,404,68,pallets/flask,3756,Routine,Low,False
prchunk_e6821aeec9834c3cc3d4,prdoc_e6328109df5310398d16,6,Predictive intelligence,413,57,pallets/flask,3756,Routine,Low,False
prchunk_70c6533d3dc9327747f9,prdoc_e6328109df5310398d16,7,Deterministic policy intelligence,328,47,pallets/flask,3756,Routine,Low,False
prchunk_9276b47c07ae21e36d87,prdoc_e6328109df5310398d16,8,Unified review priority,310,44,pallets/flask,3756,Routine,Low,False
prchunk_8144cece3afa76e3c348,prdoc_226198e1081ee0991b0b,0,PR identity,287,37,pallets/flask,3648,Routine,Low,False
prchunk_ef2b73bac26347ee6426,prdoc_226198e1081ee0991b0b,1,PR description,2656,180,pallets/flask,3648,Routine,Low,False
prchunk_e7c27c8f2b1bf8766ab5,prdoc_226198e1081ee0991b0b,2,PR description,1139,180,pallets/flask,3648,Routine,Low,False
prchunk_204effb31219cdd0bc1b,prdoc_226198e1081ee0991b0b,3,PR description,1040,180,pallets/flask,3648,Routine,Low,False
prchunk_e53ab1e5385b74a20df6,prdoc_226198e1081ee0991b0b,4,PR description,609,91,pallets/flask,3648,Routine,Low,False
prchunk_9250159b05156506cf99,prdoc_226198e1081ee0991b0b,5,Change evidence,404,68,pallets/flask,3648,Routine,Low,False
prchunk_148b8cbedcb611304ef5,prdoc_226198e1081ee0991b0b,6,Predictive intelligence,414,57,pallets/flask,3648,Routine,Low,False
prchunk_3e09928897efa57d0244,prdoc_226198e1081ee0991b0b,7,Deterministic policy intelligence,328,47,pallets/flask,3648,Routine,Low,False
prchunk_225a39c0f5a6622f4821,prdoc_226198e1081ee0991b0b,8,Unified review priority,310,44,pallets/flask,3648,Routine,Low,False
prchunk_7439e44a4f2fd0f384cc,prdoc_9635425e563fe8c7765b,0,PR identity,266,34,pallets/flask,5108,Routine,Low,False
prchunk_1767531181040f090a67,prdoc_9635425e563fe8c7765b,1,PR description,179,26,pallets/flask,5108,Routine,Low,False
prchunk_8c61cb6cc6cbfb29e8b1,prdoc_9635425e563fe8c7765b,2,Change evidence,405,68,pallets/flask,5108,Routine,Low,False
prchunk_e966f6af433414a1aff3,prdoc_9635425e563fe8c7765b,3,Predictive intelligence,413,57,pallets/flask,5108,Routine,Low,False
prchunk_845fd2efa7ae6b221764,prdoc_9635425e563fe8c7765b,4,Deterministic policy intelligence,321,45,pallets/flask,5108,Routine,Low,False
prchunk_5c66cdf47df53681f622,prdoc_9635425e563fe8c7765b,5,Unified review priority,310,44,pallets/flask,5108,Routine,Low,False
prchunk_4a6dbde833178e0a697d,prdoc_b6ef714f0fc95c2103f4,0,PR identity,285,37,pallets/flask,3859,Routine,Low,False
prchunk_a502aca02d8b07d81489,prdoc_b6ef714f0fc95c2103f4,1,PR description,1584,180,pallets/flask,3859,Routine,Low,False
prchunk_0e37696160aa8828bae5,prdoc_b6ef714f0fc95c2103f4,2,PR description,2837,180,pallets/flask,3859,Routine,Low,False
prchunk_f06f2df25d1190fed978,prdoc_b6ef714f0fc95c2103f4,3,PR description,1968,180,pallets/flask,3859,Routine,Low,False
prchunk_abf4fddea00d8e6d19c6,prdoc_b6ef714f0fc95c2103f4,4,PR description,1065,180,pallets/flask,3859,Routine,Low,False
prchunk_22f90b23d2179a76d160,prdoc_b6ef714f0fc95c2103f4,5,PR description,877,137,pallets/flask,3859,Routine,Low,False
prchunk_cb648afc5d10dd249b34,prdoc_b6ef714f0fc95c2103f4,6,Change evidence,405,68,pallets/flask,3859,Routine,Low,False
prchunk_03bb282e6df8462b6d22,prdoc_b6ef714f0fc95c2103f4,7,Predictive intelligence,413,57,pallets/flask,3859,Routine,Low,False
prchunk_b6a99e0e461c4e1c8114,prdoc_b6ef714f0fc95c2103f4,8,Deterministic policy intelligence,328,47,pallets/flask,3859,Routine,Low,False
prchunk_ff4c4a6cd56d5b7edc4a,prdoc_b6ef714f0fc95c2103f4,9,Unified review priority,309,44,pallets/flask,3859,Routine,Low,False
prchunk_f950dd59cc9dc165c712,prdoc_9f2eaf8dc21c67f9e68d,0,PR identity,286,38,pallets/flask,3479,Routine,Low,False
prchunk_b3d33159bf24d8751be0,prdoc_9f2eaf8dc21c67f9e68d,1,PR description,603,96,pallets/flask,3479,Routine,Low,False
prchunk_70579f73f34e1455f822,prdoc_9f2eaf8dc21c67f9e68d,2,Change evidence,403,68,pallets/flask,3479,Routine,Low,False
prchunk_636a05d0de0c070e2cb8,prdoc_9f2eaf8dc21c67f9e68d,3,Predictive intelligence,414,57,pallets/flask,3479,Routine,Low,False
prchunk_931f34456defa0b814e4,prdoc_9f2eaf8dc21c67f9e68d,4,Deterministic policy intelligence,320,46,pallets/flask,3479,Routine,Low,False
prchunk_f663ed62ccaaccea89fc,prdoc_9f2eaf8dc21c67f9e68d,5,Unified review priority,309,44,pallets/flask,3479,Routine,Low,False
prchunk_4857e7fdb9959f3c78a2,prdoc_68cc6f949b939fa959c9,0,PR identity,288,37,pallets/flask,3742,Routine,Low,False
prchunk_3310b65655f3ae491aa7,prdoc_68cc6f949b939fa959c9,1,PR description,2680,180,pallets/flask,3742,Routine,Low,False
prchunk_931576b41408b96dcf5e,prdoc_68cc6f949b939fa959c9,2,PR description,2844,180,pallets/flask,3742,Routine,Low,False
prchunk_21ba22674983a6f071a0,prdoc_68cc6f949b939fa959c9,3,PR description,3935,180,pallets/flask,3742,Routine,Low,False
prchunk_0e5439d669f82663dc43,prdoc_68cc6f949b939fa959c9,4,PR description,1430,180,pallets/flask,3742,Routine,Low,False
prchunk_41fc3e5af70e70e8563c,prdoc_68cc6f949b939fa959c9,5,PR description,1054,180,pallets/flask,3742,Routine,Low,False
prchunk_26e49866b0102b957c4e,prdoc_68cc6f949b939fa959c9,6,PR description,707,108,pallets/flask,3742,Routine,Low,False
prchunk_bff5965adc8e40937b48,prdoc_68cc6f949b939fa959c9,7,Change evidence,404,68,pallets/flask,3742,Routine,Low,False
prchunk_4465dbbb0a274b597297,prdoc_68cc6f949b939fa959c9,8,Predictive intelligence,413,57,pallets/flask,3742,Routine,Low,False
prchunk_010c2844565a2d0a99c4,prdoc_68cc6f949b939fa959c9,9,Deterministic policy intelligence,328,47,pallets/flask,3742,Routine,Low,False
prchunk_97a922bbf24e957ebdfb,prdoc_68cc6f949b939fa959c9,10,Unified review priority,309,44,pallets/flask,3742,Routine,Low,False
prchunk_8400e4e15d176111a75c,prdoc_6fa215c689c002fb170f,0,PR identity,274,38,pallets/flask,3771,Routine,Low,False
prchunk_610e5f9554ec58cfd770,prdoc_6fa215c689c002fb170f,1,PR description,222,38,pallets/flask,3771,Routine,Low,False
prchunk_f1fb6badeed690a5e0a4,prdoc_6fa215c689c002fb170f,2,Change evidence,403,68,pallets/flask,3771,Routine,Low,False
prchunk_32fc594fb4bca0a38608,prdoc_6fa215c689c002fb170f,3,Predictive intelligence,414,57,pallets/flask,3771,Routine,Low,False
prchunk_bf3c5e3821e822e9da21,prdoc_6fa215c689c002fb170f,4,Deterministic policy intelligence,321,45,pallets/flask,3771,Routine,Low,False
prchunk_edd4981c37e828df0319,prdoc_6fa215c689c002fb170f,5,Unified review priority,309,44,pallets/flask,3771,Routine,Low,False
prchunk_b6f8f48dfe1b7fe1ff86,prdoc_14598290304a63b113dd,0,PR identity,288,37,pallets/flask,3671,Routine,Low,False
prchunk_b949ba242fbfc1aa7ff1,prdoc_14598290304a63b113dd,1,PR description,2570,180,pallets/flask,3671,Routine,Low,False
prchunk_55cb22d02b5c972019b2,prdoc_14598290304a63b113dd,2,PR description,3456,180,pallets/flask,3671,Routine,Low,False
prchunk_6b4049ded006440ec48a,prdoc_14598290304a63b113dd,3,PR description,1133,180,pallets/flask,3671,Routine,Low,False
prchunk_7af722ff242521d3a648,prdoc_14598290304a63b113dd,4,PR description,1042,180,pallets/flask,3671,Routine,Low,False
prchunk_e0d299731646ffd7d629,prdoc_14598290304a63b113dd,5,PR description,617,92,pallets/flask,3671,Routine,Low,False
prchunk_8ba662d052e628e6b2f8,prdoc_14598290304a63b113dd,6,Change evidence,404,68,pallets/flask,3671,Routine,Low,False
prchunk_0d253380d74e446684cb,prdoc_14598290304a63b113dd,7,Predictive intelligence,413,57,pallets/flask,3671,Routine,Low,False
prchunk_b833c886a031e201594d,prdoc_14598290304a63b113dd,8,Deterministic policy intelligence,328,47,pallets/flask,3671,Routine,Low,False
prchunk_ae6a4f5aa1f04a0d9eed,prdoc_14598290304a63b113dd,9,Unified review priority,309,44,pallets/flask,3671,Routine,Low,False
prchunk_6ed1aa76b09f3c8e7cd7,prdoc_6827c96273e8ad588395,0,PR identity,274,37,pallets/flask,4271,Routine,Low,False
prchunk_35af922ebab67b5c38a0,prdoc_6827c96273e8ad588395,1,PR description,292,48,pallets/flask,4271,Routine,Low,False
prchunk_898ef4f9349490c66f97,prdoc_6827c96273e8ad588395,2,Change evidence,403,68,pallets/flask,4271,Routine,Low,False
prchunk_a51c1fd78d2fc946ba9e,prdoc_6827c96273e8ad588395,3,Predictive intelligence,414,57,pallets/flask,4271,Routine,Low,False
prchunk_6ae3daf53c3ca2bfa56c,prdoc_6827c96273e8ad588395,4,Deterministic policy intelligence,321,45,pallets/flask,4271,Routine,Low,False
prchunk_97015c72f5453aebfd35,prdoc_6827c96273e8ad588395,5,Unified review priority,309,44,pallets/flask,4271,Routine,Low,False
prchunk_0cadde1ae09178e07496,prdoc_03d02d35470183151ebd,0,PR identity,283,37,pallets/flask,3686,Routine,Low,False
prchunk_1fbeb5398fa0d65cf767,prdoc_03d02d35470183151ebd,1,PR description,2587,180,pallets/flask,3686,Routine,Low,False
prchunk_1cffecbf4550e5a19834,prdoc_03d02d35470183151ebd,2,PR description,1770,180,pallets/flask,3686,Routine,Low,False
prchunk_d2f885e14acd88bcd47d,prdoc_03d02d35470183151ebd,3,PR description,1059,180,pallets/flask,3686,Routine,Low,False
prchunk_dab772a6d6b51f9a8e96,prdoc_03d02d35470183151ebd,4,PR description,839,130,pallets/flask,3686,Routine,Low,False
prchunk_2de7e945434ffd6fc709,prdoc_03d02d35470183151ebd,5,Change evidence,404,68,pallets/flask,3686,Routine,Low,False
prchunk_bd07f6ae31436010d8e8,prdoc_03d02d35470183151ebd,6,Predictive intelligence,414,57,pallets/flask,3686,Routine,Low,False
prchunk_a9aede51b9c3a390ba10,prdoc_03d02d35470183151ebd,7,Deterministic policy intelligence,328,47,pallets/flask,3686,Routine,Low,False
prchunk_8770119f1b8326178b02,prdoc_03d02d35470183151ebd,8,Unified review priority,309,44,pallets/flask,3686,Routine,Low,False
prchunk_b0eff6b4e800205ef06b,prdoc_d3d549f31f462070f446,0,PR identity,270,39,pallets/flask,3112,Routine,Low,False
prchunk_184c3018296efb55b56a,prdoc_d3d549f31f462070f446,1,PR description,683,112,pallets/flask,3112,Routine,Low,False
prchunk_94c1497ef0f2a2de2947,prdoc_d3d549f31f462070f446,2,Change evidence,403,68,pallets/flask,3112,Routine,Low,False
prchunk_0a5233ebbc06e53891dc,prdoc_d3d549f31f462070f446,3,Predictive intelligence,470,66,pallets/flask,3112,Routine,Low,False
prchunk_f26db11ec2386d45768d,prdoc_d3d549f31f462070f446,4,Deterministic policy intelligence,320,46,pallets/flask,3112,Routine,Low,False
prchunk_02acf8fd9c6215dcbe82,prdoc_d3d549f31f462070f446,5,Unified review priority,309,44,pallets/flask,3112,Routine,Low,False
prchunk_a5d0c0eb290fdd0db937,prdoc_5aa6119d8fd101a3a4a2,0,PR identity,258,34,pallets/flask,2872,Routine,Low,False
prchunk_d091cd0a4dfdf9a6ca44,prdoc_5aa6119d8fd101a3a4a2,1,PR description,188,28,pallets/flask,2872,Routine,Low,False
prchunk_2d0906add9312dbe67e6,prdoc_5aa6119d8fd101a3a4a2,2,Change evidence,403,68,pallets/flask,2872,Routine,Low,False
prchunk_2a63821f5878127e7281,prdoc_5aa6119d8fd101a3a4a2,3,Predictive intelligence,413,57,pallets/flask,2872,Routine,Low,False
prchunk_2f85369666ac8771f5e2,prdoc_5aa6119d8fd101a3a4a2,4,Deterministic policy intelligence,321,45,pallets/flask,2872,Routine,Low,False
prchunk_de768cfcbe215d2f6ea7,prdoc_5aa6119d8fd101a3a4a2,5,Unified review priority,309,44,pallets/flask,2872,Routine,Low,False
prchunk_06623bb05be4e7ba75ef,prdoc_f6262fd41c9d92735627,0,PR identity,256,33,pallets/flask,3395,Routine,Low,False
prchunk_631fb5de4f525a55ebf7,prdoc_f6262fd41c9d92735627,1,PR description,189,27,pallets/flask,3395,Routine,Low,False
prchunk_e896789ea57149f07008,prdoc_f6262fd41c9d92735627,2,Change evidence,403,68,pallets/flask,3395,Routine,Low,False
prchunk_3aeabb0c881029d40a50,prdoc_f6262fd41c9d92735627,3,Predictive intelligence,413,57,pallets/flask,3395,Routine,Low,False
prchunk_22c500d03a271716a0f5,prdoc_f6262fd41c9d92735627,4,Deterministic policy intelligence,321,45,pallets/flask,3395,Routine,Low,False
prchunk_30fd9ce4645480a4298a,prdoc_f6262fd41c9d92735627,5,Unified review priority,309,44,pallets/flask,3395,Routine,Low,False
prchunk_5335a66513f75ffa317f,prdoc_c838480e36561ee80385,0,PR identity,270,34,pallets/flask,4491,Routine,Low,False
prchunk_91dc993761d3b204c5d1,prdoc_c838480e36561ee80385,1,PR description,198,31,pallets/flask,4491,Routine,Low,False
prchunk_35b0c6a5a12a9f75f18e,prdoc_c838480e36561ee80385,2,Change evidence,403,68,pallets/flask,4491,Routine,Low,False
prchunk_61ae736639444e621aff,prdoc_c838480e36561ee80385,3,Predictive intelligence,414,57,pallets/flask,4491,Routine,Low,False
prchunk_d89e03a1f6d0883632ff,prdoc_c838480e36561ee80385,4,Deterministic policy intelligence,321,45,pallets/flask,4491,Routine,Low,False
prchunk_46d2f97836264396a504,prdoc_c838480e36561ee80385,5,Unified review priority,309,44,pallets/flask,4491,Routine,Low,False
prchunk_248adbbb6193628c17a7,prdoc_20b07c04a48524234299,0,PR identity,283,37,pallets/flask,3644,Routine,Low,False
prchunk_563127b65c73d245da2f,prdoc_20b07c04a48524234299,1,PR description,2729,180,pallets/flask,3644,Routine,Low,False
prchunk_b95e6e2d59aaf946c00e,prdoc_20b07c04a48524234299,2,PR description,1682,180,pallets/flask,3644,Routine,Low,False
prchunk_b56c7eea39505d5a1541,prdoc_20b07c04a48524234299,3,PR description,1055,180,pallets/flask,3644,Routine,Low,False
prchunk_f12ad63c210dddff34f1,prdoc_20b07c04a48524234299,4,PR description,740,113,pallets/flask,3644,Routine,Low,False
prchunk_a1339d10725945237f5b,prdoc_20b07c04a48524234299,5,Change evidence,404,68,pallets/flask,3644,Routine,Low,False
prchunk_f626aa02632aa4e84b12,prdoc_20b07c04a48524234299,6,Predictive intelligence,413,57,pallets/flask,3644,Routine,Low,False
prchunk_19c1fea86f36b395008d,prdoc_20b07c04a48524234299,7,Deterministic policy intelligence,328,47,pallets/flask,3644,Routine,Low,False
prchunk_f20f3e12c4faf6c3e414,prdoc_20b07c04a48524234299,8,Unified review priority,309,44,pallets/flask,3644,Routine,Low,False
prchunk_225b1773465abf380e4d,prdoc_9b828f9593ee70aa2f8d,0,PR identity,285,37,pallets/flask,3887,Routine,Low,False
prchunk_2c5abc9b82e2b4135ef3,prdoc_9b828f9593ee70aa2f8d,1,PR description,3010,180,pallets/flask,3887,Routine,Low,False
prchunk_b1b6561e46cd430f0f09,prdoc_9b828f9593ee70aa2f8d,2,PR description,1879,180,pallets/flask,3887,Routine,Low,False
prchunk_eaf5d7b5372b56091209,prdoc_9b828f9593ee70aa2f8d,3,PR description,1061,180,pallets/flask,3887,Routine,Low,False
prchunk_428bada3cfac1dca84ad,prdoc_9b828f9593ee70aa2f8d,4,PR description,843,131,pallets/flask,3887,Routine,Low,False
prchunk_0e53bd51990f3b907784,prdoc_9b828f9593ee70aa2f8d,5,Change evidence,404,68,pallets/flask,3887,Routine,Low,False
prchunk_8a6830f9e004ec193a5f,prdoc_9b828f9593ee70aa2f8d,6,Predictive intelligence,413,57,pallets/flask,3887,Routine,Low,False
prchunk_2b8caf092f58408ba390,prdoc_9b828f9593ee70aa2f8d,7,Deterministic policy intelligence,328,47,pallets/flask,3887,Routine,Low,False
prchunk_dd6641788cfa6a3a2ceb,prdoc_9b828f9593ee70aa2f8d,8,Unified review priority,309,44,pallets/flask,3887,Routine,Low,False
prchunk_2de5618a7d5741092652,prdoc_ea65135b48fc3905f5e0,0,PR identity,287,37,pallets/flask,3716,Routine,Low,False
prchunk_6d6f48cac60ceaf814f1,prdoc_ea65135b48fc3905f5e0,1,PR description,2866,180,pallets/flask,3716,Routine,Low,False
prchunk_f2d96c47ef68714d94a1,prdoc_ea65135b48fc3905f5e0,2,PR description,1429,180,pallets/flask,3716,Routine,Low,False
prchunk_849cccae8e9bbb88759f,prdoc_ea65135b48fc3905f5e0,3,PR description,1062,180,pallets/flask,3716,Routine,Low,False
prchunk_b1a7c336f0bf5bcf0d2d,prdoc_ea65135b48fc3905f5e0,4,PR description,719,110,pallets/flask,3716,Routine,Low,False
prchunk_59f97cded6bcfc0e1c7e,prdoc_ea65135b48fc3905f5e0,5,Change evidence,404,68,pallets/flask,3716,Routine,Low,False
prchunk_49f587d661ce8181c337,prdoc_ea65135b48fc3905f5e0,6,Predictive intelligence,413,57,pallets/flask,3716,Routine,Low,False
prchunk_a61bff5f1753758d6160,prdoc_ea65135b48fc3905f5e0,7,Deterministic policy intelligence,328,47,pallets/flask,3716,Routine,Low,False
prchunk_a7e88247d1c0e3931cce,prdoc_ea65135b48fc3905f5e0,8,Unified review priority,309,44,pallets/flask,3716,Routine,Low,False
prchunk_40b257c79b79baef895d,prdoc_5261367512b31ef25605,0,PR identity,286,40,pallets/flask,3067,Routine,Low,False
prchunk_8fdb89a0cd51004b8b0b,prdoc_5261367512b31ef25605,1,PR description,200,32,pallets/flask,3067,Routine,Low,False
prchunk_be4f1de78d2bf5a9f1ad,prdoc_5261367512b31ef25605,2,Change evidence,403,68,pallets/flask,3067,Routine,Low,False
prchunk_586bff40e6c8b665585e,prdoc_5261367512b31ef25605,3,Predictive intelligence,414,57,pallets/flask,3067,Routine,Low,False
prchunk_9037662a4c2f3c0a2ecb,prdoc_5261367512b31ef25605,4,Deterministic policy intelligence,321,45,pallets/flask,3067,Routine,Low,False
prchunk_263dd7f86eccd20285c2,prdoc_5261367512b31ef25605,5,Unified review priority,309,44,pallets/flask,3067,Routine,Low,False
prchunk_4d5dc55ca3b502174418,prdoc_274e526fb32652d5b140,0,PR identity,282,37,pallets/flask,3880,Routine,Low,False
prchunk_d80e8b883523f61cdb59,prdoc_274e526fb32652d5b140,1,PR description,568,96,pallets/flask,3880,Routine,Low,False
prchunk_54898c0b41e799fe917f,prdoc_274e526fb32652d5b140,2,Change evidence,403,68,pallets/flask,3880,Routine,Low,False
prchunk_8b77b61ded67ad7e6cec,prdoc_274e526fb32652d5b140,3,Predictive intelligence,414,57,pallets/flask,3880,Routine,Low,False
prchunk_a75c69f47af130524a91,prdoc_274e526fb32652d5b140,4,Deterministic policy intelligence,320,46,pallets/flask,3880,Routine,Low,False
prchunk_b6e935bd1e6eb5bbeceb,prdoc_274e526fb32652d5b140,5,Unified review priority,309,44,pallets/flask,3880,Routine,Low,False
prchunk_1fecdde4513fc0742ca8,prdoc_181410b24fca8a2d7fb3,0,PR identity,275,35,pallets/flask,4758,Routine,Low,False
prchunk_67dfe694ebf4f586c3f9,prdoc_181410b24fca8a2d7fb3,1,PR description,192,28,pallets/flask,4758,Routine,Low,False
prchunk_4d9c1187a50146af9fb0,prdoc_181410b24fca8a2d7fb3,2,Change evidence,403,68,pallets/flask,4758,Routine,Low,False
prchunk_3256c77c713a3647ba06,prdoc_181410b24fca8a2d7fb3,3,Predictive intelligence,413,57,pallets/flask,4758,Routine,Low,False
prchunk_4ced8be9056fe5cc5eee,prdoc_181410b24fca8a2d7fb3,4,Deterministic policy intelligence,321,45,pallets/flask,4758,Routine,Low,False
prchunk_24a1f528bad8bb60089a,prdoc_181410b24fca8a2d7fb3,5,Unified review priority,309,44,pallets/flask,4758,Routine,Low,False
