candidate_id,feature_set_name,configuration_name,threshold,accuracy,balanced_accuracy,precision,recall,f1,roc_auc,average_precision,log_loss,brier_score,true_negative,false_positive,false_negative,true_positive,selected_for_candidate
full_approved__candidate_01,full_approved,shallow_regularized,0.2,0.5476190476190477,0.5476190476190477,0.525,1.0,0.6885245901639344,0.7171201814058957,0.6791177396540677,0.6233640007339665,0.21712787783754267,4,38,0,42,False
full_approved__candidate_01,full_approved,shallow_regularized,0.225,0.5595238095238095,0.5595238095238095,0.5316455696202531,1.0,0.6942148760330579,0.7171201814058957,0.6791177396540677,0.6233640007339665,0.21712787783754267,5,37,0,42,False
full_approved__candidate_01,full_approved,shallow_regularized,0.25,0.5714285714285714,0.5714285714285714,0.5394736842105263,0.9761904761904762,0.6949152542372882,0.7171201814058957,0.6791177396540677,0.6233640007339665,0.21712787783754267,7,35,1,41,False
full_approved__candidate_01,full_approved,shallow_regularized,0.275,0.5952380952380952,0.5952380952380952,0.5540540540540541,0.9761904761904762,0.7068965517241379,0.7171201814058957,0.6791177396540677,0.6233640007339665,0.21712787783754267,9,33,1,41,False
full_approved__candidate_01,full_approved,shallow_regularized,0.3,0.6309523809523809,0.6309523809523809,0.5774647887323944,0.9761904761904762,0.7256637168141593,0.7171201814058957,0.6791177396540677,0.6233640007339665,0.21712787783754267,12,30,1,41,False
full_approved__candidate_01,full_approved,shallow_regularized,0.325,0.6428571428571429,0.6428571428571428,0.5882352941176471,0.9523809523809523,0.7272727272727273,0.7171201814058957,0.6791177396540677,0.6233640007339665,0.21712787783754267,14,28,2,40,False
full_approved__candidate_01,full_approved,shallow_regularized,0.35,0.6547619047619048,0.6547619047619048,0.6,0.9285714285714286,0.7289719626168224,0.7171201814058957,0.6791177396540677,0.6233640007339665,0.21712787783754267,16,26,3,39,False
full_approved__candidate_01,full_approved,shallow_regularized,0.375,0.6428571428571429,0.6428571428571428,0.59375,0.9047619047619048,0.7169811320754716,0.7171201814058957,0.6791177396540677,0.6233640007339665,0.21712787783754267,16,26,4,38,False
full_approved__candidate_01,full_approved,shallow_regularized,0.4,0.6547619047619048,0.6547619047619048,0.6101694915254238,0.8571428571428571,0.7128712871287128,0.7171201814058957,0.6791177396540677,0.6233640007339665,0.21712787783754267,19,23,6,36,False
full_approved__candidate_01,full_approved,shallow_regularized,0.425,0.6666666666666666,0.6666666666666667,0.625,0.8333333333333334,0.7142857142857143,0.7171201814058957,0.6791177396540677,0.6233640007339665,0.21712787783754267,21,21,7,35,False
full_approved__candidate_01,full_approved,shallow_regularized,0.45,0.6904761904761905,0.6904761904761905,0.6481481481481481,0.8333333333333334,0.7291666666666666,0.7171201814058957,0.6791177396540677,0.6233640007339665,0.21712787783754267,23,19,7,35,True
full_approved__candidate_01,full_approved,shallow_regularized,0.475,0.6547619047619048,0.6547619047619048,0.6326530612244898,0.7380952380952381,0.6813186813186813,0.7171201814058957,0.6791177396540677,0.6233640007339665,0.21712787783754267,24,18,11,31,False
full_approved__candidate_01,full_approved,shallow_regularized,0.5,0.6428571428571429,0.6428571428571428,0.6363636363636364,0.6666666666666666,0.6511627906976745,0.7171201814058957,0.6791177396540677,0.6233640007339665,0.21712787783754267,26,16,14,28,False
full_approved__candidate_01,full_approved,shallow_regularized,0.525,0.6428571428571429,0.6428571428571429,0.6428571428571429,0.6428571428571429,0.6428571428571429,0.7171201814058957,0.6791177396540677,0.6233640007339665,0.21712787783754267,27,15,15,27,False
full_approved__candidate_01,full_approved,shallow_regularized,0.55,0.6190476190476191,0.6190476190476191,0.631578947368421,0.5714285714285714,0.6,0.7171201814058957,0.6791177396540677,0.6233640007339665,0.21712787783754267,28,14,18,24,False
full_approved__candidate_01,full_approved,shallow_regularized,0.575,0.6428571428571429,0.6428571428571428,0.6666666666666666,0.5714285714285714,0.6153846153846154,0.7171201814058957,0.6791177396540677,0.6233640007339665,0.21712787783754267,30,12,18,24,False
full_approved__candidate_01,full_approved,shallow_regularized,0.6,0.5952380952380952,0.5952380952380952,0.625,0.47619047619047616,0.5405405405405406,0.7171201814058957,0.6791177396540677,0.6233640007339665,0.21712787783754267,30,12,22,20,False
full_approved__candidate_01,full_approved,shallow_regularized,0.625,0.6071428571428571,0.6071428571428572,0.6451612903225806,0.47619047619047616,0.547945205479452,0.7171201814058957,0.6791177396540677,0.6233640007339665,0.21712787783754267,31,11,22,20,False
full_approved__candidate_01,full_approved,shallow_regularized,0.65,0.6190476190476191,0.6190476190476191,0.6666666666666666,0.47619047619047616,0.5555555555555556,0.7171201814058957,0.6791177396540677,0.6233640007339665,0.21712787783754267,32,10,22,20,False
full_approved__candidate_01,full_approved,shallow_regularized,0.675,0.6309523809523809,0.6309523809523809,0.6896551724137931,0.47619047619047616,0.5633802816901409,0.7171201814058957,0.6791177396540677,0.6233640007339665,0.21712787783754267,33,9,22,20,False
full_approved__candidate_01,full_approved,shallow_regularized,0.7,0.6071428571428571,0.6071428571428571,0.6666666666666666,0.42857142857142855,0.5217391304347826,0.7171201814058957,0.6791177396540677,0.6233640007339665,0.21712787783754267,33,9,24,18,False
full_approved__candidate_01,full_approved,shallow_regularized,0.725,0.5952380952380952,0.5952380952380952,0.6538461538461539,0.40476190476190477,0.5,0.7171201814058957,0.6791177396540677,0.6233640007339665,0.21712787783754267,33,9,25,17,False
full_approved__candidate_01,full_approved,shallow_regularized,0.75,0.6071428571428571,0.6071428571428572,0.8,0.2857142857142857,0.42105263157894735,0.7171201814058957,0.6791177396540677,0.6233640007339665,0.21712787783754267,39,3,30,12,False
full_approved__candidate_01,full_approved,shallow_regularized,0.775,0.5238095238095238,0.5238095238095237,0.6666666666666666,0.09523809523809523,0.16666666666666666,0.7171201814058957,0.6791177396540677,0.6233640007339665,0.21712787783754267,40,2,38,4,False
full_approved__candidate_01,full_approved,shallow_regularized,0.8,0.5119047619047619,0.5119047619047619,0.6666666666666666,0.047619047619047616,0.08888888888888889,0.7171201814058957,0.6791177396540677,0.6233640007339665,0.21712787783754267,41,1,40,2,False
full_approved__candidate_02,full_approved,medium_regularized,0.2,0.5833333333333334,0.5833333333333333,0.5466666666666666,0.9761904761904762,0.7008547008547008,0.7301587301587301,0.7045309170122024,0.613666024701708,0.21305072307778042,8,34,1,41,False
full_approved__candidate_02,full_approved,medium_regularized,0.225,0.5833333333333334,0.5833333333333333,0.5466666666666666,0.9761904761904762,0.7008547008547008,0.7301587301587301,0.7045309170122024,0.613666024701708,0.21305072307778042,8,34,1,41,False
full_approved__candidate_02,full_approved,medium_regularized,0.25,0.5952380952380952,0.5952380952380952,0.5540540540540541,0.9761904761904762,0.7068965517241379,0.7301587301587301,0.7045309170122024,0.613666024701708,0.21305072307778042,9,33,1,41,False
full_approved__candidate_02,full_approved,medium_regularized,0.275,0.6071428571428571,0.6071428571428571,0.5633802816901409,0.9523809523809523,0.7079646017699115,0.7301587301587301,0.7045309170122024,0.613666024701708,0.21305072307778042,11,31,2,40,False
full_approved__candidate_02,full_approved,medium_regularized,0.3,0.6190476190476191,0.6190476190476191,0.5735294117647058,0.9285714285714286,0.7090909090909091,0.7301587301587301,0.7045309170122024,0.613666024701708,0.21305072307778042,13,29,3,39,False
full_approved__candidate_02,full_approved,medium_regularized,0.325,0.6309523809523809,0.6309523809523809,0.582089552238806,0.9285714285714286,0.7155963302752294,0.7301587301587301,0.7045309170122024,0.613666024701708,0.21305072307778042,14,28,3,39,False
full_approved__candidate_02,full_approved,medium_regularized,0.35,0.6428571428571429,0.6428571428571429,0.5909090909090909,0.9285714285714286,0.7222222222222222,0.7301587301587301,0.7045309170122024,0.613666024701708,0.21305072307778042,15,27,3,39,False
full_approved__candidate_02,full_approved,medium_regularized,0.375,0.6666666666666666,0.6666666666666667,0.609375,0.9285714285714286,0.7358490566037735,0.7301587301587301,0.7045309170122024,0.613666024701708,0.21305072307778042,17,25,3,39,False
full_approved__candidate_02,full_approved,medium_regularized,0.4,0.6785714285714286,0.6785714285714286,0.6271186440677966,0.8809523809523809,0.7326732673267327,0.7301587301587301,0.7045309170122024,0.613666024701708,0.21305072307778042,20,22,5,37,False
full_approved__candidate_02,full_approved,medium_regularized,0.425,0.7142857142857143,0.7142857142857142,0.6666666666666666,0.8571428571428571,0.75,0.7301587301587301,0.7045309170122024,0.613666024701708,0.21305072307778042,24,18,6,36,True
full_approved__candidate_02,full_approved,medium_regularized,0.45,0.6785714285714286,0.6785714285714286,0.6470588235294118,0.7857142857142857,0.7096774193548387,0.7301587301587301,0.7045309170122024,0.613666024701708,0.21305072307778042,24,18,9,33,False
full_approved__candidate_02,full_approved,medium_regularized,0.475,0.6785714285714286,0.6785714285714286,0.6530612244897959,0.7619047619047619,0.7032967032967034,0.7301587301587301,0.7045309170122024,0.613666024701708,0.21305072307778042,25,17,10,32,False
full_approved__candidate_02,full_approved,medium_regularized,0.5,0.6428571428571429,0.6428571428571428,0.6304347826086957,0.6904761904761905,0.6590909090909091,0.7301587301587301,0.7045309170122024,0.613666024701708,0.21305072307778042,25,17,13,29,False
full_approved__candidate_02,full_approved,medium_regularized,0.525,0.6428571428571429,0.6428571428571428,0.6363636363636364,0.6666666666666666,0.6511627906976745,0.7301587301587301,0.7045309170122024,0.613666024701708,0.21305072307778042,26,16,14,28,False
full_approved__candidate_02,full_approved,medium_regularized,0.55,0.6309523809523809,0.6309523809523809,0.627906976744186,0.6428571428571429,0.6352941176470588,0.7301587301587301,0.7045309170122024,0.613666024701708,0.21305072307778042,26,16,15,27,False
full_approved__candidate_02,full_approved,medium_regularized,0.575,0.6190476190476191,0.6190476190476191,0.631578947368421,0.5714285714285714,0.6,0.7301587301587301,0.7045309170122024,0.613666024701708,0.21305072307778042,28,14,18,24,False
full_approved__candidate_02,full_approved,medium_regularized,0.6,0.6428571428571429,0.6428571428571428,0.6666666666666666,0.5714285714285714,0.6153846153846154,0.7301587301587301,0.7045309170122024,0.613666024701708,0.21305072307778042,30,12,18,24,False
full_approved__candidate_02,full_approved,medium_regularized,0.625,0.6309523809523809,0.6309523809523809,0.6571428571428571,0.5476190476190477,0.5974025974025974,0.7301587301587301,0.7045309170122024,0.613666024701708,0.21305072307778042,30,12,19,23,False
full_approved__candidate_02,full_approved,medium_regularized,0.65,0.6309523809523809,0.6309523809523809,0.6666666666666666,0.5238095238095238,0.5866666666666667,0.7301587301587301,0.7045309170122024,0.613666024701708,0.21305072307778042,31,11,20,22,False
full_approved__candidate_02,full_approved,medium_regularized,0.675,0.5952380952380952,0.5952380952380952,0.6333333333333333,0.4523809523809524,0.5277777777777778,0.7301587301587301,0.7045309170122024,0.613666024701708,0.21305072307778042,31,11,23,19,False
full_approved__candidate_02,full_approved,medium_regularized,0.7,0.6071428571428571,0.6071428571428571,0.6551724137931034,0.4523809523809524,0.5352112676056338,0.7301587301587301,0.7045309170122024,0.613666024701708,0.21305072307778042,32,10,23,19,False
full_approved__candidate_02,full_approved,medium_regularized,0.725,0.6547619047619048,0.6547619047619048,0.782608695652174,0.42857142857142855,0.5538461538461539,0.7301587301587301,0.7045309170122024,0.613666024701708,0.21305072307778042,37,5,24,18,False
full_approved__candidate_02,full_approved,medium_regularized,0.75,0.6309523809523809,0.6309523809523809,0.7619047619047619,0.38095238095238093,0.5079365079365079,0.7301587301587301,0.7045309170122024,0.613666024701708,0.21305072307778042,37,5,26,16,False
full_approved__candidate_02,full_approved,medium_regularized,0.775,0.5952380952380952,0.5952380952380952,0.8333333333333334,0.23809523809523808,0.37037037037037035,0.7301587301587301,0.7045309170122024,0.613666024701708,0.21305072307778042,40,2,32,10,False
full_approved__candidate_02,full_approved,medium_regularized,0.8,0.5714285714285714,0.5714285714285714,0.8,0.19047619047619047,0.3076923076923077,0.7301587301587301,0.7045309170122024,0.613666024701708,0.21305072307778042,40,2,34,8,False
full_approved__candidate_03,full_approved,medium_wider_features,0.2,0.5952380952380952,0.5952380952380952,0.5540540540540541,0.9761904761904762,0.7068965517241379,0.7301587301587302,0.7373412293200035,0.611108502855655,0.2122924390840033,9,33,1,41,False
full_approved__candidate_03,full_approved,medium_wider_features,0.225,0.5833333333333334,0.5833333333333334,0.5492957746478874,0.9285714285714286,0.6902654867256637,0.7301587301587302,0.7373412293200035,0.611108502855655,0.2122924390840033,10,32,3,39,False
full_approved__candidate_03,full_approved,medium_wider_features,0.25,0.5833333333333334,0.5833333333333334,0.5492957746478874,0.9285714285714286,0.6902654867256637,0.7301587301587302,0.7373412293200035,0.611108502855655,0.2122924390840033,10,32,3,39,False
full_approved__candidate_03,full_approved,medium_wider_features,0.275,0.6071428571428571,0.6071428571428572,0.5652173913043478,0.9285714285714286,0.7027027027027027,0.7301587301587302,0.7373412293200035,0.611108502855655,0.2122924390840033,12,30,3,39,False
full_approved__candidate_03,full_approved,medium_wider_features,0.3,0.6428571428571429,0.6428571428571429,0.5909090909090909,0.9285714285714286,0.7222222222222222,0.7301587301587302,0.7373412293200035,0.611108502855655,0.2122924390840033,15,27,3,39,True
full_approved__candidate_03,full_approved,medium_wider_features,0.325,0.6309523809523809,0.6309523809523809,0.5846153846153846,0.9047619047619048,0.7102803738317757,0.7301587301587302,0.7373412293200035,0.611108502855655,0.2122924390840033,15,27,4,38,False
full_approved__candidate_03,full_approved,medium_wider_features,0.35,0.6428571428571429,0.6428571428571428,0.59375,0.9047619047619048,0.7169811320754716,0.7301587301587302,0.7373412293200035,0.611108502855655,0.2122924390840033,16,26,4,38,False
full_approved__candidate_03,full_approved,medium_wider_features,0.375,0.6428571428571429,0.6428571428571429,0.603448275862069,0.8333333333333334,0.7,0.7301587301587302,0.7373412293200035,0.611108502855655,0.2122924390840033,19,23,7,35,False
full_approved__candidate_03,full_approved,medium_wider_features,0.4,0.6428571428571429,0.6428571428571428,0.6071428571428571,0.8095238095238095,0.6938775510204082,0.7301587301587302,0.7373412293200035,0.611108502855655,0.2122924390840033,20,22,8,34,False
full_approved__candidate_03,full_approved,medium_wider_features,0.425,0.6666666666666666,0.6666666666666667,0.6296296296296297,0.8095238095238095,0.7083333333333334,0.7301587301587302,0.7373412293200035,0.611108502855655,0.2122924390840033,22,20,8,34,False
full_approved__candidate_03,full_approved,medium_wider_features,0.45,0.6785714285714286,0.6785714285714286,0.6415094339622641,0.8095238095238095,0.7157894736842105,0.7301587301587302,0.7373412293200035,0.611108502855655,0.2122924390840033,23,19,8,34,False
full_approved__candidate_03,full_approved,medium_wider_features,0.475,0.6547619047619048,0.6547619047619048,0.6382978723404256,0.7142857142857143,0.6741573033707865,0.7301587301587302,0.7373412293200035,0.611108502855655,0.2122924390840033,25,17,12,30,False
full_approved__candidate_03,full_approved,medium_wider_features,0.5,0.6428571428571429,0.6428571428571428,0.6363636363636364,0.6666666666666666,0.6511627906976745,0.7301587301587302,0.7373412293200035,0.611108502855655,0.2122924390840033,26,16,14,28,False
full_approved__candidate_03,full_approved,medium_wider_features,0.525,0.6428571428571429,0.6428571428571429,0.6428571428571429,0.6428571428571429,0.6428571428571429,0.7301587301587302,0.7373412293200035,0.611108502855655,0.2122924390840033,27,15,15,27,False
full_approved__candidate_03,full_approved,medium_wider_features,0.55,0.6666666666666666,0.6666666666666667,0.6842105263157895,0.6190476190476191,0.65,0.7301587301587302,0.7373412293200035,0.611108502855655,0.2122924390840033,30,12,16,26,False
full_approved__candidate_03,full_approved,medium_wider_features,0.575,0.6428571428571429,0.6428571428571428,0.6666666666666666,0.5714285714285714,0.6153846153846154,0.7301587301587302,0.7373412293200035,0.611108502855655,0.2122924390840033,30,12,18,24,False
full_approved__candidate_03,full_approved,medium_wider_features,0.6,0.6428571428571429,0.6428571428571428,0.6666666666666666,0.5714285714285714,0.6153846153846154,0.7301587301587302,0.7373412293200035,0.611108502855655,0.2122924390840033,30,12,18,24,False
full_approved__candidate_03,full_approved,medium_wider_features,0.625,0.6428571428571429,0.6428571428571429,0.6764705882352942,0.5476190476190477,0.6052631578947368,0.7301587301587302,0.7373412293200035,0.611108502855655,0.2122924390840033,31,11,19,23,False
full_approved__candidate_03,full_approved,medium_wider_features,0.65,0.6785714285714286,0.6785714285714286,0.7586206896551724,0.5238095238095238,0.6197183098591549,0.7301587301587302,0.7373412293200035,0.611108502855655,0.2122924390840033,35,7,20,22,False
full_approved__candidate_03,full_approved,medium_wider_features,0.675,0.6785714285714286,0.6785714285714286,0.7777777777777778,0.5,0.6086956521739131,0.7301587301587302,0.7373412293200035,0.611108502855655,0.2122924390840033,36,6,21,21,False
full_approved__candidate_03,full_approved,medium_wider_features,0.7,0.6428571428571429,0.6428571428571428,0.75,0.42857142857142855,0.5454545454545454,0.7301587301587302,0.7373412293200035,0.611108502855655,0.2122924390840033,36,6,24,18,False
full_approved__candidate_03,full_approved,medium_wider_features,0.725,0.6071428571428571,0.6071428571428571,0.7142857142857143,0.35714285714285715,0.47619047619047616,0.7301587301587302,0.7373412293200035,0.611108502855655,0.2122924390840033,36,6,27,15,False
full_approved__candidate_03,full_approved,medium_wider_features,0.75,0.5952380952380952,0.5952380952380952,0.7222222222222222,0.30952380952380953,0.43333333333333335,0.7301587301587302,0.7373412293200035,0.611108502855655,0.2122924390840033,37,5,29,13,False
full_approved__candidate_03,full_approved,medium_wider_features,0.775,0.5833333333333334,0.5833333333333334,0.7692307692307693,0.23809523809523808,0.36363636363636365,0.7301587301587302,0.7373412293200035,0.611108502855655,0.2122924390840033,39,3,32,10,False
full_approved__candidate_03,full_approved,medium_wider_features,0.8,0.5714285714285714,0.5714285714285714,0.75,0.21428571428571427,0.3333333333333333,0.7301587301587302,0.7373412293200035,0.611108502855655,0.2122924390840033,39,3,33,9,False
full_approved__candidate_04,full_approved,deep_regularized,0.2,0.5833333333333334,0.5833333333333333,0.5466666666666666,0.9761904761904762,0.7008547008547008,0.7295918367346939,0.7107849002968811,0.6132558318125506,0.2126979610708745,8,34,1,41,False
full_approved__candidate_04,full_approved,deep_regularized,0.225,0.5833333333333334,0.5833333333333333,0.5466666666666666,0.9761904761904762,0.7008547008547008,0.7295918367346939,0.7107849002968811,0.6132558318125506,0.2126979610708745,8,34,1,41,False
full_approved__candidate_04,full_approved,deep_regularized,0.25,0.5952380952380952,0.5952380952380952,0.5540540540540541,0.9761904761904762,0.7068965517241379,0.7295918367346939,0.7107849002968811,0.6132558318125506,0.2126979610708745,9,33,1,41,False
full_approved__candidate_04,full_approved,deep_regularized,0.275,0.5952380952380952,0.5952380952380952,0.5555555555555556,0.9523809523809523,0.7017543859649122,0.7295918367346939,0.7107849002968811,0.6132558318125506,0.2126979610708745,10,32,2,40,False
full_approved__candidate_04,full_approved,deep_regularized,0.3,0.6071428571428571,0.6071428571428572,0.5652173913043478,0.9285714285714286,0.7027027027027027,0.7295918367346939,0.7107849002968811,0.6132558318125506,0.2126979610708745,12,30,3,39,False
full_approved__candidate_04,full_approved,deep_regularized,0.325,0.6309523809523809,0.6309523809523809,0.582089552238806,0.9285714285714286,0.7155963302752294,0.7295918367346939,0.7107849002968811,0.6132558318125506,0.2126979610708745,14,28,3,39,False
full_approved__candidate_04,full_approved,deep_regularized,0.35,0.6428571428571429,0.6428571428571429,0.5909090909090909,0.9285714285714286,0.7222222222222222,0.7295918367346939,0.7107849002968811,0.6132558318125506,0.2126979610708745,15,27,3,39,False
full_approved__candidate_04,full_approved,deep_regularized,0.375,0.6904761904761905,0.6904761904761905,0.6290322580645161,0.9285714285714286,0.75,0.7295918367346939,0.7107849002968811,0.6132558318125506,0.2126979610708745,19,23,3,39,False
full_approved__candidate_04,full_approved,deep_regularized,0.4,0.7142857142857143,0.7142857142857143,0.6607142857142857,0.8809523809523809,0.7551020408163265,0.7295918367346939,0.7107849002968811,0.6132558318125506,0.2126979610708745,23,19,5,37,True
full_approved__candidate_04,full_approved,deep_regularized,0.425,0.7023809523809523,0.7023809523809523,0.660377358490566,0.8333333333333334,0.7368421052631579,0.7295918367346939,0.7107849002968811,0.6132558318125506,0.2126979610708745,24,18,7,35,False
full_approved__candidate_04,full_approved,deep_regularized,0.45,0.6904761904761905,0.6904761904761905,0.66,0.7857142857142857,0.717391304347826,0.7295918367346939,0.7107849002968811,0.6132558318125506,0.2126979610708745,25,17,9,33,False
full_approved__candidate_04,full_approved,deep_regularized,0.475,0.6785714285714286,0.6785714285714286,0.6530612244897959,0.7619047619047619,0.7032967032967034,0.7295918367346939,0.7107849002968811,0.6132558318125506,0.2126979610708745,25,17,10,32,False
full_approved__candidate_04,full_approved,deep_regularized,0.5,0.6547619047619048,0.6547619047619048,0.6382978723404256,0.7142857142857143,0.6741573033707865,0.7295918367346939,0.7107849002968811,0.6132558318125506,0.2126979610708745,25,17,12,30,False
full_approved__candidate_04,full_approved,deep_regularized,0.525,0.6428571428571429,0.6428571428571428,0.6363636363636364,0.6666666666666666,0.6511627906976745,0.7295918367346939,0.7107849002968811,0.6132558318125506,0.2126979610708745,26,16,14,28,False
full_approved__candidate_04,full_approved,deep_regularized,0.55,0.6309523809523809,0.6309523809523809,0.627906976744186,0.6428571428571429,0.6352941176470588,0.7295918367346939,0.7107849002968811,0.6132558318125506,0.2126979610708745,26,16,15,27,False
full_approved__candidate_04,full_approved,deep_regularized,0.575,0.6190476190476191,0.6190476190476191,0.631578947368421,0.5714285714285714,0.6,0.7295918367346939,0.7107849002968811,0.6132558318125506,0.2126979610708745,28,14,18,24,False
full_approved__candidate_04,full_approved,deep_regularized,0.6,0.6309523809523809,0.6309523809523809,0.6571428571428571,0.5476190476190477,0.5974025974025974,0.7295918367346939,0.7107849002968811,0.6132558318125506,0.2126979610708745,30,12,19,23,False
full_approved__candidate_04,full_approved,deep_regularized,0.625,0.6428571428571429,0.6428571428571429,0.6764705882352942,0.5476190476190477,0.6052631578947368,0.7295918367346939,0.7107849002968811,0.6132558318125506,0.2126979610708745,31,11,19,23,False
full_approved__candidate_04,full_approved,deep_regularized,0.65,0.6428571428571429,0.6428571428571429,0.6764705882352942,0.5476190476190477,0.6052631578947368,0.7295918367346939,0.7107849002968811,0.6132558318125506,0.2126979610708745,31,11,19,23,False
full_approved__candidate_04,full_approved,deep_regularized,0.675,0.6071428571428571,0.6071428571428572,0.6451612903225806,0.47619047619047616,0.547945205479452,0.7295918367346939,0.7107849002968811,0.6132558318125506,0.2126979610708745,31,11,22,20,False
full_approved__candidate_04,full_approved,deep_regularized,0.7,0.6071428571428571,0.6071428571428571,0.6666666666666666,0.42857142857142855,0.5217391304347826,0.7295918367346939,0.7107849002968811,0.6132558318125506,0.2126979610708745,33,9,24,18,False
full_approved__candidate_04,full_approved,deep_regularized,0.725,0.6428571428571429,0.6428571428571428,0.75,0.42857142857142855,0.5454545454545454,0.7295918367346939,0.7107849002968811,0.6132558318125506,0.2126979610708745,36,6,24,18,False
full_approved__candidate_04,full_approved,deep_regularized,0.75,0.6190476190476191,0.6190476190476191,0.7777777777777778,0.3333333333333333,0.4666666666666667,0.7295918367346939,0.7107849002968811,0.6132558318125506,0.2126979610708745,38,4,28,14,False
full_approved__candidate_04,full_approved,deep_regularized,0.775,0.5714285714285714,0.5714285714285714,0.75,0.21428571428571427,0.3333333333333333,0.7295918367346939,0.7107849002968811,0.6132558318125506,0.2126979610708745,39,3,33,9,False
full_approved__candidate_04,full_approved,deep_regularized,0.8,0.5595238095238095,0.5595238095238095,0.7777777777777778,0.16666666666666666,0.27450980392156865,0.7295918367346939,0.7107849002968811,0.6132558318125506,0.2126979610708745,40,2,35,7,False
full_approved__candidate_05,full_approved,unlimited_leaf_regularized,0.2,0.5833333333333334,0.5833333333333333,0.5466666666666666,0.9761904761904762,0.7008547008547008,0.7242063492063492,0.6904162128770486,0.6176991514072001,0.21478931597045042,8,34,1,41,False
full_approved__candidate_05,full_approved,unlimited_leaf_regularized,0.225,0.5833333333333334,0.5833333333333333,0.5466666666666666,0.9761904761904762,0.7008547008547008,0.7242063492063492,0.6904162128770486,0.6176991514072001,0.21478931597045042,8,34,1,41,False
full_approved__candidate_05,full_approved,unlimited_leaf_regularized,0.25,0.5952380952380952,0.5952380952380952,0.5540540540540541,0.9761904761904762,0.7068965517241379,0.7242063492063492,0.6904162128770486,0.6176991514072001,0.21478931597045042,9,33,1,41,False
full_approved__candidate_05,full_approved,unlimited_leaf_regularized,0.275,0.5952380952380952,0.5952380952380952,0.5555555555555556,0.9523809523809523,0.7017543859649122,0.7242063492063492,0.6904162128770486,0.6176991514072001,0.21478931597045042,10,32,2,40,False
full_approved__candidate_05,full_approved,unlimited_leaf_regularized,0.3,0.6190476190476191,0.6190476190476191,0.5735294117647058,0.9285714285714286,0.7090909090909091,0.7242063492063492,0.6904162128770486,0.6176991514072001,0.21478931597045042,13,29,3,39,False
full_approved__candidate_05,full_approved,unlimited_leaf_regularized,0.325,0.6190476190476191,0.6190476190476191,0.5735294117647058,0.9285714285714286,0.7090909090909091,0.7242063492063492,0.6904162128770486,0.6176991514072001,0.21478931597045042,13,29,3,39,False
full_approved__candidate_05,full_approved,unlimited_leaf_regularized,0.35,0.6428571428571429,0.6428571428571429,0.5909090909090909,0.9285714285714286,0.7222222222222222,0.7242063492063492,0.6904162128770486,0.6176991514072001,0.21478931597045042,15,27,3,39,False
full_approved__candidate_05,full_approved,unlimited_leaf_regularized,0.375,0.6547619047619048,0.6547619047619048,0.6031746031746031,0.9047619047619048,0.7238095238095238,0.7242063492063492,0.6904162128770486,0.6176991514072001,0.21478931597045042,17,25,4,38,False
full_approved__candidate_05,full_approved,unlimited_leaf_regularized,0.4,0.6666666666666666,0.6666666666666666,0.6166666666666667,0.8809523809523809,0.7254901960784313,0.7242063492063492,0.6904162128770486,0.6176991514072001,0.21478931597045042,19,23,5,37,False
full_approved__candidate_05,full_approved,unlimited_leaf_regularized,0.425,0.7142857142857143,0.7142857142857143,0.6607142857142857,0.8809523809523809,0.7551020408163265,0.7242063492063492,0.6904162128770486,0.6176991514072001,0.21478931597045042,23,19,5,37,True
full_approved__candidate_05,full_approved,unlimited_leaf_regularized,0.45,0.6904761904761905,0.6904761904761905,0.66,0.7857142857142857,0.717391304347826,0.7242063492063492,0.6904162128770486,0.6176991514072001,0.21478931597045042,25,17,9,33,False
full_approved__candidate_05,full_approved,unlimited_leaf_regularized,0.475,0.6785714285714286,0.6785714285714286,0.6530612244897959,0.7619047619047619,0.7032967032967034,0.7242063492063492,0.6904162128770486,0.6176991514072001,0.21478931597045042,25,17,10,32,False
full_approved__candidate_05,full_approved,unlimited_leaf_regularized,0.5,0.6547619047619048,0.6547619047619048,0.6444444444444445,0.6904761904761905,0.6666666666666666,0.7242063492063492,0.6904162128770486,0.6176991514072001,0.21478931597045042,26,16,13,29,False
full_approved__candidate_05,full_approved,unlimited_leaf_regularized,0.525,0.6428571428571429,0.6428571428571428,0.6363636363636364,0.6666666666666666,0.6511627906976745,0.7242063492063492,0.6904162128770486,0.6176991514072001,0.21478931597045042,26,16,14,28,False
full_approved__candidate_05,full_approved,unlimited_leaf_regularized,0.55,0.6071428571428571,0.6071428571428572,0.6097560975609756,0.5952380952380952,0.6024096385542169,0.7242063492063492,0.6904162128770486,0.6176991514072001,0.21478931597045042,26,16,17,25,False
full_approved__candidate_05,full_approved,unlimited_leaf_regularized,0.575,0.6190476190476191,0.6190476190476191,0.631578947368421,0.5714285714285714,0.6,0.7242063492063492,0.6904162128770486,0.6176991514072001,0.21478931597045042,28,14,18,24,False
full_approved__candidate_05,full_approved,unlimited_leaf_regularized,0.6,0.6428571428571429,0.6428571428571428,0.6666666666666666,0.5714285714285714,0.6153846153846154,0.7242063492063492,0.6904162128770486,0.6176991514072001,0.21478931597045042,30,12,18,24,False
full_approved__candidate_05,full_approved,unlimited_leaf_regularized,0.625,0.6428571428571429,0.6428571428571429,0.6764705882352942,0.5476190476190477,0.6052631578947368,0.7242063492063492,0.6904162128770486,0.6176991514072001,0.21478931597045042,31,11,19,23,False
full_approved__candidate_05,full_approved,unlimited_leaf_regularized,0.65,0.6309523809523809,0.6309523809523809,0.6666666666666666,0.5238095238095238,0.5866666666666667,0.7242063492063492,0.6904162128770486,0.6176991514072001,0.21478931597045042,31,11,20,22,False
full_approved__candidate_05,full_approved,unlimited_leaf_regularized,0.675,0.5952380952380952,0.5952380952380952,0.6333333333333333,0.4523809523809524,0.5277777777777778,0.7242063492063492,0.6904162128770486,0.6176991514072001,0.21478931597045042,31,11,23,19,False
full_approved__candidate_05,full_approved,unlimited_leaf_regularized,0.7,0.6071428571428571,0.6071428571428571,0.6551724137931034,0.4523809523809524,0.5352112676056338,0.7242063492063492,0.6904162128770486,0.6176991514072001,0.21478931597045042,32,10,23,19,False
full_approved__candidate_05,full_approved,unlimited_leaf_regularized,0.725,0.6547619047619048,0.6547619047619048,0.782608695652174,0.42857142857142855,0.5538461538461539,0.7242063492063492,0.6904162128770486,0.6176991514072001,0.21478931597045042,37,5,24,18,False
full_approved__candidate_05,full_approved,unlimited_leaf_regularized,0.75,0.6428571428571429,0.6428571428571428,0.8,0.38095238095238093,0.5161290322580645,0.7242063492063492,0.6904162128770486,0.6176991514072001,0.21478931597045042,38,4,26,16,False
full_approved__candidate_05,full_approved,unlimited_leaf_regularized,0.775,0.5714285714285714,0.5714285714285714,0.8,0.19047619047619047,0.3076923076923077,0.7242063492063492,0.6904162128770486,0.6176991514072001,0.21478931597045042,40,2,34,8,False
full_approved__candidate_05,full_approved,unlimited_leaf_regularized,0.8,0.5476190476190477,0.5476190476190476,0.75,0.14285714285714285,0.24,0.7242063492063492,0.6904162128770486,0.6176991514072001,0.21478931597045042,40,2,36,6,False
full_approved__candidate_06,full_approved,balanced_subsample,0.2,0.5833333333333334,0.5833333333333333,0.5466666666666666,0.9761904761904762,0.7008547008547008,0.731859410430839,0.716422156611146,0.6112455424986973,0.21221419494692803,8,34,1,41,False
full_approved__candidate_06,full_approved,balanced_subsample,0.225,0.5952380952380952,0.5952380952380952,0.5540540540540541,0.9761904761904762,0.7068965517241379,0.731859410430839,0.716422156611146,0.6112455424986973,0.21221419494692803,9,33,1,41,False
full_approved__candidate_06,full_approved,balanced_subsample,0.25,0.5952380952380952,0.5952380952380952,0.5540540540540541,0.9761904761904762,0.7068965517241379,0.731859410430839,0.716422156611146,0.6112455424986973,0.21221419494692803,9,33,1,41,False
full_approved__candidate_06,full_approved,balanced_subsample,0.275,0.6071428571428571,0.6071428571428571,0.5633802816901409,0.9523809523809523,0.7079646017699115,0.731859410430839,0.716422156611146,0.6112455424986973,0.21221419494692803,11,31,2,40,False
full_approved__candidate_06,full_approved,balanced_subsample,0.3,0.6071428571428571,0.6071428571428572,0.5652173913043478,0.9285714285714286,0.7027027027027027,0.731859410430839,0.716422156611146,0.6112455424986973,0.21221419494692803,12,30,3,39,False
full_approved__candidate_06,full_approved,balanced_subsample,0.325,0.6309523809523809,0.6309523809523809,0.582089552238806,0.9285714285714286,0.7155963302752294,0.731859410430839,0.716422156611146,0.6112455424986973,0.21221419494692803,14,28,3,39,False
full_approved__candidate_06,full_approved,balanced_subsample,0.35,0.6428571428571429,0.6428571428571429,0.5909090909090909,0.9285714285714286,0.7222222222222222,0.731859410430839,0.716422156611146,0.6112455424986973,0.21221419494692803,15,27,3,39,False
full_approved__candidate_06,full_approved,balanced_subsample,0.375,0.6785714285714286,0.6785714285714286,0.6229508196721312,0.9047619047619048,0.7378640776699029,0.731859410430839,0.716422156611146,0.6112455424986973,0.21221419494692803,19,23,4,38,False
full_approved__candidate_06,full_approved,balanced_subsample,0.4,0.7023809523809523,0.7023809523809523,0.6491228070175439,0.8809523809523809,0.7474747474747475,0.731859410430839,0.716422156611146,0.6112455424986973,0.21221419494692803,22,20,5,37,False
full_approved__candidate_06,full_approved,balanced_subsample,0.425,0.7142857142857143,0.7142857142857142,0.6666666666666666,0.8571428571428571,0.75,0.731859410430839,0.716422156611146,0.6112455424986973,0.21221419494692803,24,18,6,36,True
full_approved__candidate_06,full_approved,balanced_subsample,0.45,0.6904761904761905,0.6904761904761905,0.6538461538461539,0.8095238095238095,0.723404255319149,0.731859410430839,0.716422156611146,0.6112455424986973,0.21221419494692803,24,18,8,34,False
full_approved__candidate_06,full_approved,balanced_subsample,0.475,0.6666666666666666,0.6666666666666667,0.6458333333333334,0.7380952380952381,0.6888888888888889,0.731859410430839,0.716422156611146,0.6112455424986973,0.21221419494692803,25,17,11,31,False
full_approved__candidate_06,full_approved,balanced_subsample,0.5,0.6428571428571429,0.6428571428571428,0.6304347826086957,0.6904761904761905,0.6590909090909091,0.731859410430839,0.716422156611146,0.6112455424986973,0.21221419494692803,25,17,13,29,False
full_approved__candidate_06,full_approved,balanced_subsample,0.525,0.6309523809523809,0.6309523809523809,0.6222222222222222,0.6666666666666666,0.6436781609195402,0.731859410430839,0.716422156611146,0.6112455424986973,0.21221419494692803,25,17,14,28,False
full_approved__candidate_06,full_approved,balanced_subsample,0.55,0.6428571428571429,0.6428571428571429,0.6428571428571429,0.6428571428571429,0.6428571428571429,0.731859410430839,0.716422156611146,0.6112455424986973,0.21221419494692803,27,15,15,27,False
full_approved__candidate_06,full_approved,balanced_subsample,0.575,0.6190476190476191,0.6190476190476191,0.631578947368421,0.5714285714285714,0.6,0.731859410430839,0.716422156611146,0.6112455424986973,0.21221419494692803,28,14,18,24,False
full_approved__candidate_06,full_approved,balanced_subsample,0.6,0.6309523809523809,0.6309523809523809,0.6486486486486487,0.5714285714285714,0.6075949367088608,0.731859410430839,0.716422156611146,0.6112455424986973,0.21221419494692803,29,13,18,24,False
full_approved__candidate_06,full_approved,balanced_subsample,0.625,0.6428571428571429,0.6428571428571429,0.6764705882352942,0.5476190476190477,0.6052631578947368,0.731859410430839,0.716422156611146,0.6112455424986973,0.21221419494692803,31,11,19,23,False
full_approved__candidate_06,full_approved,balanced_subsample,0.65,0.6309523809523809,0.6309523809523809,0.6666666666666666,0.5238095238095238,0.5866666666666667,0.731859410430839,0.716422156611146,0.6112455424986973,0.21221419494692803,31,11,20,22,False
full_approved__candidate_06,full_approved,balanced_subsample,0.675,0.6071428571428571,0.6071428571428572,0.6451612903225806,0.47619047619047616,0.547945205479452,0.731859410430839,0.716422156611146,0.6112455424986973,0.21221419494692803,31,11,22,20,False
full_approved__candidate_06,full_approved,balanced_subsample,0.7,0.6190476190476191,0.6190476190476191,0.6785714285714286,0.4523809523809524,0.5428571428571428,0.731859410430839,0.716422156611146,0.6112455424986973,0.21221419494692803,33,9,23,19,False
full_approved__candidate_06,full_approved,balanced_subsample,0.725,0.6547619047619048,0.6547619047619048,0.782608695652174,0.42857142857142855,0.5538461538461539,0.731859410430839,0.716422156611146,0.6112455424986973,0.21221419494692803,37,5,24,18,False
full_approved__candidate_06,full_approved,balanced_subsample,0.75,0.6309523809523809,0.6309523809523809,0.7619047619047619,0.38095238095238093,0.5079365079365079,0.731859410430839,0.716422156611146,0.6112455424986973,0.21221419494692803,37,5,26,16,False
full_approved__candidate_06,full_approved,balanced_subsample,0.775,0.5952380952380952,0.5952380952380952,0.7857142857142857,0.2619047619047619,0.39285714285714285,0.731859410430839,0.716422156611146,0.6112455424986973,0.21221419494692803,39,3,31,11,False
full_approved__candidate_06,full_approved,balanced_subsample,0.8,0.5595238095238095,0.5595238095238095,0.7777777777777778,0.16666666666666666,0.27450980392156865,0.731859410430839,0.716422156611146,0.6112455424986973,0.21221419494692803,40,2,35,7,False
full_approved__candidate_07,full_approved,conservative_leaf,0.2,0.5833333333333334,0.5833333333333333,0.5466666666666666,0.9761904761904762,0.7008547008547008,0.7091836734693878,0.689197658335673,0.6292119614927109,0.22016820873628,8,34,1,41,False
full_approved__candidate_07,full_approved,conservative_leaf,0.225,0.6071428571428571,0.6071428571428571,0.5616438356164384,0.9761904761904762,0.7130434782608696,0.7091836734693878,0.689197658335673,0.6292119614927109,0.22016820873628,10,32,1,41,False
full_approved__candidate_07,full_approved,conservative_leaf,0.25,0.5952380952380952,0.5952380952380952,0.5571428571428572,0.9285714285714286,0.6964285714285714,0.7091836734693878,0.689197658335673,0.6292119614927109,0.22016820873628,11,31,3,39,False
full_approved__candidate_07,full_approved,conservative_leaf,0.275,0.5952380952380952,0.5952380952380952,0.5571428571428572,0.9285714285714286,0.6964285714285714,0.7091836734693878,0.689197658335673,0.6292119614927109,0.22016820873628,11,31,3,39,False
full_approved__candidate_07,full_approved,conservative_leaf,0.3,0.6309523809523809,0.6309523809523809,0.582089552238806,0.9285714285714286,0.7155963302752294,0.7091836734693878,0.689197658335673,0.6292119614927109,0.22016820873628,14,28,3,39,True
full_approved__candidate_07,full_approved,conservative_leaf,0.325,0.6309523809523809,0.6309523809523809,0.582089552238806,0.9285714285714286,0.7155963302752294,0.7091836734693878,0.689197658335673,0.6292119614927109,0.22016820873628,14,28,3,39,False
full_approved__candidate_07,full_approved,conservative_leaf,0.35,0.6309523809523809,0.6309523809523809,0.5901639344262295,0.8571428571428571,0.6990291262135923,0.7091836734693878,0.689197658335673,0.6292119614927109,0.22016820873628,17,25,6,36,False
full_approved__candidate_07,full_approved,conservative_leaf,0.375,0.6547619047619048,0.6547619047619048,0.6140350877192983,0.8333333333333334,0.7070707070707071,0.7091836734693878,0.689197658335673,0.6292119614927109,0.22016820873628,20,22,7,35,False
full_approved__candidate_07,full_approved,conservative_leaf,0.4,0.6666666666666666,0.6666666666666667,0.6296296296296297,0.8095238095238095,0.7083333333333334,0.7091836734693878,0.689197658335673,0.6292119614927109,0.22016820873628,22,20,8,34,False
full_approved__candidate_07,full_approved,conservative_leaf,0.425,0.6428571428571429,0.6428571428571429,0.62,0.7380952380952381,0.6739130434782609,0.7091836734693878,0.689197658335673,0.6292119614927109,0.22016820873628,23,19,11,31,False
full_approved__candidate_07,full_approved,conservative_leaf,0.45,0.6309523809523809,0.6309523809523809,0.6122448979591837,0.7142857142857143,0.6593406593406593,0.7091836734693878,0.689197658335673,0.6292119614927109,0.22016820873628,23,19,12,30,False
full_approved__candidate_07,full_approved,conservative_leaf,0.475,0.6547619047619048,0.6547619047619048,0.6382978723404256,0.7142857142857143,0.6741573033707865,0.7091836734693878,0.689197658335673,0.6292119614927109,0.22016820873628,25,17,12,30,False
full_approved__candidate_07,full_approved,conservative_leaf,0.5,0.6309523809523809,0.6309523809523809,0.627906976744186,0.6428571428571429,0.6352941176470588,0.7091836734693878,0.689197658335673,0.6292119614927109,0.22016820873628,26,16,15,27,False
full_approved__candidate_07,full_approved,conservative_leaf,0.525,0.6190476190476191,0.6190476190476191,0.625,0.5952380952380952,0.6097560975609756,0.7091836734693878,0.689197658335673,0.6292119614927109,0.22016820873628,27,15,17,25,False
full_approved__candidate_07,full_approved,conservative_leaf,0.55,0.6309523809523809,0.6309523809523809,0.6410256410256411,0.5952380952380952,0.6172839506172839,0.7091836734693878,0.689197658335673,0.6292119614927109,0.22016820873628,28,14,17,25,False
full_approved__candidate_07,full_approved,conservative_leaf,0.575,0.6309523809523809,0.6309523809523809,0.6486486486486487,0.5714285714285714,0.6075949367088608,0.7091836734693878,0.689197658335673,0.6292119614927109,0.22016820873628,29,13,18,24,False
full_approved__candidate_07,full_approved,conservative_leaf,0.6,0.6547619047619048,0.6547619047619048,0.6857142857142857,0.5714285714285714,0.6233766233766234,0.7091836734693878,0.689197658335673,0.6292119614927109,0.22016820873628,31,11,18,24,False
full_approved__candidate_07,full_approved,conservative_leaf,0.625,0.6547619047619048,0.6547619047619048,0.7096774193548387,0.5238095238095238,0.6027397260273972,0.7091836734693878,0.689197658335673,0.6292119614927109,0.22016820873628,33,9,20,22,False
full_approved__candidate_07,full_approved,conservative_leaf,0.65,0.6428571428571429,0.6428571428571428,0.7,0.5,0.5833333333333334,0.7091836734693878,0.689197658335673,0.6292119614927109,0.22016820873628,33,9,21,21,False
full_approved__candidate_07,full_approved,conservative_leaf,0.675,0.6309523809523809,0.6309523809523809,0.6896551724137931,0.47619047619047616,0.5633802816901409,0.7091836734693878,0.689197658335673,0.6292119614927109,0.22016820873628,33,9,22,20,False
full_approved__candidate_07,full_approved,conservative_leaf,0.7,0.6309523809523809,0.6309523809523809,0.6896551724137931,0.47619047619047616,0.5633802816901409,0.7091836734693878,0.689197658335673,0.6292119614927109,0.22016820873628,33,9,22,20,False
full_approved__candidate_07,full_approved,conservative_leaf,0.725,0.6071428571428571,0.6071428571428571,0.6666666666666666,0.42857142857142855,0.5217391304347826,0.7091836734693878,0.689197658335673,0.6292119614927109,0.22016820873628,33,9,24,18,False
full_approved__candidate_07,full_approved,conservative_leaf,0.75,0.6190476190476191,0.6190476190476191,0.75,0.35714285714285715,0.4838709677419355,0.7091836734693878,0.689197658335673,0.6292119614927109,0.22016820873628,37,5,27,15,False
full_approved__candidate_07,full_approved,conservative_leaf,0.775,0.5714285714285714,0.5714285714285714,0.75,0.21428571428571427,0.3333333333333333,0.7091836734693878,0.689197658335673,0.6292119614927109,0.22016820873628,39,3,33,9,False
full_approved__candidate_07,full_approved,conservative_leaf,0.8,0.5476190476190477,0.5476190476190476,0.75,0.14285714285714285,0.24,0.7091836734693878,0.689197658335673,0.6292119614927109,0.22016820873628,40,2,36,6,False
full_approved__candidate_08,full_approved,wide_feature_sampling,0.2,0.5833333333333334,0.5833333333333333,0.547945205479452,0.9523809523809523,0.6956521739130435,0.7264739229024944,0.7393039855346065,0.617858902881136,0.2146338252651637,9,33,2,40,False
full_approved__candidate_08,full_approved,wide_feature_sampling,0.225,0.5714285714285714,0.5714285714285714,0.5416666666666666,0.9285714285714286,0.6842105263157895,0.7264739229024944,0.7393039855346065,0.617858902881136,0.2146338252651637,9,33,3,39,False
full_approved__candidate_08,full_approved,wide_feature_sampling,0.25,0.5833333333333334,0.5833333333333334,0.5492957746478874,0.9285714285714286,0.6902654867256637,0.7264739229024944,0.7393039855346065,0.617858902881136,0.2146338252651637,10,32,3,39,False
full_approved__candidate_08,full_approved,wide_feature_sampling,0.275,0.6071428571428571,0.6071428571428572,0.5652173913043478,0.9285714285714286,0.7027027027027027,0.7264739229024944,0.7393039855346065,0.617858902881136,0.2146338252651637,12,30,3,39,False
full_approved__candidate_08,full_approved,wide_feature_sampling,0.3,0.6190476190476191,0.6190476190476191,0.5757575757575758,0.9047619047619048,0.7037037037037037,0.7264739229024944,0.7393039855346065,0.617858902881136,0.2146338252651637,14,28,4,38,False
full_approved__candidate_08,full_approved,wide_feature_sampling,0.325,0.6547619047619048,0.6547619047619048,0.6065573770491803,0.8809523809523809,0.7184466019417476,0.7264739229024944,0.7393039855346065,0.617858902881136,0.2146338252651637,18,24,5,37,True
full_approved__candidate_08,full_approved,wide_feature_sampling,0.35,0.6547619047619048,0.6547619047619048,0.6065573770491803,0.8809523809523809,0.7184466019417476,0.7264739229024944,0.7393039855346065,0.617858902881136,0.2146338252651637,18,24,5,37,False
full_approved__candidate_08,full_approved,wide_feature_sampling,0.375,0.6547619047619048,0.6547619047619048,0.6140350877192983,0.8333333333333334,0.7070707070707071,0.7264739229024944,0.7393039855346065,0.617858902881136,0.2146338252651637,20,22,7,35,False
full_approved__candidate_08,full_approved,wide_feature_sampling,0.4,0.6547619047619048,0.6547619047619048,0.6181818181818182,0.8095238095238095,0.7010309278350515,0.7264739229024944,0.7393039855346065,0.617858902881136,0.2146338252651637,21,21,8,34,False
full_approved__candidate_08,full_approved,wide_feature_sampling,0.425,0.6547619047619048,0.6547619047619048,0.6226415094339622,0.7857142857142857,0.6947368421052632,0.7264739229024944,0.7393039855346065,0.617858902881136,0.2146338252651637,22,20,9,33,False
full_approved__candidate_08,full_approved,wide_feature_sampling,0.45,0.6428571428571429,0.6428571428571429,0.62,0.7380952380952381,0.6739130434782609,0.7264739229024944,0.7393039855346065,0.617858902881136,0.2146338252651637,23,19,11,31,False
full_approved__candidate_08,full_approved,wide_feature_sampling,0.475,0.6190476190476191,0.6190476190476191,0.6086956521739131,0.6666666666666666,0.6363636363636364,0.7264739229024944,0.7393039855346065,0.617858902881136,0.2146338252651637,24,18,14,28,False
full_approved__candidate_08,full_approved,wide_feature_sampling,0.5,0.6547619047619048,0.6547619047619048,0.6511627906976745,0.6666666666666666,0.6588235294117647,0.7264739229024944,0.7393039855346065,0.617858902881136,0.2146338252651637,27,15,14,28,False
full_approved__candidate_08,full_approved,wide_feature_sampling,0.525,0.6666666666666666,0.6666666666666666,0.6666666666666666,0.6666666666666666,0.6666666666666666,0.7264739229024944,0.7393039855346065,0.617858902881136,0.2146338252651637,28,14,14,28,False
full_approved__candidate_08,full_approved,wide_feature_sampling,0.55,0.6547619047619048,0.6547619047619048,0.6585365853658537,0.6428571428571429,0.6506024096385542,0.7264739229024944,0.7393039855346065,0.617858902881136,0.2146338252651637,28,14,15,27,False
full_approved__candidate_08,full_approved,wide_feature_sampling,0.575,0.6309523809523809,0.6309523809523809,0.6486486486486487,0.5714285714285714,0.6075949367088608,0.7264739229024944,0.7393039855346065,0.617858902881136,0.2146338252651637,29,13,18,24,False
full_approved__candidate_08,full_approved,wide_feature_sampling,0.6,0.6428571428571429,0.6428571428571428,0.6666666666666666,0.5714285714285714,0.6153846153846154,0.7264739229024944,0.7393039855346065,0.617858902881136,0.2146338252651637,30,12,18,24,False
full_approved__candidate_08,full_approved,wide_feature_sampling,0.625,0.6547619047619048,0.6547619047619048,0.6857142857142857,0.5714285714285714,0.6233766233766234,0.7264739229024944,0.7393039855346065,0.617858902881136,0.2146338252651637,31,11,18,24,False
full_approved__candidate_08,full_approved,wide_feature_sampling,0.65,0.6904761904761905,0.6904761904761905,0.7857142857142857,0.5238095238095238,0.6285714285714286,0.7264739229024944,0.7393039855346065,0.617858902881136,0.2146338252651637,36,6,20,22,False
full_approved__candidate_08,full_approved,wide_feature_sampling,0.675,0.6428571428571429,0.6428571428571428,0.75,0.42857142857142855,0.5454545454545454,0.7264739229024944,0.7393039855346065,0.617858902881136,0.2146338252651637,36,6,24,18,False
full_approved__candidate_08,full_approved,wide_feature_sampling,0.7,0.6190476190476191,0.6190476190476191,0.7272727272727273,0.38095238095238093,0.5,0.7264739229024944,0.7393039855346065,0.617858902881136,0.2146338252651637,36,6,26,16,False
full_approved__candidate_08,full_approved,wide_feature_sampling,0.725,0.6190476190476191,0.6190476190476191,0.75,0.35714285714285715,0.4838709677419355,0.7264739229024944,0.7393039855346065,0.617858902881136,0.2146338252651637,37,5,27,15,False
full_approved__candidate_08,full_approved,wide_feature_sampling,0.75,0.6071428571428571,0.6071428571428572,0.8,0.2857142857142857,0.42105263157894735,0.7264739229024944,0.7393039855346065,0.617858902881136,0.2146338252651637,39,3,30,12,False
full_approved__candidate_08,full_approved,wide_feature_sampling,0.775,0.5714285714285714,0.5714285714285714,0.75,0.21428571428571427,0.3333333333333333,0.7264739229024944,0.7393039855346065,0.617858902881136,0.2146338252651637,39,3,33,9,False
full_approved__candidate_08,full_approved,wide_feature_sampling,0.8,0.5595238095238095,0.5595238095238095,0.7272727272727273,0.19047619047619047,0.3018867924528302,0.7264739229024944,0.7393039855346065,0.617858902881136,0.2146338252651637,39,3,34,8,False
core_raw__candidate_01,core_raw,shallow_regularized,0.2,0.5476190476190477,0.5476190476190477,0.525,1.0,0.6885245901639344,0.7159863945578231,0.6676158147918607,0.624939299159865,0.21789024407480814,4,38,0,42,False
core_raw__candidate_01,core_raw,shallow_regularized,0.225,0.5476190476190477,0.5476190476190477,0.525,1.0,0.6885245901639344,0.7159863945578231,0.6676158147918607,0.624939299159865,0.21789024407480814,4,38,0,42,False
core_raw__candidate_01,core_raw,shallow_regularized,0.25,0.5595238095238095,0.5595238095238095,0.5316455696202531,1.0,0.6942148760330579,0.7159863945578231,0.6676158147918607,0.624939299159865,0.21789024407480814,5,37,0,42,False
core_raw__candidate_01,core_raw,shallow_regularized,0.275,0.5833333333333334,0.5833333333333333,0.5466666666666666,0.9761904761904762,0.7008547008547008,0.7159863945578231,0.6676158147918607,0.624939299159865,0.21789024407480814,8,34,1,41,False
core_raw__candidate_01,core_raw,shallow_regularized,0.3,0.5833333333333334,0.5833333333333333,0.5466666666666666,0.9761904761904762,0.7008547008547008,0.7159863945578231,0.6676158147918607,0.624939299159865,0.21789024407480814,8,34,1,41,False
core_raw__candidate_01,core_raw,shallow_regularized,0.325,0.6071428571428571,0.6071428571428571,0.5616438356164384,0.9761904761904762,0.7130434782608696,0.7159863945578231,0.6676158147918607,0.624939299159865,0.21789024407480814,10,32,1,41,False
core_raw__candidate_01,core_raw,shallow_regularized,0.35,0.6309523809523809,0.6309523809523809,0.582089552238806,0.9285714285714286,0.7155963302752294,0.7159863945578231,0.6676158147918607,0.624939299159865,0.21789024407480814,14,28,3,39,False
core_raw__candidate_01,core_raw,shallow_regularized,0.375,0.6547619047619048,0.6547619047619048,0.6065573770491803,0.8809523809523809,0.7184466019417476,0.7159863945578231,0.6676158147918607,0.624939299159865,0.21789024407480814,18,24,5,37,True
core_raw__candidate_01,core_raw,shallow_regularized,0.4,0.6428571428571429,0.6428571428571428,0.6,0.8571428571428571,0.7058823529411765,0.7159863945578231,0.6676158147918607,0.624939299159865,0.21789024407480814,18,24,6,36,False
core_raw__candidate_01,core_raw,shallow_regularized,0.425,0.6666666666666666,0.6666666666666667,0.625,0.8333333333333334,0.7142857142857143,0.7159863945578231,0.6676158147918607,0.624939299159865,0.21789024407480814,21,21,7,35,False
core_raw__candidate_01,core_raw,shallow_regularized,0.45,0.6785714285714286,0.6785714285714286,0.6470588235294118,0.7857142857142857,0.7096774193548387,0.7159863945578231,0.6676158147918607,0.624939299159865,0.21789024407480814,24,18,9,33,False
core_raw__candidate_01,core_raw,shallow_regularized,0.475,0.6666666666666666,0.6666666666666667,0.6458333333333334,0.7380952380952381,0.6888888888888889,0.7159863945578231,0.6676158147918607,0.624939299159865,0.21789024407480814,25,17,11,31,False
core_raw__candidate_01,core_raw,shallow_regularized,0.5,0.6666666666666666,0.6666666666666667,0.6521739130434783,0.7142857142857143,0.6818181818181818,0.7159863945578231,0.6676158147918607,0.624939299159865,0.21789024407480814,26,16,12,30,False
core_raw__candidate_01,core_raw,shallow_regularized,0.525,0.6190476190476191,0.6190476190476191,0.6190476190476191,0.6190476190476191,0.6190476190476191,0.7159863945578231,0.6676158147918607,0.624939299159865,0.21789024407480814,26,16,16,26,False
core_raw__candidate_01,core_raw,shallow_regularized,0.55,0.6190476190476191,0.6190476190476191,0.625,0.5952380952380952,0.6097560975609756,0.7159863945578231,0.6676158147918607,0.624939299159865,0.21789024407480814,27,15,17,25,False
core_raw__candidate_01,core_raw,shallow_regularized,0.575,0.6547619047619048,0.6547619047619048,0.6756756756756757,0.5952380952380952,0.6329113924050633,0.7159863945578231,0.6676158147918607,0.624939299159865,0.21789024407480814,30,12,17,25,False
core_raw__candidate_01,core_raw,shallow_regularized,0.6,0.6190476190476191,0.6190476190476191,0.6470588235294118,0.5238095238095238,0.5789473684210527,0.7159863945578231,0.6676158147918607,0.624939299159865,0.21789024407480814,30,12,20,22,False
core_raw__candidate_01,core_raw,shallow_regularized,0.625,0.6190476190476191,0.6190476190476191,0.6666666666666666,0.47619047619047616,0.5555555555555556,0.7159863945578231,0.6676158147918607,0.624939299159865,0.21789024407480814,32,10,22,20,False
core_raw__candidate_01,core_raw,shallow_regularized,0.65,0.6071428571428571,0.6071428571428571,0.6551724137931034,0.4523809523809524,0.5352112676056338,0.7159863945578231,0.6676158147918607,0.624939299159865,0.21789024407480814,32,10,23,19,False
core_raw__candidate_01,core_raw,shallow_regularized,0.675,0.5952380952380952,0.5952380952380952,0.6428571428571429,0.42857142857142855,0.5142857142857142,0.7159863945578231,0.6676158147918607,0.624939299159865,0.21789024407480814,32,10,24,18,False
core_raw__candidate_01,core_raw,shallow_regularized,0.7,0.6071428571428571,0.6071428571428571,0.6666666666666666,0.42857142857142855,0.5217391304347826,0.7159863945578231,0.6676158147918607,0.624939299159865,0.21789024407480814,33,9,24,18,False
core_raw__candidate_01,core_raw,shallow_regularized,0.725,0.6071428571428571,0.6071428571428572,0.7647058823529411,0.30952380952380953,0.4406779661016949,0.7159863945578231,0.6676158147918607,0.624939299159865,0.21789024407480814,38,4,29,13,False
core_raw__candidate_01,core_raw,shallow_regularized,0.75,0.5357142857142857,0.5357142857142857,0.7142857142857143,0.11904761904761904,0.20408163265306123,0.7159863945578231,0.6676158147918607,0.624939299159865,0.21789024407480814,40,2,37,5,False
core_raw__candidate_01,core_raw,shallow_regularized,0.775,0.5238095238095238,0.5238095238095238,0.75,0.07142857142857142,0.13043478260869565,0.7159863945578231,0.6676158147918607,0.624939299159865,0.21789024407480814,41,1,39,3,False
core_raw__candidate_01,core_raw,shallow_regularized,0.8,0.4880952380952381,0.4880952380952381,0.0,0.0,0.0,0.7159863945578231,0.6676158147918607,0.624939299159865,0.21789024407480814,41,1,42,0,False
core_raw__candidate_02,core_raw,medium_regularized,0.2,0.5476190476190477,0.5476190476190476,0.5256410256410257,0.9761904761904762,0.6833333333333333,0.7210884353741497,0.6710175684396467,0.6181606882787662,0.21366788577709558,5,37,1,41,False
core_raw__candidate_02,core_raw,medium_regularized,0.225,0.5833333333333334,0.5833333333333333,0.5466666666666666,0.9761904761904762,0.7008547008547008,0.7210884353741497,0.6710175684396467,0.6181606882787662,0.21366788577709558,8,34,1,41,False
core_raw__candidate_02,core_raw,medium_regularized,0.25,0.5952380952380952,0.5952380952380952,0.5540540540540541,0.9761904761904762,0.7068965517241379,0.7210884353741497,0.6710175684396467,0.6181606882787662,0.21366788577709558,9,33,1,41,False
core_raw__candidate_02,core_raw,medium_regularized,0.275,0.5952380952380952,0.5952380952380952,0.5555555555555556,0.9523809523809523,0.7017543859649122,0.7210884353741497,0.6710175684396467,0.6181606882787662,0.21366788577709558,10,32,2,40,False
core_raw__candidate_02,core_raw,medium_regularized,0.3,0.5952380952380952,0.5952380952380952,0.5555555555555556,0.9523809523809523,0.7017543859649122,0.7210884353741497,0.6710175684396467,0.6181606882787662,0.21366788577709558,10,32,2,40,False
core_raw__candidate_02,core_raw,medium_regularized,0.325,0.6190476190476191,0.6190476190476191,0.5714285714285714,0.9523809523809523,0.7142857142857143,0.7210884353741497,0.6710175684396467,0.6181606882787662,0.21366788577709558,12,30,2,40,False
core_raw__candidate_02,core_raw,medium_regularized,0.35,0.6428571428571429,0.6428571428571429,0.5909090909090909,0.9285714285714286,0.7222222222222222,0.7210884353741497,0.6710175684396467,0.6181606882787662,0.21366788577709558,15,27,3,39,False
core_raw__candidate_02,core_raw,medium_regularized,0.375,0.6428571428571429,0.6428571428571428,0.5967741935483871,0.8809523809523809,0.7115384615384616,0.7210884353741497,0.6710175684396467,0.6181606882787662,0.21366788577709558,17,25,5,37,False
core_raw__candidate_02,core_raw,medium_regularized,0.4,0.6785714285714286,0.6785714285714286,0.6271186440677966,0.8809523809523809,0.7326732673267327,0.7210884353741497,0.6710175684396467,0.6181606882787662,0.21366788577709558,20,22,5,37,True
core_raw__candidate_02,core_raw,medium_regularized,0.425,0.6547619047619048,0.6547619047619048,0.6181818181818182,0.8095238095238095,0.7010309278350515,0.7210884353741497,0.6710175684396467,0.6181606882787662,0.21366788577709558,21,21,8,34,False
core_raw__candidate_02,core_raw,medium_regularized,0.45,0.6785714285714286,0.6785714285714286,0.6470588235294118,0.7857142857142857,0.7096774193548387,0.7210884353741497,0.6710175684396467,0.6181606882787662,0.21366788577709558,24,18,9,33,False
core_raw__candidate_02,core_raw,medium_regularized,0.475,0.7023809523809523,0.7023809523809523,0.673469387755102,0.7857142857142857,0.7252747252747253,0.7210884353741497,0.6710175684396467,0.6181606882787662,0.21366788577709558,26,16,9,33,False
core_raw__candidate_02,core_raw,medium_regularized,0.5,0.6904761904761905,0.6904761904761905,0.6666666666666666,0.7619047619047619,0.7111111111111111,0.7210884353741497,0.6710175684396467,0.6181606882787662,0.21366788577709558,26,16,10,32,False
core_raw__candidate_02,core_raw,medium_regularized,0.525,0.6666666666666666,0.6666666666666667,0.6521739130434783,0.7142857142857143,0.6818181818181818,0.7210884353741497,0.6710175684396467,0.6181606882787662,0.21366788577709558,26,16,12,30,False
core_raw__candidate_02,core_raw,medium_regularized,0.55,0.6547619047619048,0.6547619047619048,0.6511627906976745,0.6666666666666666,0.6588235294117647,0.7210884353741497,0.6710175684396467,0.6181606882787662,0.21366788577709558,27,15,14,28,False
core_raw__candidate_02,core_raw,medium_regularized,0.575,0.6428571428571429,0.6428571428571428,0.6578947368421053,0.5952380952380952,0.625,0.7210884353741497,0.6710175684396467,0.6181606882787662,0.21366788577709558,29,13,17,25,False
core_raw__candidate_02,core_raw,medium_regularized,0.6,0.6428571428571429,0.6428571428571428,0.6666666666666666,0.5714285714285714,0.6153846153846154,0.7210884353741497,0.6710175684396467,0.6181606882787662,0.21366788577709558,30,12,18,24,False
core_raw__candidate_02,core_raw,medium_regularized,0.625,0.6428571428571429,0.6428571428571429,0.6764705882352942,0.5476190476190477,0.6052631578947368,0.7210884353741497,0.6710175684396467,0.6181606882787662,0.21366788577709558,31,11,19,23,False
core_raw__candidate_02,core_raw,medium_regularized,0.65,0.6428571428571429,0.6428571428571429,0.6764705882352942,0.5476190476190477,0.6052631578947368,0.7210884353741497,0.6710175684396467,0.6181606882787662,0.21366788577709558,31,11,19,23,False
core_raw__candidate_02,core_raw,medium_regularized,0.675,0.6071428571428571,0.6071428571428571,0.6551724137931034,0.4523809523809524,0.5352112676056338,0.7210884353741497,0.6710175684396467,0.6181606882787662,0.21366788577709558,32,10,23,19,False
core_raw__candidate_02,core_raw,medium_regularized,0.7,0.6071428571428571,0.6071428571428571,0.6666666666666666,0.42857142857142855,0.5217391304347826,0.7210884353741497,0.6710175684396467,0.6181606882787662,0.21366788577709558,33,9,24,18,False
core_raw__candidate_02,core_raw,medium_regularized,0.725,0.6190476190476191,0.6190476190476191,0.7272727272727273,0.38095238095238093,0.5,0.7210884353741497,0.6710175684396467,0.6181606882787662,0.21366788577709558,36,6,26,16,False
core_raw__candidate_02,core_raw,medium_regularized,0.75,0.6071428571428571,0.6071428571428571,0.7368421052631579,0.3333333333333333,0.45901639344262296,0.7210884353741497,0.6710175684396467,0.6181606882787662,0.21366788577709558,37,5,28,14,False
core_raw__candidate_02,core_raw,medium_regularized,0.775,0.5833333333333334,0.5833333333333334,0.7333333333333333,0.2619047619047619,0.38596491228070173,0.7210884353741497,0.6710175684396467,0.6181606882787662,0.21366788577709558,38,4,31,11,False
core_raw__candidate_02,core_raw,medium_regularized,0.8,0.5357142857142857,0.5357142857142857,0.6666666666666666,0.14285714285714285,0.23529411764705882,0.7210884353741497,0.6710175684396467,0.6181606882787662,0.21366788577709558,39,3,36,6,False
core_raw__candidate_03,core_raw,medium_wider_features,0.2,0.5952380952380952,0.5952380952380952,0.5540540540540541,0.9761904761904762,0.7068965517241379,0.7307256235827665,0.7287681208315626,0.612367265482392,0.2120672437423757,9,33,1,41,False
core_raw__candidate_03,core_raw,medium_wider_features,0.225,0.5833333333333334,0.5833333333333333,0.547945205479452,0.9523809523809523,0.6956521739130435,0.7307256235827665,0.7287681208315626,0.612367265482392,0.2120672437423757,9,33,2,40,False
core_raw__candidate_03,core_raw,medium_wider_features,0.25,0.5952380952380952,0.5952380952380952,0.5555555555555556,0.9523809523809523,0.7017543859649122,0.7307256235827665,0.7287681208315626,0.612367265482392,0.2120672437423757,10,32,2,40,False
core_raw__candidate_03,core_raw,medium_wider_features,0.275,0.6190476190476191,0.6190476190476191,0.5735294117647058,0.9285714285714286,0.7090909090909091,0.7307256235827665,0.7287681208315626,0.612367265482392,0.2120672437423757,13,29,3,39,False
core_raw__candidate_03,core_raw,medium_wider_features,0.3,0.6309523809523809,0.6309523809523809,0.582089552238806,0.9285714285714286,0.7155963302752294,0.7307256235827665,0.7287681208315626,0.612367265482392,0.2120672437423757,14,28,3,39,False
core_raw__candidate_03,core_raw,medium_wider_features,0.325,0.6428571428571429,0.6428571428571428,0.59375,0.9047619047619048,0.7169811320754716,0.7307256235827665,0.7287681208315626,0.612367265482392,0.2120672437423757,16,26,4,38,False
core_raw__candidate_03,core_raw,medium_wider_features,0.35,0.6309523809523809,0.6309523809523809,0.5901639344262295,0.8571428571428571,0.6990291262135923,0.7307256235827665,0.7287681208315626,0.612367265482392,0.2120672437423757,17,25,6,36,False
core_raw__candidate_03,core_raw,medium_wider_features,0.375,0.6666666666666666,0.6666666666666666,0.6206896551724138,0.8571428571428571,0.72,0.7307256235827665,0.7287681208315626,0.612367265482392,0.2120672437423757,20,22,6,36,False
core_raw__candidate_03,core_raw,medium_wider_features,0.4,0.6904761904761905,0.6904761904761905,0.6428571428571429,0.8571428571428571,0.7346938775510204,0.7307256235827665,0.7287681208315626,0.612367265482392,0.2120672437423757,22,20,6,36,True
core_raw__candidate_03,core_raw,medium_wider_features,0.425,0.6785714285714286,0.6785714285714286,0.6415094339622641,0.8095238095238095,0.7157894736842105,0.7307256235827665,0.7287681208315626,0.612367265482392,0.2120672437423757,23,19,8,34,False
core_raw__candidate_03,core_raw,medium_wider_features,0.45,0.6904761904761905,0.6904761904761905,0.6538461538461539,0.8095238095238095,0.723404255319149,0.7307256235827665,0.7287681208315626,0.612367265482392,0.2120672437423757,24,18,8,34,False
core_raw__candidate_03,core_raw,medium_wider_features,0.475,0.6666666666666666,0.6666666666666667,0.6458333333333334,0.7380952380952381,0.6888888888888889,0.7307256235827665,0.7287681208315626,0.612367265482392,0.2120672437423757,25,17,11,31,False
core_raw__candidate_03,core_raw,medium_wider_features,0.5,0.6547619047619048,0.6547619047619048,0.6444444444444445,0.6904761904761905,0.6666666666666666,0.7307256235827665,0.7287681208315626,0.612367265482392,0.2120672437423757,26,16,13,29,False
core_raw__candidate_03,core_raw,medium_wider_features,0.525,0.6309523809523809,0.6309523809523809,0.627906976744186,0.6428571428571429,0.6352941176470588,0.7307256235827665,0.7287681208315626,0.612367265482392,0.2120672437423757,26,16,15,27,False
core_raw__candidate_03,core_raw,medium_wider_features,0.55,0.6428571428571429,0.6428571428571428,0.65,0.6190476190476191,0.6341463414634146,0.7307256235827665,0.7287681208315626,0.612367265482392,0.2120672437423757,28,14,16,26,False
core_raw__candidate_03,core_raw,medium_wider_features,0.575,0.6309523809523809,0.6309523809523809,0.6486486486486487,0.5714285714285714,0.6075949367088608,0.7307256235827665,0.7287681208315626,0.612367265482392,0.2120672437423757,29,13,18,24,False
core_raw__candidate_03,core_raw,medium_wider_features,0.6,0.6547619047619048,0.6547619047619048,0.6857142857142857,0.5714285714285714,0.6233766233766234,0.7307256235827665,0.7287681208315626,0.612367265482392,0.2120672437423757,31,11,18,24,False
core_raw__candidate_03,core_raw,medium_wider_features,0.625,0.6547619047619048,0.6547619047619048,0.6857142857142857,0.5714285714285714,0.6233766233766234,0.7307256235827665,0.7287681208315626,0.612367265482392,0.2120672437423757,31,11,18,24,False
core_raw__candidate_03,core_raw,medium_wider_features,0.65,0.6547619047619048,0.6547619047619048,0.6857142857142857,0.5714285714285714,0.6233766233766234,0.7307256235827665,0.7287681208315626,0.612367265482392,0.2120672437423757,31,11,18,24,False
core_raw__candidate_03,core_raw,medium_wider_features,0.675,0.7023809523809523,0.7023809523809523,0.7931034482758621,0.5476190476190477,0.647887323943662,0.7307256235827665,0.7287681208315626,0.612367265482392,0.2120672437423757,36,6,19,23,False
core_raw__candidate_03,core_raw,medium_wider_features,0.7,0.6190476190476191,0.6190476190476191,0.7272727272727273,0.38095238095238093,0.5,0.7307256235827665,0.7287681208315626,0.612367265482392,0.2120672437423757,36,6,26,16,False
core_raw__candidate_03,core_raw,medium_wider_features,0.725,0.6190476190476191,0.6190476190476191,0.7272727272727273,0.38095238095238093,0.5,0.7307256235827665,0.7287681208315626,0.612367265482392,0.2120672437423757,36,6,26,16,False
core_raw__candidate_03,core_raw,medium_wider_features,0.75,0.5714285714285714,0.5714285714285714,0.6875,0.2619047619047619,0.3793103448275862,0.7307256235827665,0.7287681208315626,0.612367265482392,0.2120672437423757,37,5,31,11,False
core_raw__candidate_03,core_raw,medium_wider_features,0.775,0.5833333333333334,0.5833333333333334,0.7692307692307693,0.23809523809523808,0.36363636363636365,0.7307256235827665,0.7287681208315626,0.612367265482392,0.2120672437423757,39,3,32,10,False
core_raw__candidate_03,core_raw,medium_wider_features,0.8,0.5595238095238095,0.5595238095238095,0.7272727272727273,0.19047619047619047,0.3018867924528302,0.7307256235827665,0.7287681208315626,0.612367265482392,0.2120672437423757,39,3,34,8,False
core_raw__candidate_04,core_raw,deep_regularized,0.2,0.5476190476190477,0.5476190476190476,0.5256410256410257,0.9761904761904762,0.6833333333333333,0.7193877551020408,0.6736245600484074,0.6148964009473842,0.21267991514196838,5,37,1,41,False
core_raw__candidate_04,core_raw,deep_regularized,0.225,0.5833333333333334,0.5833333333333333,0.5466666666666666,0.9761904761904762,0.7008547008547008,0.7193877551020408,0.6736245600484074,0.6148964009473842,0.21267991514196838,8,34,1,41,False
core_raw__candidate_04,core_raw,deep_regularized,0.25,0.5952380952380952,0.5952380952380952,0.5540540540540541,0.9761904761904762,0.7068965517241379,0.7193877551020408,0.6736245600484074,0.6148964009473842,0.21267991514196838,9,33,1,41,False
core_raw__candidate_04,core_raw,deep_regularized,0.275,0.5952380952380952,0.5952380952380952,0.5555555555555556,0.9523809523809523,0.7017543859649122,0.7193877551020408,0.6736245600484074,0.6148964009473842,0.21267991514196838,10,32,2,40,False
core_raw__candidate_04,core_raw,deep_regularized,0.3,0.6190476190476191,0.6190476190476191,0.5714285714285714,0.9523809523809523,0.7142857142857143,0.7193877551020408,0.6736245600484074,0.6148964009473842,0.21267991514196838,12,30,2,40,False
core_raw__candidate_04,core_raw,deep_regularized,0.325,0.6428571428571429,0.6428571428571428,0.5882352941176471,0.9523809523809523,0.7272727272727273,0.7193877551020408,0.6736245600484074,0.6148964009473842,0.21267991514196838,14,28,2,40,True
core_raw__candidate_04,core_raw,deep_regularized,0.35,0.6547619047619048,0.6547619047619048,0.6031746031746031,0.9047619047619048,0.7238095238095238,0.7193877551020408,0.6736245600484074,0.6148964009473842,0.21267991514196838,17,25,4,38,False
core_raw__candidate_04,core_raw,deep_regularized,0.375,0.6428571428571429,0.6428571428571428,0.5967741935483871,0.8809523809523809,0.7115384615384616,0.7193877551020408,0.6736245600484074,0.6148964009473842,0.21267991514196838,17,25,5,37,False
core_raw__candidate_04,core_raw,deep_regularized,0.4,0.6666666666666666,0.6666666666666666,0.6206896551724138,0.8571428571428571,0.72,0.7193877551020408,0.6736245600484074,0.6148964009473842,0.21267991514196838,20,22,6,36,False
core_raw__candidate_04,core_raw,deep_regularized,0.425,0.6666666666666666,0.6666666666666667,0.6296296296296297,0.8095238095238095,0.7083333333333334,0.7193877551020408,0.6736245600484074,0.6148964009473842,0.21267991514196838,22,20,8,34,False
core_raw__candidate_04,core_raw,deep_regularized,0.45,0.6785714285714286,0.6785714285714286,0.6470588235294118,0.7857142857142857,0.7096774193548387,0.7193877551020408,0.6736245600484074,0.6148964009473842,0.21267991514196838,24,18,9,33,False
core_raw__candidate_04,core_raw,deep_regularized,0.475,0.7023809523809523,0.7023809523809523,0.673469387755102,0.7857142857142857,0.7252747252747253,0.7193877551020408,0.6736245600484074,0.6148964009473842,0.21267991514196838,26,16,9,33,False
core_raw__candidate_04,core_raw,deep_regularized,0.5,0.6904761904761905,0.6904761904761905,0.6666666666666666,0.7619047619047619,0.7111111111111111,0.7193877551020408,0.6736245600484074,0.6148964009473842,0.21267991514196838,26,16,10,32,False
core_raw__candidate_04,core_raw,deep_regularized,0.525,0.6785714285714286,0.6785714285714286,0.6595744680851063,0.7380952380952381,0.6966292134831461,0.7193877551020408,0.6736245600484074,0.6148964009473842,0.21267991514196838,26,16,11,31,False
core_raw__candidate_04,core_raw,deep_regularized,0.55,0.6428571428571429,0.6428571428571429,0.6428571428571429,0.6428571428571429,0.6428571428571429,0.7193877551020408,0.6736245600484074,0.6148964009473842,0.21267991514196838,27,15,15,27,False
core_raw__candidate_04,core_raw,deep_regularized,0.575,0.6190476190476191,0.6190476190476191,0.631578947368421,0.5714285714285714,0.6,0.7193877551020408,0.6736245600484074,0.6148964009473842,0.21267991514196838,28,14,18,24,False
core_raw__candidate_04,core_raw,deep_regularized,0.6,0.6190476190476191,0.6190476190476191,0.6388888888888888,0.5476190476190477,0.5897435897435898,0.7193877551020408,0.6736245600484074,0.6148964009473842,0.21267991514196838,29,13,19,23,False
core_raw__candidate_04,core_raw,deep_regularized,0.625,0.6428571428571429,0.6428571428571429,0.6764705882352942,0.5476190476190477,0.6052631578947368,0.7193877551020408,0.6736245600484074,0.6148964009473842,0.21267991514196838,31,11,19,23,False
core_raw__candidate_04,core_raw,deep_regularized,0.65,0.6428571428571429,0.6428571428571429,0.6764705882352942,0.5476190476190477,0.6052631578947368,0.7193877551020408,0.6736245600484074,0.6148964009473842,0.21267991514196838,31,11,19,23,False
core_raw__candidate_04,core_raw,deep_regularized,0.675,0.6190476190476191,0.6190476190476191,0.65625,0.5,0.5675675675675675,0.7193877551020408,0.6736245600484074,0.6148964009473842,0.21267991514196838,31,11,21,21,False
core_raw__candidate_04,core_raw,deep_regularized,0.7,0.5952380952380952,0.5952380952380952,0.6666666666666666,0.38095238095238093,0.48484848484848486,0.7193877551020408,0.6736245600484074,0.6148964009473842,0.21267991514196838,34,8,26,16,False
core_raw__candidate_04,core_raw,deep_regularized,0.725,0.6071428571428571,0.6071428571428571,0.7142857142857143,0.35714285714285715,0.47619047619047616,0.7193877551020408,0.6736245600484074,0.6148964009473842,0.21267991514196838,36,6,27,15,False
core_raw__candidate_04,core_raw,deep_regularized,0.75,0.6190476190476191,0.6190476190476191,0.7777777777777778,0.3333333333333333,0.4666666666666667,0.7193877551020408,0.6736245600484074,0.6148964009473842,0.21267991514196838,38,4,28,14,False
core_raw__candidate_04,core_raw,deep_regularized,0.775,0.5952380952380952,0.5952380952380952,0.75,0.2857142857142857,0.41379310344827586,0.7193877551020408,0.6736245600484074,0.6148964009473842,0.21267991514196838,38,4,30,12,False
core_raw__candidate_04,core_raw,deep_regularized,0.8,0.5714285714285714,0.5714285714285714,0.8,0.19047619047619047,0.3076923076923077,0.7193877551020408,0.6736245600484074,0.6148964009473842,0.21267991514196838,40,2,34,8,False
core_raw__candidate_05,core_raw,unlimited_leaf_regularized,0.2,0.5476190476190477,0.5476190476190476,0.5256410256410257,0.9761904761904762,0.6833333333333333,0.7188208616780045,0.6818228169891041,0.6193062184428949,0.21508594447440973,5,37,1,41,False
core_raw__candidate_05,core_raw,unlimited_leaf_regularized,0.225,0.5714285714285714,0.5714285714285714,0.5394736842105263,0.9761904761904762,0.6949152542372882,0.7188208616780045,0.6818228169891041,0.6193062184428949,0.21508594447440973,7,35,1,41,False
core_raw__candidate_05,core_raw,unlimited_leaf_regularized,0.25,0.5952380952380952,0.5952380952380952,0.5540540540540541,0.9761904761904762,0.7068965517241379,0.7188208616780045,0.6818228169891041,0.6193062184428949,0.21508594447440973,9,33,1,41,False
core_raw__candidate_05,core_raw,unlimited_leaf_regularized,0.275,0.6071428571428571,0.6071428571428571,0.5616438356164384,0.9761904761904762,0.7130434782608696,0.7188208616780045,0.6818228169891041,0.6193062184428949,0.21508594447440973,10,32,1,41,False
core_raw__candidate_05,core_raw,unlimited_leaf_regularized,0.3,0.6071428571428571,0.6071428571428571,0.5633802816901409,0.9523809523809523,0.7079646017699115,0.7188208616780045,0.6818228169891041,0.6193062184428949,0.21508594447440973,11,31,2,40,False
core_raw__candidate_05,core_raw,unlimited_leaf_regularized,0.325,0.6309523809523809,0.6309523809523809,0.5797101449275363,0.9523809523809523,0.7207207207207207,0.7188208616780045,0.6818228169891041,0.6193062184428949,0.21508594447440973,13,29,2,40,False
core_raw__candidate_05,core_raw,unlimited_leaf_regularized,0.35,0.6309523809523809,0.6309523809523809,0.5873015873015873,0.8809523809523809,0.7047619047619048,0.7188208616780045,0.6818228169891041,0.6193062184428949,0.21508594447440973,16,26,5,37,False
core_raw__candidate_05,core_raw,unlimited_leaf_regularized,0.375,0.6547619047619048,0.6547619047619048,0.6065573770491803,0.8809523809523809,0.7184466019417476,0.7188208616780045,0.6818228169891041,0.6193062184428949,0.21508594447440973,18,24,5,37,False
core_raw__candidate_05,core_raw,unlimited_leaf_regularized,0.4,0.6666666666666666,0.6666666666666666,0.6206896551724138,0.8571428571428571,0.72,0.7188208616780045,0.6818228169891041,0.6193062184428949,0.21508594447440973,20,22,6,36,False
core_raw__candidate_05,core_raw,unlimited_leaf_regularized,0.425,0.6547619047619048,0.6547619047619048,0.6181818181818182,0.8095238095238095,0.7010309278350515,0.7188208616780045,0.6818228169891041,0.6193062184428949,0.21508594447440973,21,21,8,34,False
core_raw__candidate_05,core_raw,unlimited_leaf_regularized,0.45,0.6666666666666666,0.6666666666666667,0.6296296296296297,0.8095238095238095,0.7083333333333334,0.7188208616780045,0.6818228169891041,0.6193062184428949,0.21508594447440973,22,20,8,34,False
core_raw__candidate_05,core_raw,unlimited_leaf_regularized,0.475,0.7023809523809523,0.7023809523809523,0.673469387755102,0.7857142857142857,0.7252747252747253,0.7188208616780045,0.6818228169891041,0.6193062184428949,0.21508594447440973,26,16,9,33,True
core_raw__candidate_05,core_raw,unlimited_leaf_regularized,0.5,0.6904761904761905,0.6904761904761905,0.6666666666666666,0.7619047619047619,0.7111111111111111,0.7188208616780045,0.6818228169891041,0.6193062184428949,0.21508594447440973,26,16,10,32,False
core_raw__candidate_05,core_raw,unlimited_leaf_regularized,0.525,0.6547619047619048,0.6547619047619048,0.6444444444444445,0.6904761904761905,0.6666666666666666,0.7188208616780045,0.6818228169891041,0.6193062184428949,0.21508594447440973,26,16,13,29,False
core_raw__candidate_05,core_raw,unlimited_leaf_regularized,0.55,0.6190476190476191,0.6190476190476191,0.625,0.5952380952380952,0.6097560975609756,0.7188208616780045,0.6818228169891041,0.6193062184428949,0.21508594447440973,27,15,17,25,False
core_raw__candidate_05,core_raw,unlimited_leaf_regularized,0.575,0.6309523809523809,0.6309523809523809,0.6410256410256411,0.5952380952380952,0.6172839506172839,0.7188208616780045,0.6818228169891041,0.6193062184428949,0.21508594447440973,28,14,17,25,False
core_raw__candidate_05,core_raw,unlimited_leaf_regularized,0.6,0.6309523809523809,0.6309523809523809,0.6571428571428571,0.5476190476190477,0.5974025974025974,0.7188208616780045,0.6818228169891041,0.6193062184428949,0.21508594447440973,30,12,19,23,False
core_raw__candidate_05,core_raw,unlimited_leaf_regularized,0.625,0.6428571428571429,0.6428571428571429,0.6764705882352942,0.5476190476190477,0.6052631578947368,0.7188208616780045,0.6818228169891041,0.6193062184428949,0.21508594447440973,31,11,19,23,False
core_raw__candidate_05,core_raw,unlimited_leaf_regularized,0.65,0.6309523809523809,0.6309523809523809,0.6666666666666666,0.5238095238095238,0.5866666666666667,0.7188208616780045,0.6818228169891041,0.6193062184428949,0.21508594447440973,31,11,20,22,False
core_raw__candidate_05,core_raw,unlimited_leaf_regularized,0.675,0.5833333333333334,0.5833333333333334,0.6206896551724138,0.42857142857142855,0.5070422535211268,0.7188208616780045,0.6818228169891041,0.6193062184428949,0.21508594447440973,31,11,24,18,False
core_raw__candidate_05,core_raw,unlimited_leaf_regularized,0.7,0.5952380952380952,0.5952380952380952,0.6428571428571429,0.42857142857142855,0.5142857142857142,0.7188208616780045,0.6818228169891041,0.6193062184428949,0.21508594447440973,32,10,24,18,False
core_raw__candidate_05,core_raw,unlimited_leaf_regularized,0.725,0.6309523809523809,0.6309523809523809,0.7619047619047619,0.38095238095238093,0.5079365079365079,0.7188208616780045,0.6818228169891041,0.6193062184428949,0.21508594447440973,37,5,26,16,False
core_raw__candidate_05,core_raw,unlimited_leaf_regularized,0.75,0.6071428571428571,0.6071428571428572,0.7647058823529411,0.30952380952380953,0.4406779661016949,0.7188208616780045,0.6818228169891041,0.6193062184428949,0.21508594447440973,38,4,29,13,False
core_raw__candidate_05,core_raw,unlimited_leaf_regularized,0.775,0.5714285714285714,0.5714285714285714,0.8,0.19047619047619047,0.3076923076923077,0.7188208616780045,0.6818228169891041,0.6193062184428949,0.21508594447440973,40,2,34,8,False
core_raw__candidate_05,core_raw,unlimited_leaf_regularized,0.8,0.5476190476190477,0.5476190476190476,0.75,0.14285714285714285,0.24,0.7188208616780045,0.6818228169891041,0.6193062184428949,0.21508594447440973,40,2,36,6,False
core_raw__candidate_06,core_raw,balanced_subsample,0.2,0.5476190476190477,0.5476190476190476,0.5256410256410257,0.9761904761904762,0.6833333333333333,0.719954648526077,0.6742435454295687,0.6155471018982175,0.21301989920411724,5,37,1,41,False
core_raw__candidate_06,core_raw,balanced_subsample,0.225,0.5833333333333334,0.5833333333333333,0.5466666666666666,0.9761904761904762,0.7008547008547008,0.719954648526077,0.6742435454295687,0.6155471018982175,0.21301989920411724,8,34,1,41,False
core_raw__candidate_06,core_raw,balanced_subsample,0.25,0.5952380952380952,0.5952380952380952,0.5555555555555556,0.9523809523809523,0.7017543859649122,0.719954648526077,0.6742435454295687,0.6155471018982175,0.21301989920411724,10,32,2,40,False
core_raw__candidate_06,core_raw,balanced_subsample,0.275,0.5952380952380952,0.5952380952380952,0.5555555555555556,0.9523809523809523,0.7017543859649122,0.719954648526077,0.6742435454295687,0.6155471018982175,0.21301989920411724,10,32,2,40,False
core_raw__candidate_06,core_raw,balanced_subsample,0.3,0.5952380952380952,0.5952380952380952,0.5555555555555556,0.9523809523809523,0.7017543859649122,0.719954648526077,0.6742435454295687,0.6155471018982175,0.21301989920411724,10,32,2,40,False
core_raw__candidate_06,core_raw,balanced_subsample,0.325,0.6428571428571429,0.6428571428571428,0.5882352941176471,0.9523809523809523,0.7272727272727273,0.719954648526077,0.6742435454295687,0.6155471018982175,0.21301989920411724,14,28,2,40,False
core_raw__candidate_06,core_raw,balanced_subsample,0.35,0.6547619047619048,0.6547619047619048,0.6,0.9285714285714286,0.7289719626168224,0.719954648526077,0.6742435454295687,0.6155471018982175,0.21301989920411724,16,26,3,39,True
core_raw__candidate_06,core_raw,balanced_subsample,0.375,0.6547619047619048,0.6547619047619048,0.6065573770491803,0.8809523809523809,0.7184466019417476,0.719954648526077,0.6742435454295687,0.6155471018982175,0.21301989920411724,18,24,5,37,False
core_raw__candidate_06,core_raw,balanced_subsample,0.4,0.6547619047619048,0.6547619047619048,0.6101694915254238,0.8571428571428571,0.7128712871287128,0.719954648526077,0.6742435454295687,0.6155471018982175,0.21301989920411724,19,23,6,36,False
core_raw__candidate_06,core_raw,balanced_subsample,0.425,0.6666666666666666,0.6666666666666667,0.6296296296296297,0.8095238095238095,0.7083333333333334,0.719954648526077,0.6742435454295687,0.6155471018982175,0.21301989920411724,22,20,8,34,False
core_raw__candidate_06,core_raw,balanced_subsample,0.45,0.6904761904761905,0.6904761904761905,0.6538461538461539,0.8095238095238095,0.723404255319149,0.719954648526077,0.6742435454295687,0.6155471018982175,0.21301989920411724,24,18,8,34,False
core_raw__candidate_06,core_raw,balanced_subsample,0.475,0.7023809523809523,0.7023809523809523,0.673469387755102,0.7857142857142857,0.7252747252747253,0.719954648526077,0.6742435454295687,0.6155471018982175,0.21301989920411724,26,16,9,33,False
core_raw__candidate_06,core_raw,balanced_subsample,0.5,0.6785714285714286,0.6785714285714286,0.6595744680851063,0.7380952380952381,0.6966292134831461,0.719954648526077,0.6742435454295687,0.6155471018982175,0.21301989920411724,26,16,11,31,False
core_raw__candidate_06,core_raw,balanced_subsample,0.525,0.6666666666666666,0.6666666666666667,0.6521739130434783,0.7142857142857143,0.6818181818181818,0.719954648526077,0.6742435454295687,0.6155471018982175,0.21301989920411724,26,16,12,30,False
core_raw__candidate_06,core_raw,balanced_subsample,0.55,0.6428571428571429,0.6428571428571428,0.6363636363636364,0.6666666666666666,0.6511627906976745,0.719954648526077,0.6742435454295687,0.6155471018982175,0.21301989920411724,26,16,14,28,False
core_raw__candidate_06,core_raw,balanced_subsample,0.575,0.6428571428571429,0.6428571428571428,0.6578947368421053,0.5952380952380952,0.625,0.719954648526077,0.6742435454295687,0.6155471018982175,0.21301989920411724,29,13,17,25,False
core_raw__candidate_06,core_raw,balanced_subsample,0.6,0.6428571428571429,0.6428571428571428,0.6666666666666666,0.5714285714285714,0.6153846153846154,0.719954648526077,0.6742435454295687,0.6155471018982175,0.21301989920411724,30,12,18,24,False
core_raw__candidate_06,core_raw,balanced_subsample,0.625,0.6428571428571429,0.6428571428571429,0.6764705882352942,0.5476190476190477,0.6052631578947368,0.719954648526077,0.6742435454295687,0.6155471018982175,0.21301989920411724,31,11,19,23,False
core_raw__candidate_06,core_raw,balanced_subsample,0.65,0.6428571428571429,0.6428571428571429,0.6764705882352942,0.5476190476190477,0.6052631578947368,0.719954648526077,0.6742435454295687,0.6155471018982175,0.21301989920411724,31,11,19,23,False
core_raw__candidate_06,core_raw,balanced_subsample,0.675,0.6190476190476191,0.6190476190476191,0.65625,0.5,0.5675675675675675,0.719954648526077,0.6742435454295687,0.6155471018982175,0.21301989920411724,31,11,21,21,False
core_raw__candidate_06,core_raw,balanced_subsample,0.7,0.6071428571428571,0.6071428571428572,0.68,0.40476190476190477,0.5074626865671642,0.719954648526077,0.6742435454295687,0.6155471018982175,0.21301989920411724,34,8,25,17,False
core_raw__candidate_06,core_raw,balanced_subsample,0.725,0.6071428571428571,0.6071428571428571,0.7142857142857143,0.35714285714285715,0.47619047619047616,0.719954648526077,0.6742435454295687,0.6155471018982175,0.21301989920411724,36,6,27,15,False
core_raw__candidate_06,core_raw,balanced_subsample,0.75,0.6190476190476191,0.6190476190476191,0.7777777777777778,0.3333333333333333,0.4666666666666667,0.719954648526077,0.6742435454295687,0.6155471018982175,0.21301989920411724,38,4,28,14,False
core_raw__candidate_06,core_raw,balanced_subsample,0.775,0.5952380952380952,0.5952380952380952,0.7857142857142857,0.2619047619047619,0.39285714285714285,0.719954648526077,0.6742435454295687,0.6155471018982175,0.21301989920411724,39,3,31,11,False
core_raw__candidate_06,core_raw,balanced_subsample,0.8,0.5476190476190477,0.5476190476190476,0.75,0.14285714285714285,0.24,0.719954648526077,0.6742435454295687,0.6155471018982175,0.21301989920411724,40,2,36,6,False
core_raw__candidate_07,core_raw,conservative_leaf,0.2,0.5714285714285714,0.5714285714285714,0.5394736842105263,0.9761904761904762,0.6949152542372882,0.7046485260770975,0.6893799142370668,0.6303667138476525,0.22058034473555574,7,35,1,41,False
core_raw__candidate_07,core_raw,conservative_leaf,0.225,0.5952380952380952,0.5952380952380952,0.5540540540540541,0.9761904761904762,0.7068965517241379,0.7046485260770975,0.6893799142370668,0.6303667138476525,0.22058034473555574,9,33,1,41,False
core_raw__candidate_07,core_raw,conservative_leaf,0.25,0.5952380952380952,0.5952380952380952,0.5555555555555556,0.9523809523809523,0.7017543859649122,0.7046485260770975,0.6893799142370668,0.6303667138476525,0.22058034473555574,10,32,2,40,False
core_raw__candidate_07,core_raw,conservative_leaf,0.275,0.5952380952380952,0.5952380952380952,0.5571428571428572,0.9285714285714286,0.6964285714285714,0.7046485260770975,0.6893799142370668,0.6303667138476525,0.22058034473555574,11,31,3,39,False
core_raw__candidate_07,core_raw,conservative_leaf,0.3,0.6190476190476191,0.6190476190476191,0.5735294117647058,0.9285714285714286,0.7090909090909091,0.7046485260770975,0.6893799142370668,0.6303667138476525,0.22058034473555574,13,29,3,39,True
core_raw__candidate_07,core_raw,conservative_leaf,0.325,0.6309523809523809,0.6309523809523809,0.5873015873015873,0.8809523809523809,0.7047619047619048,0.7046485260770975,0.6893799142370668,0.6303667138476525,0.22058034473555574,16,26,5,37,False
core_raw__candidate_07,core_raw,conservative_leaf,0.35,0.6309523809523809,0.6309523809523809,0.5901639344262295,0.8571428571428571,0.6990291262135923,0.7046485260770975,0.6893799142370668,0.6303667138476525,0.22058034473555574,17,25,6,36,False
core_raw__candidate_07,core_raw,conservative_leaf,0.375,0.6547619047619048,0.6547619047619048,0.6140350877192983,0.8333333333333334,0.7070707070707071,0.7046485260770975,0.6893799142370668,0.6303667138476525,0.22058034473555574,20,22,7,35,False
core_raw__candidate_07,core_raw,conservative_leaf,0.4,0.6666666666666666,0.6666666666666667,0.6346153846153846,0.7857142857142857,0.7021276595744681,0.7046485260770975,0.6893799142370668,0.6303667138476525,0.22058034473555574,23,19,9,33,False
core_raw__candidate_07,core_raw,conservative_leaf,0.425,0.6666666666666666,0.6666666666666667,0.6346153846153846,0.7857142857142857,0.7021276595744681,0.7046485260770975,0.6893799142370668,0.6303667138476525,0.22058034473555574,23,19,9,33,False
core_raw__candidate_07,core_raw,conservative_leaf,0.45,0.6666666666666666,0.6666666666666666,0.64,0.7619047619047619,0.6956521739130435,0.7046485260770975,0.6893799142370668,0.6303667138476525,0.22058034473555574,24,18,10,32,False
core_raw__candidate_07,core_raw,conservative_leaf,0.475,0.6666666666666666,0.6666666666666667,0.6458333333333334,0.7380952380952381,0.6888888888888889,0.7046485260770975,0.6893799142370668,0.6303667138476525,0.22058034473555574,25,17,11,31,False
core_raw__candidate_07,core_raw,conservative_leaf,0.5,0.6428571428571429,0.6428571428571429,0.6428571428571429,0.6428571428571429,0.6428571428571429,0.7046485260770975,0.6893799142370668,0.6303667138476525,0.22058034473555574,27,15,15,27,False
core_raw__candidate_07,core_raw,conservative_leaf,0.525,0.6190476190476191,0.6190476190476191,0.625,0.5952380952380952,0.6097560975609756,0.7046485260770975,0.6893799142370668,0.6303667138476525,0.22058034473555574,27,15,17,25,False
core_raw__candidate_07,core_raw,conservative_leaf,0.55,0.6309523809523809,0.6309523809523809,0.6410256410256411,0.5952380952380952,0.6172839506172839,0.7046485260770975,0.6893799142370668,0.6303667138476525,0.22058034473555574,28,14,17,25,False
core_raw__candidate_07,core_raw,conservative_leaf,0.575,0.6071428571428571,0.6071428571428572,0.6216216216216216,0.5476190476190477,0.5822784810126582,0.7046485260770975,0.6893799142370668,0.6303667138476525,0.22058034473555574,28,14,19,23,False
core_raw__candidate_07,core_raw,conservative_leaf,0.6,0.6190476190476191,0.6190476190476191,0.6388888888888888,0.5476190476190477,0.5897435897435898,0.7046485260770975,0.6893799142370668,0.6303667138476525,0.22058034473555574,29,13,19,23,False
core_raw__candidate_07,core_raw,conservative_leaf,0.625,0.6547619047619048,0.6547619047619048,0.696969696969697,0.5476190476190477,0.6133333333333333,0.7046485260770975,0.6893799142370668,0.6303667138476525,0.22058034473555574,32,10,19,23,False
core_raw__candidate_07,core_raw,conservative_leaf,0.65,0.6309523809523809,0.6309523809523809,0.6896551724137931,0.47619047619047616,0.5633802816901409,0.7046485260770975,0.6893799142370668,0.6303667138476525,0.22058034473555574,33,9,22,20,False
core_raw__candidate_07,core_raw,conservative_leaf,0.675,0.6309523809523809,0.6309523809523809,0.6896551724137931,0.47619047619047616,0.5633802816901409,0.7046485260770975,0.6893799142370668,0.6303667138476525,0.22058034473555574,33,9,22,20,False
core_raw__candidate_07,core_raw,conservative_leaf,0.7,0.6190476190476191,0.6190476190476191,0.6785714285714286,0.4523809523809524,0.5428571428571428,0.7046485260770975,0.6893799142370668,0.6303667138476525,0.22058034473555574,33,9,23,19,False
core_raw__candidate_07,core_raw,conservative_leaf,0.725,0.5833333333333334,0.5833333333333333,0.64,0.38095238095238093,0.47761194029850745,0.7046485260770975,0.6893799142370668,0.6303667138476525,0.22058034473555574,33,9,26,16,False
core_raw__candidate_07,core_raw,conservative_leaf,0.75,0.5833333333333334,0.5833333333333333,0.7058823529411765,0.2857142857142857,0.4067796610169492,0.7046485260770975,0.6893799142370668,0.6303667138476525,0.22058034473555574,37,5,30,12,False
core_raw__candidate_07,core_raw,conservative_leaf,0.775,0.5833333333333334,0.5833333333333333,0.8181818181818182,0.21428571428571427,0.33962264150943394,0.7046485260770975,0.6893799142370668,0.6303667138476525,0.22058034473555574,40,2,33,9,False
core_raw__candidate_07,core_raw,conservative_leaf,0.8,0.5357142857142857,0.5357142857142857,0.7142857142857143,0.11904761904761904,0.20408163265306123,0.7046485260770975,0.6893799142370668,0.6303667138476525,0.22058034473555574,40,2,37,5,False
core_raw__candidate_08,core_raw,wide_feature_sampling,0.2,0.5833333333333334,0.5833333333333333,0.547945205479452,0.9523809523809523,0.6956521739130435,0.7278911564625851,0.7327538763523325,0.6187000228372629,0.2148525387470818,9,33,2,40,False
core_raw__candidate_08,core_raw,wide_feature_sampling,0.225,0.5714285714285714,0.5714285714285714,0.5416666666666666,0.9285714285714286,0.6842105263157895,0.7278911564625851,0.7327538763523325,0.6187000228372629,0.2148525387470818,9,33,3,39,False
core_raw__candidate_08,core_raw,wide_feature_sampling,0.25,0.5714285714285714,0.5714285714285714,0.5416666666666666,0.9285714285714286,0.6842105263157895,0.7278911564625851,0.7327538763523325,0.6187000228372629,0.2148525387470818,9,33,3,39,False
core_raw__candidate_08,core_raw,wide_feature_sampling,0.275,0.5952380952380952,0.5952380952380952,0.5571428571428572,0.9285714285714286,0.6964285714285714,0.7278911564625851,0.7327538763523325,0.6187000228372629,0.2148525387470818,11,31,3,39,False
core_raw__candidate_08,core_raw,wide_feature_sampling,0.3,0.6190476190476191,0.6190476190476191,0.5757575757575758,0.9047619047619048,0.7037037037037037,0.7278911564625851,0.7327538763523325,0.6187000228372629,0.2148525387470818,14,28,4,38,False
core_raw__candidate_08,core_raw,wide_feature_sampling,0.325,0.6309523809523809,0.6309523809523809,0.5873015873015873,0.8809523809523809,0.7047619047619048,0.7278911564625851,0.7327538763523325,0.6187000228372629,0.2148525387470818,16,26,5,37,False
core_raw__candidate_08,core_raw,wide_feature_sampling,0.35,0.6547619047619048,0.6547619047619048,0.6101694915254238,0.8571428571428571,0.7128712871287128,0.7278911564625851,0.7327538763523325,0.6187000228372629,0.2148525387470818,19,23,6,36,False
core_raw__candidate_08,core_raw,wide_feature_sampling,0.375,0.6666666666666666,0.6666666666666666,0.6206896551724138,0.8571428571428571,0.72,0.7278911564625851,0.7327538763523325,0.6187000228372629,0.2148525387470818,20,22,6,36,True
core_raw__candidate_08,core_raw,wide_feature_sampling,0.4,0.6666666666666666,0.6666666666666667,0.625,0.8333333333333334,0.7142857142857143,0.7278911564625851,0.7327538763523325,0.6187000228372629,0.2148525387470818,21,21,7,35,False
core_raw__candidate_08,core_raw,wide_feature_sampling,0.425,0.6666666666666666,0.6666666666666667,0.6296296296296297,0.8095238095238095,0.7083333333333334,0.7278911564625851,0.7327538763523325,0.6187000228372629,0.2148525387470818,22,20,8,34,False
core_raw__candidate_08,core_raw,wide_feature_sampling,0.45,0.6666666666666666,0.6666666666666666,0.64,0.7619047619047619,0.6956521739130435,0.7278911564625851,0.7327538763523325,0.6187000228372629,0.2148525387470818,24,18,10,32,False
core_raw__candidate_08,core_raw,wide_feature_sampling,0.475,0.6428571428571429,0.6428571428571428,0.6363636363636364,0.6666666666666666,0.6511627906976745,0.7278911564625851,0.7327538763523325,0.6187000228372629,0.2148525387470818,26,16,14,28,False
core_raw__candidate_08,core_raw,wide_feature_sampling,0.5,0.6547619047619048,0.6547619047619048,0.6511627906976745,0.6666666666666666,0.6588235294117647,0.7278911564625851,0.7327538763523325,0.6187000228372629,0.2148525387470818,27,15,14,28,False
core_raw__candidate_08,core_raw,wide_feature_sampling,0.525,0.6428571428571429,0.6428571428571429,0.6428571428571429,0.6428571428571429,0.6428571428571429,0.7278911564625851,0.7327538763523325,0.6187000228372629,0.2148525387470818,27,15,15,27,False
core_raw__candidate_08,core_raw,wide_feature_sampling,0.55,0.6428571428571429,0.6428571428571428,0.65,0.6190476190476191,0.6341463414634146,0.7278911564625851,0.7327538763523325,0.6187000228372629,0.2148525387470818,28,14,16,26,False
core_raw__candidate_08,core_raw,wide_feature_sampling,0.575,0.6309523809523809,0.6309523809523809,0.6486486486486487,0.5714285714285714,0.6075949367088608,0.7278911564625851,0.7327538763523325,0.6187000228372629,0.2148525387470818,29,13,18,24,False
core_raw__candidate_08,core_raw,wide_feature_sampling,0.6,0.6309523809523809,0.6309523809523809,0.6486486486486487,0.5714285714285714,0.6075949367088608,0.7278911564625851,0.7327538763523325,0.6187000228372629,0.2148525387470818,29,13,18,24,False
core_raw__candidate_08,core_raw,wide_feature_sampling,0.625,0.6666666666666666,0.6666666666666666,0.7058823529411765,0.5714285714285714,0.631578947368421,0.7278911564625851,0.7327538763523325,0.6187000228372629,0.2148525387470818,32,10,18,24,False
core_raw__candidate_08,core_raw,wide_feature_sampling,0.65,0.6547619047619048,0.6547619047619048,0.696969696969697,0.5476190476190477,0.6133333333333333,0.7278911564625851,0.7327538763523325,0.6187000228372629,0.2148525387470818,32,10,19,23,False
core_raw__candidate_08,core_raw,wide_feature_sampling,0.675,0.6666666666666666,0.6666666666666666,0.7692307692307693,0.47619047619047616,0.5882352941176471,0.7278911564625851,0.7327538763523325,0.6187000228372629,0.2148525387470818,36,6,22,20,False
core_raw__candidate_08,core_raw,wide_feature_sampling,0.7,0.6190476190476191,0.6190476190476191,0.7272727272727273,0.38095238095238093,0.5,0.7278911564625851,0.7327538763523325,0.6187000228372629,0.2148525387470818,36,6,26,16,False
core_raw__candidate_08,core_raw,wide_feature_sampling,0.725,0.6190476190476191,0.6190476190476191,0.75,0.35714285714285715,0.4838709677419355,0.7278911564625851,0.7327538763523325,0.6187000228372629,0.2148525387470818,37,5,27,15,False
core_raw__candidate_08,core_raw,wide_feature_sampling,0.75,0.5952380952380952,0.5952380952380952,0.7222222222222222,0.30952380952380953,0.43333333333333335,0.7278911564625851,0.7327538763523325,0.6187000228372629,0.2148525387470818,37,5,29,13,False
core_raw__candidate_08,core_raw,wide_feature_sampling,0.775,0.5833333333333334,0.5833333333333334,0.7692307692307693,0.23809523809523808,0.36363636363636365,0.7278911564625851,0.7327538763523325,0.6187000228372629,0.2148525387470818,39,3,32,10,False
core_raw__candidate_08,core_raw,wide_feature_sampling,0.8,0.5595238095238095,0.5595238095238095,0.7272727272727273,0.19047619047619047,0.3018867924528302,0.7278911564625851,0.7327538763523325,0.6187000228372629,0.2148525387470818,39,3,34,8,False
core_log__candidate_01,core_log,shallow_regularized,0.2,0.5476190476190477,0.5476190476190477,0.525,1.0,0.6885245901639344,0.7063492063492063,0.6550040204662766,0.6297309363561042,0.2199719544860733,4,38,0,42,False
core_log__candidate_01,core_log,shallow_regularized,0.225,0.5595238095238095,0.5595238095238095,0.5316455696202531,1.0,0.6942148760330579,0.7063492063492063,0.6550040204662766,0.6297309363561042,0.2199719544860733,5,37,0,42,False
core_log__candidate_01,core_log,shallow_regularized,0.25,0.5595238095238095,0.5595238095238095,0.5316455696202531,1.0,0.6942148760330579,0.7063492063492063,0.6550040204662766,0.6297309363561042,0.2199719544860733,5,37,0,42,False
core_log__candidate_01,core_log,shallow_regularized,0.275,0.5833333333333334,0.5833333333333333,0.5466666666666666,0.9761904761904762,0.7008547008547008,0.7063492063492063,0.6550040204662766,0.6297309363561042,0.2199719544860733,8,34,1,41,False
core_log__candidate_01,core_log,shallow_regularized,0.3,0.5952380952380952,0.5952380952380952,0.5540540540540541,0.9761904761904762,0.7068965517241379,0.7063492063492063,0.6550040204662766,0.6297309363561042,0.2199719544860733,9,33,1,41,False
core_log__candidate_01,core_log,shallow_regularized,0.325,0.5952380952380952,0.5952380952380952,0.5555555555555556,0.9523809523809523,0.7017543859649122,0.7063492063492063,0.6550040204662766,0.6297309363561042,0.2199719544860733,10,32,2,40,False
core_log__candidate_01,core_log,shallow_regularized,0.35,0.6190476190476191,0.6190476190476191,0.5735294117647058,0.9285714285714286,0.7090909090909091,0.7063492063492063,0.6550040204662766,0.6297309363561042,0.2199719544860733,13,29,3,39,False
core_log__candidate_01,core_log,shallow_regularized,0.375,0.6547619047619048,0.6547619047619048,0.6031746031746031,0.9047619047619048,0.7238095238095238,0.7063492063492063,0.6550040204662766,0.6297309363561042,0.2199719544860733,17,25,4,38,True
core_log__candidate_01,core_log,shallow_regularized,0.4,0.6309523809523809,0.6309523809523809,0.5932203389830508,0.8333333333333334,0.693069306930693,0.7063492063492063,0.6550040204662766,0.6297309363561042,0.2199719544860733,18,24,7,35,False
core_log__candidate_01,core_log,shallow_regularized,0.425,0.6547619047619048,0.6547619047619048,0.6140350877192983,0.8333333333333334,0.7070707070707071,0.7063492063492063,0.6550040204662766,0.6297309363561042,0.2199719544860733,20,22,7,35,False
core_log__candidate_01,core_log,shallow_regularized,0.45,0.6785714285714286,0.6785714285714286,0.6470588235294118,0.7857142857142857,0.7096774193548387,0.7063492063492063,0.6550040204662766,0.6297309363561042,0.2199719544860733,24,18,9,33,False
core_log__candidate_01,core_log,shallow_regularized,0.475,0.6666666666666666,0.6666666666666666,0.64,0.7619047619047619,0.6956521739130435,0.7063492063492063,0.6550040204662766,0.6297309363561042,0.2199719544860733,24,18,10,32,False
core_log__candidate_01,core_log,shallow_regularized,0.5,0.6666666666666666,0.6666666666666667,0.6521739130434783,0.7142857142857143,0.6818181818181818,0.7063492063492063,0.6550040204662766,0.6297309363561042,0.2199719544860733,26,16,12,30,False
core_log__candidate_01,core_log,shallow_regularized,0.525,0.6190476190476191,0.6190476190476191,0.6190476190476191,0.6190476190476191,0.6190476190476191,0.7063492063492063,0.6550040204662766,0.6297309363561042,0.2199719544860733,26,16,16,26,False
core_log__candidate_01,core_log,shallow_regularized,0.55,0.6309523809523809,0.6309523809523809,0.6410256410256411,0.5952380952380952,0.6172839506172839,0.7063492063492063,0.6550040204662766,0.6297309363561042,0.2199719544860733,28,14,17,25,False
core_log__candidate_01,core_log,shallow_regularized,0.575,0.6428571428571429,0.6428571428571428,0.6578947368421053,0.5952380952380952,0.625,0.7063492063492063,0.6550040204662766,0.6297309363561042,0.2199719544860733,29,13,17,25,False
core_log__candidate_01,core_log,shallow_regularized,0.6,0.6190476190476191,0.6190476190476191,0.6470588235294118,0.5238095238095238,0.5789473684210527,0.7063492063492063,0.6550040204662766,0.6297309363561042,0.2199719544860733,30,12,20,22,False
core_log__candidate_01,core_log,shallow_regularized,0.625,0.6309523809523809,0.6309523809523809,0.6774193548387096,0.5,0.5753424657534246,0.7063492063492063,0.6550040204662766,0.6297309363561042,0.2199719544860733,32,10,21,21,False
core_log__candidate_01,core_log,shallow_regularized,0.65,0.6071428571428571,0.6071428571428571,0.6551724137931034,0.4523809523809524,0.5352112676056338,0.7063492063492063,0.6550040204662766,0.6297309363561042,0.2199719544860733,32,10,23,19,False
core_log__candidate_01,core_log,shallow_regularized,0.675,0.6071428571428571,0.6071428571428571,0.6551724137931034,0.4523809523809524,0.5352112676056338,0.7063492063492063,0.6550040204662766,0.6297309363561042,0.2199719544860733,32,10,23,19,False
core_log__candidate_01,core_log,shallow_regularized,0.7,0.6071428571428571,0.6071428571428571,0.6666666666666666,0.42857142857142855,0.5217391304347826,0.7063492063492063,0.6550040204662766,0.6297309363561042,0.2199719544860733,33,9,24,18,False
core_log__candidate_01,core_log,shallow_regularized,0.725,0.6190476190476191,0.6190476190476191,0.75,0.35714285714285715,0.4838709677419355,0.7063492063492063,0.6550040204662766,0.6297309363561042,0.2199719544860733,37,5,27,15,False
core_log__candidate_01,core_log,shallow_regularized,0.75,0.5476190476190477,0.5476190476190477,0.7,0.16666666666666666,0.2692307692307692,0.7063492063492063,0.6550040204662766,0.6297309363561042,0.2199719544860733,39,3,35,7,False
core_log__candidate_01,core_log,shallow_regularized,0.775,0.5119047619047619,0.5119047619047619,0.6,0.07142857142857142,0.1276595744680851,0.7063492063492063,0.6550040204662766,0.6297309363561042,0.2199719544860733,40,2,39,3,False
core_log__candidate_01,core_log,shallow_regularized,0.8,0.4880952380952381,0.4880952380952381,0.0,0.0,0.0,0.7063492063492063,0.6550040204662766,0.6297309363561042,0.2199719544860733,41,1,42,0,False
core_log__candidate_02,core_log,medium_regularized,0.2,0.5476190476190477,0.5476190476190476,0.5256410256410257,0.9761904761904762,0.6833333333333333,0.7210884353741497,0.6744804552900879,0.6174784690742932,0.21377468545505365,5,37,1,41,False
core_log__candidate_02,core_log,medium_regularized,0.225,0.5714285714285714,0.5714285714285714,0.5394736842105263,0.9761904761904762,0.6949152542372882,0.7210884353741497,0.6744804552900879,0.6174784690742932,0.21377468545505365,7,35,1,41,False
core_log__candidate_02,core_log,medium_regularized,0.25,0.5952380952380952,0.5952380952380952,0.5540540540540541,0.9761904761904762,0.7068965517241379,0.7210884353741497,0.6744804552900879,0.6174784690742932,0.21377468545505365,9,33,1,41,False
core_log__candidate_02,core_log,medium_regularized,0.275,0.6071428571428571,0.6071428571428571,0.5616438356164384,0.9761904761904762,0.7130434782608696,0.7210884353741497,0.6744804552900879,0.6174784690742932,0.21377468545505365,10,32,1,41,False
core_log__candidate_02,core_log,medium_regularized,0.3,0.6071428571428571,0.6071428571428571,0.5633802816901409,0.9523809523809523,0.7079646017699115,0.7210884353741497,0.6744804552900879,0.6174784690742932,0.21377468545505365,11,31,2,40,False
core_log__candidate_02,core_log,medium_regularized,0.325,0.6071428571428571,0.6071428571428572,0.5652173913043478,0.9285714285714286,0.7027027027027027,0.7210884353741497,0.6744804552900879,0.6174784690742932,0.21377468545505365,12,30,3,39,False
core_log__candidate_02,core_log,medium_regularized,0.35,0.6547619047619048,0.6547619047619048,0.6,0.9285714285714286,0.7289719626168224,0.7210884353741497,0.6744804552900879,0.6174784690742932,0.21377468545505365,16,26,3,39,False
core_log__candidate_02,core_log,medium_regularized,0.375,0.6547619047619048,0.6547619047619048,0.6065573770491803,0.8809523809523809,0.7184466019417476,0.7210884353741497,0.6744804552900879,0.6174784690742932,0.21377468545505365,18,24,5,37,False
core_log__candidate_02,core_log,medium_regularized,0.4,0.6785714285714286,0.6785714285714286,0.6271186440677966,0.8809523809523809,0.7326732673267327,0.7210884353741497,0.6744804552900879,0.6174784690742932,0.21377468545505365,20,22,5,37,True
core_log__candidate_02,core_log,medium_regularized,0.425,0.6547619047619048,0.6547619047619048,0.6181818181818182,0.8095238095238095,0.7010309278350515,0.7210884353741497,0.6744804552900879,0.6174784690742932,0.21377468545505365,21,21,8,34,False
core_log__candidate_02,core_log,medium_regularized,0.45,0.7023809523809523,0.7023809523809523,0.6666666666666666,0.8095238095238095,0.7311827956989247,0.7210884353741497,0.6744804552900879,0.6174784690742932,0.21377468545505365,25,17,8,34,False
core_log__candidate_02,core_log,medium_regularized,0.475,0.6785714285714286,0.6785714285714286,0.6530612244897959,0.7619047619047619,0.7032967032967034,0.7210884353741497,0.6744804552900879,0.6174784690742932,0.21377468545505365,25,17,10,32,False
core_log__candidate_02,core_log,medium_regularized,0.5,0.6904761904761905,0.6904761904761905,0.6666666666666666,0.7619047619047619,0.7111111111111111,0.7210884353741497,0.6744804552900879,0.6174784690742932,0.21377468545505365,26,16,10,32,False
core_log__candidate_02,core_log,medium_regularized,0.525,0.6666666666666666,0.6666666666666667,0.6521739130434783,0.7142857142857143,0.6818181818181818,0.7210884353741497,0.6744804552900879,0.6174784690742932,0.21377468545505365,26,16,12,30,False
core_log__candidate_02,core_log,medium_regularized,0.55,0.6666666666666666,0.6666666666666667,0.6590909090909091,0.6904761904761905,0.6744186046511628,0.7210884353741497,0.6744804552900879,0.6174784690742932,0.21377468545505365,27,15,13,29,False
core_log__candidate_02,core_log,medium_regularized,0.575,0.6309523809523809,0.6309523809523809,0.6486486486486487,0.5714285714285714,0.6075949367088608,0.7210884353741497,0.6744804552900879,0.6174784690742932,0.21377468545505365,29,13,18,24,False
core_log__candidate_02,core_log,medium_regularized,0.6,0.6309523809523809,0.6309523809523809,0.6486486486486487,0.5714285714285714,0.6075949367088608,0.7210884353741497,0.6744804552900879,0.6174784690742932,0.21377468545505365,29,13,18,24,False
core_log__candidate_02,core_log,medium_regularized,0.625,0.6547619047619048,0.6547619047619048,0.6857142857142857,0.5714285714285714,0.6233766233766234,0.7210884353741497,0.6744804552900879,0.6174784690742932,0.21377468545505365,31,11,18,24,False
core_log__candidate_02,core_log,medium_regularized,0.65,0.6428571428571429,0.6428571428571429,0.6764705882352942,0.5476190476190477,0.6052631578947368,0.7210884353741497,0.6744804552900879,0.6174784690742932,0.21377468545505365,31,11,19,23,False
core_log__candidate_02,core_log,medium_regularized,0.675,0.5952380952380952,0.5952380952380952,0.6333333333333333,0.4523809523809524,0.5277777777777778,0.7210884353741497,0.6744804552900879,0.6174784690742932,0.21377468545505365,31,11,23,19,False
core_log__candidate_02,core_log,medium_regularized,0.7,0.5952380952380952,0.5952380952380952,0.6428571428571429,0.42857142857142855,0.5142857142857142,0.7210884353741497,0.6744804552900879,0.6174784690742932,0.21377468545505365,32,10,24,18,False
core_log__candidate_02,core_log,medium_regularized,0.725,0.6190476190476191,0.6190476190476191,0.7272727272727273,0.38095238095238093,0.5,0.7210884353741497,0.6744804552900879,0.6174784690742932,0.21377468545505365,36,6,26,16,False
core_log__candidate_02,core_log,medium_regularized,0.75,0.6190476190476191,0.6190476190476191,0.75,0.35714285714285715,0.4838709677419355,0.7210884353741497,0.6744804552900879,0.6174784690742932,0.21377468545505365,37,5,27,15,False
core_log__candidate_02,core_log,medium_regularized,0.775,0.5833333333333334,0.5833333333333333,0.7058823529411765,0.2857142857142857,0.4067796610169492,0.7210884353741497,0.6744804552900879,0.6174784690742932,0.21377468545505365,37,5,30,12,False
core_log__candidate_02,core_log,medium_regularized,0.8,0.5476190476190477,0.5476190476190476,0.75,0.14285714285714285,0.24,0.7210884353741497,0.6744804552900879,0.6174784690742932,0.21377468545505365,40,2,36,6,False
core_log__candidate_03,core_log,medium_wider_features,0.2,0.5952380952380952,0.5952380952380952,0.5540540540540541,0.9761904761904762,0.7068965517241379,0.7290249433106576,0.727871076885952,0.6170744481094884,0.21349640127791308,9,33,1,41,False
core_log__candidate_03,core_log,medium_wider_features,0.225,0.5833333333333334,0.5833333333333334,0.5492957746478874,0.9285714285714286,0.6902654867256637,0.7290249433106576,0.727871076885952,0.6170744481094884,0.21349640127791308,10,32,3,39,False
core_log__candidate_03,core_log,medium_wider_features,0.25,0.5833333333333334,0.5833333333333334,0.5492957746478874,0.9285714285714286,0.6902654867256637,0.7290249433106576,0.727871076885952,0.6170744481094884,0.21349640127791308,10,32,3,39,False
core_log__candidate_03,core_log,medium_wider_features,0.275,0.6071428571428571,0.6071428571428572,0.5652173913043478,0.9285714285714286,0.7027027027027027,0.7290249433106576,0.727871076885952,0.6170744481094884,0.21349640127791308,12,30,3,39,False
core_log__candidate_03,core_log,medium_wider_features,0.3,0.6190476190476191,0.6190476190476191,0.5757575757575758,0.9047619047619048,0.7037037037037037,0.7290249433106576,0.727871076885952,0.6170744481094884,0.21349640127791308,14,28,4,38,False
core_log__candidate_03,core_log,medium_wider_features,0.325,0.6428571428571429,0.6428571428571428,0.59375,0.9047619047619048,0.7169811320754716,0.7290249433106576,0.727871076885952,0.6170744481094884,0.21349640127791308,16,26,4,38,False
core_log__candidate_03,core_log,medium_wider_features,0.35,0.6309523809523809,0.6309523809523809,0.5873015873015873,0.8809523809523809,0.7047619047619048,0.7290249433106576,0.727871076885952,0.6170744481094884,0.21349640127791308,16,26,5,37,False
core_log__candidate_03,core_log,medium_wider_features,0.375,0.6666666666666666,0.6666666666666666,0.6166666666666667,0.8809523809523809,0.7254901960784313,0.7290249433106576,0.727871076885952,0.6170744481094884,0.21349640127791308,19,23,5,37,False
core_log__candidate_03,core_log,medium_wider_features,0.4,0.6785714285714286,0.6785714285714286,0.6363636363636364,0.8333333333333334,0.7216494845360825,0.7290249433106576,0.727871076885952,0.6170744481094884,0.21349640127791308,22,20,7,35,False
core_log__candidate_03,core_log,medium_wider_features,0.425,0.6904761904761905,0.6904761904761905,0.6481481481481481,0.8333333333333334,0.7291666666666666,0.7290249433106576,0.727871076885952,0.6170744481094884,0.21349640127791308,23,19,7,35,True
core_log__candidate_03,core_log,medium_wider_features,0.45,0.6785714285714286,0.6785714285714286,0.6470588235294118,0.7857142857142857,0.7096774193548387,0.7290249433106576,0.727871076885952,0.6170744481094884,0.21349640127791308,24,18,9,33,False
core_log__candidate_03,core_log,medium_wider_features,0.475,0.6547619047619048,0.6547619047619048,0.6326530612244898,0.7380952380952381,0.6813186813186813,0.7290249433106576,0.727871076885952,0.6170744481094884,0.21349640127791308,24,18,11,31,False
core_log__candidate_03,core_log,medium_wider_features,0.5,0.6547619047619048,0.6547619047619048,0.6382978723404256,0.7142857142857143,0.6741573033707865,0.7290249433106576,0.727871076885952,0.6170744481094884,0.21349640127791308,25,17,12,30,False
core_log__candidate_03,core_log,medium_wider_features,0.525,0.6547619047619048,0.6547619047619048,0.6585365853658537,0.6428571428571429,0.6506024096385542,0.7290249433106576,0.727871076885952,0.6170744481094884,0.21349640127791308,28,14,15,27,False
core_log__candidate_03,core_log,medium_wider_features,0.55,0.6666666666666666,0.6666666666666667,0.675,0.6428571428571429,0.6585365853658537,0.7290249433106576,0.727871076885952,0.6170744481094884,0.21349640127791308,29,13,15,27,False
core_log__candidate_03,core_log,medium_wider_features,0.575,0.6428571428571429,0.6428571428571428,0.6666666666666666,0.5714285714285714,0.6153846153846154,0.7290249433106576,0.727871076885952,0.6170744481094884,0.21349640127791308,30,12,18,24,False
core_log__candidate_03,core_log,medium_wider_features,0.6,0.6428571428571429,0.6428571428571428,0.6666666666666666,0.5714285714285714,0.6153846153846154,0.7290249433106576,0.727871076885952,0.6170744481094884,0.21349640127791308,30,12,18,24,False
core_log__candidate_03,core_log,medium_wider_features,0.625,0.6547619047619048,0.6547619047619048,0.6857142857142857,0.5714285714285714,0.6233766233766234,0.7290249433106576,0.727871076885952,0.6170744481094884,0.21349640127791308,31,11,18,24,False
core_log__candidate_03,core_log,medium_wider_features,0.65,0.6428571428571429,0.6428571428571428,0.6875,0.5238095238095238,0.5945945945945946,0.7290249433106576,0.727871076885952,0.6170744481094884,0.21349640127791308,32,10,20,22,False
core_log__candidate_03,core_log,medium_wider_features,0.675,0.6666666666666666,0.6666666666666666,0.7692307692307693,0.47619047619047616,0.5882352941176471,0.7290249433106576,0.727871076885952,0.6170744481094884,0.21349640127791308,36,6,22,20,False
core_log__candidate_03,core_log,medium_wider_features,0.7,0.6190476190476191,0.6190476190476191,0.7272727272727273,0.38095238095238093,0.5,0.7290249433106576,0.727871076885952,0.6170744481094884,0.21349640127791308,36,6,26,16,False
core_log__candidate_03,core_log,medium_wider_features,0.725,0.6071428571428571,0.6071428571428571,0.7142857142857143,0.35714285714285715,0.47619047619047616,0.7290249433106576,0.727871076885952,0.6170744481094884,0.21349640127791308,36,6,27,15,False
core_log__candidate_03,core_log,medium_wider_features,0.75,0.6071428571428571,0.6071428571428571,0.7368421052631579,0.3333333333333333,0.45901639344262296,0.7290249433106576,0.727871076885952,0.6170744481094884,0.21349640127791308,37,5,28,14,False
core_log__candidate_03,core_log,medium_wider_features,0.775,0.5833333333333334,0.5833333333333334,0.7692307692307693,0.23809523809523808,0.36363636363636365,0.7290249433106576,0.727871076885952,0.6170744481094884,0.21349640127791308,39,3,32,10,False
core_log__candidate_03,core_log,medium_wider_features,0.8,0.5595238095238095,0.5595238095238095,0.7272727272727273,0.19047619047619047,0.3018867924528302,0.7290249433106576,0.727871076885952,0.6170744481094884,0.21349640127791308,39,3,34,8,False
core_log__candidate_04,core_log,deep_regularized,0.2,0.5476190476190477,0.5476190476190476,0.5256410256410257,0.9761904761904762,0.6833333333333333,0.721655328798186,0.6779674981611562,0.6150265911931013,0.21258027649818256,5,37,1,41,False
core_log__candidate_04,core_log,deep_regularized,0.225,0.5833333333333334,0.5833333333333333,0.5466666666666666,0.9761904761904762,0.7008547008547008,0.721655328798186,0.6779674981611562,0.6150265911931013,0.21258027649818256,8,34,1,41,False
core_log__candidate_04,core_log,deep_regularized,0.25,0.5952380952380952,0.5952380952380952,0.5540540540540541,0.9761904761904762,0.7068965517241379,0.721655328798186,0.6779674981611562,0.6150265911931013,0.21258027649818256,9,33,1,41,False
core_log__candidate_04,core_log,deep_regularized,0.275,0.5952380952380952,0.5952380952380952,0.5555555555555556,0.9523809523809523,0.7017543859649122,0.721655328798186,0.6779674981611562,0.6150265911931013,0.21258027649818256,10,32,2,40,False
core_log__candidate_04,core_log,deep_regularized,0.3,0.5952380952380952,0.5952380952380952,0.5555555555555556,0.9523809523809523,0.7017543859649122,0.721655328798186,0.6779674981611562,0.6150265911931013,0.21258027649818256,10,32,2,40,False
core_log__candidate_04,core_log,deep_regularized,0.325,0.6190476190476191,0.6190476190476191,0.5735294117647058,0.9285714285714286,0.7090909090909091,0.721655328798186,0.6779674981611562,0.6150265911931013,0.21258027649818256,13,29,3,39,False
core_log__candidate_04,core_log,deep_regularized,0.35,0.6666666666666666,0.6666666666666667,0.609375,0.9285714285714286,0.7358490566037735,0.721655328798186,0.6779674981611562,0.6150265911931013,0.21258027649818256,17,25,3,39,True
core_log__candidate_04,core_log,deep_regularized,0.375,0.6666666666666666,0.6666666666666666,0.6166666666666667,0.8809523809523809,0.7254901960784313,0.721655328798186,0.6779674981611562,0.6150265911931013,0.21258027649818256,19,23,5,37,False
core_log__candidate_04,core_log,deep_regularized,0.4,0.6785714285714286,0.6785714285714286,0.6271186440677966,0.8809523809523809,0.7326732673267327,0.721655328798186,0.6779674981611562,0.6150265911931013,0.21258027649818256,20,22,5,37,False
core_log__candidate_04,core_log,deep_regularized,0.425,0.6904761904761905,0.6904761904761905,0.6481481481481481,0.8333333333333334,0.7291666666666666,0.721655328798186,0.6779674981611562,0.6150265911931013,0.21258027649818256,23,19,7,35,False
core_log__candidate_04,core_log,deep_regularized,0.45,0.6904761904761905,0.6904761904761905,0.66,0.7857142857142857,0.717391304347826,0.721655328798186,0.6779674981611562,0.6150265911931013,0.21258027649818256,25,17,9,33,False
core_log__candidate_04,core_log,deep_regularized,0.475,0.6785714285714286,0.6785714285714286,0.6530612244897959,0.7619047619047619,0.7032967032967034,0.721655328798186,0.6779674981611562,0.6150265911931013,0.21258027649818256,25,17,10,32,False
core_log__candidate_04,core_log,deep_regularized,0.5,0.6785714285714286,0.6785714285714286,0.6595744680851063,0.7380952380952381,0.6966292134831461,0.721655328798186,0.6779674981611562,0.6150265911931013,0.21258027649818256,26,16,11,31,False
core_log__candidate_04,core_log,deep_regularized,0.525,0.6666666666666666,0.6666666666666667,0.6521739130434783,0.7142857142857143,0.6818181818181818,0.721655328798186,0.6779674981611562,0.6150265911931013,0.21258027649818256,26,16,12,30,False
core_log__candidate_04,core_log,deep_regularized,0.55,0.6547619047619048,0.6547619047619048,0.6511627906976745,0.6666666666666666,0.6588235294117647,0.721655328798186,0.6779674981611562,0.6150265911931013,0.21258027649818256,27,15,14,28,False
core_log__candidate_04,core_log,deep_regularized,0.575,0.6309523809523809,0.6309523809523809,0.6410256410256411,0.5952380952380952,0.6172839506172839,0.721655328798186,0.6779674981611562,0.6150265911931013,0.21258027649818256,28,14,17,25,False
core_log__candidate_04,core_log,deep_regularized,0.6,0.6309523809523809,0.6309523809523809,0.6486486486486487,0.5714285714285714,0.6075949367088608,0.721655328798186,0.6779674981611562,0.6150265911931013,0.21258027649818256,29,13,18,24,False
core_log__candidate_04,core_log,deep_regularized,0.625,0.6428571428571429,0.6428571428571429,0.6764705882352942,0.5476190476190477,0.6052631578947368,0.721655328798186,0.6779674981611562,0.6150265911931013,0.21258027649818256,31,11,19,23,False
core_log__candidate_04,core_log,deep_regularized,0.65,0.6428571428571429,0.6428571428571429,0.6764705882352942,0.5476190476190477,0.6052631578947368,0.721655328798186,0.6779674981611562,0.6150265911931013,0.21258027649818256,31,11,19,23,False
core_log__candidate_04,core_log,deep_regularized,0.675,0.6190476190476191,0.6190476190476191,0.65625,0.5,0.5675675675675675,0.721655328798186,0.6779674981611562,0.6150265911931013,0.21258027649818256,31,11,21,21,False
core_log__candidate_04,core_log,deep_regularized,0.7,0.6309523809523809,0.6309523809523809,0.72,0.42857142857142855,0.5373134328358209,0.721655328798186,0.6779674981611562,0.6150265911931013,0.21258027649818256,35,7,24,18,False
core_log__candidate_04,core_log,deep_regularized,0.725,0.6190476190476191,0.6190476190476191,0.7272727272727273,0.38095238095238093,0.5,0.721655328798186,0.6779674981611562,0.6150265911931013,0.21258027649818256,36,6,26,16,False
core_log__candidate_04,core_log,deep_regularized,0.75,0.6071428571428571,0.6071428571428571,0.7368421052631579,0.3333333333333333,0.45901639344262296,0.721655328798186,0.6779674981611562,0.6150265911931013,0.21258027649818256,37,5,28,14,False
core_log__candidate_04,core_log,deep_regularized,0.775,0.6071428571428571,0.6071428571428572,0.7647058823529411,0.30952380952380953,0.4406779661016949,0.721655328798186,0.6779674981611562,0.6150265911931013,0.21258027649818256,38,4,29,13,False
core_log__candidate_04,core_log,deep_regularized,0.8,0.5595238095238095,0.5595238095238095,0.7777777777777778,0.16666666666666666,0.27450980392156865,0.721655328798186,0.6779674981611562,0.6150265911931013,0.21258027649818256,40,2,35,7,False
core_log__candidate_05,core_log,unlimited_leaf_regularized,0.2,0.5476190476190477,0.5476190476190476,0.5256410256410257,0.9761904761904762,0.6833333333333333,0.7182539682539683,0.6735953761984357,0.6184874972521792,0.21431902294014865,5,37,1,41,False
core_log__candidate_05,core_log,unlimited_leaf_regularized,0.225,0.5714285714285714,0.5714285714285714,0.5394736842105263,0.9761904761904762,0.6949152542372882,0.7182539682539683,0.6735953761984357,0.6184874972521792,0.21431902294014865,7,35,1,41,False
core_log__candidate_05,core_log,unlimited_leaf_regularized,0.25,0.5952380952380952,0.5952380952380952,0.5540540540540541,0.9761904761904762,0.7068965517241379,0.7182539682539683,0.6735953761984357,0.6184874972521792,0.21431902294014865,9,33,1,41,False
core_log__candidate_05,core_log,unlimited_leaf_regularized,0.275,0.6071428571428571,0.6071428571428571,0.5616438356164384,0.9761904761904762,0.7130434782608696,0.7182539682539683,0.6735953761984357,0.6184874972521792,0.21431902294014865,10,32,1,41,False
core_log__candidate_05,core_log,unlimited_leaf_regularized,0.3,0.5952380952380952,0.5952380952380952,0.5555555555555556,0.9523809523809523,0.7017543859649122,0.7182539682539683,0.6735953761984357,0.6184874972521792,0.21431902294014865,10,32,2,40,False
core_log__candidate_05,core_log,unlimited_leaf_regularized,0.325,0.6190476190476191,0.6190476190476191,0.5735294117647058,0.9285714285714286,0.7090909090909091,0.7182539682539683,0.6735953761984357,0.6184874972521792,0.21431902294014865,13,29,3,39,False
core_log__candidate_05,core_log,unlimited_leaf_regularized,0.35,0.6547619047619048,0.6547619047619048,0.6,0.9285714285714286,0.7289719626168224,0.7182539682539683,0.6735953761984357,0.6184874972521792,0.21431902294014865,16,26,3,39,False
core_log__candidate_05,core_log,unlimited_leaf_regularized,0.375,0.6428571428571429,0.6428571428571428,0.5967741935483871,0.8809523809523809,0.7115384615384616,0.7182539682539683,0.6735953761984357,0.6184874972521792,0.21431902294014865,17,25,5,37,False
core_log__candidate_05,core_log,unlimited_leaf_regularized,0.4,0.6785714285714286,0.6785714285714286,0.6271186440677966,0.8809523809523809,0.7326732673267327,0.7182539682539683,0.6735953761984357,0.6184874972521792,0.21431902294014865,20,22,5,37,True
core_log__candidate_05,core_log,unlimited_leaf_regularized,0.425,0.6666666666666666,0.6666666666666667,0.625,0.8333333333333334,0.7142857142857143,0.7182539682539683,0.6735953761984357,0.6184874972521792,0.21431902294014865,21,21,7,35,False
core_log__candidate_05,core_log,unlimited_leaf_regularized,0.45,0.7023809523809523,0.7023809523809523,0.6666666666666666,0.8095238095238095,0.7311827956989247,0.7182539682539683,0.6735953761984357,0.6184874972521792,0.21431902294014865,25,17,8,34,False
core_log__candidate_05,core_log,unlimited_leaf_regularized,0.475,0.6904761904761905,0.6904761904761905,0.66,0.7857142857142857,0.717391304347826,0.7182539682539683,0.6735953761984357,0.6184874972521792,0.21431902294014865,25,17,9,33,False
core_log__candidate_05,core_log,unlimited_leaf_regularized,0.5,0.6785714285714286,0.6785714285714286,0.6595744680851063,0.7380952380952381,0.6966292134831461,0.7182539682539683,0.6735953761984357,0.6184874972521792,0.21431902294014865,26,16,11,31,False
core_log__candidate_05,core_log,unlimited_leaf_regularized,0.525,0.6547619047619048,0.6547619047619048,0.6444444444444445,0.6904761904761905,0.6666666666666666,0.7182539682539683,0.6735953761984357,0.6184874972521792,0.21431902294014865,26,16,13,29,False
core_log__candidate_05,core_log,unlimited_leaf_regularized,0.55,0.6309523809523809,0.6309523809523809,0.6341463414634146,0.6190476190476191,0.6265060240963856,0.7182539682539683,0.6735953761984357,0.6184874972521792,0.21431902294014865,27,15,16,26,False
core_log__candidate_05,core_log,unlimited_leaf_regularized,0.575,0.6309523809523809,0.6309523809523809,0.6486486486486487,0.5714285714285714,0.6075949367088608,0.7182539682539683,0.6735953761984357,0.6184874972521792,0.21431902294014865,29,13,18,24,False
core_log__candidate_05,core_log,unlimited_leaf_regularized,0.6,0.6428571428571429,0.6428571428571428,0.6666666666666666,0.5714285714285714,0.6153846153846154,0.7182539682539683,0.6735953761984357,0.6184874972521792,0.21431902294014865,30,12,18,24,False
core_log__candidate_05,core_log,unlimited_leaf_regularized,0.625,0.6428571428571429,0.6428571428571429,0.6764705882352942,0.5476190476190477,0.6052631578947368,0.7182539682539683,0.6735953761984357,0.6184874972521792,0.21431902294014865,31,11,19,23,False
core_log__candidate_05,core_log,unlimited_leaf_regularized,0.65,0.6309523809523809,0.6309523809523809,0.6666666666666666,0.5238095238095238,0.5866666666666667,0.7182539682539683,0.6735953761984357,0.6184874972521792,0.21431902294014865,31,11,20,22,False
core_log__candidate_05,core_log,unlimited_leaf_regularized,0.675,0.6071428571428571,0.6071428571428572,0.6451612903225806,0.47619047619047616,0.547945205479452,0.7182539682539683,0.6735953761984357,0.6184874972521792,0.21431902294014865,31,11,22,20,False
core_log__candidate_05,core_log,unlimited_leaf_regularized,0.7,0.5952380952380952,0.5952380952380952,0.6428571428571429,0.42857142857142855,0.5142857142857142,0.7182539682539683,0.6735953761984357,0.6184874972521792,0.21431902294014865,32,10,24,18,False
core_log__candidate_05,core_log,unlimited_leaf_regularized,0.725,0.6309523809523809,0.6309523809523809,0.7619047619047619,0.38095238095238093,0.5079365079365079,0.7182539682539683,0.6735953761984357,0.6184874972521792,0.21431902294014865,37,5,26,16,False
core_log__candidate_05,core_log,unlimited_leaf_regularized,0.75,0.5833333333333334,0.5833333333333333,0.7058823529411765,0.2857142857142857,0.4067796610169492,0.7182539682539683,0.6735953761984357,0.6184874972521792,0.21431902294014865,37,5,30,12,False
core_log__candidate_05,core_log,unlimited_leaf_regularized,0.775,0.5833333333333334,0.5833333333333334,0.7692307692307693,0.23809523809523808,0.36363636363636365,0.7182539682539683,0.6735953761984357,0.6184874972521792,0.21431902294014865,39,3,32,10,False
core_log__candidate_05,core_log,unlimited_leaf_regularized,0.8,0.5357142857142857,0.5357142857142857,0.7142857142857143,0.11904761904761904,0.20408163265306123,0.7182539682539683,0.6735953761984357,0.6184874972521792,0.21431902294014865,40,2,37,5,False
core_log__candidate_06,core_log,balanced_subsample,0.2,0.5595238095238095,0.5595238095238095,0.5324675324675324,0.9761904761904762,0.6890756302521008,0.7250566893424036,0.6863550193636319,0.6145754145834723,0.21277936453874693,6,36,1,41,False
core_log__candidate_06,core_log,balanced_subsample,0.225,0.5833333333333334,0.5833333333333333,0.5466666666666666,0.9761904761904762,0.7008547008547008,0.7250566893424036,0.6863550193636319,0.6145754145834723,0.21277936453874693,8,34,1,41,False
core_log__candidate_06,core_log,balanced_subsample,0.25,0.5952380952380952,0.5952380952380952,0.5540540540540541,0.9761904761904762,0.7068965517241379,0.7250566893424036,0.6863550193636319,0.6145754145834723,0.21277936453874693,9,33,1,41,False
core_log__candidate_06,core_log,balanced_subsample,0.275,0.5952380952380952,0.5952380952380952,0.5555555555555556,0.9523809523809523,0.7017543859649122,0.7250566893424036,0.6863550193636319,0.6145754145834723,0.21277936453874693,10,32,2,40,False
core_log__candidate_06,core_log,balanced_subsample,0.3,0.5952380952380952,0.5952380952380952,0.5555555555555556,0.9523809523809523,0.7017543859649122,0.7250566893424036,0.6863550193636319,0.6145754145834723,0.21277936453874693,10,32,2,40,False
core_log__candidate_06,core_log,balanced_subsample,0.325,0.6309523809523809,0.6309523809523809,0.5797101449275363,0.9523809523809523,0.7207207207207207,0.7250566893424036,0.6863550193636319,0.6145754145834723,0.21277936453874693,13,29,2,40,False
core_log__candidate_06,core_log,balanced_subsample,0.35,0.6547619047619048,0.6547619047619048,0.6,0.9285714285714286,0.7289719626168224,0.7250566893424036,0.6863550193636319,0.6145754145834723,0.21277936453874693,16,26,3,39,False
core_log__candidate_06,core_log,balanced_subsample,0.375,0.6666666666666666,0.6666666666666666,0.6129032258064516,0.9047619047619048,0.7307692307692307,0.7250566893424036,0.6863550193636319,0.6145754145834723,0.21277936453874693,18,24,4,38,False
core_log__candidate_06,core_log,balanced_subsample,0.4,0.6785714285714286,0.6785714285714286,0.6271186440677966,0.8809523809523809,0.7326732673267327,0.7250566893424036,0.6863550193636319,0.6145754145834723,0.21277936453874693,20,22,5,37,False
core_log__candidate_06,core_log,balanced_subsample,0.425,0.6904761904761905,0.6904761904761905,0.6481481481481481,0.8333333333333334,0.7291666666666666,0.7250566893424036,0.6863550193636319,0.6145754145834723,0.21277936453874693,23,19,7,35,False
core_log__candidate_06,core_log,balanced_subsample,0.45,0.7142857142857143,0.7142857142857143,0.68,0.8095238095238095,0.7391304347826086,0.7250566893424036,0.6863550193636319,0.6145754145834723,0.21277936453874693,26,16,8,34,True
core_log__candidate_06,core_log,balanced_subsample,0.475,0.7023809523809523,0.7023809523809523,0.673469387755102,0.7857142857142857,0.7252747252747253,0.7250566893424036,0.6863550193636319,0.6145754145834723,0.21277936453874693,26,16,9,33,False
core_log__candidate_06,core_log,balanced_subsample,0.5,0.6904761904761905,0.6904761904761905,0.6666666666666666,0.7619047619047619,0.7111111111111111,0.7250566893424036,0.6863550193636319,0.6145754145834723,0.21277936453874693,26,16,10,32,False
core_log__candidate_06,core_log,balanced_subsample,0.525,0.6666666666666666,0.6666666666666667,0.6521739130434783,0.7142857142857143,0.6818181818181818,0.7250566893424036,0.6863550193636319,0.6145754145834723,0.21277936453874693,26,16,12,30,False
core_log__candidate_06,core_log,balanced_subsample,0.55,0.6309523809523809,0.6309523809523809,0.627906976744186,0.6428571428571429,0.6352941176470588,0.7250566893424036,0.6863550193636319,0.6145754145834723,0.21277936453874693,26,16,15,27,False
core_log__candidate_06,core_log,balanced_subsample,0.575,0.6309523809523809,0.6309523809523809,0.6486486486486487,0.5714285714285714,0.6075949367088608,0.7250566893424036,0.6863550193636319,0.6145754145834723,0.21277936453874693,29,13,18,24,False
core_log__candidate_06,core_log,balanced_subsample,0.6,0.6309523809523809,0.6309523809523809,0.6486486486486487,0.5714285714285714,0.6075949367088608,0.7250566893424036,0.6863550193636319,0.6145754145834723,0.21277936453874693,29,13,18,24,False
core_log__candidate_06,core_log,balanced_subsample,0.625,0.6428571428571429,0.6428571428571429,0.6764705882352942,0.5476190476190477,0.6052631578947368,0.7250566893424036,0.6863550193636319,0.6145754145834723,0.21277936453874693,31,11,19,23,False
core_log__candidate_06,core_log,balanced_subsample,0.65,0.6309523809523809,0.6309523809523809,0.6666666666666666,0.5238095238095238,0.5866666666666667,0.7250566893424036,0.6863550193636319,0.6145754145834723,0.21277936453874693,31,11,20,22,False
core_log__candidate_06,core_log,balanced_subsample,0.675,0.6190476190476191,0.6190476190476191,0.6666666666666666,0.47619047619047616,0.5555555555555556,0.7250566893424036,0.6863550193636319,0.6145754145834723,0.21277936453874693,32,10,22,20,False
core_log__candidate_06,core_log,balanced_subsample,0.7,0.5952380952380952,0.5952380952380952,0.6428571428571429,0.42857142857142855,0.5142857142857142,0.7250566893424036,0.6863550193636319,0.6145754145834723,0.21277936453874693,32,10,24,18,False
core_log__candidate_06,core_log,balanced_subsample,0.725,0.6190476190476191,0.6190476190476191,0.7272727272727273,0.38095238095238093,0.5,0.7250566893424036,0.6863550193636319,0.6145754145834723,0.21277936453874693,36,6,26,16,False
core_log__candidate_06,core_log,balanced_subsample,0.75,0.6071428571428571,0.6071428571428572,0.7647058823529411,0.30952380952380953,0.4406779661016949,0.7250566893424036,0.6863550193636319,0.6145754145834723,0.21277936453874693,38,4,29,13,False
core_log__candidate_06,core_log,balanced_subsample,0.775,0.5952380952380952,0.5952380952380952,0.7857142857142857,0.2619047619047619,0.39285714285714285,0.7250566893424036,0.6863550193636319,0.6145754145834723,0.21277936453874693,39,3,31,11,False
core_log__candidate_06,core_log,balanced_subsample,0.8,0.5595238095238095,0.5595238095238095,0.7777777777777778,0.16666666666666666,0.27450980392156865,0.7250566893424036,0.6863550193636319,0.6145754145834723,0.21277936453874693,40,2,35,7,False
core_log__candidate_07,core_log,conservative_leaf,0.2,0.5714285714285714,0.5714285714285714,0.5394736842105263,0.9761904761904762,0.6949152542372882,0.7108843537414967,0.6877153481003838,0.6304475473719007,0.22049922327370738,7,35,1,41,False
core_log__candidate_07,core_log,conservative_leaf,0.225,0.5952380952380952,0.5952380952380952,0.5540540540540541,0.9761904761904762,0.7068965517241379,0.7108843537414967,0.6877153481003838,0.6304475473719007,0.22049922327370738,9,33,1,41,False
core_log__candidate_07,core_log,conservative_leaf,0.25,0.5952380952380952,0.5952380952380952,0.5571428571428572,0.9285714285714286,0.6964285714285714,0.7108843537414967,0.6877153481003838,0.6304475473719007,0.22049922327370738,11,31,3,39,False
core_log__candidate_07,core_log,conservative_leaf,0.275,0.5952380952380952,0.5952380952380952,0.5571428571428572,0.9285714285714286,0.6964285714285714,0.7108843537414967,0.6877153481003838,0.6304475473719007,0.22049922327370738,11,31,3,39,False
core_log__candidate_07,core_log,conservative_leaf,0.3,0.6190476190476191,0.6190476190476191,0.5735294117647058,0.9285714285714286,0.7090909090909091,0.7108843537414967,0.6877153481003838,0.6304475473719007,0.22049922327370738,13,29,3,39,False
core_log__candidate_07,core_log,conservative_leaf,0.325,0.6190476190476191,0.6190476190476191,0.578125,0.8809523809523809,0.6981132075471698,0.7108843537414967,0.6877153481003838,0.6304475473719007,0.22049922327370738,15,27,5,37,False
core_log__candidate_07,core_log,conservative_leaf,0.35,0.6309523809523809,0.6309523809523809,0.5901639344262295,0.8571428571428571,0.6990291262135923,0.7108843537414967,0.6877153481003838,0.6304475473719007,0.22049922327370738,17,25,6,36,False
core_log__candidate_07,core_log,conservative_leaf,0.375,0.6666666666666666,0.6666666666666666,0.6206896551724138,0.8571428571428571,0.72,0.7108843537414967,0.6877153481003838,0.6304475473719007,0.22049922327370738,20,22,6,36,True
core_log__candidate_07,core_log,conservative_leaf,0.4,0.6666666666666666,0.6666666666666667,0.6346153846153846,0.7857142857142857,0.7021276595744681,0.7108843537414967,0.6877153481003838,0.6304475473719007,0.22049922327370738,23,19,9,33,False
core_log__candidate_07,core_log,conservative_leaf,0.425,0.6547619047619048,0.6547619047619048,0.6274509803921569,0.7619047619047619,0.6881720430107527,0.7108843537414967,0.6877153481003838,0.6304475473719007,0.22049922327370738,23,19,10,32,False
core_log__candidate_07,core_log,conservative_leaf,0.45,0.6666666666666666,0.6666666666666666,0.64,0.7619047619047619,0.6956521739130435,0.7108843537414967,0.6877153481003838,0.6304475473719007,0.22049922327370738,24,18,10,32,False
core_log__candidate_07,core_log,conservative_leaf,0.475,0.6547619047619048,0.6547619047619048,0.6382978723404256,0.7142857142857143,0.6741573033707865,0.7108843537414967,0.6877153481003838,0.6304475473719007,0.22049922327370738,25,17,12,30,False
core_log__candidate_07,core_log,conservative_leaf,0.5,0.6428571428571429,0.6428571428571429,0.6428571428571429,0.6428571428571429,0.6428571428571429,0.7108843537414967,0.6877153481003838,0.6304475473719007,0.22049922327370738,27,15,15,27,False
core_log__candidate_07,core_log,conservative_leaf,0.525,0.6190476190476191,0.6190476190476191,0.625,0.5952380952380952,0.6097560975609756,0.7108843537414967,0.6877153481003838,0.6304475473719007,0.22049922327370738,27,15,17,25,False
core_log__candidate_07,core_log,conservative_leaf,0.55,0.6309523809523809,0.6309523809523809,0.6410256410256411,0.5952380952380952,0.6172839506172839,0.7108843537414967,0.6877153481003838,0.6304475473719007,0.22049922327370738,28,14,17,25,False
core_log__candidate_07,core_log,conservative_leaf,0.575,0.6428571428571429,0.6428571428571428,0.6578947368421053,0.5952380952380952,0.625,0.7108843537414967,0.6877153481003838,0.6304475473719007,0.22049922327370738,29,13,17,25,False
core_log__candidate_07,core_log,conservative_leaf,0.6,0.6190476190476191,0.6190476190476191,0.6388888888888888,0.5476190476190477,0.5897435897435898,0.7108843537414967,0.6877153481003838,0.6304475473719007,0.22049922327370738,29,13,19,23,False
core_log__candidate_07,core_log,conservative_leaf,0.625,0.6547619047619048,0.6547619047619048,0.696969696969697,0.5476190476190477,0.6133333333333333,0.7108843537414967,0.6877153481003838,0.6304475473719007,0.22049922327370738,32,10,19,23,False
core_log__candidate_07,core_log,conservative_leaf,0.65,0.6428571428571429,0.6428571428571428,0.7,0.5,0.5833333333333334,0.7108843537414967,0.6877153481003838,0.6304475473719007,0.22049922327370738,33,9,21,21,False
core_log__candidate_07,core_log,conservative_leaf,0.675,0.6309523809523809,0.6309523809523809,0.6896551724137931,0.47619047619047616,0.5633802816901409,0.7108843537414967,0.6877153481003838,0.6304475473719007,0.22049922327370738,33,9,22,20,False
core_log__candidate_07,core_log,conservative_leaf,0.7,0.6190476190476191,0.6190476190476191,0.6785714285714286,0.4523809523809524,0.5428571428571428,0.7108843537414967,0.6877153481003838,0.6304475473719007,0.22049922327370738,33,9,23,19,False
core_log__candidate_07,core_log,conservative_leaf,0.725,0.6071428571428571,0.6071428571428571,0.6666666666666666,0.42857142857142855,0.5217391304347826,0.7108843537414967,0.6877153481003838,0.6304475473719007,0.22049922327370738,33,9,24,18,False
core_log__candidate_07,core_log,conservative_leaf,0.75,0.5952380952380952,0.5952380952380952,0.7222222222222222,0.30952380952380953,0.43333333333333335,0.7108843537414967,0.6877153481003838,0.6304475473719007,0.22049922327370738,37,5,29,13,False
core_log__candidate_07,core_log,conservative_leaf,0.775,0.5833333333333334,0.5833333333333334,0.7692307692307693,0.23809523809523808,0.36363636363636365,0.7108843537414967,0.6877153481003838,0.6304475473719007,0.22049922327370738,39,3,32,10,False
core_log__candidate_07,core_log,conservative_leaf,0.8,0.5357142857142857,0.5357142857142857,0.7142857142857143,0.11904761904761904,0.20408163265306123,0.7108843537414967,0.6877153481003838,0.6304475473719007,0.22049922327370738,40,2,37,5,False
core_log__candidate_08,core_log,wide_feature_sampling,0.2,0.5833333333333334,0.5833333333333333,0.547945205479452,0.9523809523809523,0.6956521739130435,0.7222222222222223,0.7243847469832536,0.6206190552699349,0.21624498019232202,9,33,2,40,False
core_log__candidate_08,core_log,wide_feature_sampling,0.225,0.5714285714285714,0.5714285714285714,0.5416666666666666,0.9285714285714286,0.6842105263157895,0.7222222222222223,0.7243847469832536,0.6206190552699349,0.21624498019232202,9,33,3,39,False
core_log__candidate_08,core_log,wide_feature_sampling,0.25,0.5833333333333334,0.5833333333333334,0.5492957746478874,0.9285714285714286,0.6902654867256637,0.7222222222222223,0.7243847469832536,0.6206190552699349,0.21624498019232202,10,32,3,39,False
core_log__candidate_08,core_log,wide_feature_sampling,0.275,0.6190476190476191,0.6190476190476191,0.5735294117647058,0.9285714285714286,0.7090909090909091,0.7222222222222223,0.7243847469832536,0.6206190552699349,0.21624498019232202,13,29,3,39,False
core_log__candidate_08,core_log,wide_feature_sampling,0.3,0.6190476190476191,0.6190476190476191,0.5757575757575758,0.9047619047619048,0.7037037037037037,0.7222222222222223,0.7243847469832536,0.6206190552699349,0.21624498019232202,14,28,4,38,False
core_log__candidate_08,core_log,wide_feature_sampling,0.325,0.6309523809523809,0.6309523809523809,0.5873015873015873,0.8809523809523809,0.7047619047619048,0.7222222222222223,0.7243847469832536,0.6206190552699349,0.21624498019232202,16,26,5,37,False
core_log__candidate_08,core_log,wide_feature_sampling,0.35,0.6666666666666666,0.6666666666666666,0.6166666666666667,0.8809523809523809,0.7254901960784313,0.7222222222222223,0.7243847469832536,0.6206190552699349,0.21624498019232202,19,23,5,37,True
core_log__candidate_08,core_log,wide_feature_sampling,0.375,0.6666666666666666,0.6666666666666667,0.625,0.8333333333333334,0.7142857142857143,0.7222222222222223,0.7243847469832536,0.6206190552699349,0.21624498019232202,21,21,7,35,False
core_log__candidate_08,core_log,wide_feature_sampling,0.4,0.6547619047619048,0.6547619047619048,0.6181818181818182,0.8095238095238095,0.7010309278350515,0.7222222222222223,0.7243847469832536,0.6206190552699349,0.21624498019232202,21,21,8,34,False
core_log__candidate_08,core_log,wide_feature_sampling,0.425,0.6666666666666666,0.6666666666666667,0.6296296296296297,0.8095238095238095,0.7083333333333334,0.7222222222222223,0.7243847469832536,0.6206190552699349,0.21624498019232202,22,20,8,34,False
core_log__candidate_08,core_log,wide_feature_sampling,0.45,0.6547619047619048,0.6547619047619048,0.6274509803921569,0.7619047619047619,0.6881720430107527,0.7222222222222223,0.7243847469832536,0.6206190552699349,0.21624498019232202,23,19,10,32,False
core_log__candidate_08,core_log,wide_feature_sampling,0.475,0.6547619047619048,0.6547619047619048,0.6382978723404256,0.7142857142857143,0.6741573033707865,0.7222222222222223,0.7243847469832536,0.6206190552699349,0.21624498019232202,25,17,12,30,False
core_log__candidate_08,core_log,wide_feature_sampling,0.5,0.6547619047619048,0.6547619047619048,0.6511627906976745,0.6666666666666666,0.6588235294117647,0.7222222222222223,0.7243847469832536,0.6206190552699349,0.21624498019232202,27,15,14,28,False
core_log__candidate_08,core_log,wide_feature_sampling,0.525,0.6428571428571429,0.6428571428571429,0.6428571428571429,0.6428571428571429,0.6428571428571429,0.7222222222222223,0.7243847469832536,0.6206190552699349,0.21624498019232202,27,15,15,27,False
core_log__candidate_08,core_log,wide_feature_sampling,0.55,0.6428571428571429,0.6428571428571428,0.65,0.6190476190476191,0.6341463414634146,0.7222222222222223,0.7243847469832536,0.6206190552699349,0.21624498019232202,28,14,16,26,False
core_log__candidate_08,core_log,wide_feature_sampling,0.575,0.6309523809523809,0.6309523809523809,0.6486486486486487,0.5714285714285714,0.6075949367088608,0.7222222222222223,0.7243847469832536,0.6206190552699349,0.21624498019232202,29,13,18,24,False
core_log__candidate_08,core_log,wide_feature_sampling,0.6,0.6309523809523809,0.6309523809523809,0.6486486486486487,0.5714285714285714,0.6075949367088608,0.7222222222222223,0.7243847469832536,0.6206190552699349,0.21624498019232202,29,13,18,24,False
core_log__candidate_08,core_log,wide_feature_sampling,0.625,0.6309523809523809,0.6309523809523809,0.6571428571428571,0.5476190476190477,0.5974025974025974,0.7222222222222223,0.7243847469832536,0.6206190552699349,0.21624498019232202,30,12,19,23,False
core_log__candidate_08,core_log,wide_feature_sampling,0.65,0.6666666666666666,0.6666666666666667,0.71875,0.5476190476190477,0.6216216216216216,0.7222222222222223,0.7243847469832536,0.6206190552699349,0.21624498019232202,33,9,19,23,False
core_log__candidate_08,core_log,wide_feature_sampling,0.675,0.6666666666666666,0.6666666666666666,0.7692307692307693,0.47619047619047616,0.5882352941176471,0.7222222222222223,0.7243847469832536,0.6206190552699349,0.21624498019232202,36,6,22,20,False
core_log__candidate_08,core_log,wide_feature_sampling,0.7,0.6190476190476191,0.6190476190476191,0.7272727272727273,0.38095238095238093,0.5,0.7222222222222223,0.7243847469832536,0.6206190552699349,0.21624498019232202,36,6,26,16,False
core_log__candidate_08,core_log,wide_feature_sampling,0.725,0.6190476190476191,0.6190476190476191,0.75,0.35714285714285715,0.4838709677419355,0.7222222222222223,0.7243847469832536,0.6206190552699349,0.21624498019232202,37,5,27,15,False
core_log__candidate_08,core_log,wide_feature_sampling,0.75,0.6071428571428571,0.6071428571428571,0.7368421052631579,0.3333333333333333,0.45901639344262296,0.7222222222222223,0.7243847469832536,0.6206190552699349,0.21624498019232202,37,5,28,14,False
core_log__candidate_08,core_log,wide_feature_sampling,0.775,0.5833333333333334,0.5833333333333334,0.7692307692307693,0.23809523809523808,0.36363636363636365,0.7222222222222223,0.7243847469832536,0.6206190552699349,0.21624498019232202,39,3,32,10,False
core_log__candidate_08,core_log,wide_feature_sampling,0.8,0.5595238095238095,0.5595238095238095,0.7272727272727273,0.19047619047619047,0.3018867924528302,0.7222222222222223,0.7243847469832536,0.6206190552699349,0.21624498019232202,39,3,34,8,False
