vector_position,chunk_id,document_id,repository,pr_number,section_name,review_priority,original_character_count,embedding_character_count,template_text_removed
0,prchunk_43245663e9bd58dd8141,prdoc_771bb76adc7750ca0ebc,pallets/flask,5844,PR identity,Critical,262,262,False
1,prchunk_47445f21984594b4a0c2,prdoc_771bb76adc7750ca0ebc,pallets/flask,5844,PR description,Critical,1184,762,True
2,prchunk_a08a1ccb0fea3d14dde2,prdoc_771bb76adc7750ca0ebc,pallets/flask,5844,PR description,Critical,216,216,False
3,prchunk_b8cb17f0a3eff9eadfd9,prdoc_771bb76adc7750ca0ebc,pallets/flask,5844,Change evidence,Critical,404,404,False
4,prchunk_7662e412a3bd619ab62d,prdoc_771bb76adc7750ca0ebc,pallets/flask,5844,Predictive intelligence,Critical,430,430,False
5,prchunk_985b970ba8efeae270b3,prdoc_771bb76adc7750ca0ebc,pallets/flask,5844,Deterministic policy intelligence,Critical,996,996,False
6,prchunk_dbec4b66e227f94e7859,prdoc_771bb76adc7750ca0ebc,pallets/flask,5844,Unified review priority,Critical,306,306,False
7,prchunk_d7fe55941eb2c3d6b561,prdoc_70dcfe694d641b6da04a,pallets/flask,4397,PR identity,Critical,279,279,False
8,prchunk_4a0bb6238153561df355,prdoc_70dcfe694d641b6da04a,pallets/flask,4397,PR description,Critical,715,715,False
9,prchunk_772df6e8b34a3e742dd5,prdoc_70dcfe694d641b6da04a,pallets/flask,4397,Change evidence,Critical,404,404,False
10,prchunk_1d56aed7b6cdc2e095c3,prdoc_70dcfe694d641b6da04a,pallets/flask,4397,Predictive intelligence,Critical,426,426,False
11,prchunk_488f7cc38b37acdc3882,prdoc_70dcfe694d641b6da04a,pallets/flask,4397,Deterministic policy intelligence,Critical,754,754,False
12,prchunk_8989185cd31b8acbe7f0,prdoc_70dcfe694d641b6da04a,pallets/flask,4397,Unified review priority,Critical,306,306,False
13,prchunk_d535ae833eca5f065086,prdoc_1908e0b55ad11421c346,pallets/flask,4139,PR identity,Critical,274,274,False
14,prchunk_0ec96661633eba12c995,prdoc_1908e0b55ad11421c346,pallets/flask,4139,PR description,Critical,653,653,False
15,prchunk_566ceb5a25ca4dccc755,prdoc_1908e0b55ad11421c346,pallets/flask,4139,Change evidence,Critical,405,405,False
16,prchunk_e530498e9c05098067ba,prdoc_1908e0b55ad11421c346,pallets/flask,4139,Predictive intelligence,Critical,426,426,False
17,prchunk_8cc1001714fb488df006,prdoc_1908e0b55ad11421c346,pallets/flask,4139,Deterministic policy intelligence,Critical,754,754,False
18,prchunk_78ea6c25df053f232061,prdoc_1908e0b55ad11421c346,pallets/flask,4139,Unified review priority,Critical,306,306,False
19,prchunk_692d09c8a1c6f03c7d13,prdoc_d838c75e7379dbb6f883,pallets/flask,5798,PR identity,Critical,269,269,False
20,prchunk_c945a74b8128e98308f0,prdoc_d838c75e7379dbb6f883,pallets/flask,5798,PR description,Critical,183,183,False
21,prchunk_03215333006aef4dd26e,prdoc_d838c75e7379dbb6f883,pallets/flask,5798,Change evidence,Critical,404,404,False
22,prchunk_0db930e03d8c24044342,prdoc_d838c75e7379dbb6f883,pallets/flask,5798,Predictive intelligence,Critical,426,426,False
23,prchunk_c47992b2a6a40e3241f6,prdoc_d838c75e7379dbb6f883,pallets/flask,5798,Deterministic policy intelligence,Critical,748,748,False
24,prchunk_1c801898c65f9ffcdb41,prdoc_d838c75e7379dbb6f883,pallets/flask,5798,Unified review priority,Critical,306,306,False
25,prchunk_12724faf64a097db8baf,prdoc_69e9ee304279e3c60fe0,pallets/flask,5017,PR identity,Critical,266,266,False
26,prchunk_abf791637896af61da6c,prdoc_69e9ee304279e3c60fe0,pallets/flask,5017,PR description,Critical,1031,524,True
27,prchunk_1ed234d5e8b41e57c587,prdoc_69e9ee304279e3c60fe0,pallets/flask,5017,PR description,Critical,237,237,False
28,prchunk_8fb2ff03fb6decb16f63,prdoc_69e9ee304279e3c60fe0,pallets/flask,5017,Change evidence,Critical,411,411,False
29,prchunk_11729f5ff5985ca9da99,prdoc_69e9ee304279e3c60fe0,pallets/flask,5017,Predictive intelligence,Critical,474,474,False
30,prchunk_608427704b4094107c96,prdoc_69e9ee304279e3c60fe0,pallets/flask,5017,Deterministic policy intelligence,Critical,971,971,False
31,prchunk_ce6c66daebd036fc7d5f,prdoc_69e9ee304279e3c60fe0,pallets/flask,5017,Unified review priority,Critical,306,306,False
32,prchunk_05e3f24861ad29fb43fb,prdoc_3c8e2ba1646df3130162,pallets/flask,4415,PR identity,Critical,275,275,False
33,prchunk_6526fc9d083b75062a2c,prdoc_3c8e2ba1646df3130162,pallets/flask,4415,PR description,Critical,1053,389,True
34,prchunk_51ae6fea6a8b812daea4,prdoc_3c8e2ba1646df3130162,pallets/flask,4415,PR description,Critical,360,360,False
35,prchunk_f41c119dab9c0a218430,prdoc_3c8e2ba1646df3130162,pallets/flask,4415,Change evidence,Critical,402,402,False
36,prchunk_bb73b0aa2b0954135a5e,prdoc_3c8e2ba1646df3130162,pallets/flask,4415,Predictive intelligence,Critical,474,474,False
37,prchunk_72d4a422a927884d2ec0,prdoc_3c8e2ba1646df3130162,pallets/flask,4415,Deterministic policy intelligence,Critical,754,754,False
38,prchunk_b2cbfd9692fb4baf01b2,prdoc_3c8e2ba1646df3130162,pallets/flask,4415,Unified review priority,Critical,306,306,False
39,prchunk_fc4fbf95c70074c423a3,prdoc_f2f91946be86f82f5f5d,pallets/flask,5457,PR identity,Critical,258,258,False
40,prchunk_601d505f8ad0b2d5c8a9,prdoc_f2f91946be86f82f5f5d,pallets/flask,5457,PR description,Critical,239,239,False
41,prchunk_abca38e658333a13fae1,prdoc_f2f91946be86f82f5f5d,pallets/flask,5457,Change evidence,Critical,410,410,False
42,prchunk_73b5055dc6d1ad6bc062,prdoc_f2f91946be86f82f5f5d,pallets/flask,5457,Predictive intelligence,Critical,426,426,False
43,prchunk_5c0017d56f7cafc1a6ad,prdoc_f2f91946be86f82f5f5d,pallets/flask,5457,Deterministic policy intelligence,Critical,990,990,False
44,prchunk_e50f246a11fd82d9cd30,prdoc_f2f91946be86f82f5f5d,pallets/flask,5457,Unified review priority,Critical,306,306,False
45,prchunk_a0a7c581188757164f3c,prdoc_c1b926c76a39e24f30d8,pallets/flask,5765,PR identity,Critical,284,284,False
46,prchunk_459755cfecd68d60ef29,prdoc_c1b926c76a39e24f30d8,pallets/flask,5765,PR description,Critical,715,715,False
47,prchunk_d3e07d122464feeec9d3,prdoc_c1b926c76a39e24f30d8,pallets/flask,5765,Change evidence,Critical,405,405,False
48,prchunk_393933dca4576a08afba,prdoc_c1b926c76a39e24f30d8,pallets/flask,5765,Predictive intelligence,Critical,474,474,False
49,prchunk_0784a0bafe6e86d58911,prdoc_c1b926c76a39e24f30d8,pallets/flask,5765,Deterministic policy intelligence,Critical,754,754,False
50,prchunk_11a0d14f664d56eff3d1,prdoc_c1b926c76a39e24f30d8,pallets/flask,5765,Unified review priority,Critical,306,306,False
51,prchunk_f30a29bf35566f1caf6d,prdoc_2a821b9cecaaa89bbfaa,pallets/flask,5460,PR identity,Critical,271,271,False
52,prchunk_7bd17fcae7432b175e56,prdoc_2a821b9cecaaa89bbfaa,pallets/flask,5460,PR description,Critical,550,550,False
53,prchunk_2be96d294c54c0f14aba,prdoc_2a821b9cecaaa89bbfaa,pallets/flask,5460,Change evidence,Critical,404,404,False
54,prchunk_ba3532aa66a2612e3547,prdoc_2a821b9cecaaa89bbfaa,pallets/flask,5460,Predictive intelligence,Critical,414,414,False
55,prchunk_1d7cd2114e9f10fe1953,prdoc_2a821b9cecaaa89bbfaa,pallets/flask,5460,Deterministic policy intelligence,Critical,634,634,False
56,prchunk_e876af01778ac9334620,prdoc_2a821b9cecaaa89bbfaa,pallets/flask,5460,Unified review priority,Critical,306,306,False
57,prchunk_7289146d6bcee2ab42da,prdoc_551fc8566d45fc88bf1a,pallets/flask,4936,PR identity,Critical,258,258,False
58,prchunk_8b73be70429b0ceb6550,prdoc_551fc8566d45fc88bf1a,pallets/flask,4936,PR description,Critical,1307,800,True
59,prchunk_3597c007141fdf4f2ac7,prdoc_551fc8566d45fc88bf1a,pallets/flask,4936,PR description,Critical,294,294,False
60,prchunk_f9c0787951a9f7becd2d,prdoc_551fc8566d45fc88bf1a,pallets/flask,4936,Change evidence,Critical,407,407,False
61,prchunk_4d4821fd0fedd0568051,prdoc_551fc8566d45fc88bf1a,pallets/flask,4936,Predictive intelligence,Critical,474,474,False
62,prchunk_0dbba4cd56f23a7d2c6a,prdoc_551fc8566d45fc88bf1a,pallets/flask,4936,Deterministic policy intelligence,Critical,874,874,False
63,prchunk_ff5215ba11f03d2a2058,prdoc_551fc8566d45fc88bf1a,pallets/flask,4936,Unified review priority,Critical,306,306,False
64,prchunk_c66039d03a1975011f62,prdoc_d3c64c45fa73fe9556e5,pallets/flask,5713,PR identity,Critical,246,246,False
65,prchunk_94b38e386099d063248c,prdoc_d3c64c45fa73fe9556e5,pallets/flask,5713,PR description,Critical,960,145,True
66,prchunk_6199423820f9e5a38495,prdoc_d3c64c45fa73fe9556e5,pallets/flask,5713,Change evidence,Critical,418,418,False
67,prchunk_4498c842b2a473077779,prdoc_d3c64c45fa73fe9556e5,pallets/flask,5713,Predictive intelligence,Critical,474,474,False
68,prchunk_c7c05f84816c66381682,prdoc_d3c64c45fa73fe9556e5,pallets/flask,5713,Deterministic policy intelligence,Critical,967,967,False
69,prchunk_ed6783fbdfdaa4c26267,prdoc_d3c64c45fa73fe9556e5,pallets/flask,5713,Unified review priority,Critical,306,306,False
70,prchunk_5b9ed4013622e231abd6,prdoc_2cdcb2eda4624dac8174,pallets/flask,3733,PR identity,Critical,290,290,False
71,prchunk_66dab59e82ed6036ea72,prdoc_2cdcb2eda4624dac8174,pallets/flask,3733,PR description,Critical,405,405,False
72,prchunk_2cb529165a4b2c400c2f,prdoc_2cdcb2eda4624dac8174,pallets/flask,3733,Change evidence,Critical,404,404,False
73,prchunk_18ae1074ff87b1e15bc0,prdoc_2cdcb2eda4624dac8174,pallets/flask,3733,Predictive intelligence,Critical,474,474,False
74,prchunk_858cc72ade5c90ef3c2f,prdoc_2cdcb2eda4624dac8174,pallets/flask,3733,Deterministic policy intelligence,Critical,869,869,False
75,prchunk_45889ee1946d64fca2a2,prdoc_2cdcb2eda4624dac8174,pallets/flask,3733,Unified review priority,Critical,306,306,False
76,prchunk_30ac77b4a2556b9eb21a,prdoc_d6300fe17906f83c0a7e,pallets/flask,5795,PR identity,Critical,292,292,False
77,prchunk_7303f444eff039b8ce3d,prdoc_d6300fe17906f83c0a7e,pallets/flask,5795,PR description,Critical,1179,1179,False
78,prchunk_dc4fa88e2a70935b011c,prdoc_d6300fe17906f83c0a7e,pallets/flask,5795,PR description,Critical,576,576,False
79,prchunk_0e86d92277501a88cb9e,prdoc_d6300fe17906f83c0a7e,pallets/flask,5795,Change evidence,Critical,405,405,False
80,prchunk_396ed77ad012c3a0a90e,prdoc_d6300fe17906f83c0a7e,pallets/flask,5795,Predictive intelligence,Critical,430,430,False
81,prchunk_83eb28f67270cafedc0c,prdoc_d6300fe17906f83c0a7e,pallets/flask,5795,Deterministic policy intelligence,Critical,763,763,False
82,prchunk_e9e611212d0f93fe9ebd,prdoc_d6300fe17906f83c0a7e,pallets/flask,5795,Unified review priority,Critical,306,306,False
83,prchunk_99aacd5c713fc011cd52,prdoc_65c370e5d5b0473a2b71,pallets/flask,5695,PR identity,Critical,278,278,False
84,prchunk_6255f29cb75ad3d32ecd,prdoc_65c370e5d5b0473a2b71,pallets/flask,5695,PR description,Critical,577,577,False
85,prchunk_41a3393352504f254bd5,prdoc_65c370e5d5b0473a2b71,pallets/flask,5695,Change evidence,Critical,404,404,False
86,prchunk_f7392a42634ec82df26e,prdoc_65c370e5d5b0473a2b71,pallets/flask,5695,Predictive intelligence,Critical,426,426,False
87,prchunk_0d189c418de13fb2c002,prdoc_65c370e5d5b0473a2b71,pallets/flask,5695,Deterministic policy intelligence,Critical,634,634,False
88,prchunk_ad39567f951f6659bd4e,prdoc_65c370e5d5b0473a2b71,pallets/flask,5695,Unified review priority,Critical,306,306,False
89,prchunk_289408317c6755706546,prdoc_24c4580b01e459d3aa4d,pallets/flask,3876,PR identity,Critical,270,270,False
90,prchunk_ce40871e7a4dd9be009f,prdoc_24c4580b01e459d3aa4d,pallets/flask,3876,PR description,Critical,264,264,False
91,prchunk_fd21fef74af5eac69ef6,prdoc_24c4580b01e459d3aa4d,pallets/flask,3876,Change evidence,Critical,421,421,False
92,prchunk_ba703eb3a9c5cb39c524,prdoc_24c4580b01e459d3aa4d,pallets/flask,3876,Predictive intelligence,Critical,474,474,False
93,prchunk_89773e6fd01d3ab3dce4,prdoc_24c4580b01e459d3aa4d,pallets/flask,3876,Deterministic policy intelligence,Critical,983,983,False
94,prchunk_e4e6ec0dcb26cedb793c,prdoc_24c4580b01e459d3aa4d,pallets/flask,3876,Unified review priority,Critical,306,306,False
95,prchunk_11c3711fa41955c44efc,prdoc_8af2e53a908b4619aa28,pallets/flask,5377,PR identity,Critical,285,285,False
96,prchunk_a207bd771394df6cffc8,prdoc_8af2e53a908b4619aa28,pallets/flask,5377,PR description,Critical,366,314,True
97,prchunk_922bdbe83e2deece2168,prdoc_8af2e53a908b4619aa28,pallets/flask,5377,Change evidence,Critical,403,403,False
98,prchunk_c7a416ccd15cd5a87404,prdoc_8af2e53a908b4619aa28,pallets/flask,5377,Predictive intelligence,Critical,430,430,False
99,prchunk_ac9b4c9ffb7ed193f98f,prdoc_8af2e53a908b4619aa28,pallets/flask,5377,Deterministic policy intelligence,Critical,862,862,False
100,prchunk_a487ea0791b4cff76005,prdoc_8af2e53a908b4619aa28,pallets/flask,5377,Unified review priority,Critical,306,306,False
101,prchunk_8daefc4825f4c2c308ab,prdoc_5ad6c8bb7ed4995adac2,pallets/flask,5727,PR identity,Critical,244,244,False
102,prchunk_f6496155340b41ebbca1,prdoc_5ad6c8bb7ed4995adac2,pallets/flask,5727,PR description,Critical,965,965,False
103,prchunk_23d03427c7e7a9a448c8,prdoc_5ad6c8bb7ed4995adac2,pallets/flask,5727,Change evidence,Critical,415,415,False
104,prchunk_b02fe77a67c10ccd65d7,prdoc_5ad6c8bb7ed4995adac2,pallets/flask,5727,Predictive intelligence,Critical,414,414,False
105,prchunk_6ef4daa93e0ca5cf173f,prdoc_5ad6c8bb7ed4995adac2,pallets/flask,5727,Deterministic policy intelligence,Critical,853,853,False
106,prchunk_70be27fce72705cd997e,prdoc_5ad6c8bb7ed4995adac2,pallets/flask,5727,Unified review priority,Critical,306,306,False
107,prchunk_4eefba32606233c0b5e3,prdoc_57fe185a86bde8fec56b,pallets/flask,5865,PR identity,Critical,280,280,False
108,prchunk_d4763fea6036ff06e405,prdoc_57fe185a86bde8fec56b,pallets/flask,5865,PR description,Critical,1140,718,True
109,prchunk_83aad8ad6e19c78f1d71,prdoc_57fe185a86bde8fec56b,pallets/flask,5865,PR description,Critical,240,240,False
110,prchunk_072c9389a3ed75386aee,prdoc_57fe185a86bde8fec56b,pallets/flask,5865,Change evidence,Critical,403,403,False
111,prchunk_d6a10e3ef5f3b42756b6,prdoc_57fe185a86bde8fec56b,pallets/flask,5865,Predictive intelligence,Critical,430,430,False
112,prchunk_e2ea78cf85b054380d51,prdoc_57fe185a86bde8fec56b,pallets/flask,5865,Deterministic policy intelligence,Critical,763,763,False
113,prchunk_13299287cc086f62e0c3,prdoc_57fe185a86bde8fec56b,pallets/flask,5865,Unified review priority,Critical,306,306,False
114,prchunk_303ebcd443e364f7085d,prdoc_6f766227dcbf0e9e163e,pallets/flask,5449,PR identity,Critical,276,276,False
115,prchunk_f7182e5cccb3a64c71be,prdoc_6f766227dcbf0e9e163e,pallets/flask,5449,PR description,Critical,332,332,False
116,prchunk_2a802284247c6b884c65,prdoc_6f766227dcbf0e9e163e,pallets/flask,5449,Change evidence,Critical,427,427,False
117,prchunk_3ed61900debe0e876ba8,prdoc_6f766227dcbf0e9e163e,pallets/flask,5449,Predictive intelligence,Critical,474,474,False
118,prchunk_d1107ef1733d8f1f3ccf,prdoc_6f766227dcbf0e9e163e,pallets/flask,5449,Deterministic policy intelligence,Critical,983,983,False
119,prchunk_72a978c8d116eb97af47,prdoc_6f766227dcbf0e9e163e,pallets/flask,5449,Unified review priority,Critical,306,306,False
120,prchunk_12c7dfd97cdfb85da7a1,prdoc_1e5a4e3009ce383f389d,pallets/flask,4173,PR identity,Critical,292,292,False
121,prchunk_367a4cbecf70857824d9,prdoc_1e5a4e3009ce383f389d,pallets/flask,4173,PR description,Critical,204,204,False
122,prchunk_67c5547938330269bcfb,prdoc_1e5a4e3009ce383f389d,pallets/flask,4173,Change evidence,Critical,417,417,False
123,prchunk_5d663c625532e48b8af3,prdoc_1e5a4e3009ce383f389d,pallets/flask,4173,Predictive intelligence,Critical,470,470,False
124,prchunk_bf2c6112b5f456d55b95,prdoc_1e5a4e3009ce383f389d,pallets/flask,4173,Deterministic policy intelligence,Critical,1063,1063,False
125,prchunk_7f856cf495f2329f9959,prdoc_1e5a4e3009ce383f389d,pallets/flask,4173,Unified review priority,Critical,306,306,False
126,prchunk_5c0b3fe524b9c96cb111,prdoc_05204bf6ef5a0fea869f,pallets/flask,5423,PR identity,Critical,299,299,False
127,prchunk_052bab5858e7289a139c,prdoc_05204bf6ef5a0fea869f,pallets/flask,5423,PR description,Critical,348,348,False
128,prchunk_a48b11b512e202375741,prdoc_05204bf6ef5a0fea869f,pallets/flask,5423,Change evidence,Critical,403,403,False
129,prchunk_6a559bcfc6d628fb405c,prdoc_05204bf6ef5a0fea869f,pallets/flask,5423,Predictive intelligence,Critical,426,426,False
130,prchunk_27c13f68c5ef42e688dc,prdoc_05204bf6ef5a0fea869f,pallets/flask,5423,Deterministic policy intelligence,Critical,862,862,False
131,prchunk_d68ee23591dadffc6bb1,prdoc_05204bf6ef5a0fea869f,pallets/flask,5423,Unified review priority,Critical,306,306,False
132,prchunk_04e96ad2562aefa769b7,prdoc_cc8ef61c677618f75e7b,pallets/flask,5750,PR identity,Critical,308,308,False
133,prchunk_d34cd9f78c7746e5bfc3,prdoc_cc8ef61c677618f75e7b,pallets/flask,5750,PR description,Critical,812,812,False
134,prchunk_41148d4ed44baac18e39,prdoc_cc8ef61c677618f75e7b,pallets/flask,5750,Change evidence,Critical,404,404,False
135,prchunk_e3c358ae092d1d7b0f62,prdoc_cc8ef61c677618f75e7b,pallets/flask,5750,Predictive intelligence,Critical,474,474,False
136,prchunk_770d5616d1b8e325b537,prdoc_cc8ef61c677618f75e7b,pallets/flask,5750,Deterministic policy intelligence,Critical,634,634,False
137,prchunk_5ced3d23f192ca951742,prdoc_cc8ef61c677618f75e7b,pallets/flask,5750,Unified review priority,Critical,306,306,False
138,prchunk_a65a50275e19bbda3978,prdoc_c3a32848bab7e6b17db3,pallets/flask,4833,PR identity,Critical,285,285,False
139,prchunk_33266c7f6d2ac9b125ed,prdoc_c3a32848bab7e6b17db3,pallets/flask,4833,PR description,Critical,496,444,True
140,prchunk_95f23e91f85a69396df7,prdoc_c3a32848bab7e6b17db3,pallets/flask,4833,Change evidence,Critical,403,403,False
141,prchunk_1262050e2cdfda628208,prdoc_c3a32848bab7e6b17db3,pallets/flask,4833,Predictive intelligence,Critical,426,426,False
142,prchunk_1a0be2fbe39857f52302,prdoc_c3a32848bab7e6b17db3,pallets/flask,4833,Deterministic policy intelligence,Critical,862,862,False
143,prchunk_7cd637991e3217b4094b,prdoc_c3a32848bab7e6b17db3,pallets/flask,4833,Unified review priority,Critical,306,306,False
144,prchunk_8c1f56ad36e5477cfd01,prdoc_ef0c730d0df57e10c7cf,pallets/flask,3737,PR identity,Critical,311,311,False
145,prchunk_be21b272de1c24ae4444,prdoc_ef0c730d0df57e10c7cf,pallets/flask,3737,PR description,Critical,627,627,False
146,prchunk_b8859ab1641508b41305,prdoc_ef0c730d0df57e10c7cf,pallets/flask,3737,Change evidence,Critical,403,403,False
147,prchunk_c7b238aa6bd09527bb0e,prdoc_ef0c730d0df57e10c7cf,pallets/flask,3737,Predictive intelligence,Critical,474,474,False
148,prchunk_bc1c54266309984d955e,prdoc_ef0c730d0df57e10c7cf,pallets/flask,3737,Deterministic policy intelligence,Critical,634,634,False
149,prchunk_d6f295c7c599f2e42b5b,prdoc_ef0c730d0df57e10c7cf,pallets/flask,3737,Unified review priority,Critical,306,306,False
150,prchunk_30eca294443b49ae1f39,prdoc_207d1edd1e836be34626,pallets/flask,3524,PR identity,Critical,279,279,False
151,prchunk_67f5913816c097684397,prdoc_207d1edd1e836be34626,pallets/flask,3524,PR description,Critical,1131,711,True
152,prchunk_c828731b44ff2e0506e0,prdoc_207d1edd1e836be34626,pallets/flask,3524,Change evidence,Critical,403,403,False
153,prchunk_7f5e4683fa9de91894be,prdoc_207d1edd1e836be34626,pallets/flask,3524,Predictive intelligence,Critical,430,430,False
154,prchunk_6d9a3f67ac842cfdc59c,prdoc_207d1edd1e836be34626,pallets/flask,3524,Deterministic policy intelligence,Critical,763,763,False
155,prchunk_2f995525371e9ded2be2,prdoc_207d1edd1e836be34626,pallets/flask,3524,Unified review priority,Critical,306,306,False
156,prchunk_b895a87368ca82798a14,prdoc_316cf9ed8849c6892a0f,pallets/flask,2676,PR identity,Critical,271,271,False
157,prchunk_55b391706c6a8cec02ee,prdoc_316cf9ed8849c6892a0f,pallets/flask,2676,PR description,Critical,1058,1058,False
158,prchunk_b82978633f92d4fbdeba,prdoc_316cf9ed8849c6892a0f,pallets/flask,2676,PR description,Critical,836,836,False
159,prchunk_c79a901aefbb07a40480,prdoc_316cf9ed8849c6892a0f,pallets/flask,2676,Change evidence,Critical,418,418,False
160,prchunk_d28ec14be939fe9fa021,prdoc_316cf9ed8849c6892a0f,pallets/flask,2676,Predictive intelligence,Critical,426,426,False
161,prchunk_f670ae18162416b75f43,prdoc_316cf9ed8849c6892a0f,pallets/flask,2676,Deterministic policy intelligence,Critical,768,768,False
162,prchunk_79a69f673fd120f0660c,prdoc_316cf9ed8849c6892a0f,pallets/flask,2676,Unified review priority,Critical,306,306,False
163,prchunk_f798df1613276165e93c,prdoc_6d8e56c2d8a28ec78362,pallets/flask,3785,PR identity,Critical,260,260,False
164,prchunk_920c1faa678f4d21a7b9,prdoc_6d8e56c2d8a28ec78362,pallets/flask,3785,PR description,Critical,312,312,False
165,prchunk_1554ab43786887db4886,prdoc_6d8e56c2d8a28ec78362,pallets/flask,3785,Change evidence,Critical,404,404,False
166,prchunk_d9af06a84a6e8b35e709,prdoc_6d8e56c2d8a28ec78362,pallets/flask,3785,Predictive intelligence,Critical,414,414,False
167,prchunk_e22b626382fed3da42f1,prdoc_6d8e56c2d8a28ec78362,pallets/flask,3785,Deterministic policy intelligence,Critical,862,862,False
168,prchunk_bdf38ccfd698b97fe022,prdoc_6d8e56c2d8a28ec78362,pallets/flask,3785,Unified review priority,Critical,306,306,False
169,prchunk_0e322686fc83126f9fbd,prdoc_04fc67667308080af911,pallets/flask,4272,PR identity,Critical,265,265,False
170,prchunk_a388050c9f8ae60a3aff,prdoc_04fc67667308080af911,pallets/flask,4272,PR description,Critical,656,656,False
171,prchunk_d23700cd4b768ad10e89,prdoc_04fc67667308080af911,pallets/flask,4272,Change evidence,Critical,427,427,False
172,prchunk_15787c4023111ae916dc,prdoc_04fc67667308080af911,pallets/flask,4272,Predictive intelligence,Critical,474,474,False
173,prchunk_13f06f70ff142f28d7c2,prdoc_04fc67667308080af911,pallets/flask,4272,Deterministic policy intelligence,Critical,869,869,False
174,prchunk_f1414300d2c1981f9c83,prdoc_04fc67667308080af911,pallets/flask,4272,Unified review priority,Critical,306,306,False
175,prchunk_9098d7dd243cd001a731,prdoc_da535d7432cb8775bdc4,pallets/flask,5068,PR identity,Critical,266,266,False
176,prchunk_017a3e82025a063b8a84,prdoc_da535d7432cb8775bdc4,pallets/flask,5068,PR description,Critical,890,621,True
177,prchunk_a1c92d32319271666341,prdoc_da535d7432cb8775bdc4,pallets/flask,5068,Change evidence,Critical,427,427,False
178,prchunk_a9d7002c8946ea3122c8,prdoc_da535d7432cb8775bdc4,pallets/flask,5068,Predictive intelligence,Critical,474,474,False
179,prchunk_e0da815962c8c311abfb,prdoc_da535d7432cb8775bdc4,pallets/flask,5068,Deterministic policy intelligence,Critical,869,869,False
180,prchunk_b6cda289ae184f580804,prdoc_da535d7432cb8775bdc4,pallets/flask,5068,Unified review priority,Critical,306,306,False
181,prchunk_41b3d23c94efbe44f6b6,prdoc_9eb01be2297d670214e1,pallets/flask,3670,PR identity,Critical,272,272,False
182,prchunk_817fd0cb80da91e233b0,prdoc_9eb01be2297d670214e1,pallets/flask,3670,PR description,Critical,749,329,True
183,prchunk_f02826e9808d75156d92,prdoc_9eb01be2297d670214e1,pallets/flask,3670,Change evidence,Critical,421,421,False
184,prchunk_c6d5fdae5955b015fadd,prdoc_9eb01be2297d670214e1,pallets/flask,3670,Predictive intelligence,Critical,474,474,False
185,prchunk_45ae00185b35cfa6522f,prdoc_9eb01be2297d670214e1,pallets/flask,3670,Deterministic policy intelligence,Critical,869,869,False
186,prchunk_2141b4dc46d2d4af497c,prdoc_9eb01be2297d670214e1,pallets/flask,3670,Unified review priority,Critical,306,306,False
187,prchunk_ad8342c52bfc1ab005e1,prdoc_3ddd4e7badcdcccf372a,pallets/flask,3183,PR identity,Critical,261,261,False
188,prchunk_97c3bb8075e7640be73f,prdoc_3ddd4e7badcdcccf372a,pallets/flask,3183,PR description,Critical,223,223,False
189,prchunk_895012051ead821b0016,prdoc_3ddd4e7badcdcccf372a,pallets/flask,3183,Change evidence,Critical,416,416,False
190,prchunk_bb845a880333d25613d7,prdoc_3ddd4e7badcdcccf372a,pallets/flask,3183,Predictive intelligence,Critical,413,413,False
191,prchunk_19133280c7317e902cea,prdoc_3ddd4e7badcdcccf372a,pallets/flask,3183,Deterministic policy intelligence,Critical,986,986,False
192,prchunk_532010138d2b38f8f638,prdoc_3ddd4e7badcdcccf372a,pallets/flask,3183,Unified review priority,Critical,306,306,False
193,prchunk_9c81e550ef695c9fddba,prdoc_ac1ee77075fdfdefc5a7,pallets/flask,5767,PR identity,Critical,253,253,False
194,prchunk_aa356330d20c441f6ffb,prdoc_ac1ee77075fdfdefc5a7,pallets/flask,5767,PR description,Critical,972,157,True
195,prchunk_5ea58e159b0d2b23763a,prdoc_ac1ee77075fdfdefc5a7,pallets/flask,5767,Change evidence,Critical,418,418,False
196,prchunk_1d978279527b94380f87,prdoc_ac1ee77075fdfdefc5a7,pallets/flask,5767,Predictive intelligence,Critical,474,474,False
197,prchunk_8d62e58618a1785dfd8f,prdoc_ac1ee77075fdfdefc5a7,pallets/flask,5767,Deterministic policy intelligence,Critical,869,869,False
198,prchunk_82c6f88e770b2ef78896,prdoc_ac1ee77075fdfdefc5a7,pallets/flask,5767,Unified review priority,Critical,306,306,False
199,prchunk_9dfd8a48cf1a0250c9fd,prdoc_2cdb2f5daac6d36b4a80,pallets/flask,5602,PR identity,Critical,249,249,False
200,prchunk_c223856e0375a13a241e,prdoc_2cdb2f5daac6d36b4a80,pallets/flask,5602,PR description,Critical,968,153,True
201,prchunk_87b945d60d13b662f3c7,prdoc_2cdb2f5daac6d36b4a80,pallets/flask,5602,Change evidence,Critical,418,418,False
202,prchunk_831079809be8528c4bcb,prdoc_2cdb2f5daac6d36b4a80,pallets/flask,5602,Predictive intelligence,Critical,474,474,False
203,prchunk_bb3000160f711210e04b,prdoc_2cdb2f5daac6d36b4a80,pallets/flask,5602,Deterministic policy intelligence,Critical,869,869,False
204,prchunk_040c4e5120473ab600ce,prdoc_2cdb2f5daac6d36b4a80,pallets/flask,5602,Unified review priority,Critical,306,306,False
205,prchunk_d4c613b59b268e156e10,prdoc_808f9cbafcbf69dea721,pallets/flask,5127,PR identity,Critical,289,289,False
206,prchunk_f3e6a60faf8ee9cba8dc,prdoc_808f9cbafcbf69dea721,pallets/flask,5127,PR description,Critical,1017,1017,False
207,prchunk_591b6575ed99ae48cef4,prdoc_808f9cbafcbf69dea721,pallets/flask,5127,Change evidence,Critical,416,416,False
208,prchunk_7be490c942d9f34c0f9f,prdoc_808f9cbafcbf69dea721,pallets/flask,5127,Predictive intelligence,Critical,426,426,False
209,prchunk_a8941213ee35cfd34eae,prdoc_808f9cbafcbf69dea721,pallets/flask,5127,Deterministic policy intelligence,Critical,612,612,False
210,prchunk_d6053f02b95d6d603b0b,prdoc_808f9cbafcbf69dea721,pallets/flask,5127,Unified review priority,Critical,306,306,False
211,prchunk_8563dafbefd4c2c3a60f,prdoc_8745622425869b88e990,pallets/flask,5706,PR identity,Critical,264,264,False
212,prchunk_437462e2128218ed4341,prdoc_8745622425869b88e990,pallets/flask,5706,PR description,Critical,981,166,True
213,prchunk_fc69babb8dea0bb624a5,prdoc_8745622425869b88e990,pallets/flask,5706,Change evidence,Critical,406,406,False
214,prchunk_00e69b015e4b81f1d3bb,prdoc_8745622425869b88e990,pallets/flask,5706,Predictive intelligence,Critical,474,474,False
215,prchunk_fa0d252329fdafdd4034,prdoc_8745622425869b88e990,pallets/flask,5706,Deterministic policy intelligence,Critical,864,864,False
216,prchunk_9f83191a02fdb74e2fc3,prdoc_8745622425869b88e990,pallets/flask,5706,Unified review priority,Critical,306,306,False
217,prchunk_f240f5ef94eea731afd5,prdoc_0ea2057bf5048e45d25d,pallets/flask,3616,PR identity,Critical,260,260,False
218,prchunk_5aae90aff017b8d5e425,prdoc_0ea2057bf5048e45d25d,pallets/flask,3616,PR description,Critical,195,195,False
219,prchunk_9eb9671e2d7f7d5634b7,prdoc_0ea2057bf5048e45d25d,pallets/flask,3616,Change evidence,Critical,403,403,False
220,prchunk_5e1376ead1812cd996fb,prdoc_0ea2057bf5048e45d25d,pallets/flask,3616,Predictive intelligence,Critical,414,414,False
221,prchunk_5048103031c8ca03516e,prdoc_0ea2057bf5048e45d25d,pallets/flask,3616,Deterministic policy intelligence,Critical,868,868,False
222,prchunk_4abd01e1adaf55d4b552,prdoc_0ea2057bf5048e45d25d,pallets/flask,3616,Unified review priority,Critical,306,306,False
223,prchunk_8e9a3d3ad064aeb67231,prdoc_4c9547a20c2ffd0817e5,pallets/flask,3184,PR identity,Critical,277,277,False
224,prchunk_674bdda1c37f37354e0f,prdoc_4c9547a20c2ffd0817e5,pallets/flask,3184,PR description,Critical,345,345,False
225,prchunk_2b716b5a77ffd4692597,prdoc_4c9547a20c2ffd0817e5,pallets/flask,3184,Change evidence,Critical,405,405,False
226,prchunk_220d16b5dccc95f37a22,prdoc_4c9547a20c2ffd0817e5,pallets/flask,3184,Predictive intelligence,Critical,474,474,False
227,prchunk_1f0f7621956b9d0ba53f,prdoc_4c9547a20c2ffd0817e5,pallets/flask,3184,Deterministic policy intelligence,Critical,862,862,False
228,prchunk_69708d1d4af44e59be29,prdoc_4c9547a20c2ffd0817e5,pallets/flask,3184,Unified review priority,Critical,306,306,False
229,prchunk_03bcfd4130ce054745ba,prdoc_9061fcb9a8fb3588cf2c,pallets/flask,5772,PR identity,Critical,247,247,False
230,prchunk_6a8844a0ea1746f47a00,prdoc_9061fcb9a8fb3588cf2c,pallets/flask,5772,PR description,Critical,965,150,True
231,prchunk_8613620f9683cf90777e,prdoc_9061fcb9a8fb3588cf2c,pallets/flask,5772,Change evidence,Critical,416,416,False
232,prchunk_06888f4a879e18496b66,prdoc_9061fcb9a8fb3588cf2c,pallets/flask,5772,Predictive intelligence,Critical,474,474,False
233,prchunk_a38bb6b78b9345a5fe77,prdoc_9061fcb9a8fb3588cf2c,pallets/flask,5772,Deterministic policy intelligence,Critical,768,768,False
234,prchunk_60d80f930d8f7bac4526,prdoc_9061fcb9a8fb3588cf2c,pallets/flask,5772,Unified review priority,Critical,306,306,False
235,prchunk_8de0efcc0ac51f33d6da,prdoc_2dcf3205af1375512957,pallets/flask,3554,PR identity,Critical,251,251,False
236,prchunk_b77050fd7d74c45b668c,prdoc_2dcf3205af1375512957,pallets/flask,3554,PR description,Critical,344,344,False
237,prchunk_603f6d9105ef785547a0,prdoc_2dcf3205af1375512957,pallets/flask,3554,Change evidence,Critical,413,413,False
238,prchunk_406a9fe13f215a10b3f9,prdoc_2dcf3205af1375512957,pallets/flask,3554,Predictive intelligence,Critical,413,413,False
239,prchunk_c7fc341434566d1614f5,prdoc_2dcf3205af1375512957,pallets/flask,3554,Deterministic policy intelligence,Critical,882,882,False
240,prchunk_4d4500d7526ccb3a9a49,prdoc_2dcf3205af1375512957,pallets/flask,3554,Unified review priority,Critical,306,306,False
241,prchunk_f9e919b703599e2aa64d,prdoc_f198f66fbfe4face5dc4,pallets/flask,5346,PR identity,Critical,244,244,False
242,prchunk_6c78cccc20e8319d5995,prdoc_f198f66fbfe4face5dc4,pallets/flask,5346,PR description,Critical,1019,512,True
243,prchunk_2515eca692bcc8bb9b03,prdoc_f198f66fbfe4face5dc4,pallets/flask,5346,PR description,Critical,225,225,False
244,prchunk_0c9abc7723a85f971537,prdoc_f198f66fbfe4face5dc4,pallets/flask,5346,Change evidence,Critical,405,405,False
245,prchunk_251af6d2c10afc3a1d64,prdoc_f198f66fbfe4face5dc4,pallets/flask,5346,Predictive intelligence,Critical,473,473,False
246,prchunk_e1d47b19b464c90f830b,prdoc_f198f66fbfe4face5dc4,pallets/flask,5346,Deterministic policy intelligence,Critical,763,763,False
247,prchunk_b1b387ee274f11abb7f9,prdoc_f198f66fbfe4face5dc4,pallets/flask,5346,Unified review priority,Critical,306,306,False
248,prchunk_941ae23e4dd19516a387,prdoc_42c9cffeb2864959fbf4,pallets/flask,4274,PR identity,Critical,265,265,False
249,prchunk_6a37cd561d731a6a7461,prdoc_42c9cffeb2864959fbf4,pallets/flask,4274,PR description,Critical,221,221,False
250,prchunk_1a516825938afb91c083,prdoc_42c9cffeb2864959fbf4,pallets/flask,4274,Change evidence,Critical,405,405,False
251,prchunk_b0690fe807ade52504c6,prdoc_42c9cffeb2864959fbf4,pallets/flask,4274,Predictive intelligence,Critical,474,474,False
252,prchunk_b01b88638a2beec0fa19,prdoc_42c9cffeb2864959fbf4,pallets/flask,4274,Deterministic policy intelligence,Critical,859,859,False
253,prchunk_4c344b1fd9e36193f53b,prdoc_42c9cffeb2864959fbf4,pallets/flask,4274,Unified review priority,Critical,306,306,False
254,prchunk_d3427e2e83d2ee533588,prdoc_f0289b1223a4dfa6cbde,pallets/flask,4678,PR identity,Critical,250,250,False
255,prchunk_6a380d503d63248c2baa,prdoc_f0289b1223a4dfa6cbde,pallets/flask,4678,PR description,Critical,1023,516,True
256,prchunk_bc5f8f211757787dcbe7,prdoc_f0289b1223a4dfa6cbde,pallets/flask,4678,PR description,Critical,228,228,False
257,prchunk_61015f59c30a1917316d,prdoc_f0289b1223a4dfa6cbde,pallets/flask,4678,Change evidence,Critical,405,405,False
258,prchunk_21d386616ad3ced80ddf,prdoc_f0289b1223a4dfa6cbde,pallets/flask,4678,Predictive intelligence,Critical,473,473,False
259,prchunk_8311f76a1be3a55a48fc,prdoc_f0289b1223a4dfa6cbde,pallets/flask,4678,Deterministic policy intelligence,Critical,763,763,False
260,prchunk_39e335904a142a3acbb0,prdoc_f0289b1223a4dfa6cbde,pallets/flask,4678,Unified review priority,Critical,306,306,False
261,prchunk_7077452924bb6e965c50,prdoc_7be7aeaecb25af4d80ed,pallets/flask,5945,PR identity,Critical,266,266,False
262,prchunk_bc75774d6d7017afb6a6,prdoc_7be7aeaecb25af4d80ed,pallets/flask,5945,PR description,Critical,459,459,False
263,prchunk_b3ab9fb0986055f37944,prdoc_7be7aeaecb25af4d80ed,pallets/flask,5945,Change evidence,Critical,405,405,False
264,prchunk_1dc043b22f5b2775ac59,prdoc_7be7aeaecb25af4d80ed,pallets/flask,5945,Predictive intelligence,Critical,414,414,False
265,prchunk_6314d800f3a81c3ad4e1,prdoc_7be7aeaecb25af4d80ed,pallets/flask,5945,Deterministic policy intelligence,Critical,862,862,False
266,prchunk_423044d6c2cac0514d55,prdoc_7be7aeaecb25af4d80ed,pallets/flask,5945,Unified review priority,Critical,306,306,False
267,prchunk_cfaf47927b3bece794e7,prdoc_a01f7c8127cefcb333fb,pallets/flask,5125,PR identity,Critical,280,280,False
268,prchunk_0c0b69d110b138282a90,prdoc_a01f7c8127cefcb333fb,pallets/flask,5125,PR description,Critical,1046,539,True
269,prchunk_749a68546edc0f4f8495,prdoc_a01f7c8127cefcb333fb,pallets/flask,5125,PR description,Critical,237,237,False
270,prchunk_d492724854b43e0cad02,prdoc_a01f7c8127cefcb333fb,pallets/flask,5125,Change evidence,Critical,405,405,False
271,prchunk_4c942e8d18e0c299589b,prdoc_a01f7c8127cefcb333fb,pallets/flask,5125,Predictive intelligence,Critical,473,473,False
272,prchunk_b4ce055bdbbcc066492d,prdoc_a01f7c8127cefcb333fb,pallets/flask,5125,Deterministic policy intelligence,Critical,763,763,False
273,prchunk_67b9e2bdea1f2162430a,prdoc_a01f7c8127cefcb333fb,pallets/flask,5125,Unified review priority,Critical,306,306,False
274,prchunk_f7248c338feea07f880c,prdoc_775d35f0c693c67d656e,pallets/flask,5433,PR identity,Critical,296,296,False
275,prchunk_d4fa0efbf6659ee20c07,prdoc_775d35f0c693c67d656e,pallets/flask,5433,PR description,Critical,227,227,False
276,prchunk_f1ea8d41632c1582932f,prdoc_775d35f0c693c67d656e,pallets/flask,5433,Change evidence,Critical,408,408,False
277,prchunk_e57cf185c171ac9ffead,prdoc_775d35f0c693c67d656e,pallets/flask,5433,Predictive intelligence,Critical,470,470,False
278,prchunk_c40e88ad6235e757bae2,prdoc_775d35f0c693c67d656e,pallets/flask,5433,Deterministic policy intelligence,Critical,865,865,False
279,prchunk_0843263a8b6876108ab3,prdoc_775d35f0c693c67d656e,pallets/flask,5433,Unified review priority,Critical,306,306,False
280,prchunk_31e0706d8ffcf4ffa69e,prdoc_3a2084ed70a3dfd2a760,pallets/flask,5793,PR identity,Critical,270,270,False
281,prchunk_7a13adc5fd7b0af65a42,prdoc_3a2084ed70a3dfd2a760,pallets/flask,5793,PR description,Critical,984,169,True
282,prchunk_9ef2116546b94bd665bb,prdoc_3a2084ed70a3dfd2a760,pallets/flask,5793,Change evidence,Critical,405,405,False
283,prchunk_2c4e0ce48282cb147efb,prdoc_3a2084ed70a3dfd2a760,pallets/flask,5793,Predictive intelligence,Critical,474,474,False
284,prchunk_36f461744748a845c4ae,prdoc_3a2084ed70a3dfd2a760,pallets/flask,5793,Deterministic policy intelligence,Critical,763,763,False
285,prchunk_fe3129c6060b8316ddde,prdoc_3a2084ed70a3dfd2a760,pallets/flask,5793,Unified review priority,Critical,306,306,False
286,prchunk_b050594e0f6d6766745f,prdoc_715b98d5e5c9c2b7c759,pallets/flask,5685,PR identity,Critical,275,275,False
287,prchunk_4a8841d74a20d55d4069,prdoc_715b98d5e5c9c2b7c759,pallets/flask,5685,PR description,Critical,1182,1182,False
288,prchunk_63e3957bf92b6a87c39f,prdoc_715b98d5e5c9c2b7c759,pallets/flask,5685,PR description,Critical,977,977,False
289,prchunk_3cbb6cadadaefd4d371c,prdoc_715b98d5e5c9c2b7c759,pallets/flask,5685,Change evidence,Critical,405,405,False
290,prchunk_bb8ac800897aff2e245e,prdoc_715b98d5e5c9c2b7c759,pallets/flask,5685,Predictive intelligence,Critical,474,474,False
291,prchunk_6e0d2023bf6617536dbe,prdoc_715b98d5e5c9c2b7c759,pallets/flask,5685,Deterministic policy intelligence,Critical,763,763,False
292,prchunk_21cbd4a6fc706ccf447a,prdoc_715b98d5e5c9c2b7c759,pallets/flask,5685,Unified review priority,Critical,306,306,False
293,prchunk_10fb9a4ee3c7596a5c38,prdoc_ef3db1ee765af86cd480,pallets/flask,4326,PR identity,Critical,257,257,False
294,prchunk_325597dcc69f7a6a6d79,prdoc_ef3db1ee765af86cd480,pallets/flask,4326,PR description,Critical,192,192,False
295,prchunk_6a9f8d53ccc83f7178fb,prdoc_ef3db1ee765af86cd480,pallets/flask,4326,Change evidence,Critical,406,406,False
296,prchunk_4ec287912017dd0752dd,prdoc_ef3db1ee765af86cd480,pallets/flask,4326,Predictive intelligence,Critical,413,413,False
297,prchunk_b6328f1afe0fb60f2cea,prdoc_ef3db1ee765af86cd480,pallets/flask,4326,Deterministic policy intelligence,Critical,868,868,False
298,prchunk_ab2cd667d23638f7dfdf,prdoc_ef3db1ee765af86cd480,pallets/flask,4326,Unified review priority,Critical,306,306,False
299,prchunk_32acbca930c37af154e3,prdoc_29fea61c64a8b2a71d3f,pallets/flask,5754,PR identity,Critical,260,260,False
300,prchunk_19d75556b12d0e9629bc,prdoc_29fea61c64a8b2a71d3f,pallets/flask,5754,PR description,Critical,227,227,False
301,prchunk_b816f4184a8c17996f4f,prdoc_29fea61c64a8b2a71d3f,pallets/flask,5754,Change evidence,Critical,405,405,False
302,prchunk_5bacb7bd02bc565f5817,prdoc_29fea61c64a8b2a71d3f,pallets/flask,5754,Predictive intelligence,Critical,414,414,False
303,prchunk_5447909715960cc95664,prdoc_29fea61c64a8b2a71d3f,pallets/flask,5754,Deterministic policy intelligence,Critical,862,862,False
304,prchunk_a11049ce47e82da0012c,prdoc_29fea61c64a8b2a71d3f,pallets/flask,5754,Unified review priority,Critical,306,306,False
305,prchunk_66d623afebc3c4334120,prdoc_11e95a4becd14f7a6cff,pallets/flask,4405,PR identity,Critical,285,285,False
306,prchunk_eeccaf36369db80fa1a7,prdoc_11e95a4becd14f7a6cff,pallets/flask,4405,PR description,Critical,488,436,True
307,prchunk_ba158878eb21277e74b4,prdoc_11e95a4becd14f7a6cff,pallets/flask,4405,Change evidence,Critical,403,403,False
308,prchunk_7e2c9208b39feb3d806c,prdoc_11e95a4becd14f7a6cff,pallets/flask,4405,Predictive intelligence,Critical,470,470,False
309,prchunk_2639ce60e2236899b95d,prdoc_11e95a4becd14f7a6cff,pallets/flask,4405,Deterministic policy intelligence,Critical,862,862,False
310,prchunk_d059037f05f519ac98ba,prdoc_11e95a4becd14f7a6cff,pallets/flask,4405,Unified review priority,Critical,306,306,False
311,prchunk_5ced753bc9f9182fe0b4,prdoc_e06f0abed7ce7c9d1d89,pallets/flask,5643,PR identity,Critical,263,263,False
312,prchunk_bd65b01638de74c28457,prdoc_e06f0abed7ce7c9d1d89,pallets/flask,5643,PR description,Critical,726,726,False
313,prchunk_de7960c764aa1c59b597,prdoc_e06f0abed7ce7c9d1d89,pallets/flask,5643,Change evidence,Critical,403,403,False
314,prchunk_8cf47865ca1c965b59dd,prdoc_e06f0abed7ce7c9d1d89,pallets/flask,5643,Predictive intelligence,Critical,474,474,False
315,prchunk_566f0aaba499aac2632d,prdoc_e06f0abed7ce7c9d1d89,pallets/flask,5643,Deterministic policy intelligence,Critical,763,763,False
316,prchunk_b48908c48c4c5cc54864,prdoc_e06f0abed7ce7c9d1d89,pallets/flask,5643,Unified review priority,Critical,306,306,False
317,prchunk_646f551016013d515dc2,prdoc_417236b9afccab6a7ac2,pallets/flask,3230,PR identity,Critical,297,297,False
318,prchunk_d56e6d976459f78d969c,prdoc_417236b9afccab6a7ac2,pallets/flask,3230,PR description,Critical,231,231,False
319,prchunk_f3626f4e3eb2b99122fe,prdoc_417236b9afccab6a7ac2,pallets/flask,3230,Change evidence,Critical,403,403,False
320,prchunk_557fd56bb9c40b0f2173,prdoc_417236b9afccab6a7ac2,pallets/flask,3230,Predictive intelligence,Critical,413,413,False
321,prchunk_c8b53dbf48c3ccb270c2,prdoc_417236b9afccab6a7ac2,pallets/flask,3230,Deterministic policy intelligence,Critical,748,748,False
322,prchunk_4784d8cb47e0add3859d,prdoc_417236b9afccab6a7ac2,pallets/flask,3230,Unified review priority,Critical,306,306,False
323,prchunk_76516f7e300e73e81f66,prdoc_dd286180a1c82ccffbdb,pallets/flask,4943,PR identity,Critical,267,267,False
324,prchunk_195e7b3c53d360164361,prdoc_dd286180a1c82ccffbdb,pallets/flask,4943,PR description,Critical,216,216,False
325,prchunk_52914cfc3bca77869b48,prdoc_dd286180a1c82ccffbdb,pallets/flask,4943,Change evidence,Critical,406,406,False
326,prchunk_f9e9e5a1c6db6976d6f3,prdoc_dd286180a1c82ccffbdb,pallets/flask,4943,Predictive intelligence,Critical,413,413,False
327,prchunk_17a07059d947dea04e02,prdoc_dd286180a1c82ccffbdb,pallets/flask,4943,Deterministic policy intelligence,Critical,862,862,False
328,prchunk_c5fd18718215adfed6dd,prdoc_dd286180a1c82ccffbdb,pallets/flask,4943,Unified review priority,Critical,306,306,False
329,prchunk_82d03b5cec27a8f8c728,prdoc_a94e8a6a2944804ed335,pallets/flask,2699,PR identity,Critical,265,265,False
330,prchunk_0c030f0301fc4c3b19a4,prdoc_a94e8a6a2944804ed335,pallets/flask,2699,PR description,Critical,373,373,False
331,prchunk_ae61265a10216de5a9a4,prdoc_a94e8a6a2944804ed335,pallets/flask,2699,Change evidence,Critical,407,407,False
332,prchunk_892f8b6a8285b491f496,prdoc_a94e8a6a2944804ed335,pallets/flask,2699,Predictive intelligence,Critical,413,413,False
333,prchunk_211314fc1a4ca76cd195,prdoc_a94e8a6a2944804ed335,pallets/flask,2699,Deterministic policy intelligence,Critical,889,889,False
334,prchunk_b7182d90970cc3cbbee5,prdoc_a94e8a6a2944804ed335,pallets/flask,2699,Unified review priority,Critical,306,306,False
335,prchunk_8002fa32df1d7d94a220,prdoc_4677991be00cbe1a9629,pallets/flask,3922,PR identity,Critical,286,286,False
336,prchunk_0f0334580150ae4af165,prdoc_4677991be00cbe1a9629,pallets/flask,3922,PR description,Critical,221,221,False
337,prchunk_2b70f6539d68bc947c8a,prdoc_4677991be00cbe1a9629,pallets/flask,3922,Change evidence,Critical,406,406,False
338,prchunk_9cfa6142b99c7f75c3f3,prdoc_4677991be00cbe1a9629,pallets/flask,3922,Predictive intelligence,Critical,413,413,False
339,prchunk_8ee467b8e542989256a8,prdoc_4677991be00cbe1a9629,pallets/flask,3922,Deterministic policy intelligence,Critical,764,764,False
340,prchunk_32ed5603997949f273cb,prdoc_4677991be00cbe1a9629,pallets/flask,3922,Unified review priority,Critical,306,306,False
341,prchunk_5a40181945fa329582ef,prdoc_be25c2c5d04918c1c800,pallets/flask,4958,PR identity,Critical,290,290,False
342,prchunk_7c3ac7ae9cdcc6c6bf04,prdoc_be25c2c5d04918c1c800,pallets/flask,4958,PR description,Critical,2888,2888,False
343,prchunk_84aa7b45e4ece0406f14,prdoc_be25c2c5d04918c1c800,pallets/flask,4958,PR description,Critical,1132,1132,False
344,prchunk_3b8ce83dc765ee8e2e9a,prdoc_be25c2c5d04918c1c800,pallets/flask,4958,PR description,Critical,395,395,False
345,prchunk_223da981b4b3551dab49,prdoc_be25c2c5d04918c1c800,pallets/flask,4958,Change evidence,Critical,403,403,False
346,prchunk_dc9ef9ef06479fc80b18,prdoc_be25c2c5d04918c1c800,pallets/flask,4958,Predictive intelligence,Critical,414,414,False
347,prchunk_3b0aed242f02e0da4767,prdoc_be25c2c5d04918c1c800,pallets/flask,4958,Deterministic policy intelligence,Critical,763,763,False
348,prchunk_8630972948d2c22a15dc,prdoc_be25c2c5d04918c1c800,pallets/flask,4958,Unified review priority,Critical,306,306,False
349,prchunk_1e75b38d26ecad446bc4,prdoc_1c34298d8b082e63fbf2,pallets/flask,5481,PR identity,Critical,259,259,False
350,prchunk_b88b938f37ae414b6ad4,prdoc_1c34298d8b082e63fbf2,pallets/flask,5481,PR description,Critical,194,194,False
351,prchunk_9c5cea4a28457af2c374,prdoc_1c34298d8b082e63fbf2,pallets/flask,5481,Change evidence,Critical,403,403,False
352,prchunk_5126295b76d67cd81e6d,prdoc_1c34298d8b082e63fbf2,pallets/flask,5481,Predictive intelligence,Critical,413,413,False
353,prchunk_718ef758623028255da9,prdoc_1c34298d8b082e63fbf2,pallets/flask,5481,Deterministic policy intelligence,Critical,748,748,False
354,prchunk_6d24689b96fc2b8706d6,prdoc_1c34298d8b082e63fbf2,pallets/flask,5481,Unified review priority,Critical,306,306,False
355,prchunk_0b4587e688cf695b05ce,prdoc_6b6166d956401a92cbac,pallets/flask,3854,PR identity,Critical,285,285,False
356,prchunk_c646a88fe671536c3471,prdoc_6b6166d956401a92cbac,pallets/flask,3854,PR description,Critical,210,210,False
357,prchunk_9397f00b99bb47209aa9,prdoc_6b6166d956401a92cbac,pallets/flask,3854,Change evidence,Critical,403,403,False
358,prchunk_2950c589c920a92a18c8,prdoc_6b6166d956401a92cbac,pallets/flask,3854,Predictive intelligence,Critical,413,413,False
359,prchunk_90540d3d29907153379f,prdoc_6b6166d956401a92cbac,pallets/flask,3854,Deterministic policy intelligence,Critical,748,748,False
360,prchunk_aa7086eb258293fcbe5a,prdoc_6b6166d956401a92cbac,pallets/flask,3854,Unified review priority,Critical,306,306,False
361,prchunk_5c80a9c8c2fc032d85a2,prdoc_e62004b65150c8b1deda,pallets/flask,5812,PR identity,Critical,267,267,False
362,prchunk_fe66d11df3cda1ab4e2a,prdoc_e62004b65150c8b1deda,pallets/flask,5812,PR description,Critical,1136,1136,False
363,prchunk_6848a0aea707d07313da,prdoc_e62004b65150c8b1deda,pallets/flask,5812,PR description,Critical,1073,1073,False
364,prchunk_91ba43b532720d821ec4,prdoc_e62004b65150c8b1deda,pallets/flask,5812,PR description,Critical,1029,1029,False
365,prchunk_d432c0ae5566ea564fb4,prdoc_e62004b65150c8b1deda,pallets/flask,5812,PR description,Critical,815,815,False
366,prchunk_a877c31430f4427c289d,prdoc_e62004b65150c8b1deda,pallets/flask,5812,Change evidence,Critical,414,414,False
367,prchunk_3884cc74e31c6c6b75c3,prdoc_e62004b65150c8b1deda,pallets/flask,5812,Predictive intelligence,Critical,414,414,False
368,prchunk_095c9d326f02615d2042,prdoc_e62004b65150c8b1deda,pallets/flask,5812,Deterministic policy intelligence,Critical,646,646,False
369,prchunk_47dc458d33892c928a0f,prdoc_e62004b65150c8b1deda,pallets/flask,5812,Unified review priority,Critical,306,306,False
370,prchunk_374cf9cc6c61065e763d,prdoc_ea5097809d9325ec2d52,pallets/flask,3952,PR identity,Critical,285,285,False
371,prchunk_9deb37d332a00439eead,prdoc_ea5097809d9325ec2d52,pallets/flask,3952,PR description,Critical,210,210,False
372,prchunk_55e21bbde0e5deda8628,prdoc_ea5097809d9325ec2d52,pallets/flask,3952,Change evidence,Critical,403,403,False
373,prchunk_b8af6a3917569da98812,prdoc_ea5097809d9325ec2d52,pallets/flask,3952,Predictive intelligence,Critical,413,413,False
374,prchunk_fa75ff8acf9baec769d3,prdoc_ea5097809d9325ec2d52,pallets/flask,3952,Deterministic policy intelligence,Critical,748,748,False
375,prchunk_d5f847bf8eebf4d32523,prdoc_ea5097809d9325ec2d52,pallets/flask,3952,Unified review priority,Critical,306,306,False
376,prchunk_9f77a00e041e791f4809,prdoc_44764b78987c3010344f,pallets/flask,3943,PR identity,Critical,285,285,False
377,prchunk_9bd8c48c059944eae0ba,prdoc_44764b78987c3010344f,pallets/flask,3943,PR description,Critical,210,210,False
378,prchunk_bdc54d24c8027676631f,prdoc_44764b78987c3010344f,pallets/flask,3943,Change evidence,Critical,403,403,False
379,prchunk_5e67b098efaaf0490d49,prdoc_44764b78987c3010344f,pallets/flask,3943,Predictive intelligence,Critical,413,413,False
380,prchunk_edd445a1e93f8dba16f8,prdoc_44764b78987c3010344f,pallets/flask,3943,Deterministic policy intelligence,Critical,748,748,False
381,prchunk_67126fa848ab7c546da5,prdoc_44764b78987c3010344f,pallets/flask,3943,Unified review priority,Critical,306,306,False
382,prchunk_a5103a0c4977d04ced9f,prdoc_6cf9a3b83c020e0402db,pallets/flask,5248,PR identity,Critical,298,298,False
383,prchunk_0715eb70bfe59a274330,prdoc_6cf9a3b83c020e0402db,pallets/flask,5248,PR description,Critical,3468,3458,True
384,prchunk_1b9a3ed6a3616765c047,prdoc_6cf9a3b83c020e0402db,pallets/flask,5248,PR description,Critical,2824,2814,True
385,prchunk_df87164d164abd745480,prdoc_6cf9a3b83c020e0402db,pallets/flask,5248,PR description,Critical,1038,1038,False
386,prchunk_530e70bf8151ee6ed147,prdoc_6cf9a3b83c020e0402db,pallets/flask,5248,Change evidence,Critical,403,403,False
387,prchunk_0f4bb83425b19f6d3de1,prdoc_6cf9a3b83c020e0402db,pallets/flask,5248,Predictive intelligence,Critical,414,414,False
388,prchunk_a8b54b80c4cb12eeb61f,prdoc_6cf9a3b83c020e0402db,pallets/flask,5248,Deterministic policy intelligence,Critical,763,763,False
389,prchunk_43c8b5565fd9d21a1c8a,prdoc_6cf9a3b83c020e0402db,pallets/flask,5248,Unified review priority,Critical,306,306,False
390,prchunk_9184ff5a0f22ba84185a,prdoc_9ae4a227b48c25163f67,pallets/flask,3709,PR identity,Critical,274,274,False
391,prchunk_6759005d49a8a27eb56e,prdoc_9ae4a227b48c25163f67,pallets/flask,3709,PR description,Critical,190,190,False
392,prchunk_6b5933cfe6c1764da766,prdoc_9ae4a227b48c25163f67,pallets/flask,3709,Change evidence,Critical,409,409,False
393,prchunk_760562590a20f4d3730f,prdoc_9ae4a227b48c25163f67,pallets/flask,3709,Predictive intelligence,Critical,414,414,False
394,prchunk_81594d70dfdcc94465eb,prdoc_9ae4a227b48c25163f67,pallets/flask,3709,Deterministic policy intelligence,Critical,733,733,False
395,prchunk_d5dd75fd385912a87e4f,prdoc_9ae4a227b48c25163f67,pallets/flask,3709,Unified review priority,Critical,306,306,False
396,prchunk_2775197b3431818aa23d,prdoc_14aebb50c5f59fe29202,pallets/flask,4933,PR identity,Critical,282,282,False
397,prchunk_6ae9619f0a0d964ca454,prdoc_14aebb50c5f59fe29202,pallets/flask,4933,PR description,Critical,2972,2942,True
398,prchunk_35777e320a4d38c63de6,prdoc_14aebb50c5f59fe29202,pallets/flask,4933,PR description,Critical,3039,3013,True
399,prchunk_7b4cf0539da415b633a5,prdoc_14aebb50c5f59fe29202,pallets/flask,4933,PR description,Critical,1050,1050,False
400,prchunk_04258c33b147443d4e76,prdoc_14aebb50c5f59fe29202,pallets/flask,4933,PR description,Critical,189,189,False
401,prchunk_49abab2e77d42d7a6d2f,prdoc_14aebb50c5f59fe29202,pallets/flask,4933,Change evidence,Critical,403,403,False
402,prchunk_12b72f6f478023429ea1,prdoc_14aebb50c5f59fe29202,pallets/flask,4933,Predictive intelligence,Critical,414,414,False
403,prchunk_0c5481b7045103e845e7,prdoc_14aebb50c5f59fe29202,pallets/flask,4933,Deterministic policy intelligence,Critical,763,763,False
404,prchunk_1cd5abad7b0e4d9f38db,prdoc_14aebb50c5f59fe29202,pallets/flask,4933,Unified review priority,Critical,306,306,False
405,prchunk_c163ea8726c95bae1b76,prdoc_7b3b7728df73bc5c9c2e,pallets/flask,5212,PR identity,Critical,290,290,False
406,prchunk_b984e551d98493e82b2f,prdoc_7b3b7728df73bc5c9c2e,pallets/flask,5212,PR description,Critical,3365,3365,False
407,prchunk_8f6a2ce8ae8b9cf418a4,prdoc_7b3b7728df73bc5c9c2e,pallets/flask,5212,PR description,Critical,2537,2537,False
408,prchunk_ff0ca3327cb783c229be,prdoc_7b3b7728df73bc5c9c2e,pallets/flask,5212,PR description,Critical,846,846,False
409,prchunk_c6f42a4b8e29d053b781,prdoc_7b3b7728df73bc5c9c2e,pallets/flask,5212,Change evidence,Critical,403,403,False
410,prchunk_97b018d089f589085508,prdoc_7b3b7728df73bc5c9c2e,pallets/flask,5212,Predictive intelligence,Critical,413,413,False
411,prchunk_6cbcec761d8f1896a947,prdoc_7b3b7728df73bc5c9c2e,pallets/flask,5212,Deterministic policy intelligence,Critical,763,763,False
412,prchunk_4152407fadc3107d0c2b,prdoc_7b3b7728df73bc5c9c2e,pallets/flask,5212,Unified review priority,Critical,306,306,False
413,prchunk_5171cd57da15e97bc984,prdoc_7ad19a865ca14fb634f4,pallets/flask,5150,PR identity,Critical,290,290,False
414,prchunk_2adc1cfe09ad7299bced,prdoc_7ad19a865ca14fb634f4,pallets/flask,5150,PR description,Critical,3722,3722,False
415,prchunk_da8c6a5ffbee32287c49,prdoc_7ad19a865ca14fb634f4,pallets/flask,5150,PR description,Critical,2623,2623,False
416,prchunk_157c2488df764db9953a,prdoc_7ad19a865ca14fb634f4,pallets/flask,5150,PR description,Critical,931,931,False
417,prchunk_be53b8c347c2250697bb,prdoc_7ad19a865ca14fb634f4,pallets/flask,5150,Change evidence,Critical,403,403,False
418,prchunk_42b681a77c880f67b8ff,prdoc_7ad19a865ca14fb634f4,pallets/flask,5150,Predictive intelligence,Critical,414,414,False
419,prchunk_814eef174477ec6a683b,prdoc_7ad19a865ca14fb634f4,pallets/flask,5150,Deterministic policy intelligence,Critical,763,763,False
420,prchunk_d3fee57541938c31b314,prdoc_7ad19a865ca14fb634f4,pallets/flask,5150,Unified review priority,Critical,306,306,False
421,prchunk_963452d0c43c923ef462,prdoc_b3bd396abdd43b5cde3e,pallets/flask,5316,PR identity,Critical,290,290,False
422,prchunk_e9f1724363e99ec91b57,prdoc_b3bd396abdd43b5cde3e,pallets/flask,5316,PR description,Critical,2717,2717,False
423,prchunk_58a3bad07f2c4b61ae7e,prdoc_b3bd396abdd43b5cde3e,pallets/flask,5316,PR description,Critical,1079,1079,False
424,prchunk_d23c546c787a5aa13eda,prdoc_b3bd396abdd43b5cde3e,pallets/flask,5316,PR description,Critical,367,367,False
425,prchunk_4f1d8fc77b0e66f88d59,prdoc_b3bd396abdd43b5cde3e,pallets/flask,5316,Change evidence,Critical,403,403,False
426,prchunk_59b51a31b0058f68d049,prdoc_b3bd396abdd43b5cde3e,pallets/flask,5316,Predictive intelligence,Critical,470,470,False
427,prchunk_06b87b8bb45c155afc9b,prdoc_b3bd396abdd43b5cde3e,pallets/flask,5316,Deterministic policy intelligence,Critical,763,763,False
428,prchunk_67a96e72e1f02987cb13,prdoc_b3bd396abdd43b5cde3e,pallets/flask,5316,Unified review priority,Critical,306,306,False
429,prchunk_af8fa959a39f7233cc58,prdoc_1e2194bc343dea95d373,pallets/flask,5184,PR identity,Critical,290,290,False
430,prchunk_5b642548bf8e739e62e4,prdoc_1e2194bc343dea95d373,pallets/flask,5184,PR description,Critical,3010,2980,True
431,prchunk_94eee5f9e217b77c1331,prdoc_1e2194bc343dea95d373,pallets/flask,5184,PR description,Critical,3292,3242,True
432,prchunk_ad2f0d1018cdc82a4728,prdoc_1e2194bc343dea95d373,pallets/flask,5184,PR description,Critical,1063,1063,False
433,prchunk_013f17ae1d3056ca767c,prdoc_1e2194bc343dea95d373,pallets/flask,5184,PR description,Critical,251,251,False
434,prchunk_f38fd85cefbc312d934e,prdoc_1e2194bc343dea95d373,pallets/flask,5184,Change evidence,Critical,403,403,False
435,prchunk_1122896870c279a80a22,prdoc_1e2194bc343dea95d373,pallets/flask,5184,Predictive intelligence,Critical,414,414,False
436,prchunk_cc1c5643b54f3d0ba80e,prdoc_1e2194bc343dea95d373,pallets/flask,5184,Deterministic policy intelligence,Critical,763,763,False
437,prchunk_718e57165faabdb7b29b,prdoc_1e2194bc343dea95d373,pallets/flask,5184,Unified review priority,Critical,306,306,False
438,prchunk_0604802c931469e0b1a4,prdoc_e497748f9178a88bc3c3,pallets/flask,5470,PR identity,Critical,308,308,False
439,prchunk_cc36b5d2647c9083a71d,prdoc_e497748f9178a88bc3c3,pallets/flask,5470,PR description,Critical,3211,3211,False
440,prchunk_150c3d3a495255d80aa3,prdoc_e497748f9178a88bc3c3,pallets/flask,5470,PR description,Critical,3560,3556,True
441,prchunk_a87ca2d02e123117d54a,prdoc_e497748f9178a88bc3c3,pallets/flask,5470,PR description,Critical,4118,4082,True
442,prchunk_9a924c5659dc98b005df,prdoc_e497748f9178a88bc3c3,pallets/flask,5470,PR description,Critical,2519,2519,False
443,prchunk_6f2aa54f092e9be12fd8,prdoc_e497748f9178a88bc3c3,pallets/flask,5470,PR description,Critical,4309,4289,True
444,prchunk_e574345f5eaaac46d429,prdoc_e497748f9178a88bc3c3,pallets/flask,5470,PR description,Critical,3829,3825,True
445,prchunk_afe68b33ed3550495bca,prdoc_e497748f9178a88bc3c3,pallets/flask,5470,PR description,Critical,3465,3435,True
446,prchunk_b67dfe626751505501c8,prdoc_e497748f9178a88bc3c3,pallets/flask,5470,PR description,Critical,1166,1166,False
447,prchunk_cc0a3295d527ea4c0537,prdoc_e497748f9178a88bc3c3,pallets/flask,5470,PR description,Critical,870,870,False
448,prchunk_1be431ee7c08c14c5104,prdoc_e497748f9178a88bc3c3,pallets/flask,5470,Change evidence,Critical,404,404,False
449,prchunk_c998ab4a6b5637a15763,prdoc_e497748f9178a88bc3c3,pallets/flask,5470,Predictive intelligence,Critical,414,414,False
450,prchunk_c7955ae249c402ba7a97,prdoc_e497748f9178a88bc3c3,pallets/flask,5470,Deterministic policy intelligence,Critical,763,763,False
451,prchunk_9b06311e1984abb84018,prdoc_e497748f9178a88bc3c3,pallets/flask,5470,Unified review priority,Critical,306,306,False
452,prchunk_4a3891f54addd2fa08f1,prdoc_8f4138b75830fec3b6ba,pallets/flask,5493,PR identity,Critical,314,314,False
453,prchunk_e921ae7a702f0bf04ecf,prdoc_8f4138b75830fec3b6ba,pallets/flask,5493,PR description,Critical,3056,3056,False
454,prchunk_418bf4b234952a3fa863,prdoc_8f4138b75830fec3b6ba,pallets/flask,5493,PR description,Critical,3359,3359,False
455,prchunk_6c9e91e77d7bf37d2ff7,prdoc_8f4138b75830fec3b6ba,pallets/flask,5493,PR description,Critical,3036,3007,True
456,prchunk_a24180256217893b83b6,prdoc_8f4138b75830fec3b6ba,pallets/flask,5493,PR description,Critical,2967,2967,False
457,prchunk_cb6e1fead1e4ebbd3d45,prdoc_8f4138b75830fec3b6ba,pallets/flask,5493,PR description,Critical,1149,1149,False
458,prchunk_48060b85075c3cb7756c,prdoc_8f4138b75830fec3b6ba,pallets/flask,5493,PR description,Critical,582,582,False
459,prchunk_6d4a36e9b657e77cbb5c,prdoc_8f4138b75830fec3b6ba,pallets/flask,5493,Change evidence,Critical,403,403,False
460,prchunk_233e7da63275e578f713,prdoc_8f4138b75830fec3b6ba,pallets/flask,5493,Predictive intelligence,Critical,413,413,False
461,prchunk_94423a81c6863c127285,prdoc_8f4138b75830fec3b6ba,pallets/flask,5493,Deterministic policy intelligence,Critical,763,763,False
462,prchunk_e4b9c678e377ce4f6a9e,prdoc_8f4138b75830fec3b6ba,pallets/flask,5493,Unified review priority,Critical,306,306,False
463,prchunk_bc1205d06ff71e3b7b1c,prdoc_1a7e35f6ce7d6c68f3fc,pallets/flask,5451,PR identity,Critical,289,289,False
464,prchunk_7954ac7d32a4bd10909b,prdoc_1a7e35f6ce7d6c68f3fc,pallets/flask,5451,PR description,Critical,2084,2084,False
465,prchunk_326a05ac91e29fff7dd7,prdoc_1a7e35f6ce7d6c68f3fc,pallets/flask,5451,PR description,Critical,2979,2976,True
466,prchunk_c53eb3d4dcdc820e817e,prdoc_1a7e35f6ce7d6c68f3fc,pallets/flask,5451,PR description,Critical,3291,3265,True
467,prchunk_8c6223288bdd67298a0d,prdoc_1a7e35f6ce7d6c68f3fc,pallets/flask,5451,PR description,Critical,3485,3485,False
468,prchunk_0cb019c0732d485020a5,prdoc_1a7e35f6ce7d6c68f3fc,pallets/flask,5451,PR description,Critical,3842,3832,True
469,prchunk_b763b675177e861f61aa,prdoc_1a7e35f6ce7d6c68f3fc,pallets/flask,5451,PR description,Critical,3072,3072,False
470,prchunk_54db6318255f5b08649a,prdoc_1a7e35f6ce7d6c68f3fc,pallets/flask,5451,PR description,Critical,3940,3920,True
471,prchunk_b1c5e1628248a7707370,prdoc_1a7e35f6ce7d6c68f3fc,pallets/flask,5451,PR description,Critical,2214,2211,True
472,prchunk_cf61bb58dadfe02cfbdf,prdoc_1a7e35f6ce7d6c68f3fc,pallets/flask,5451,PR description,Critical,3060,3034,True
473,prchunk_9fb4ea80482419d99bac,prdoc_1a7e35f6ce7d6c68f3fc,pallets/flask,5451,PR description,Critical,3987,3987,False
474,prchunk_571400b531347042a482,prdoc_1a7e35f6ce7d6c68f3fc,pallets/flask,5451,PR description,Critical,1954,1951,True
475,prchunk_a555b9e3781c7a50e2a9,prdoc_1a7e35f6ce7d6c68f3fc,pallets/flask,5451,PR description,Critical,2915,2889,True
476,prchunk_bda504b55de26fdbc6fa,prdoc_1a7e35f6ce7d6c68f3fc,pallets/flask,5451,PR description,Critical,1177,1177,False
477,prchunk_0f090272e458365280a1,prdoc_1a7e35f6ce7d6c68f3fc,pallets/flask,5451,PR description,Critical,911,911,False
478,prchunk_c281da51bacef89d62e6,prdoc_1a7e35f6ce7d6c68f3fc,pallets/flask,5451,Change evidence,Critical,404,404,False
479,prchunk_74733276eec24d7a0cfe,prdoc_1a7e35f6ce7d6c68f3fc,pallets/flask,5451,Predictive intelligence,Critical,470,470,False
480,prchunk_9f74e76e881c8d1295fc,prdoc_1a7e35f6ce7d6c68f3fc,pallets/flask,5451,Deterministic policy intelligence,Critical,763,763,False
481,prchunk_94dab718aa575948802c,prdoc_1a7e35f6ce7d6c68f3fc,pallets/flask,5451,Unified review priority,Critical,306,306,False
482,prchunk_afe83a551f64aef7caa0,prdoc_d5a2dee40b5a1ec88bba,pallets/flask,5352,PR identity,Critical,289,289,False
483,prchunk_eda4c529549e3185ff80,prdoc_d5a2dee40b5a1ec88bba,pallets/flask,5352,PR description,Critical,2501,2501,False
484,prchunk_1ffed24c04d4e74991ce,prdoc_d5a2dee40b5a1ec88bba,pallets/flask,5352,PR description,Critical,3475,3449,True
485,prchunk_92f9a163e3af7d0391c5,prdoc_d5a2dee40b5a1ec88bba,pallets/flask,5352,PR description,Critical,3536,3536,False
486,prchunk_8b403a738d2ae72107bc,prdoc_d5a2dee40b5a1ec88bba,pallets/flask,5352,PR description,Critical,2339,2339,False
487,prchunk_808a8ad9c37ca1327357,prdoc_d5a2dee40b5a1ec88bba,pallets/flask,5352,PR description,Critical,1149,1149,False
488,prchunk_926dfeb2fefca3adea33,prdoc_d5a2dee40b5a1ec88bba,pallets/flask,5352,PR description,Critical,533,533,False
489,prchunk_f0cb12cff125ac98d34d,prdoc_d5a2dee40b5a1ec88bba,pallets/flask,5352,Change evidence,Critical,403,403,False
490,prchunk_5b74467ce7d3d6c1fafd,prdoc_d5a2dee40b5a1ec88bba,pallets/flask,5352,Predictive intelligence,Critical,413,413,False
491,prchunk_7d8369c1fa4fc20bb153,prdoc_d5a2dee40b5a1ec88bba,pallets/flask,5352,Deterministic policy intelligence,Critical,763,763,False
492,prchunk_a79b6e3603640ea2b393,prdoc_d5a2dee40b5a1ec88bba,pallets/flask,5352,Unified review priority,Critical,306,306,False
493,prchunk_f1264f9d814697a45d2e,prdoc_3214555a5862c6490f20,pallets/flask,5273,PR identity,Critical,293,293,False
494,prchunk_953d2644b03566fc46d5,prdoc_3214555a5862c6490f20,pallets/flask,5273,PR description,Critical,3221,3221,False
495,prchunk_d9cf21bab232241118a2,prdoc_3214555a5862c6490f20,pallets/flask,5273,PR description,Critical,1064,1064,False
496,prchunk_0fc9383c965b4b823d7a,prdoc_3214555a5862c6490f20,pallets/flask,5273,PR description,Critical,430,430,False
497,prchunk_6ebf16f6aabc20c4babd,prdoc_3214555a5862c6490f20,pallets/flask,5273,Change evidence,Critical,403,403,False
498,prchunk_510e79ddb981135673b8,prdoc_3214555a5862c6490f20,pallets/flask,5273,Predictive intelligence,Critical,470,470,False
499,prchunk_5bd144233f449c7360b8,prdoc_3214555a5862c6490f20,pallets/flask,5273,Deterministic policy intelligence,Critical,763,763,False
500,prchunk_b5cc721c67b9de903c70,prdoc_3214555a5862c6490f20,pallets/flask,5273,Unified review priority,Critical,306,306,False
501,prchunk_583bad9fe43f71a4c7c4,prdoc_c8ab8086cf363f44a4db,pallets/flask,5516,PR identity,Critical,289,289,False
502,prchunk_554ff98f1d8561cf5347,prdoc_c8ab8086cf363f44a4db,pallets/flask,5516,PR description,Critical,2700,2700,False
503,prchunk_a9e9cbc9363196ae7da7,prdoc_c8ab8086cf363f44a4db,pallets/flask,5516,PR description,Critical,3273,3273,False
504,prchunk_80b54f1d3d83d6ae0f55,prdoc_c8ab8086cf363f44a4db,pallets/flask,5516,PR description,Critical,2815,2786,True
505,prchunk_32a3e1b4e55f00f622fb,prdoc_c8ab8086cf363f44a4db,pallets/flask,5516,PR description,Critical,3202,3176,True
506,prchunk_3e6108632e096f383da1,prdoc_c8ab8086cf363f44a4db,pallets/flask,5516,PR description,Critical,3082,3082,False
507,prchunk_df761c23def4a8cced00,prdoc_c8ab8086cf363f44a4db,pallets/flask,5516,PR description,Critical,2967,2967,False
508,prchunk_a57ae912af0ce0496dc0,prdoc_c8ab8086cf363f44a4db,pallets/flask,5516,PR description,Critical,1134,1134,False
509,prchunk_83bb443c9c54a4eda6fb,prdoc_c8ab8086cf363f44a4db,pallets/flask,5516,PR description,Critical,666,666,False
510,prchunk_0c848df5532da95ba8d4,prdoc_c8ab8086cf363f44a4db,pallets/flask,5516,Change evidence,Critical,404,404,False
511,prchunk_a583c8e9e4192fda3781,prdoc_c8ab8086cf363f44a4db,pallets/flask,5516,Predictive intelligence,Critical,414,414,False
512,prchunk_7ccb0650d2d18580da24,prdoc_c8ab8086cf363f44a4db,pallets/flask,5516,Deterministic policy intelligence,Critical,763,763,False
513,prchunk_582011b2fbdec116c499,prdoc_c8ab8086cf363f44a4db,pallets/flask,5516,Unified review priority,Critical,306,306,False
514,prchunk_3b6736cc4384d8610c73,prdoc_d401e4418d41671e5bc3,pallets/flask,5376,PR identity,Critical,289,289,False
515,prchunk_e43bf4a8a84b9b882023,prdoc_d401e4418d41671e5bc3,pallets/flask,5376,PR description,Critical,2424,2424,False
516,prchunk_019028dacb4131663529,prdoc_d401e4418d41671e5bc3,pallets/flask,5376,PR description,Critical,4380,4380,False
517,prchunk_6819fa561ec9483a74b4,prdoc_d401e4418d41671e5bc3,pallets/flask,5376,PR description,Critical,4199,4199,False
518,prchunk_d5a864fe96553e0ca4e7,prdoc_d401e4418d41671e5bc3,pallets/flask,5376,PR description,Critical,3884,3880,True
519,prchunk_9b5b1b21f52a32bab14c,prdoc_d401e4418d41671e5bc3,pallets/flask,5376,PR description,Critical,2634,2630,True
520,prchunk_b7364b8a1f4cc96050b9,prdoc_d401e4418d41671e5bc3,pallets/flask,5376,PR description,Critical,1145,1145,False
521,prchunk_e480ef88c1b53a35bdaa,prdoc_d401e4418d41671e5bc3,pallets/flask,5376,PR description,Critical,556,556,False
522,prchunk_08533fc317184859124f,prdoc_d401e4418d41671e5bc3,pallets/flask,5376,Change evidence,Critical,404,404,False
523,prchunk_a224d49578ea6c32c9ae,prdoc_d401e4418d41671e5bc3,pallets/flask,5376,Predictive intelligence,Critical,470,470,False
524,prchunk_2488b768af0759f0a889,prdoc_d401e4418d41671e5bc3,pallets/flask,5376,Deterministic policy intelligence,Critical,763,763,False
525,prchunk_b77db81b7ae2416810d3,prdoc_d401e4418d41671e5bc3,pallets/flask,5376,Unified review priority,Critical,306,306,False
526,prchunk_487b6ca0dbb5f5b47f31,prdoc_13681b2e3a0d852e81dd,pallets/flask,5330,PR identity,Critical,289,289,False
527,prchunk_a16db2f4791ea3256c86,prdoc_13681b2e3a0d852e81dd,pallets/flask,5330,PR description,Critical,3090,3090,False
528,prchunk_e74e8fe88e5b23da1ffa,prdoc_13681b2e3a0d852e81dd,pallets/flask,5330,PR description,Critical,3300,3297,True
529,prchunk_cea6b03dd5008e2db404,prdoc_13681b2e3a0d852e81dd,pallets/flask,5330,PR description,Critical,3181,3155,True
530,prchunk_538334e618b3b6a4bfd1,prdoc_13681b2e3a0d852e81dd,pallets/flask,5330,PR description,Critical,4105,4105,False
531,prchunk_85ff92ae72de7e1f9788,prdoc_13681b2e3a0d852e81dd,pallets/flask,5330,PR description,Critical,3707,3707,False
532,prchunk_8f901c92b56a1edf0bcd,prdoc_13681b2e3a0d852e81dd,pallets/flask,5330,PR description,Critical,3095,3092,True
533,prchunk_4163b06e088e8ef4add6,prdoc_13681b2e3a0d852e81dd,pallets/flask,5330,PR description,Critical,1662,1656,True
534,prchunk_80ec556ed6e83a93ebd3,prdoc_13681b2e3a0d852e81dd,pallets/flask,5330,PR description,Critical,2884,2858,True
535,prchunk_c870a2a5b2e1de702478,prdoc_13681b2e3a0d852e81dd,pallets/flask,5330,PR description,Critical,1803,1803,False
536,prchunk_74edd027d9ef861c5e4b,prdoc_13681b2e3a0d852e81dd,pallets/flask,5330,PR description,Critical,1201,1201,False
537,prchunk_832b59e5dda2897e871f,prdoc_13681b2e3a0d852e81dd,pallets/flask,5330,PR description,Critical,294,294,False
538,prchunk_e17158196975f93b7a7b,prdoc_13681b2e3a0d852e81dd,pallets/flask,5330,Change evidence,Critical,404,404,False
539,prchunk_05e077ac6278e836fc40,prdoc_13681b2e3a0d852e81dd,pallets/flask,5330,Predictive intelligence,Critical,414,414,False
540,prchunk_884d3ca4c138d7611500,prdoc_13681b2e3a0d852e81dd,pallets/flask,5330,Deterministic policy intelligence,Critical,763,763,False
541,prchunk_9ed9e1341778b278c628,prdoc_13681b2e3a0d852e81dd,pallets/flask,5330,Unified review priority,Critical,306,306,False
542,prchunk_a2fbe6f2cfa37fd00aa5,prdoc_63c4ba885ccb38fab1f7,pallets/flask,5539,PR identity,Critical,289,289,False
543,prchunk_6bbe23057fdee4db3846,prdoc_63c4ba885ccb38fab1f7,pallets/flask,5539,PR description,Critical,3036,3036,False
544,prchunk_444677cf40a24eff8f79,prdoc_63c4ba885ccb38fab1f7,pallets/flask,5539,PR description,Critical,4240,4240,False
545,prchunk_8a2bef18b651b0b1aff3,prdoc_63c4ba885ccb38fab1f7,pallets/flask,5539,PR description,Critical,1664,1664,False
546,prchunk_a63b7b69565b454c42fa,prdoc_63c4ba885ccb38fab1f7,pallets/flask,5539,PR description,Critical,1219,1219,False
547,prchunk_cca8439c113f12e1a60d,prdoc_63c4ba885ccb38fab1f7,pallets/flask,5539,PR description,Critical,208,208,False
548,prchunk_5f5b5b19696ef7a03243,prdoc_63c4ba885ccb38fab1f7,pallets/flask,5539,Change evidence,Critical,404,404,False
549,prchunk_fd5d1782aa1728301b11,prdoc_63c4ba885ccb38fab1f7,pallets/flask,5539,Predictive intelligence,Critical,413,413,False
550,prchunk_94e25249f640982bb456,prdoc_63c4ba885ccb38fab1f7,pallets/flask,5539,Deterministic policy intelligence,Critical,763,763,False
551,prchunk_a0280bbf794f70b23e3f,prdoc_63c4ba885ccb38fab1f7,pallets/flask,5539,Unified review priority,Critical,306,306,False
552,prchunk_c3b077fa27c0e6251244,prdoc_dfd123bd36cb93619c91,pallets/flask,5467,PR identity,Critical,289,289,False
553,prchunk_e648200e6e9f354e6783,prdoc_dfd123bd36cb93619c91,pallets/flask,5467,PR description,Critical,3416,3416,False
554,prchunk_e62db673d0bdff215d5b,prdoc_dfd123bd36cb93619c91,pallets/flask,5467,PR description,Critical,2976,2976,False
555,prchunk_40dc5f3ab9a3e173f08e,prdoc_dfd123bd36cb93619c91,pallets/flask,5467,PR description,Critical,3290,3270,True
556,prchunk_00f9a3f6248bb736a110,prdoc_dfd123bd36cb93619c91,pallets/flask,5467,PR description,Critical,1146,1146,False
557,prchunk_ea8180102c67231c6e75,prdoc_dfd123bd36cb93619c91,pallets/flask,5467,PR description,Critical,677,677,False
558,prchunk_e148cf6e30d02f46a6ab,prdoc_dfd123bd36cb93619c91,pallets/flask,5467,Change evidence,Critical,403,403,False
559,prchunk_e5d5f501bed069f2b53f,prdoc_dfd123bd36cb93619c91,pallets/flask,5467,Predictive intelligence,Critical,470,470,False
560,prchunk_ac5b0a2f40d1c6739cb6,prdoc_dfd123bd36cb93619c91,pallets/flask,5467,Deterministic policy intelligence,Critical,763,763,False
561,prchunk_ce5147d0ea4076da27cd,prdoc_dfd123bd36cb93619c91,pallets/flask,5467,Unified review priority,Critical,306,306,False
562,prchunk_d2b384bf50e2adc8f9f2,prdoc_34f38af4974778f3278a,pallets/flask,5038,PR identity,Critical,297,297,False
563,prchunk_a10aab33332389638636,prdoc_34f38af4974778f3278a,pallets/flask,5038,PR description,Critical,2527,2527,False
564,prchunk_97533e6fae308fd2cae7,prdoc_34f38af4974778f3278a,pallets/flask,5038,PR description,Critical,2291,2291,False
565,prchunk_a0410d0ea1867e13c2aa,prdoc_34f38af4974778f3278a,pallets/flask,5038,PR description,Critical,4005,3979,True
566,prchunk_40905a825cf0a17e18c3,prdoc_34f38af4974778f3278a,pallets/flask,5038,PR description,Critical,1133,1133,False
567,prchunk_3a042be3bbb9d167e1de,prdoc_34f38af4974778f3278a,pallets/flask,5038,PR description,Critical,388,388,False
568,prchunk_154610e1100dc2db0ce1,prdoc_34f38af4974778f3278a,pallets/flask,5038,Change evidence,Critical,403,403,False
569,prchunk_350998f826a1c2947562,prdoc_34f38af4974778f3278a,pallets/flask,5038,Predictive intelligence,Critical,413,413,False
570,prchunk_5e9f5b4f00d945254487,prdoc_34f38af4974778f3278a,pallets/flask,5038,Deterministic policy intelligence,Critical,763,763,False
571,prchunk_f6d2e963eb5844cdb298,prdoc_34f38af4974778f3278a,pallets/flask,5038,Unified review priority,Critical,306,306,False
572,prchunk_260d74ad1e6c77b032bf,prdoc_a183c54dcf25c120136d,pallets/flask,5271,PR identity,Critical,283,283,False
573,prchunk_56b339eb5a2bb2028eab,prdoc_a183c54dcf25c120136d,pallets/flask,5271,PR description,Critical,2732,2732,False
574,prchunk_0b532b75ad2b5fcbdd6d,prdoc_a183c54dcf25c120136d,pallets/flask,5271,PR description,Critical,2463,2457,True
575,prchunk_ed69949eba3620708ae9,prdoc_a183c54dcf25c120136d,pallets/flask,5271,PR description,Critical,2151,2125,True
576,prchunk_d5edf3cd173323601885,prdoc_a183c54dcf25c120136d,pallets/flask,5271,PR description,Critical,3167,3167,False
577,prchunk_fa487a27911f4647e4cc,prdoc_a183c54dcf25c120136d,pallets/flask,5271,PR description,Critical,1065,1065,False
578,prchunk_03c3241cbe3a1a105327,prdoc_a183c54dcf25c120136d,pallets/flask,5271,PR description,Critical,322,322,False
579,prchunk_3b0f9981582a17eb9d6c,prdoc_a183c54dcf25c120136d,pallets/flask,5271,Change evidence,Critical,403,403,False
580,prchunk_b26fc813f39069cb1a69,prdoc_a183c54dcf25c120136d,pallets/flask,5271,Predictive intelligence,Critical,470,470,False
581,prchunk_35ceb4388e5c545bbade,prdoc_a183c54dcf25c120136d,pallets/flask,5271,Deterministic policy intelligence,Critical,763,763,False
582,prchunk_c49ccbbe9a374aa9c213,prdoc_a183c54dcf25c120136d,pallets/flask,5271,Unified review priority,Critical,306,306,False
583,prchunk_cb485a0f9b970b32df3a,prdoc_ade668009fb80f9ee0e5,pallets/flask,4515,PR identity,Critical,278,278,False
584,prchunk_a0bedfb8c51d94022162,prdoc_ade668009fb80f9ee0e5,pallets/flask,4515,PR description,Critical,2490,2484,True
585,prchunk_eb5eeebecfbbaa5e54bd,prdoc_ade668009fb80f9ee0e5,pallets/flask,4515,PR description,Critical,3179,3179,False
586,prchunk_bce17df5047546c66832,prdoc_ade668009fb80f9ee0e5,pallets/flask,4515,PR description,Critical,3038,3038,False
587,prchunk_bacdb93f3a6f23cef98f,prdoc_ade668009fb80f9ee0e5,pallets/flask,4515,PR description,Critical,1136,1136,False
588,prchunk_bb03a6b18ea1b374ae33,prdoc_ade668009fb80f9ee0e5,pallets/flask,4515,PR description,Critical,364,364,False
589,prchunk_71416863e74a9aa78baf,prdoc_ade668009fb80f9ee0e5,pallets/flask,4515,Change evidence,Critical,403,403,False
590,prchunk_8393ba5e23d5ab640043,prdoc_ade668009fb80f9ee0e5,pallets/flask,4515,Predictive intelligence,Critical,413,413,False
591,prchunk_2e4cdffc923137255431,prdoc_ade668009fb80f9ee0e5,pallets/flask,4515,Deterministic policy intelligence,Critical,763,763,False
592,prchunk_a5ea3cde2e1409a30a2a,prdoc_ade668009fb80f9ee0e5,pallets/flask,4515,Unified review priority,Critical,306,306,False
593,prchunk_cea12c0ae28bea2d135b,prdoc_83a01f7f0d71d5bb63dc,pallets/flask,5005,PR identity,Critical,306,306,False
594,prchunk_2a6945cf344168437421,prdoc_83a01f7f0d71d5bb63dc,pallets/flask,5005,PR description,Critical,2404,2378,True
595,prchunk_1a634bae6e2ee577cf20,prdoc_83a01f7f0d71d5bb63dc,pallets/flask,5005,PR description,Critical,2336,2336,False
596,prchunk_d27ca0910d2410ab5d4c,prdoc_83a01f7f0d71d5bb63dc,pallets/flask,5005,PR description,Critical,4399,4399,False
597,prchunk_cd10294ee4be684aae57,prdoc_83a01f7f0d71d5bb63dc,pallets/flask,5005,PR description,Critical,1137,1137,False
598,prchunk_25f760d5937b95c5fbc4,prdoc_83a01f7f0d71d5bb63dc,pallets/flask,5005,PR description,Critical,370,370,False
599,prchunk_4c3a727e31d0fa202be8,prdoc_83a01f7f0d71d5bb63dc,pallets/flask,5005,Change evidence,Critical,403,403,False
600,prchunk_2d77a4b654782367d2be,prdoc_83a01f7f0d71d5bb63dc,pallets/flask,5005,Predictive intelligence,Critical,413,413,False
601,prchunk_ef8bf5a82ae77d6510bb,prdoc_83a01f7f0d71d5bb63dc,pallets/flask,5005,Deterministic policy intelligence,Critical,763,763,False
602,prchunk_ceb491fe063238c87652,prdoc_83a01f7f0d71d5bb63dc,pallets/flask,5005,Unified review priority,Critical,306,306,False
603,prchunk_9fd9b6bc68290b58370f,prdoc_73a4ad59c5b509f67460,pallets/flask,4665,PR identity,Critical,282,282,False
604,prchunk_735217cbaa725bcfe459,prdoc_73a4ad59c5b509f67460,pallets/flask,4665,PR description,Critical,2150,2150,False
605,prchunk_e7489d0036d11518e66e,prdoc_73a4ad59c5b509f67460,pallets/flask,4665,PR description,Critical,2763,2743,True
606,prchunk_03b1e0754e90869c5665,prdoc_73a4ad59c5b509f67460,pallets/flask,4665,PR description,Critical,3526,3500,True
607,prchunk_27f438aa7b59c52b4875,prdoc_73a4ad59c5b509f67460,pallets/flask,4665,PR description,Critical,1136,1136,False
608,prchunk_0a7407a8bd37f694c549,prdoc_73a4ad59c5b509f67460,pallets/flask,4665,PR description,Critical,415,415,False
609,prchunk_358dc8c97302b4d8b003,prdoc_73a4ad59c5b509f67460,pallets/flask,4665,Change evidence,Critical,403,403,False
610,prchunk_10b6c558158a74496935,prdoc_73a4ad59c5b509f67460,pallets/flask,4665,Predictive intelligence,Critical,413,413,False
611,prchunk_8e98291be9add8f1586f,prdoc_73a4ad59c5b509f67460,pallets/flask,4665,Deterministic policy intelligence,Critical,763,763,False
612,prchunk_ae4f730bef5b523443fd,prdoc_73a4ad59c5b509f67460,pallets/flask,4665,Unified review priority,Critical,306,306,False
613,prchunk_21a49ee9a2456431d1e1,prdoc_fb75e72356358295f5ca,pallets/flask,3401,PR identity,High,265,265,False
614,prchunk_eb9c35514839d94589db,prdoc_fb75e72356358295f5ca,pallets/flask,3401,PR description,High,516,516,False
615,prchunk_0c57efe5b8629e7227a1,prdoc_fb75e72356358295f5ca,pallets/flask,3401,Change evidence,High,405,405,False
616,prchunk_85c7d1a46d9135f876ef,prdoc_fb75e72356358295f5ca,pallets/flask,3401,Predictive intelligence,High,426,426,False
617,prchunk_cbeed5cc08b9d7f6a1b0,prdoc_fb75e72356358295f5ca,pallets/flask,3401,Deterministic policy intelligence,High,754,754,False
618,prchunk_ff01f7a2c69710f5431c,prdoc_fb75e72356358295f5ca,pallets/flask,3401,Unified review priority,High,299,299,False
619,prchunk_7932844613af327f860d,prdoc_d3176538892452afe497,pallets/flask,2609,PR identity,High,269,269,False
620,prchunk_cbe1dedbaf1e16e471f8,prdoc_d3176538892452afe497,pallets/flask,2609,PR description,High,283,283,False
621,prchunk_bedbcaad330ce4da4d57,prdoc_d3176538892452afe497,pallets/flask,2609,Change evidence,High,403,403,False
622,prchunk_8193d53aaf9cf8702091,prdoc_d3176538892452afe497,pallets/flask,2609,Predictive intelligence,High,414,414,False
623,prchunk_28e199a6916a1594d24d,prdoc_d3176538892452afe497,pallets/flask,2609,Deterministic policy intelligence,High,738,738,False
624,prchunk_4b4720011a4618a9b7e0,prdoc_d3176538892452afe497,pallets/flask,2609,Unified review priority,High,299,299,False
625,prchunk_3826523b6db7a1632302,prdoc_31f892bbdce60e8d8848,pallets/flask,5000,PR identity,High,244,244,False
626,prchunk_8085af104424003ccb74,prdoc_31f892bbdce60e8d8848,pallets/flask,5000,PR description,High,1023,516,True
627,prchunk_6c5e764eacd1f431fa5d,prdoc_31f892bbdce60e8d8848,pallets/flask,5000,PR description,High,225,225,False
628,prchunk_146987031e2238eb1b2e,prdoc_31f892bbdce60e8d8848,pallets/flask,5000,Change evidence,High,408,408,False
629,prchunk_4e7f8fe998c4f90a9e2d,prdoc_31f892bbdce60e8d8848,pallets/flask,5000,Predictive intelligence,High,474,474,False
630,prchunk_f7353ffba6134269dfe6,prdoc_31f892bbdce60e8d8848,pallets/flask,5000,Deterministic policy intelligence,High,741,741,False
631,prchunk_3b8bb4cf9d08d598ecdc,prdoc_31f892bbdce60e8d8848,pallets/flask,5000,Unified review priority,High,299,299,False
632,prchunk_ac5a4026bcf3ba73e045,prdoc_dbf33bd9ec5133c00ed4,pallets/flask,4013,PR identity,High,278,278,False
633,prchunk_2de5dd4ee5c1dc70f9a9,prdoc_dbf33bd9ec5133c00ed4,pallets/flask,4013,PR description,High,274,274,False
634,prchunk_0c08a43b95a90b5d2e26,prdoc_dbf33bd9ec5133c00ed4,pallets/flask,4013,Change evidence,High,404,404,False
635,prchunk_772486544a50f3670265,prdoc_dbf33bd9ec5133c00ed4,pallets/flask,4013,Predictive intelligence,High,474,474,False
636,prchunk_5e28fc7f9edcc0275420,prdoc_dbf33bd9ec5133c00ed4,pallets/flask,4013,Deterministic policy intelligence,High,754,754,False
637,prchunk_a4f6a0e7b9fe042aba73,prdoc_dbf33bd9ec5133c00ed4,pallets/flask,4013,Unified review priority,High,299,299,False
638,prchunk_093f14ebf80759d1f30d,prdoc_a555c39d5e028e5bb77f,pallets/flask,4999,PR identity,High,257,257,False
639,prchunk_1bd635ff6c7bc5b8f9ce,prdoc_a555c39d5e028e5bb77f,pallets/flask,4999,PR description,High,1028,521,True
640,prchunk_5e35012335f0d77dbfd3,prdoc_a555c39d5e028e5bb77f,pallets/flask,4999,PR description,High,237,237,False
641,prchunk_0170cb85f5e2553cf61a,prdoc_a555c39d5e028e5bb77f,pallets/flask,4999,Change evidence,High,408,408,False
642,prchunk_a90429b7fbb2ba317b9c,prdoc_a555c39d5e028e5bb77f,pallets/flask,4999,Predictive intelligence,High,474,474,False
643,prchunk_0a7d96f58ecf76351ee1,prdoc_a555c39d5e028e5bb77f,pallets/flask,4999,Deterministic policy intelligence,High,741,741,False
644,prchunk_df707fb24fdd8bcd9fd0,prdoc_a555c39d5e028e5bb77f,pallets/flask,4999,Unified review priority,High,299,299,False
645,prchunk_0ddf57fbf34de191eb77,prdoc_689806f9ad3efd194b10,pallets/flask,4513,PR identity,High,277,277,False
646,prchunk_d91c11fd20c950555da8,prdoc_689806f9ad3efd194b10,pallets/flask,4513,PR description,High,302,302,False
647,prchunk_db64bfb6a9f39e964f6a,prdoc_689806f9ad3efd194b10,pallets/flask,4513,Change evidence,High,404,404,False
648,prchunk_2dd52b576456e73b5ef0,prdoc_689806f9ad3efd194b10,pallets/flask,4513,Predictive intelligence,High,474,474,False
649,prchunk_2c1047af01e4193dce0f,prdoc_689806f9ad3efd194b10,pallets/flask,4513,Deterministic policy intelligence,High,754,754,False
650,prchunk_505e08bda44ded2a43ed,prdoc_689806f9ad3efd194b10,pallets/flask,4513,Unified review priority,High,299,299,False
651,prchunk_32246bb3a7bb9f85ca97,prdoc_9b502aeb6bfc1b1aac92,pallets/flask,5499,PR identity,High,282,282,False
652,prchunk_e89ccda7d8c2e222d28f,prdoc_9b502aeb6bfc1b1aac92,pallets/flask,5499,PR description,High,1056,1056,False
653,prchunk_369287a1d268d5379957,prdoc_9b502aeb6bfc1b1aac92,pallets/flask,5499,Change evidence,High,403,403,False
654,prchunk_0df43afb50bba5260c8d,prdoc_9b502aeb6bfc1b1aac92,pallets/flask,5499,Predictive intelligence,High,430,430,False
655,prchunk_9d45ae53b38e6b5a47db,prdoc_9b502aeb6bfc1b1aac92,pallets/flask,5499,Deterministic policy intelligence,High,552,552,False
656,prchunk_2356f134c66de5e90c43,prdoc_9b502aeb6bfc1b1aac92,pallets/flask,5499,Unified review priority,High,299,299,False
657,prchunk_651c3969545b2fdc9bca,prdoc_36cef9d6267e77a5ed03,pallets/flask,4721,PR identity,High,285,285,False
658,prchunk_4f7c8ef3bf2ed995b62b,prdoc_36cef9d6267e77a5ed03,pallets/flask,4721,PR description,High,728,676,True
659,prchunk_64a3686714b1beb251a0,prdoc_36cef9d6267e77a5ed03,pallets/flask,4721,Change evidence,High,403,403,False
660,prchunk_ba2fdb690367d5790b4c,prdoc_36cef9d6267e77a5ed03,pallets/flask,4721,Predictive intelligence,High,414,414,False
661,prchunk_c30eb848898b10d346d5,prdoc_36cef9d6267e77a5ed03,pallets/flask,4721,Deterministic policy intelligence,High,738,738,False
662,prchunk_b718ae8b07839531aaef,prdoc_36cef9d6267e77a5ed03,pallets/flask,4721,Unified review priority,High,299,299,False
663,prchunk_6a30a2b3714158873b6d,prdoc_9cec559303717cf2ae2f,pallets/flask,3669,PR identity,High,272,272,False
664,prchunk_9d2141a2a5e6f7e31b80,prdoc_9cec559303717cf2ae2f,pallets/flask,3669,PR description,High,749,329,True
665,prchunk_d3f263b372c374699d45,prdoc_9cec559303717cf2ae2f,pallets/flask,3669,Change evidence,High,409,409,False
666,prchunk_3beeac314dde847b87aa,prdoc_9cec559303717cf2ae2f,pallets/flask,3669,Predictive intelligence,High,426,426,False
667,prchunk_04ef85b393e02301c6c1,prdoc_9cec559303717cf2ae2f,pallets/flask,3669,Deterministic policy intelligence,High,615,615,False
668,prchunk_d251aa444972fd437afc,prdoc_9cec559303717cf2ae2f,pallets/flask,3669,Unified review priority,High,299,299,False
669,prchunk_a0c6ff1c94da5c230cff,prdoc_2c694cdeeb3d58364020,pallets/flask,5517,PR identity,High,285,285,False
670,prchunk_812fb60184dfc1c09c87,prdoc_2c694cdeeb3d58364020,pallets/flask,5517,PR description,High,366,314,True
671,prchunk_77a4116f4f9a3a897369,prdoc_2c694cdeeb3d58364020,pallets/flask,5517,Change evidence,High,403,403,False
672,prchunk_e1d8ff7264967f9678c4,prdoc_2c694cdeeb3d58364020,pallets/flask,5517,Predictive intelligence,High,414,414,False
673,prchunk_7cd8d8a2b8e9aae15bb5,prdoc_2c694cdeeb3d58364020,pallets/flask,5517,Deterministic policy intelligence,High,738,738,False
674,prchunk_70436a3e3367e4cfc897,prdoc_2c694cdeeb3d58364020,pallets/flask,5517,Unified review priority,High,299,299,False
675,prchunk_dbb2aa9ce2cc5e5cc27f,prdoc_df81038cb1fc39e5c72c,pallets/flask,5187,PR identity,High,285,285,False
676,prchunk_2c2ac78b5f66cf61742f,prdoc_df81038cb1fc39e5c72c,pallets/flask,5187,PR description,High,352,300,True
677,prchunk_f3293522546e9046bc9a,prdoc_df81038cb1fc39e5c72c,pallets/flask,5187,Change evidence,High,403,403,False
678,prchunk_30a090f47a33699566eb,prdoc_df81038cb1fc39e5c72c,pallets/flask,5187,Predictive intelligence,High,414,414,False
679,prchunk_3acef532b145861ba173,prdoc_df81038cb1fc39e5c72c,pallets/flask,5187,Deterministic policy intelligence,High,738,738,False
680,prchunk_63ad1282a5e687a2f327,prdoc_df81038cb1fc39e5c72c,pallets/flask,5187,Unified review priority,High,299,299,False
681,prchunk_16b1700b434cd59ce01b,prdoc_87d7c7713415b5dca149,pallets/flask,4899,PR identity,High,285,285,False
682,prchunk_736825da183563512790,prdoc_87d7c7713415b5dca149,pallets/flask,4899,PR description,High,352,300,True
683,prchunk_d45e49d4573f4143b58a,prdoc_87d7c7713415b5dca149,pallets/flask,4899,Change evidence,High,403,403,False
684,prchunk_b48b751ab6f9daf8a565,prdoc_87d7c7713415b5dca149,pallets/flask,4899,Predictive intelligence,High,414,414,False
685,prchunk_96031ec112ecbc2fbb9d,prdoc_87d7c7713415b5dca149,pallets/flask,4899,Deterministic policy intelligence,High,738,738,False
686,prchunk_98e2ee2f6a2dbd472695,prdoc_87d7c7713415b5dca149,pallets/flask,4899,Unified review priority,High,299,299,False
687,prchunk_98fbfc35b0a81ab683d4,prdoc_9f84499f1e7e6341ae34,pallets/flask,3488,PR identity,High,305,305,False
688,prchunk_7de5fc890b80e840c3a6,prdoc_9f84499f1e7e6341ae34,pallets/flask,3488,PR description,High,485,485,False
689,prchunk_ff3416257b3d8e3ae47e,prdoc_9f84499f1e7e6341ae34,pallets/flask,3488,Change evidence,High,403,403,False
690,prchunk_5d7a3c8ecef8133d1012,prdoc_9f84499f1e7e6341ae34,pallets/flask,3488,Predictive intelligence,High,474,474,False
691,prchunk_db2e05931dfc012a99bd,prdoc_9f84499f1e7e6341ae34,pallets/flask,3488,Deterministic policy intelligence,High,738,738,False
692,prchunk_80d6bec7426870705f46,prdoc_9f84499f1e7e6341ae34,pallets/flask,3488,Unified review priority,High,299,299,False
693,prchunk_a8f649678415ddff8e67,prdoc_4953c3ceab14b15d079c,pallets/flask,5541,PR identity,High,285,285,False
694,prchunk_37924317df0a53ab5456,prdoc_4953c3ceab14b15d079c,pallets/flask,5541,PR description,High,366,314,True
695,prchunk_e2604c841318839d4a8d,prdoc_4953c3ceab14b15d079c,pallets/flask,5541,Change evidence,High,403,403,False
696,prchunk_05bd77973c18119a9aa4,prdoc_4953c3ceab14b15d079c,pallets/flask,5541,Predictive intelligence,High,414,414,False
697,prchunk_eef22390300bacfaf978,prdoc_4953c3ceab14b15d079c,pallets/flask,5541,Deterministic policy intelligence,High,738,738,False
698,prchunk_bab8cbad15bc08745b06,prdoc_4953c3ceab14b15d079c,pallets/flask,5541,Unified review priority,High,299,299,False
699,prchunk_692be0c8ab0cca39ce91,prdoc_63872ee3fca98508e951,pallets/flask,4862,PR identity,High,285,285,False
700,prchunk_d2680e13abc4c004a57b,prdoc_63872ee3fca98508e951,pallets/flask,4862,PR description,High,372,320,True
701,prchunk_ed5114ae8e00cc8e6965,prdoc_63872ee3fca98508e951,pallets/flask,4862,Change evidence,High,403,403,False
702,prchunk_7a5682b7ad9b1da7818f,prdoc_63872ee3fca98508e951,pallets/flask,4862,Predictive intelligence,High,414,414,False
703,prchunk_2545642c23169286290a,prdoc_63872ee3fca98508e951,pallets/flask,4862,Deterministic policy intelligence,High,738,738,False
704,prchunk_a8940f667ddb28e0b7a9,prdoc_63872ee3fca98508e951,pallets/flask,4862,Unified review priority,High,299,299,False
705,prchunk_7a21c5cc8344e6b79312,prdoc_0204dcc7e11b6d2f3bf3,pallets/flask,3748,PR identity,High,251,251,False
706,prchunk_067f72e6ce77cc91c318,prdoc_0204dcc7e11b6d2f3bf3,pallets/flask,3748,PR description,High,668,248,True
707,prchunk_737ec128843ffdaec5ca,prdoc_0204dcc7e11b6d2f3bf3,pallets/flask,3748,Change evidence,High,404,404,False
708,prchunk_0fff9a415aa8a74ec348,prdoc_0204dcc7e11b6d2f3bf3,pallets/flask,3748,Predictive intelligence,High,474,474,False
709,prchunk_797d9c1b807e9d7c8df9,prdoc_0204dcc7e11b6d2f3bf3,pallets/flask,3748,Deterministic policy intelligence,High,639,639,False
710,prchunk_b8232a60829f3418cbae,prdoc_0204dcc7e11b6d2f3bf3,pallets/flask,3748,Unified review priority,High,299,299,False
711,prchunk_548eb91e75742d320a4b,prdoc_c38207c32fb941772736,pallets/flask,5552,PR identity,High,290,290,False
712,prchunk_3e15a60a9f0ba4ad643d,prdoc_c38207c32fb941772736,pallets/flask,5552,PR description,High,1076,261,True
713,prchunk_75dfa41718db50a76250,prdoc_c38207c32fb941772736,pallets/flask,5552,Change evidence,High,403,403,False
714,prchunk_38cbb6948f56a6365a62,prdoc_c38207c32fb941772736,pallets/flask,5552,Predictive intelligence,High,474,474,False
715,prchunk_6e0e668fff34cbd91162,prdoc_c38207c32fb941772736,pallets/flask,5552,Deterministic policy intelligence,High,639,639,False
716,prchunk_7cdf9f89d43a978b986c,prdoc_c38207c32fb941772736,pallets/flask,5552,Unified review priority,High,299,299,False
717,prchunk_7338ca86918d1ec0dd2d,prdoc_a20acd8d822672ebf169,pallets/flask,5678,PR identity,High,292,292,False
718,prchunk_be00bdb6ab3d97a51b86,prdoc_a20acd8d822672ebf169,pallets/flask,5678,PR description,High,1132,317,True
719,prchunk_81a20c761736bafcb7fe,prdoc_a20acd8d822672ebf169,pallets/flask,5678,PR description,High,492,492,False
720,prchunk_802120a77962aab178ce,prdoc_a20acd8d822672ebf169,pallets/flask,5678,Change evidence,High,403,403,False
721,prchunk_b5e09e69363153d1e6ff,prdoc_a20acd8d822672ebf169,pallets/flask,5678,Predictive intelligence,High,474,474,False
722,prchunk_a32aeee685ecaf21bd28,prdoc_a20acd8d822672ebf169,pallets/flask,5678,Deterministic policy intelligence,High,639,639,False
723,prchunk_89d61bc29cc4404cfe2b,prdoc_a20acd8d822672ebf169,pallets/flask,5678,Unified review priority,High,299,299,False
724,prchunk_dbf9e98dcd55e6db5321,prdoc_81706bfa0d9d79d314a3,pallets/flask,3487,PR identity,High,279,279,False
725,prchunk_2c2b7baf292e36ca2e9b,prdoc_81706bfa0d9d79d314a3,pallets/flask,3487,PR description,High,250,250,False
726,prchunk_f6b05bf6747de95b777f,prdoc_81706bfa0d9d79d314a3,pallets/flask,3487,Change evidence,High,403,403,False
727,prchunk_83be5b5ec555e9661735,prdoc_81706bfa0d9d79d314a3,pallets/flask,3487,Predictive intelligence,High,470,470,False
728,prchunk_158984cb8da427cb7e47,prdoc_81706bfa0d9d79d314a3,pallets/flask,3487,Deterministic policy intelligence,High,738,738,False
729,prchunk_cd332b2d50db6c8ed537,prdoc_81706bfa0d9d79d314a3,pallets/flask,3487,Unified review priority,High,299,299,False
730,prchunk_d11733a919301d3fabb2,prdoc_426bba3fa4d09446db2c,pallets/flask,5615,PR identity,High,273,273,False
731,prchunk_98ca3128aa74ff4a2d3c,prdoc_426bba3fa4d09446db2c,pallets/flask,5615,PR description,High,354,354,False
732,prchunk_d59ff6b232c93d227682,prdoc_426bba3fa4d09446db2c,pallets/flask,5615,Change evidence,High,403,403,False
733,prchunk_5b2748b3aad9037d5024,prdoc_426bba3fa4d09446db2c,pallets/flask,5615,Predictive intelligence,High,414,414,False
734,prchunk_be3cd0f13d6f01f9e620,prdoc_426bba3fa4d09446db2c,pallets/flask,5615,Deterministic policy intelligence,High,738,738,False
735,prchunk_d0f4396bb781581a5857,prdoc_426bba3fa4d09446db2c,pallets/flask,5615,Unified review priority,High,299,299,False
736,prchunk_f404f9b2ebe334ea1d11,prdoc_11216ae7b8a8a3da41ee,pallets/flask,3156,PR identity,High,297,297,False
737,prchunk_5717ced261d65ee06ee2,prdoc_11216ae7b8a8a3da41ee,pallets/flask,3156,PR description,High,371,371,False
738,prchunk_072eab82575d4e09b607,prdoc_11216ae7b8a8a3da41ee,pallets/flask,3156,Change evidence,High,403,403,False
739,prchunk_8c5731df662bfb86f9b7,prdoc_11216ae7b8a8a3da41ee,pallets/flask,3156,Predictive intelligence,High,470,470,False
740,prchunk_55a317ab08143c6b7945,prdoc_11216ae7b8a8a3da41ee,pallets/flask,3156,Deterministic policy intelligence,High,738,738,False
741,prchunk_e990aa2a01051e8fe031,prdoc_11216ae7b8a8a3da41ee,pallets/flask,3156,Unified review priority,High,299,299,False
742,prchunk_d554fd82ed4b93117eed,prdoc_681bd3ec9978499fc90f,pallets/flask,2929,PR identity,High,270,270,False
743,prchunk_bdd89f90f3ad3855d277,prdoc_681bd3ec9978499fc90f,pallets/flask,2929,PR description,High,683,263,True
744,prchunk_19abf32d16d6c432ae45,prdoc_681bd3ec9978499fc90f,pallets/flask,2929,Change evidence,High,405,405,False
745,prchunk_b76439d20ed0b4407663,prdoc_681bd3ec9978499fc90f,pallets/flask,2929,Predictive intelligence,High,474,474,False
746,prchunk_a0a9cb498281910b73da,prdoc_681bd3ec9978499fc90f,pallets/flask,2929,Deterministic policy intelligence,High,640,640,False
747,prchunk_dcd683cbeaca25b9fdfd,prdoc_681bd3ec9978499fc90f,pallets/flask,2929,Unified review priority,High,299,299,False
748,prchunk_7813bf7a8edffe54ce07,prdoc_1df599deff76c73816f0,pallets/flask,3836,PR identity,High,272,272,False
749,prchunk_353247d6c36758e5ce5f,prdoc_1df599deff76c73816f0,pallets/flask,3836,PR description,High,522,522,False
750,prchunk_86aa2499430d24143941,prdoc_1df599deff76c73816f0,pallets/flask,3836,Change evidence,High,403,403,False
751,prchunk_b04e3adc06fd676f40e8,prdoc_1df599deff76c73816f0,pallets/flask,3836,Predictive intelligence,High,414,414,False
752,prchunk_0e99b69a39039b7f0a49,prdoc_1df599deff76c73816f0,pallets/flask,3836,Deterministic policy intelligence,High,639,639,False
753,prchunk_2dc9d7244ae81418f6fe,prdoc_1df599deff76c73816f0,pallets/flask,3836,Unified review priority,High,299,299,False
754,prchunk_e599856eb13b87f4f415,prdoc_a47cb66aa8e109b6e2a8,pallets/flask,3567,PR identity,High,281,281,False
755,prchunk_6f7a16d13efdfeba3d52,prdoc_a47cb66aa8e109b6e2a8,pallets/flask,3567,PR description,High,963,963,False
756,prchunk_090d827db0e6bc245f8c,prdoc_a47cb66aa8e109b6e2a8,pallets/flask,3567,Change evidence,High,403,403,False
757,prchunk_780dbc6d3fa331d9f16e,prdoc_a47cb66aa8e109b6e2a8,pallets/flask,3567,Predictive intelligence,High,474,474,False
758,prchunk_4d4adf34b364174c13a0,prdoc_a47cb66aa8e109b6e2a8,pallets/flask,3567,Deterministic policy intelligence,High,639,639,False
759,prchunk_721d0ecdf9ba0fad5dae,prdoc_a47cb66aa8e109b6e2a8,pallets/flask,3567,Unified review priority,High,299,299,False
760,prchunk_2cc3236feab8df79d5aa,prdoc_39075a6bc76dfa7acdc1,pallets/flask,4657,PR identity,High,285,285,False
761,prchunk_2adfb683d7126cdb1de5,prdoc_39075a6bc76dfa7acdc1,pallets/flask,4657,PR description,High,828,321,True
762,prchunk_968ab86226319718105d,prdoc_39075a6bc76dfa7acdc1,pallets/flask,4657,Change evidence,High,403,403,False
763,prchunk_cb30e0e51b92b56ae433,prdoc_39075a6bc76dfa7acdc1,pallets/flask,4657,Predictive intelligence,High,474,474,False
764,prchunk_e024b2fde8d05f2adf34,prdoc_39075a6bc76dfa7acdc1,pallets/flask,4657,Deterministic policy intelligence,High,639,639,False
765,prchunk_d31d30ab71bd1fa57233,prdoc_39075a6bc76dfa7acdc1,pallets/flask,4657,Unified review priority,High,299,299,False
766,prchunk_5141aac9f934c9c431cf,prdoc_fc1085beb8e6fd448619,pallets/flask,2600,PR identity,High,250,250,False
767,prchunk_49d69a8f52329e86739d,prdoc_fc1085beb8e6fd448619,pallets/flask,2600,PR description,High,183,183,False
768,prchunk_e267f410e6849629271d,prdoc_fc1085beb8e6fd448619,pallets/flask,2600,Change evidence,High,408,408,False
769,prchunk_5a06f2dc2af898519ef2,prdoc_fc1085beb8e6fd448619,pallets/flask,2600,Predictive intelligence,High,474,474,False
770,prchunk_29bcd5fa1dbdcd4795ab,prdoc_fc1085beb8e6fd448619,pallets/flask,2600,Deterministic policy intelligence,High,650,650,False
771,prchunk_85fd5b882b0daa4edcbe,prdoc_fc1085beb8e6fd448619,pallets/flask,2600,Unified review priority,High,299,299,False
772,prchunk_c2c33c8b2def4c2b0f67,prdoc_935f08fd792493973437,pallets/flask,3812,PR identity,High,285,285,False
773,prchunk_84032345678699a09acc,prdoc_935f08fd792493973437,pallets/flask,3812,PR description,High,987,987,False
774,prchunk_1351ca2359bcfaa254b0,prdoc_935f08fd792493973437,pallets/flask,3812,Change evidence,High,404,404,False
775,prchunk_5caf8cffb08b476f9563,prdoc_935f08fd792493973437,pallets/flask,3812,Predictive intelligence,High,474,474,False
776,prchunk_a5ec5a360911fb67443a,prdoc_935f08fd792493973437,pallets/flask,3812,Deterministic policy intelligence,High,640,640,False
777,prchunk_836a72296365c48840cc,prdoc_935f08fd792493973437,pallets/flask,3812,Unified review priority,High,299,299,False
778,prchunk_40a7bdced3ed3d66995c,prdoc_52a6c50fe1748215167e,pallets/flask,5289,PR identity,High,297,297,False
779,prchunk_b9e1697899f20723cb55,prdoc_52a6c50fe1748215167e,pallets/flask,5289,PR description,High,930,632,True
780,prchunk_6e755ca0fcabd79c6367,prdoc_52a6c50fe1748215167e,pallets/flask,5289,Change evidence,High,404,404,False
781,prchunk_5961e5da36ffa7b023dd,prdoc_52a6c50fe1748215167e,pallets/flask,5289,Predictive intelligence,High,474,474,False
782,prchunk_ff38f1396f775de16680,prdoc_52a6c50fe1748215167e,pallets/flask,5289,Deterministic policy intelligence,High,639,639,False
783,prchunk_9773685d05af408689f7,prdoc_52a6c50fe1748215167e,pallets/flask,5289,Unified review priority,High,299,299,False
784,prchunk_6d17bfb0dfe0f50dfc2c,prdoc_bfd8cb0c8422508205a0,pallets/flask,3369,PR identity,High,331,331,False
785,prchunk_2118669c165649ac3a87,prdoc_bfd8cb0c8422508205a0,pallets/flask,3369,PR description,High,1415,1415,False
786,prchunk_c5b6ad90bacf9ae294b2,prdoc_bfd8cb0c8422508205a0,pallets/flask,3369,PR description,High,776,356,True
787,prchunk_93c955425232a37ea29e,prdoc_bfd8cb0c8422508205a0,pallets/flask,3369,Change evidence,High,403,403,False
788,prchunk_2d444e73495997cbbb94,prdoc_bfd8cb0c8422508205a0,pallets/flask,3369,Predictive intelligence,High,426,426,False
789,prchunk_8b0c7ead3707827de050,prdoc_bfd8cb0c8422508205a0,pallets/flask,3369,Deterministic policy intelligence,High,552,552,False
790,prchunk_861703b8b08065516bc1,prdoc_bfd8cb0c8422508205a0,pallets/flask,3369,Unified review priority,High,299,299,False
791,prchunk_1deaf861b9501a5c00a5,prdoc_dd97ba29b59ed9f0897b,pallets/flask,5101,PR identity,High,264,264,False
792,prchunk_dfca3a86e53bf3338a75,prdoc_dd97ba29b59ed9f0897b,pallets/flask,5101,PR description,High,469,469,False
793,prchunk_e2c65cec5f74c943411c,prdoc_dd97ba29b59ed9f0897b,pallets/flask,5101,Change evidence,High,405,405,False
794,prchunk_bd1f25106813218052b1,prdoc_dd97ba29b59ed9f0897b,pallets/flask,5101,Predictive intelligence,High,413,413,False
795,prchunk_153c2a8381a3e2e644a8,prdoc_dd97ba29b59ed9f0897b,pallets/flask,5101,Deterministic policy intelligence,High,754,754,False
796,prchunk_6280d2357a478dc5e2ef,prdoc_dd97ba29b59ed9f0897b,pallets/flask,5101,Unified review priority,High,299,299,False
797,prchunk_bac662d43c4335afb1ee,prdoc_f229e4e6686dbf27c7de,pallets/flask,2622,PR identity,High,262,262,False
798,prchunk_81552953485ec22de8cd,prdoc_f229e4e6686dbf27c7de,pallets/flask,2622,PR description,High,176,176,False
799,prchunk_7e05e64cfb6ced739d73,prdoc_f229e4e6686dbf27c7de,pallets/flask,2622,Change evidence,High,405,405,False
800,prchunk_34473238a381227ce49b,prdoc_f229e4e6686dbf27c7de,pallets/flask,2622,Predictive intelligence,High,414,414,False
801,prchunk_8f199d5d54ee1859ace1,prdoc_f229e4e6686dbf27c7de,pallets/flask,2622,Deterministic policy intelligence,High,754,754,False
802,prchunk_ec695af4d696363fd2e9,prdoc_f229e4e6686dbf27c7de,pallets/flask,2622,Unified review priority,High,299,299,False
803,prchunk_c7bd07549064f6e16a8d,prdoc_69db056c192aad974c0a,pallets/flask,5524,PR identity,High,269,269,False
804,prchunk_89131cec31df159fed53,prdoc_69db056c192aad974c0a,pallets/flask,5524,PR description,High,783,390,True
805,prchunk_86762b7dd8c76800a14b,prdoc_69db056c192aad974c0a,pallets/flask,5524,Change evidence,High,403,403,False
806,prchunk_82b8dc70811bf2b6d568,prdoc_69db056c192aad974c0a,pallets/flask,5524,Predictive intelligence,High,474,474,False
807,prchunk_a169c497247746fa954e,prdoc_69db056c192aad974c0a,pallets/flask,5524,Deterministic policy intelligence,High,640,640,False
808,prchunk_1dab0165788d98392337,prdoc_69db056c192aad974c0a,pallets/flask,5524,Unified review priority,High,299,299,False
809,prchunk_a9b4bb403ba6f408ea8f,prdoc_fb2de90b6715a143a874,pallets/flask,3497,PR identity,High,266,266,False
810,prchunk_5f0d6e06cc40281ea10d,prdoc_fb2de90b6715a143a874,pallets/flask,3497,PR description,High,205,205,False
811,prchunk_70b5b7db8656d4f0c6a2,prdoc_fb2de90b6715a143a874,pallets/flask,3497,Change evidence,High,403,403,False
812,prchunk_2f5ec7df81903b1a21b4,prdoc_fb2de90b6715a143a874,pallets/flask,3497,Predictive intelligence,High,414,414,False
813,prchunk_3e8565c8d7d9d094b507,prdoc_fb2de90b6715a143a874,pallets/flask,3497,Deterministic policy intelligence,High,738,738,False
814,prchunk_1d26b0a5c03ff776f14d,prdoc_fb2de90b6715a143a874,pallets/flask,3497,Unified review priority,High,299,299,False
815,prchunk_589b4bbcb65edc4e8756,prdoc_8b2e3bb1cc380e755052,pallets/flask,5370,PR identity,High,275,275,False
816,prchunk_9360bd111c48ca380367,prdoc_8b2e3bb1cc380e755052,pallets/flask,5370,PR description,High,833,833,False
817,prchunk_66e413c8ad37983f9044,prdoc_8b2e3bb1cc380e755052,pallets/flask,5370,Change evidence,High,403,403,False
818,prchunk_d86e6748cd029d57fd3b,prdoc_8b2e3bb1cc380e755052,pallets/flask,5370,Predictive intelligence,High,474,474,False
819,prchunk_3fdecc6470cc7b85db80,prdoc_8b2e3bb1cc380e755052,pallets/flask,5370,Deterministic policy intelligence,High,639,639,False
820,prchunk_65d999359e4dbf17c2e1,prdoc_8b2e3bb1cc380e755052,pallets/flask,5370,Unified review priority,High,299,299,False
821,prchunk_7c358207f1b2cd0ae399,prdoc_2ddf0104e3a822cee7a9,pallets/flask,3489,PR identity,High,260,260,False
822,prchunk_6cedd37e31807de59ec4,prdoc_2ddf0104e3a822cee7a9,pallets/flask,3489,PR description,High,1289,869,True
823,prchunk_f31aa21209afa97e0939,prdoc_2ddf0104e3a822cee7a9,pallets/flask,3489,Change evidence,High,403,403,False
824,prchunk_992034c3e1d76b2e5c5a,prdoc_2ddf0104e3a822cee7a9,pallets/flask,3489,Predictive intelligence,High,474,474,False
825,prchunk_7932df58a69dc0253ce0,prdoc_2ddf0104e3a822cee7a9,pallets/flask,3489,Deterministic policy intelligence,High,667,667,False
826,prchunk_b18ed755399035985829,prdoc_2ddf0104e3a822cee7a9,pallets/flask,3489,Unified review priority,High,299,299,False
827,prchunk_ecdc4b3a4aef2d9994b3,prdoc_78ae30c75615ace081b0,pallets/flask,5807,PR identity,High,338,338,False
828,prchunk_2b456334d654c26e6c33,prdoc_78ae30c75615ace081b0,pallets/flask,5807,PR description,High,435,435,False
829,prchunk_15e7e5d5f566e067d12e,prdoc_78ae30c75615ace081b0,pallets/flask,5807,Change evidence,High,411,411,False
830,prchunk_30406d503c4ef3bf3bf3,prdoc_78ae30c75615ace081b0,pallets/flask,5807,Predictive intelligence,High,470,470,False
831,prchunk_402b5ee3fc7b1b716783,prdoc_78ae30c75615ace081b0,pallets/flask,5807,Deterministic policy intelligence,High,854,854,False
832,prchunk_dde6c48f31bf8f67331a,prdoc_78ae30c75615ace081b0,pallets/flask,5807,Unified review priority,High,299,299,False
833,prchunk_563b0f2c4b86fa7f5ce1,prdoc_7dcf59a2b2a82e2a8dfa,pallets/flask,5036,PR identity,High,267,267,False
834,prchunk_812066f4c09142c02724,prdoc_7dcf59a2b2a82e2a8dfa,pallets/flask,5036,PR description,High,620,457,True
835,prchunk_7ebb6ede0e098fe5db14,prdoc_7dcf59a2b2a82e2a8dfa,pallets/flask,5036,Change evidence,High,403,403,False
836,prchunk_07b19871a55f8e9674c3,prdoc_7dcf59a2b2a82e2a8dfa,pallets/flask,5036,Predictive intelligence,High,470,470,False
837,prchunk_f7f167991e423f02717c,prdoc_7dcf59a2b2a82e2a8dfa,pallets/flask,5036,Deterministic policy intelligence,High,639,639,False
838,prchunk_fc98a7d833af61b514f0,prdoc_7dcf59a2b2a82e2a8dfa,pallets/flask,5036,Unified review priority,High,299,299,False
839,prchunk_b52dcf99606f40b2d391,prdoc_a3c5d347de97d595d85c,pallets/flask,3376,PR identity,High,263,263,False
840,prchunk_6ce0ee68ee7e05643394,prdoc_a3c5d347de97d595d85c,pallets/flask,3376,PR description,High,279,279,False
841,prchunk_f3287981a298958fc79b,prdoc_a3c5d347de97d595d85c,pallets/flask,3376,Change evidence,High,408,408,False
842,prchunk_cb540d4f76434b2081bc,prdoc_a3c5d347de97d595d85c,pallets/flask,3376,Predictive intelligence,High,414,414,False
843,prchunk_e9fb0970caf1fcc927d6,prdoc_a3c5d347de97d595d85c,pallets/flask,3376,Deterministic policy intelligence,High,754,754,False
844,prchunk_c13a2603819d53491034,prdoc_a3c5d347de97d595d85c,pallets/flask,3376,Unified review priority,High,299,299,False
845,prchunk_6816f94751f4952cb605,prdoc_b178287a85de2a1432b1,pallets/flask,5614,PR identity,High,262,262,False
846,prchunk_892ce72e71343ae38e3c,prdoc_b178287a85de2a1432b1,pallets/flask,5614,PR description,High,1176,754,True
847,prchunk_3b7995d95ff60559318f,prdoc_b178287a85de2a1432b1,pallets/flask,5614,PR description,High,518,3,True
848,prchunk_313a4bf34b960c837791,prdoc_b178287a85de2a1432b1,pallets/flask,5614,Change evidence,High,405,405,False
849,prchunk_60e2a5ad37f82e36f62f,prdoc_b178287a85de2a1432b1,pallets/flask,5614,Predictive intelligence,High,470,470,False
850,prchunk_9e6d64d204819d280ab2,prdoc_b178287a85de2a1432b1,pallets/flask,5614,Deterministic policy intelligence,High,640,640,False
851,prchunk_7d5f2420db7518d8029d,prdoc_b178287a85de2a1432b1,pallets/flask,5614,Unified review priority,High,299,299,False
852,prchunk_26dd59cf8d20ae322035,prdoc_34410bb6f8ab73196fb7,pallets/flask,5924,PR identity,High,259,259,False
853,prchunk_9a60c69660583c917aac,prdoc_34410bb6f8ab73196fb7,pallets/flask,5924,PR description,High,194,194,False
854,prchunk_29a8965d6ba349914708,prdoc_34410bb6f8ab73196fb7,pallets/flask,5924,Change evidence,High,402,402,False
855,prchunk_72601fe46955ffb34534,prdoc_34410bb6f8ab73196fb7,pallets/flask,5924,Predictive intelligence,High,413,413,False
856,prchunk_551bf2a3198080420311,prdoc_34410bb6f8ab73196fb7,pallets/flask,5924,Deterministic policy intelligence,High,640,640,False
857,prchunk_1224114c046175f56c59,prdoc_34410bb6f8ab73196fb7,pallets/flask,5924,Unified review priority,High,299,299,False
858,prchunk_631fb488a77ca9b5d551,prdoc_0560782364290db74846,pallets/flask,3491,PR identity,High,283,283,False
859,prchunk_cec72f460221cf11da8d,prdoc_0560782364290db74846,pallets/flask,3491,PR description,High,750,330,True
860,prchunk_fd351d885db84e8cd9b2,prdoc_0560782364290db74846,pallets/flask,3491,Change evidence,High,403,403,False
861,prchunk_ec2016b86dce6d17a348,prdoc_0560782364290db74846,pallets/flask,3491,Predictive intelligence,High,474,474,False
862,prchunk_b3716cf6bd6804fdcc31,prdoc_0560782364290db74846,pallets/flask,3491,Deterministic policy intelligence,High,667,667,False
863,prchunk_e956f70ca4e9a9db972e,prdoc_0560782364290db74846,pallets/flask,3491,Unified review priority,High,299,299,False
864,prchunk_39910d011372c2d02933,prdoc_e10fabb4be6c2944c879,pallets/flask,5623,PR identity,High,265,265,False
865,prchunk_a5e7897a59b1d8f1a91e,prdoc_e10fabb4be6c2944c879,pallets/flask,5623,PR description,High,222,222,False
866,prchunk_f6b156a0ce176dd5df76,prdoc_e10fabb4be6c2944c879,pallets/flask,5623,Change evidence,High,407,407,False
867,prchunk_c0a10f25b4baf0fb20ff,prdoc_e10fabb4be6c2944c879,pallets/flask,5623,Predictive intelligence,High,413,413,False
868,prchunk_15315b0fd4d6c760637c,prdoc_e10fabb4be6c2944c879,pallets/flask,5623,Deterministic policy intelligence,High,754,754,False
869,prchunk_dd18a8c543d2afc2ce59,prdoc_e10fabb4be6c2944c879,pallets/flask,5623,Unified review priority,High,299,299,False
870,prchunk_4bd0def02bb0fe2c5e44,prdoc_538db2e2b80a2b5f5f74,pallets/flask,3823,PR identity,High,257,257,False
871,prchunk_2016f0558d29d6dc5fbe,prdoc_538db2e2b80a2b5f5f74,pallets/flask,3823,PR description,High,192,192,False
872,prchunk_12711fbf34590c1d8a49,prdoc_538db2e2b80a2b5f5f74,pallets/flask,3823,Change evidence,High,405,405,False
873,prchunk_d436217ed9af5e8625b4,prdoc_538db2e2b80a2b5f5f74,pallets/flask,3823,Predictive intelligence,High,413,413,False
874,prchunk_7249de44412191e320d5,prdoc_538db2e2b80a2b5f5f74,pallets/flask,3823,Deterministic policy intelligence,High,766,766,False
875,prchunk_ba63c8354b37c563db7f,prdoc_538db2e2b80a2b5f5f74,pallets/flask,3823,Unified review priority,High,299,299,False
876,prchunk_44ec140d2d32f4427b03,prdoc_9230395591a724d63ff2,pallets/flask,5730,PR identity,High,259,259,False
877,prchunk_6f82dbd56e68feea2749,prdoc_9230395591a724d63ff2,pallets/flask,5730,PR description,High,194,194,False
878,prchunk_538d01ed05ae11c45cb2,prdoc_9230395591a724d63ff2,pallets/flask,5730,Change evidence,High,402,402,False
879,prchunk_580f30ffa427887563cf,prdoc_9230395591a724d63ff2,pallets/flask,5730,Predictive intelligence,High,413,413,False
880,prchunk_63bec548c9e10b9b91c9,prdoc_9230395591a724d63ff2,pallets/flask,5730,Deterministic policy intelligence,High,640,640,False
881,prchunk_d01b2928d46a3cc62d72,prdoc_9230395591a724d63ff2,pallets/flask,5730,Unified review priority,High,299,299,False
882,prchunk_783c2625729d4f145cdb,prdoc_db9f4f61a9a0667b4fc6,pallets/flask,5403,PR identity,High,259,259,False
883,prchunk_efbd12480cc396322f3a,prdoc_db9f4f61a9a0667b4fc6,pallets/flask,5403,PR description,High,194,194,False
884,prchunk_3118319f361477a3d45d,prdoc_db9f4f61a9a0667b4fc6,pallets/flask,5403,Change evidence,High,402,402,False
885,prchunk_3a49e0113286af0d091e,prdoc_db9f4f61a9a0667b4fc6,pallets/flask,5403,Predictive intelligence,High,413,413,False
886,prchunk_20ae24641eb8bae11230,prdoc_db9f4f61a9a0667b4fc6,pallets/flask,5403,Deterministic policy intelligence,High,640,640,False
887,prchunk_ab63663137b14de0c07d,prdoc_db9f4f61a9a0667b4fc6,pallets/flask,5403,Unified review priority,High,299,299,False
888,prchunk_c79e84d314c5eb61c753,prdoc_4dbbdcb07f8ed6a68e27,pallets/flask,4847,PR identity,High,288,288,False
889,prchunk_be52f3f8cc661ccef34b,prdoc_4dbbdcb07f8ed6a68e27,pallets/flask,4847,PR description,High,306,306,False
890,prchunk_80049c4434c316eeaabb,prdoc_4dbbdcb07f8ed6a68e27,pallets/flask,4847,Change evidence,High,406,406,False
891,prchunk_da368eddcd926b31a3b6,prdoc_4dbbdcb07f8ed6a68e27,pallets/flask,4847,Predictive intelligence,High,426,426,False
892,prchunk_2ccd3ae6fcaa1aaf96fc,prdoc_4dbbdcb07f8ed6a68e27,pallets/flask,4847,Deterministic policy intelligence,High,540,540,False
893,prchunk_c7b384341e4a7fa5e000,prdoc_4dbbdcb07f8ed6a68e27,pallets/flask,4847,Unified review priority,High,299,299,False
894,prchunk_940fde2a59d05493ecab,prdoc_f3d341c2bd3fe7f69027,pallets/flask,5736,PR identity,High,282,282,False
895,prchunk_b00f2da5eb53300b83e7,prdoc_f3d341c2bd3fe7f69027,pallets/flask,5736,PR description,High,1276,1276,False
896,prchunk_c9d02c7e776ebdd99551,prdoc_f3d341c2bd3fe7f69027,pallets/flask,5736,PR description,High,961,961,False
897,prchunk_a6e2db0370ceb5f7379e,prdoc_f3d341c2bd3fe7f69027,pallets/flask,5736,Change evidence,High,408,408,False
898,prchunk_362f0ec98f1ebed7ba51,prdoc_f3d341c2bd3fe7f69027,pallets/flask,5736,Predictive intelligence,High,426,426,False
899,prchunk_c6195dc8a549ff6d9f6e,prdoc_f3d341c2bd3fe7f69027,pallets/flask,5736,Deterministic policy intelligence,High,517,517,False
900,prchunk_9ece0868cadbe5b20636,prdoc_f3d341c2bd3fe7f69027,pallets/flask,5736,Unified review priority,High,299,299,False
901,prchunk_cecf9c7da37ab870f1ed,prdoc_29bf658bece02a821eb9,pallets/flask,5800,PR identity,High,259,259,False
902,prchunk_de4322272389a91de657,prdoc_29bf658bece02a821eb9,pallets/flask,5800,PR description,High,194,194,False
903,prchunk_66ae6daf7ae2a90d090f,prdoc_29bf658bece02a821eb9,pallets/flask,5800,Change evidence,High,403,403,False
904,prchunk_a44514c3ea6d77e68cb9,prdoc_29bf658bece02a821eb9,pallets/flask,5800,Predictive intelligence,High,413,413,False
905,prchunk_6c08fd99dd5e178f1f0a,prdoc_29bf658bece02a821eb9,pallets/flask,5800,Deterministic policy intelligence,High,640,640,False
906,prchunk_58c6423cfec13c9af1ba,prdoc_29bf658bece02a821eb9,pallets/flask,5800,Unified review priority,High,299,299,False
907,prchunk_20858e922db2e3f58a9a,prdoc_8c9a39573ff534108b4d,pallets/flask,5386,PR identity,High,259,259,False
908,prchunk_4b4410c5cbd229793b02,prdoc_8c9a39573ff534108b4d,pallets/flask,5386,PR description,High,194,194,False
909,prchunk_5acc1ec6f2a2f8411072,prdoc_8c9a39573ff534108b4d,pallets/flask,5386,Change evidence,High,402,402,False
910,prchunk_764d95f6460318b27fe2,prdoc_8c9a39573ff534108b4d,pallets/flask,5386,Predictive intelligence,High,413,413,False
911,prchunk_76d733391860e581e5aa,prdoc_8c9a39573ff534108b4d,pallets/flask,5386,Deterministic policy intelligence,High,640,640,False
912,prchunk_06656784805707bc4295,prdoc_8c9a39573ff534108b4d,pallets/flask,5386,Unified review priority,High,299,299,False
913,prchunk_22192dcfb0baf2c76472,prdoc_dbd3d6939792ffb4c15c,pallets/flask,3971,PR identity,High,281,281,False
914,prchunk_8304572521b5b3d7eac2,prdoc_dbd3d6939792ffb4c15c,pallets/flask,3971,PR description,High,347,347,False
915,prchunk_b300a9cc957ce41cd65e,prdoc_dbd3d6939792ffb4c15c,pallets/flask,3971,Change evidence,High,408,408,False
916,prchunk_f7bb298ce6529621393e,prdoc_dbd3d6939792ffb4c15c,pallets/flask,3971,Predictive intelligence,High,414,414,False
917,prchunk_72ce770d6dc33c079ebb,prdoc_dbd3d6939792ffb4c15c,pallets/flask,3971,Deterministic policy intelligence,High,644,644,False
918,prchunk_f0d0f477c8655c09383e,prdoc_dbd3d6939792ffb4c15c,pallets/flask,3971,Unified review priority,High,299,299,False
919,prchunk_523b65b5a267b41c2b85,prdoc_68344bb96af4160a43f5,pallets/flask,4855,PR identity,High,287,287,False
920,prchunk_ebba515b7eb3964e28df,prdoc_68344bb96af4160a43f5,pallets/flask,4855,PR description,High,910,910,False
921,prchunk_417c74682fc10caf5da3,prdoc_68344bb96af4160a43f5,pallets/flask,4855,Change evidence,High,404,404,False
922,prchunk_4afbded928a7f552d2d3,prdoc_68344bb96af4160a43f5,pallets/flask,4855,Predictive intelligence,High,474,474,False
923,prchunk_cbc037f97bb7151d3de8,prdoc_68344bb96af4160a43f5,pallets/flask,4855,Deterministic policy intelligence,High,643,643,False
924,prchunk_6842f3f94b40a8e95557,prdoc_68344bb96af4160a43f5,pallets/flask,4855,Unified review priority,High,299,299,False
925,prchunk_b4f2b41910e65142c1c2,prdoc_a54201bba52625b85b88,pallets/flask,2579,PR identity,High,283,283,False
926,prchunk_7aa4591bcba8f9dc2911,prdoc_a54201bba52625b85b88,pallets/flask,2579,PR description,High,385,385,False
927,prchunk_e83112e79fe8e9290657,prdoc_a54201bba52625b85b88,pallets/flask,2579,Change evidence,High,405,405,False
928,prchunk_6e29daefa393a41a62bb,prdoc_a54201bba52625b85b88,pallets/flask,2579,Predictive intelligence,High,470,470,False
929,prchunk_8d7e113012dcfdff1611,prdoc_a54201bba52625b85b88,pallets/flask,2579,Deterministic policy intelligence,High,666,666,False
930,prchunk_b5bfe93f033c9ffcb91d,prdoc_a54201bba52625b85b88,pallets/flask,2579,Unified review priority,High,299,299,False
931,prchunk_bf254c1c524301c58451,prdoc_d30d5cd7e68727c9f53c,pallets/flask,2685,PR identity,High,257,257,False
932,prchunk_152b493a529ab27fa7de,prdoc_d30d5cd7e68727c9f53c,pallets/flask,2685,PR description,High,863,863,False
933,prchunk_76ae433ab3bee4087d9b,prdoc_d30d5cd7e68727c9f53c,pallets/flask,2685,Change evidence,High,409,409,False
934,prchunk_6d14f456030c4aab5063,prdoc_d30d5cd7e68727c9f53c,pallets/flask,2685,Predictive intelligence,High,413,413,False
935,prchunk_e30b6f6d18b33f18077d,prdoc_d30d5cd7e68727c9f53c,pallets/flask,2685,Deterministic policy intelligence,High,615,615,False
936,prchunk_ea87b0552482d3c2cb29,prdoc_d30d5cd7e68727c9f53c,pallets/flask,2685,Unified review priority,High,299,299,False
937,prchunk_21a5a53cddb0cc3d7be2,prdoc_361b72ed8e34c973fb1a,pallets/flask,3386,PR identity,High,282,282,False
938,prchunk_600d92f86d00baac78ec,prdoc_361b72ed8e34c973fb1a,pallets/flask,3386,PR description,High,661,661,False
939,prchunk_c860a7d2c3c8b62e5bd4,prdoc_361b72ed8e34c973fb1a,pallets/flask,3386,Change evidence,High,404,404,False
940,prchunk_dbe7b60b09f2aa512c6d,prdoc_361b72ed8e34c973fb1a,pallets/flask,3386,Predictive intelligence,High,474,474,False
941,prchunk_8d17bec427cc3678ed32,prdoc_361b72ed8e34c973fb1a,pallets/flask,3386,Deterministic policy intelligence,High,661,661,False
942,prchunk_558e754076b897558412,prdoc_361b72ed8e34c973fb1a,pallets/flask,3386,Unified review priority,High,299,299,False
943,prchunk_45b95f11b6e4c1c12c12,prdoc_1e51f673eea6e763b0bb,pallets/flask,5075,PR identity,High,254,254,False
944,prchunk_a2ff10b7a084a0593e06,prdoc_1e51f673eea6e763b0bb,pallets/flask,5075,PR description,High,189,189,False
945,prchunk_7920fd753005e0d7f269,prdoc_1e51f673eea6e763b0bb,pallets/flask,5075,Change evidence,High,407,407,False
946,prchunk_cdc2e5ed8c7a5adf48e5,prdoc_1e51f673eea6e763b0bb,pallets/flask,5075,Predictive intelligence,High,474,474,False
947,prchunk_2eae4ff4fd1438dc4c09,prdoc_1e51f673eea6e763b0bb,pallets/flask,5075,Deterministic policy intelligence,High,546,546,False
948,prchunk_1c17dc558c2b7ebeab3b,prdoc_1e51f673eea6e763b0bb,pallets/flask,5075,Unified review priority,High,299,299,False
949,prchunk_62076b2330304e940966,prdoc_762c492c36a796926106,pallets/flask,4645,PR identity,High,283,283,False
950,prchunk_9a2e1947c7c6002cfcd4,prdoc_762c492c36a796926106,pallets/flask,4645,PR description,High,1155,648,True
951,prchunk_1d60b8e105b5dbe8badc,prdoc_762c492c36a796926106,pallets/flask,4645,PR description,High,521,521,False
952,prchunk_cc76bfe50dfabb086021,prdoc_762c492c36a796926106,pallets/flask,4645,Change evidence,High,402,402,False
953,prchunk_64dfc2b03620d7599cd0,prdoc_762c492c36a796926106,pallets/flask,4645,Predictive intelligence,High,414,414,False
954,prchunk_03b1128d7ec379a0c7a7,prdoc_762c492c36a796926106,pallets/flask,4645,Deterministic policy intelligence,High,552,552,False
955,prchunk_26a301c5d9b1599fb3cf,prdoc_762c492c36a796926106,pallets/flask,4645,Unified review priority,High,299,299,False
956,prchunk_a8bc7c1f829a4f07028b,prdoc_ed8a613bcbd6414c16aa,pallets/flask,4412,PR identity,High,266,266,False
957,prchunk_c740fe19bf613d1ce024,prdoc_ed8a613bcbd6414c16aa,pallets/flask,4412,PR description,High,272,272,False
958,prchunk_f4a25633f8ba22ad1ca7,prdoc_ed8a613bcbd6414c16aa,pallets/flask,4412,Change evidence,High,407,407,False
959,prchunk_3bd9f53c6a007c5fe5c7,prdoc_ed8a613bcbd6414c16aa,pallets/flask,4412,Predictive intelligence,High,426,426,False
960,prchunk_193e4c7aa33bdb39c2a9,prdoc_ed8a613bcbd6414c16aa,pallets/flask,4412,Deterministic policy intelligence,High,540,540,False
961,prchunk_b2d6d32786fb87491d82,prdoc_ed8a613bcbd6414c16aa,pallets/flask,4412,Unified review priority,High,299,299,False
962,prchunk_ebbc95a6cdbd65fd1e81,prdoc_33bca21fe0bcce6f237e,pallets/flask,5617,PR identity,High,264,264,False
963,prchunk_595d68343ed05e759545,prdoc_33bca21fe0bcce6f237e,pallets/flask,5617,PR description,High,243,243,False
964,prchunk_e5d061bc5ab7ed783156,prdoc_33bca21fe0bcce6f237e,pallets/flask,5617,Change evidence,High,410,410,False
965,prchunk_207cef6b38fdafc17f27,prdoc_33bca21fe0bcce6f237e,pallets/flask,5617,Predictive intelligence,High,470,470,False
966,prchunk_945537e213eceec0653e,prdoc_33bca21fe0bcce6f237e,pallets/flask,5617,Deterministic policy intelligence,High,757,757,False
967,prchunk_49c11a9f95f2d05545bc,prdoc_33bca21fe0bcce6f237e,pallets/flask,5617,Unified review priority,High,299,299,False
968,prchunk_be4797a62a6f072a7195,prdoc_be66fdd7557aa354ebab,pallets/flask,4748,PR identity,High,265,265,False
969,prchunk_3e4d9b27f1a2049a1224,prdoc_be66fdd7557aa354ebab,pallets/flask,4748,PR description,High,600,600,False
970,prchunk_797cfd974414c80becaf,prdoc_be66fdd7557aa354ebab,pallets/flask,4748,Change evidence,High,409,409,False
971,prchunk_748ef21a7ad4667ada00,prdoc_be66fdd7557aa354ebab,pallets/flask,4748,Predictive intelligence,High,413,413,False
972,prchunk_50aff5249379576b6d48,prdoc_be66fdd7557aa354ebab,pallets/flask,4748,Deterministic policy intelligence,High,615,615,False
973,prchunk_19c0ba1c7fdd1d3eeef3,prdoc_be66fdd7557aa354ebab,pallets/flask,4748,Unified review priority,High,299,299,False
974,prchunk_29d8945cf52f6c246e9d,prdoc_435b549efb18281a9425,pallets/flask,2877,PR identity,High,280,280,False
975,prchunk_69c2963e08da515d27d8,prdoc_435b549efb18281a9425,pallets/flask,2877,PR description,High,370,370,False
976,prchunk_7238faefd4fb9b752fb0,prdoc_435b549efb18281a9425,pallets/flask,2877,Change evidence,High,411,411,False
977,prchunk_0c74be2d4535205ddc7a,prdoc_435b549efb18281a9425,pallets/flask,2877,Predictive intelligence,High,426,426,False
978,prchunk_1283b1fdb72a7e2866ad,prdoc_435b549efb18281a9425,pallets/flask,2877,Deterministic policy intelligence,High,540,540,False
979,prchunk_c2cccf87e6b48123e148,prdoc_435b549efb18281a9425,pallets/flask,2877,Unified review priority,High,299,299,False
980,prchunk_60007b1aeb2bbfc8a096,prdoc_b6c6f6c7e74e8651f56d,pallets/flask,4859,PR identity,High,269,269,False
981,prchunk_9f9fd03dafa4d3462342,prdoc_b6c6f6c7e74e8651f56d,pallets/flask,4859,PR description,High,194,194,False
982,prchunk_ee1e623acbfbc87bb877,prdoc_b6c6f6c7e74e8651f56d,pallets/flask,4859,Change evidence,High,406,406,False
983,prchunk_a3261cd08bc22e8153e4,prdoc_b6c6f6c7e74e8651f56d,pallets/flask,4859,Predictive intelligence,High,470,470,False
984,prchunk_6b69659f912e0c468827,prdoc_b6c6f6c7e74e8651f56d,pallets/flask,4859,Deterministic policy intelligence,High,666,666,False
985,prchunk_2f3d420c36fc46091459,prdoc_b6c6f6c7e74e8651f56d,pallets/flask,4859,Unified review priority,High,299,299,False
986,prchunk_6a6168fe6010e72ba1d3,prdoc_0a6adf1f184529c34445,pallets/flask,4047,PR identity,High,296,296,False
987,prchunk_9171a36206c36240944d,prdoc_0a6adf1f184529c34445,pallets/flask,4047,PR description,High,790,790,False
988,prchunk_5d4a9c65b7a4c6cc00b6,prdoc_0a6adf1f184529c34445,pallets/flask,4047,Change evidence,High,404,404,False
989,prchunk_45330bf4590da5739be7,prdoc_0a6adf1f184529c34445,pallets/flask,4047,Predictive intelligence,High,414,414,False
990,prchunk_50716b108ea8ff2d7a6b,prdoc_0a6adf1f184529c34445,pallets/flask,4047,Deterministic policy intelligence,High,520,520,False
991,prchunk_5698f234ef6d7a356a13,prdoc_0a6adf1f184529c34445,pallets/flask,4047,Unified review priority,High,299,299,False
992,prchunk_e9fd561012d953e2bbec,prdoc_d6dec9c9b569e130c853,pallets/flask,5242,PR identity,High,271,271,False
993,prchunk_fbea91eecc2dae47c571,prdoc_d6dec9c9b569e130c853,pallets/flask,5242,PR description,High,185,185,False
994,prchunk_5c22d16fe6affb8ddc43,prdoc_d6dec9c9b569e130c853,pallets/flask,5242,Change evidence,High,404,404,False
995,prchunk_97fe85c07c63eff5b23e,prdoc_d6dec9c9b569e130c853,pallets/flask,5242,Predictive intelligence,High,414,414,False
996,prchunk_b0479950f5632df60b65,prdoc_d6dec9c9b569e130c853,pallets/flask,5242,Deterministic policy intelligence,High,634,634,False
997,prchunk_84cbaf9cdf86f121874a,prdoc_d6dec9c9b569e130c853,pallets/flask,5242,Unified review priority,High,299,299,False
998,prchunk_abf9dc7c0d48a358d33d,prdoc_a762d15b520d286393dd,pallets/flask,5217,PR identity,High,273,273,False
999,prchunk_cbccb1400e59f0195ca6,prdoc_a762d15b520d286393dd,pallets/flask,5217,PR description,High,184,184,False
1000,prchunk_83f88c511c6513ad5a10,prdoc_a762d15b520d286393dd,pallets/flask,5217,Change evidence,High,406,406,False
1001,prchunk_92c873a874345b7aa66a,prdoc_a762d15b520d286393dd,pallets/flask,5217,Predictive intelligence,High,414,414,False
1002,prchunk_393b429f817494aacc1e,prdoc_a762d15b520d286393dd,pallets/flask,5217,Deterministic policy intelligence,High,540,540,False
1003,prchunk_273228c1ce4614b231a7,prdoc_a762d15b520d286393dd,pallets/flask,5217,Unified review priority,High,299,299,False
1004,prchunk_cc1d9276a21083af6de8,prdoc_371eb135093aad8d6f29,pallets/flask,4623,PR identity,High,248,248,False
1005,prchunk_11255c89dc979796307f,prdoc_371eb135093aad8d6f29,pallets/flask,4623,PR description,High,430,430,False
1006,prchunk_b9c0b2adcfce8d449853,prdoc_371eb135093aad8d6f29,pallets/flask,4623,Change evidence,High,407,407,False
1007,prchunk_06ab769b8cd5596e1579,prdoc_371eb135093aad8d6f29,pallets/flask,4623,Predictive intelligence,High,474,474,False
1008,prchunk_3046125c315a185f22da,prdoc_371eb135093aad8d6f29,pallets/flask,4623,Deterministic policy intelligence,High,540,540,False
1009,prchunk_8932e3e5537e17544771,prdoc_371eb135093aad8d6f29,pallets/flask,4623,Unified review priority,High,299,299,False
1010,prchunk_9c41f11079fa62ba07d4,prdoc_77462328d38efe8b1606,pallets/flask,5858,PR identity,High,327,327,False
1011,prchunk_2c90ada93391216d35cc,prdoc_77462328d38efe8b1606,pallets/flask,5858,PR description,High,1290,1290,False
1012,prchunk_5e9ae6ca837dca5e5491,prdoc_77462328d38efe8b1606,pallets/flask,5858,PR description,High,807,807,False
1013,prchunk_2319fe76eb367b03b761,prdoc_77462328d38efe8b1606,pallets/flask,5858,Change evidence,High,408,408,False
1014,prchunk_92c65325a778a227fae7,prdoc_77462328d38efe8b1606,pallets/flask,5858,Predictive intelligence,High,474,474,False
1015,prchunk_a4f9ff25eabb55e6703e,prdoc_77462328d38efe8b1606,pallets/flask,5858,Deterministic policy intelligence,High,545,545,False
1016,prchunk_4e55671de89fd6d20cfa,prdoc_77462328d38efe8b1606,pallets/flask,5858,Unified review priority,High,299,299,False
1017,prchunk_ee7d186b159d7ebfc557,prdoc_ff590e598922e18d9353,pallets/flask,2775,PR identity,High,280,280,False
1018,prchunk_83348671a85d2c979026,prdoc_ff590e598922e18d9353,pallets/flask,2775,PR description,High,725,305,True
1019,prchunk_2b2b4476578522e5659b,prdoc_ff590e598922e18d9353,pallets/flask,2775,Change evidence,High,408,408,False
1020,prchunk_189c647484b561e963a5,prdoc_ff590e598922e18d9353,pallets/flask,2775,Predictive intelligence,High,474,474,False
1021,prchunk_8ce0f78f7210f0eec440,prdoc_ff590e598922e18d9353,pallets/flask,2775,Deterministic policy intelligence,High,527,527,False
1022,prchunk_d98863d6a02a5f808a23,prdoc_ff590e598922e18d9353,pallets/flask,2775,Unified review priority,High,299,299,False
1023,prchunk_3f1982cf9161b3937289,prdoc_f3dc7bec294ed2a770c3,pallets/flask,4624,PR identity,High,277,277,False
1024,prchunk_473b48f95a39357eebca,prdoc_f3dc7bec294ed2a770c3,pallets/flask,4624,PR description,High,501,501,False
1025,prchunk_54f8b4a9e6e60e1ef8d0,prdoc_f3dc7bec294ed2a770c3,pallets/flask,4624,Change evidence,High,408,408,False
1026,prchunk_9fe93f3d2d6fe540b370,prdoc_f3dc7bec294ed2a770c3,pallets/flask,4624,Predictive intelligence,High,414,414,False
1027,prchunk_e68365b8f9c844692382,prdoc_f3dc7bec294ed2a770c3,pallets/flask,4624,Deterministic policy intelligence,High,631,631,False
1028,prchunk_76a01dadb3d512f53897,prdoc_f3dc7bec294ed2a770c3,pallets/flask,4624,Unified review priority,High,299,299,False
1029,prchunk_75655c7d8dff41ad2266,prdoc_d86bac0fac4bcb82a03e,pallets/flask,4283,PR identity,High,260,260,False
1030,prchunk_f94d02e172ba43549daa,prdoc_d86bac0fac4bcb82a03e,pallets/flask,4283,PR description,High,187,187,False
1031,prchunk_cab681d87f330b350a33,prdoc_d86bac0fac4bcb82a03e,pallets/flask,4283,Change evidence,High,407,407,False
1032,prchunk_ba674b5673755ee10eb9,prdoc_d86bac0fac4bcb82a03e,pallets/flask,4283,Predictive intelligence,High,414,414,False
1033,prchunk_5f823f1f41915bc3e3b8,prdoc_d86bac0fac4bcb82a03e,pallets/flask,4283,Deterministic policy intelligence,High,540,540,False
1034,prchunk_6f282c37dd37c1ed68ff,prdoc_d86bac0fac4bcb82a03e,pallets/flask,4283,Unified review priority,High,299,299,False
1035,prchunk_ea03b5e327509209004a,prdoc_98460b07b319ddb2c297,pallets/flask,4368,PR identity,High,255,255,False
1036,prchunk_774aba64bf4721cde95b,prdoc_98460b07b319ddb2c297,pallets/flask,4368,PR description,High,344,344,False
1037,prchunk_dde0b1348d10d98224aa,prdoc_98460b07b319ddb2c297,pallets/flask,4368,Change evidence,High,407,407,False
1038,prchunk_00d2fc55dfba709f8ae0,prdoc_98460b07b319ddb2c297,pallets/flask,4368,Predictive intelligence,High,470,470,False
1039,prchunk_1f340cb177bae9a3514a,prdoc_98460b07b319ddb2c297,pallets/flask,4368,Deterministic policy intelligence,High,540,540,False
1040,prchunk_d6e06a1dabebb201356a,prdoc_98460b07b319ddb2c297,pallets/flask,4368,Unified review priority,High,299,299,False
1041,prchunk_4523729746c19c4bcba2,prdoc_09042918824334e20a1e,pallets/flask,5757,PR identity,High,246,246,False
1042,prchunk_a8e9f69d17920ce0e2f5,prdoc_09042918824334e20a1e,pallets/flask,5757,PR description,High,184,184,False
1043,prchunk_648c2542fda96dddea0b,prdoc_09042918824334e20a1e,pallets/flask,5757,Change evidence,High,404,404,False
1044,prchunk_5c3be694c69ac083c22e,prdoc_09042918824334e20a1e,pallets/flask,5757,Predictive intelligence,High,413,413,False
1045,prchunk_53b051474986d370f61e,prdoc_09042918824334e20a1e,pallets/flask,5757,Deterministic policy intelligence,High,540,540,False
1046,prchunk_73df9ea441b537d93639,prdoc_09042918824334e20a1e,pallets/flask,5757,Unified review priority,High,299,299,False
1047,prchunk_f2186412c3ca64557094,prdoc_707294be248f0c59ad20,pallets/flask,4335,PR identity,High,253,253,False
1048,prchunk_8c6b5061867352941b5c,prdoc_707294be248f0c59ad20,pallets/flask,4335,PR description,High,540,540,False
1049,prchunk_937f48ee0c194fd2a878,prdoc_707294be248f0c59ad20,pallets/flask,4335,Change evidence,High,408,408,False
1050,prchunk_4009b200082901f9e74d,prdoc_707294be248f0c59ad20,pallets/flask,4335,Predictive intelligence,High,413,413,False
1051,prchunk_e82bf137dbe8ba31b8ee,prdoc_707294be248f0c59ad20,pallets/flask,4335,Deterministic policy intelligence,High,656,656,False
1052,prchunk_4dcdb3c7641956b8aa83,prdoc_707294be248f0c59ad20,pallets/flask,4335,Unified review priority,High,299,299,False
1053,prchunk_7b31661606279e9ecae1,prdoc_c29dcc23603847f80abc,pallets/flask,3507,PR identity,High,276,276,False
1054,prchunk_6d7a7caeda1a72929603,prdoc_c29dcc23603847f80abc,pallets/flask,3507,PR description,High,569,569,False
1055,prchunk_bd52923a4e7518572fef,prdoc_c29dcc23603847f80abc,pallets/flask,3507,Change evidence,High,405,405,False
1056,prchunk_5b2d662c79b8bc26f01c,prdoc_c29dcc23603847f80abc,pallets/flask,3507,Predictive intelligence,High,470,470,False
1057,prchunk_9d788f3f2fdb326579e6,prdoc_c29dcc23603847f80abc,pallets/flask,3507,Deterministic policy intelligence,High,540,540,False
1058,prchunk_be0aa71a4e7b450a0710,prdoc_c29dcc23603847f80abc,pallets/flask,3507,Unified review priority,High,299,299,False
1059,prchunk_2a31ac13cabe0f23c492,prdoc_216e4dc4a2de39194106,pallets/flask,2969,PR identity,High,286,286,False
1060,prchunk_54cd764ca26aa49de6b9,prdoc_216e4dc4a2de39194106,pallets/flask,2969,PR description,High,341,341,False
1061,prchunk_d9cf16d262a4ab3c8f53,prdoc_216e4dc4a2de39194106,pallets/flask,2969,Change evidence,High,408,408,False
1062,prchunk_2bceff86614305932545,prdoc_216e4dc4a2de39194106,pallets/flask,2969,Predictive intelligence,High,414,414,False
1063,prchunk_22f3249b70e8fb8e247e,prdoc_216e4dc4a2de39194106,pallets/flask,2969,Deterministic policy intelligence,High,540,540,False
1064,prchunk_5871baa132897e26ef35,prdoc_216e4dc4a2de39194106,pallets/flask,2969,Unified review priority,High,299,299,False
1065,prchunk_b408484c7b68931e4fec,prdoc_b86358796d67962a38f0,pallets/flask,5900,PR identity,High,269,269,False
1066,prchunk_1dae78158e766d6224da,prdoc_b86358796d67962a38f0,pallets/flask,5900,PR description,High,358,358,False
1067,prchunk_45a703676b8ac0de1461,prdoc_b86358796d67962a38f0,pallets/flask,5900,Change evidence,High,409,409,False
1068,prchunk_fd595ee1be7a0cddf015,prdoc_b86358796d67962a38f0,pallets/flask,5900,Predictive intelligence,High,414,414,False
1069,prchunk_f96857c55dd20a829c93,prdoc_b86358796d67962a38f0,pallets/flask,5900,Deterministic policy intelligence,High,540,540,False
1070,prchunk_cf8a7bbd90bd5aead3af,prdoc_b86358796d67962a38f0,pallets/flask,5900,Unified review priority,High,299,299,False
1071,prchunk_5ea5fdb420c0740114e6,prdoc_d12459c07e84ceb71db2,pallets/flask,5550,PR identity,High,262,262,False
1072,prchunk_3b63e11ce4bb59e58849,prdoc_d12459c07e84ceb71db2,pallets/flask,5550,PR description,High,206,206,False
1073,prchunk_723f7f61a3378c865b8c,prdoc_d12459c07e84ceb71db2,pallets/flask,5550,Change evidence,High,406,406,False
1074,prchunk_b8e4b27ca0ab14377908,prdoc_d12459c07e84ceb71db2,pallets/flask,5550,Predictive intelligence,High,470,470,False
1075,prchunk_236b20d7420b64bd9b00,prdoc_d12459c07e84ceb71db2,pallets/flask,5550,Deterministic policy intelligence,High,540,540,False
1076,prchunk_e628b7e656aa290761e5,prdoc_d12459c07e84ceb71db2,pallets/flask,5550,Unified review priority,High,299,299,False
1077,prchunk_afbe5d4f015450b77a8f,prdoc_fea5399ac6bd034fd1ae,pallets/flask,4934,PR identity,High,287,287,False
1078,prchunk_6741d2e622dd86198a84,prdoc_fea5399ac6bd034fd1ae,pallets/flask,4934,PR description,High,389,389,False
1079,prchunk_4c6ba913bc7eee4df63f,prdoc_fea5399ac6bd034fd1ae,pallets/flask,4934,Change evidence,High,406,406,False
1080,prchunk_a282c10bf0192747dfe6,prdoc_fea5399ac6bd034fd1ae,pallets/flask,4934,Predictive intelligence,High,470,470,False
1081,prchunk_1070edeb031f57df2be0,prdoc_fea5399ac6bd034fd1ae,pallets/flask,4934,Deterministic policy intelligence,High,540,540,False
1082,prchunk_694acf61f990af84c1dc,prdoc_fea5399ac6bd034fd1ae,pallets/flask,4934,Unified review priority,High,299,299,False
1083,prchunk_c9aee88a1738a9a9cd8b,prdoc_6bf5951141286b4c318f,pallets/flask,5731,PR identity,High,270,270,False
1084,prchunk_8439d98e93426b4e2344,prdoc_6bf5951141286b4c318f,pallets/flask,5731,PR description,High,399,399,False
1085,prchunk_121e0525ec54c7a3ecc2,prdoc_6bf5951141286b4c318f,pallets/flask,5731,Change evidence,High,408,408,False
1086,prchunk_58ed390378ce2fbd933a,prdoc_6bf5951141286b4c318f,pallets/flask,5731,Predictive intelligence,High,413,413,False
1087,prchunk_d09d655ce1e68efac367,prdoc_6bf5951141286b4c318f,pallets/flask,5731,Deterministic policy intelligence,High,656,656,False
1088,prchunk_bdeda52599cbc5204619,prdoc_6bf5951141286b4c318f,pallets/flask,5731,Unified review priority,High,299,299,False
1089,prchunk_fe65d43e14d3f8827f4f,prdoc_0c50ebc76c39dc86f628,pallets/flask,4591,PR identity,High,266,266,False
1090,prchunk_05e4313df60910b0ad90,prdoc_0c50ebc76c39dc86f628,pallets/flask,4591,PR description,High,252,252,False
1091,prchunk_fbc7029be724ebd140d0,prdoc_0c50ebc76c39dc86f628,pallets/flask,4591,Change evidence,High,407,407,False
1092,prchunk_e7b2c60cfbb2f64c7ad6,prdoc_0c50ebc76c39dc86f628,pallets/flask,4591,Predictive intelligence,High,414,414,False
1093,prchunk_1d79619032b5f9e94f1e,prdoc_0c50ebc76c39dc86f628,pallets/flask,4591,Deterministic policy intelligence,High,540,540,False
1094,prchunk_5a7519c9b84de40d0b31,prdoc_0c50ebc76c39dc86f628,pallets/flask,4591,Unified review priority,High,299,299,False
1095,prchunk_b630f9afab7b6c1c5042,prdoc_ddd7bbd3a8d1d27daaba,pallets/flask,3199,PR identity,High,274,274,False
1096,prchunk_dcf91505a2ddab0260da,prdoc_ddd7bbd3a8d1d27daaba,pallets/flask,3199,PR description,High,477,477,False
1097,prchunk_e9ea463e35622719fedb,prdoc_ddd7bbd3a8d1d27daaba,pallets/flask,3199,Change evidence,High,406,406,False
1098,prchunk_6c1afb50b9afff8d540d,prdoc_ddd7bbd3a8d1d27daaba,pallets/flask,3199,Predictive intelligence,High,414,414,False
1099,prchunk_dbae778f75a6b6c46932,prdoc_ddd7bbd3a8d1d27daaba,pallets/flask,3199,Deterministic policy intelligence,High,540,540,False
1100,prchunk_3269c25be2613e9c1491,prdoc_ddd7bbd3a8d1d27daaba,pallets/flask,3199,Unified review priority,High,299,299,False
1101,prchunk_13993b7f21f45edf85e2,prdoc_06a951f265cd22710504,pallets/flask,4343,PR identity,High,278,278,False
1102,prchunk_c51ea0ffb8e9f7d724bd,prdoc_06a951f265cd22710504,pallets/flask,4343,PR description,High,388,388,False
1103,prchunk_aa8f3417257202d3395f,prdoc_06a951f265cd22710504,pallets/flask,4343,Change evidence,High,407,407,False
1104,prchunk_2df10bd37df0448c46af,prdoc_06a951f265cd22710504,pallets/flask,4343,Predictive intelligence,High,414,414,False
1105,prchunk_27ec4bb2a7d5eb581a07,prdoc_06a951f265cd22710504,pallets/flask,4343,Deterministic policy intelligence,High,540,540,False
1106,prchunk_71e8c5f63eae63a05e82,prdoc_06a951f265cd22710504,pallets/flask,4343,Unified review priority,High,299,299,False
1107,prchunk_d520c3dcd7ef4801590f,prdoc_17401a1477fa6c077e82,pallets/flask,3828,PR identity,High,288,288,False
1108,prchunk_cd274adb5bac331a60e9,prdoc_17401a1477fa6c077e82,pallets/flask,3828,PR description,High,985,985,False
1109,prchunk_01e9bce86c9f5d827450,prdoc_17401a1477fa6c077e82,pallets/flask,3828,Change evidence,High,408,408,False
1110,prchunk_722217e5a4c0990c1298,prdoc_17401a1477fa6c077e82,pallets/flask,3828,Predictive intelligence,High,413,413,False
1111,prchunk_1412b23147e12507b029,prdoc_17401a1477fa6c077e82,pallets/flask,3828,Deterministic policy intelligence,High,517,517,False
1112,prchunk_6ae4c6b1214606b3760e,prdoc_17401a1477fa6c077e82,pallets/flask,3828,Unified review priority,High,299,299,False
1113,prchunk_60f477f9011bc7e77ddc,prdoc_8e7487e9b016f6892d86,pallets/flask,4995,PR identity,High,271,271,False
1114,prchunk_702c00ff825ee224e6a9,prdoc_8e7487e9b016f6892d86,pallets/flask,4995,PR description,High,852,852,False
1115,prchunk_9d8c41817a1e5d8c89d8,prdoc_8e7487e9b016f6892d86,pallets/flask,4995,Change evidence,High,411,411,False
1116,prchunk_7d2b25591f11b79f405d,prdoc_8e7487e9b016f6892d86,pallets/flask,4995,Predictive intelligence,High,413,413,False
1117,prchunk_13b4b0994fe0bea66cb9,prdoc_8e7487e9b016f6892d86,pallets/flask,4995,Deterministic policy intelligence,High,517,517,False
1118,prchunk_760e3a0ffdfc0ebd0efb,prdoc_8e7487e9b016f6892d86,pallets/flask,4995,Unified review priority,High,299,299,False
1119,prchunk_2b53051d65fa0c59db8e,prdoc_aac6332faec284e42b17,pallets/flask,3412,PR identity,Moderate,256,256,False
1120,prchunk_4f0ef12e69618101e216,prdoc_aac6332faec284e42b17,pallets/flask,3412,PR description,Moderate,1083,1083,False
1121,prchunk_52f76f991cc28dfbd83a,prdoc_aac6332faec284e42b17,pallets/flask,3412,PR description,Moderate,443,443,False
1122,prchunk_5681e48137bfb617ee05,prdoc_aac6332faec284e42b17,pallets/flask,3412,Change evidence,Moderate,409,409,False
1123,prchunk_7deb722324d8f10bcd36,prdoc_aac6332faec284e42b17,pallets/flask,3412,Predictive intelligence,Moderate,426,426,False
1124,prchunk_154815ec986f279a2303,prdoc_aac6332faec284e42b17,pallets/flask,3412,Deterministic policy intelligence,Moderate,547,547,False
1125,prchunk_b0118185b9d142abb792,prdoc_aac6332faec284e42b17,pallets/flask,3412,Unified review priority,Moderate,312,312,False
1126,prchunk_b9757cbbc28d4ba5af4d,prdoc_dd4df9918bca0d627fa7,pallets/flask,4610,PR identity,Moderate,281,281,False
1127,prchunk_eef141234dc47dedb398,prdoc_dd4df9918bca0d627fa7,pallets/flask,4610,PR description,Moderate,908,908,False
1128,prchunk_e835c46f87fa009b2e67,prdoc_dd4df9918bca0d627fa7,pallets/flask,4610,Change evidence,Moderate,404,404,False
1129,prchunk_6dd76d09d74373369da9,prdoc_dd4df9918bca0d627fa7,pallets/flask,4610,Predictive intelligence,Moderate,426,426,False
1130,prchunk_22801aba4fd1db7b0dd7,prdoc_dd4df9918bca0d627fa7,pallets/flask,4610,Deterministic policy intelligence,Moderate,547,547,False
1131,prchunk_fc8eacdb2cf8465f95b5,prdoc_dd4df9918bca0d627fa7,pallets/flask,4610,Unified review priority,Moderate,312,312,False
1132,prchunk_f3191936dc845f47c5ca,prdoc_96e1a20289c807c33e28,pallets/flask,5270,PR identity,Moderate,287,287,False
1133,prchunk_7060030333d1bd30fd68,prdoc_96e1a20289c807c33e28,pallets/flask,5270,PR description,Moderate,709,709,False
1134,prchunk_5fa3126a31fe28646c60,prdoc_96e1a20289c807c33e28,pallets/flask,5270,Change evidence,Moderate,406,406,False
1135,prchunk_e2ba143df631aeda4dea,prdoc_96e1a20289c807c33e28,pallets/flask,5270,Predictive intelligence,Moderate,426,426,False
1136,prchunk_ffdca76332247da253c0,prdoc_96e1a20289c807c33e28,pallets/flask,5270,Deterministic policy intelligence,Moderate,431,431,False
1137,prchunk_e1d1a9556e7320d65839,prdoc_96e1a20289c807c33e28,pallets/flask,5270,Unified review priority,Moderate,312,312,False
1138,prchunk_e3b8a672f0ce018bbb44,prdoc_ee3d5bb8cbc30c7918d2,pallets/flask,3643,PR identity,Moderate,308,308,False
1139,prchunk_f6effd54bef799b4e379,prdoc_ee3d5bb8cbc30c7918d2,pallets/flask,3643,PR description,Moderate,711,291,True
1140,prchunk_6510eb9e5408e90f6219,prdoc_ee3d5bb8cbc30c7918d2,pallets/flask,3643,Change evidence,Moderate,404,404,False
1141,prchunk_51d39930c647577e2bea,prdoc_ee3d5bb8cbc30c7918d2,pallets/flask,3643,Predictive intelligence,Moderate,474,474,False
1142,prchunk_dbb5eb2a03e3d3082b3b,prdoc_ee3d5bb8cbc30c7918d2,pallets/flask,3643,Deterministic policy intelligence,Moderate,547,547,False
1143,prchunk_60a365f8f60a366143b0,prdoc_ee3d5bb8cbc30c7918d2,pallets/flask,3643,Unified review priority,Moderate,315,315,False
1144,prchunk_c90ef3928c861c751aa0,prdoc_ad69f8d8028e3ba297ec,pallets/flask,5178,PR identity,Moderate,269,269,False
1145,prchunk_c1dd84a3ad856b059383,prdoc_ad69f8d8028e3ba297ec,pallets/flask,5178,PR description,Moderate,1042,535,True
1146,prchunk_c9de53e78b539dafd0ae,prdoc_ad69f8d8028e3ba297ec,pallets/flask,5178,PR description,Moderate,234,234,False
1147,prchunk_c27762cc924f2edc2bd8,prdoc_ad69f8d8028e3ba297ec,pallets/flask,5178,Change evidence,Moderate,406,406,False
1148,prchunk_570a76dd7ef84a33aeb1,prdoc_ad69f8d8028e3ba297ec,pallets/flask,5178,Predictive intelligence,Moderate,473,473,False
1149,prchunk_f161c53942e7af57399b,prdoc_ad69f8d8028e3ba297ec,pallets/flask,5178,Deterministic policy intelligence,Moderate,431,431,False
1150,prchunk_ea042f5e217b92bfda00,prdoc_ad69f8d8028e3ba297ec,pallets/flask,5178,Unified review priority,Moderate,315,315,False
1151,prchunk_f6e520ea43e2d0a54c39,prdoc_1685ca9d8116ad8c6f22,pallets/flask,5599,PR identity,Moderate,286,286,False
1152,prchunk_6afa316db88a2932810d,prdoc_1685ca9d8116ad8c6f22,pallets/flask,5599,PR description,Moderate,518,518,False
1153,prchunk_2ffcfbdbfb399c3cd4a2,prdoc_1685ca9d8116ad8c6f22,pallets/flask,5599,Change evidence,Moderate,404,404,False
1154,prchunk_3fa5c698f181387f39a5,prdoc_1685ca9d8116ad8c6f22,pallets/flask,5599,Predictive intelligence,Moderate,430,430,False
1155,prchunk_7f41f75f40f392cd1ec3,prdoc_1685ca9d8116ad8c6f22,pallets/flask,5599,Deterministic policy intelligence,Moderate,442,442,False
1156,prchunk_455bdcaf2d6f5bf59122,prdoc_1685ca9d8116ad8c6f22,pallets/flask,5599,Unified review priority,Moderate,315,315,False
1157,prchunk_34fa782b66cf6a19b03f,prdoc_80d9e700227ef01c39bb,pallets/flask,4401,PR identity,Moderate,304,304,False
1158,prchunk_fa2a92216966285cee94,prdoc_80d9e700227ef01c39bb,pallets/flask,4401,PR description,Moderate,1592,1592,False
1159,prchunk_e31f3807fbea6569e638,prdoc_80d9e700227ef01c39bb,pallets/flask,4401,PR description,Moderate,814,814,False
1160,prchunk_f3778bd5104ba57a7e95,prdoc_80d9e700227ef01c39bb,pallets/flask,4401,Change evidence,Moderate,407,407,False
1161,prchunk_6acd76069f0abfe883ff,prdoc_80d9e700227ef01c39bb,pallets/flask,4401,Predictive intelligence,Moderate,474,474,False
1162,prchunk_a6365b869fb89d156869,prdoc_80d9e700227ef01c39bb,pallets/flask,4401,Deterministic policy intelligence,Moderate,431,431,False
1163,prchunk_50dea30645adca94e1ea,prdoc_80d9e700227ef01c39bb,pallets/flask,4401,Unified review priority,Moderate,315,315,False
1164,prchunk_f997250fa81453d07876,prdoc_3b2637460cff1bed50c7,pallets/flask,4435,PR identity,Moderate,304,304,False
1165,prchunk_ce21f98bd0ea4baeb1ac,prdoc_3b2637460cff1bed50c7,pallets/flask,4435,PR description,Moderate,1592,1592,False
1166,prchunk_56faf8c98c230d634e07,prdoc_3b2637460cff1bed50c7,pallets/flask,4435,PR description,Moderate,814,814,False
1167,prchunk_23b624d8a33b2c5cd273,prdoc_3b2637460cff1bed50c7,pallets/flask,4435,Change evidence,Moderate,407,407,False
1168,prchunk_278c31b66e384c3a331b,prdoc_3b2637460cff1bed50c7,pallets/flask,4435,Predictive intelligence,Moderate,474,474,False
1169,prchunk_01487ed1b3e2fcbfd5c3,prdoc_3b2637460cff1bed50c7,pallets/flask,4435,Deterministic policy intelligence,Moderate,431,431,False
1170,prchunk_65e09c4f57fc6f9dbcec,prdoc_3b2637460cff1bed50c7,pallets/flask,4435,Unified review priority,Moderate,315,315,False
1171,prchunk_a241a026abe2213ddfa1,prdoc_429cf06851fd098cc442,pallets/flask,4437,PR identity,Moderate,305,305,False
1172,prchunk_473b638164c02bea49a5,prdoc_429cf06851fd098cc442,pallets/flask,4437,PR description,Moderate,1595,1595,False
1173,prchunk_064ebadcde479997d42e,prdoc_429cf06851fd098cc442,pallets/flask,4437,PR description,Moderate,814,814,False
1174,prchunk_16c91513c54086b89d8c,prdoc_429cf06851fd098cc442,pallets/flask,4437,Change evidence,Moderate,407,407,False
1175,prchunk_d8e5266682a4f6c61374,prdoc_429cf06851fd098cc442,pallets/flask,4437,Predictive intelligence,Moderate,474,474,False
1176,prchunk_7c43e254780f4847855a,prdoc_429cf06851fd098cc442,pallets/flask,4437,Deterministic policy intelligence,Moderate,431,431,False
1177,prchunk_0686869268f741f64edd,prdoc_429cf06851fd098cc442,pallets/flask,4437,Unified review priority,Moderate,315,315,False
1178,prchunk_4ae503b2f050074f879b,prdoc_f713cb537c841e317e6c,pallets/flask,5205,PR identity,Moderate,290,290,False
1179,prchunk_d49eeae5ecfef0ce8363,prdoc_f713cb537c841e317e6c,pallets/flask,5205,PR description,Moderate,1046,539,True
1180,prchunk_3c48a17aa1f23e05053d,prdoc_f713cb537c841e317e6c,pallets/flask,5205,PR description,Moderate,245,245,False
1181,prchunk_5138ba2c9a93fe9cac6b,prdoc_f713cb537c841e317e6c,pallets/flask,5205,Change evidence,Moderate,405,405,False
1182,prchunk_f4fe72b8443c927fa568,prdoc_f713cb537c841e317e6c,pallets/flask,5205,Predictive intelligence,Moderate,474,474,False
1183,prchunk_b7ddd530b1cb89e816df,prdoc_f713cb537c841e317e6c,pallets/flask,5205,Deterministic policy intelligence,Moderate,431,431,False
1184,prchunk_2385d1353288ec2b15d7,prdoc_f713cb537c841e317e6c,pallets/flask,5205,Unified review priority,Moderate,315,315,False
1185,prchunk_864fbe8a9d4b30bb8b92,prdoc_9c8f4ff4fbdff99879c7,pallets/flask,3159,PR identity,Moderate,267,267,False
1186,prchunk_a9e7dfb085ea8d7769a8,prdoc_9c8f4ff4fbdff99879c7,pallets/flask,3159,PR description,Moderate,198,198,False
1187,prchunk_6d57ae04f3e3e6061197,prdoc_9c8f4ff4fbdff99879c7,pallets/flask,3159,Change evidence,Moderate,405,405,False
1188,prchunk_b3ab178741969c175221,prdoc_9c8f4ff4fbdff99879c7,pallets/flask,3159,Predictive intelligence,Moderate,426,426,False
1189,prchunk_622194eebada0dd8cf50,prdoc_9c8f4ff4fbdff99879c7,pallets/flask,3159,Deterministic policy intelligence,Moderate,453,453,False
1190,prchunk_910338bf6e641af6853a,prdoc_9c8f4ff4fbdff99879c7,pallets/flask,3159,Unified review priority,Moderate,312,312,False
1191,prchunk_e4fb6ce6d004f623bcf7,prdoc_aecdd0cd542f7daccdd0,pallets/flask,5845,PR identity,Moderate,304,304,False
1192,prchunk_1c8afd613cd5a801491e,prdoc_aecdd0cd542f7daccdd0,pallets/flask,5845,PR description,Moderate,1173,1173,False
1193,prchunk_dde1d99537fe5c47246e,prdoc_aecdd0cd542f7daccdd0,pallets/flask,5845,PR description,Moderate,601,601,False
1194,prchunk_d15ceb9f87064052306a,prdoc_aecdd0cd542f7daccdd0,pallets/flask,5845,Change evidence,Moderate,405,405,False
1195,prchunk_fb54e39799cdd84e65cb,prdoc_aecdd0cd542f7daccdd0,pallets/flask,5845,Predictive intelligence,Moderate,474,474,False
1196,prchunk_2c26639e40d3995358b3,prdoc_aecdd0cd542f7daccdd0,pallets/flask,5845,Deterministic policy intelligence,Moderate,431,431,False
1197,prchunk_c17869537a771b9fcac9,prdoc_aecdd0cd542f7daccdd0,pallets/flask,5845,Unified review priority,Moderate,315,315,False
1198,prchunk_dff82829a783271849b5,prdoc_e33d132ff53f9c393ae4,pallets/flask,4399,PR identity,Moderate,305,305,False
1199,prchunk_9ad928757f19ae910bf9,prdoc_e33d132ff53f9c393ae4,pallets/flask,4399,PR description,Moderate,1611,1611,False
1200,prchunk_3c31eb907d1485818fe5,prdoc_e33d132ff53f9c393ae4,pallets/flask,4399,PR description,Moderate,1063,1063,False
1201,prchunk_bcb3fefca27825f81bb1,prdoc_e33d132ff53f9c393ae4,pallets/flask,4399,Change evidence,Moderate,407,407,False
1202,prchunk_adea8d04f65997ea448e,prdoc_e33d132ff53f9c393ae4,pallets/flask,4399,Predictive intelligence,Moderate,474,474,False
1203,prchunk_9a10decd7913f1c7043f,prdoc_e33d132ff53f9c393ae4,pallets/flask,4399,Deterministic policy intelligence,Moderate,431,431,False
1204,prchunk_0a4b18114ad6053c3c43,prdoc_e33d132ff53f9c393ae4,pallets/flask,4399,Unified review priority,Moderate,315,315,False
1205,prchunk_b022f663f43a2865f687,prdoc_d7717d16545ef5eb8855,pallets/flask,2781,PR identity,Moderate,291,291,False
1206,prchunk_2cf33b4eaaca2f966765,prdoc_d7717d16545ef5eb8855,pallets/flask,2781,PR description,Moderate,1175,1175,False
1207,prchunk_4cae39b99016e2a33fe0,prdoc_d7717d16545ef5eb8855,pallets/flask,2781,PR description,Moderate,588,588,False
1208,prchunk_72c05dbaa616fc17be39,prdoc_d7717d16545ef5eb8855,pallets/flask,2781,Change evidence,Moderate,406,406,False
1209,prchunk_4314b69b15ddea371dbe,prdoc_d7717d16545ef5eb8855,pallets/flask,2781,Predictive intelligence,Moderate,474,474,False
1210,prchunk_6e864961d97e56632454,prdoc_d7717d16545ef5eb8855,pallets/flask,2781,Deterministic policy intelligence,Moderate,431,431,False
1211,prchunk_f643f3c1bbc4d0a44e71,prdoc_d7717d16545ef5eb8855,pallets/flask,2781,Unified review priority,Moderate,315,315,False
1212,prchunk_47168d95b7a8e953e337,prdoc_b9235aba0bf4b52a2928,pallets/flask,3587,PR identity,Moderate,295,295,False
1213,prchunk_bd80907702cf85172d3d,prdoc_b9235aba0bf4b52a2928,pallets/flask,3587,PR description,Moderate,1044,1044,False
1214,prchunk_0def8c553bc569144d44,prdoc_b9235aba0bf4b52a2928,pallets/flask,3587,PR description,Moderate,224,224,False
1215,prchunk_71343d9a2fdbd707599c,prdoc_b9235aba0bf4b52a2928,pallets/flask,3587,Change evidence,Moderate,406,406,False
1216,prchunk_04d117b231d2818ec60e,prdoc_b9235aba0bf4b52a2928,pallets/flask,3587,Predictive intelligence,Moderate,474,474,False
1217,prchunk_7e2a67ae5b9e35e0ed33,prdoc_b9235aba0bf4b52a2928,pallets/flask,3587,Deterministic policy intelligence,Moderate,431,431,False
1218,prchunk_dd74bb2ff12a242daf41,prdoc_b9235aba0bf4b52a2928,pallets/flask,3587,Unified review priority,Moderate,315,315,False
1219,prchunk_173a100878da90c550ce,prdoc_53c379a033fe12687ffb,pallets/flask,2986,PR identity,Moderate,290,290,False
1220,prchunk_1c913d7af35e386b6ce0,prdoc_53c379a033fe12687ffb,pallets/flask,2986,PR description,Moderate,245,245,False
1221,prchunk_ae2e41c735698f7471cd,prdoc_53c379a033fe12687ffb,pallets/flask,2986,Change evidence,Moderate,404,404,False
1222,prchunk_c547de272f9d52af4292,prdoc_53c379a033fe12687ffb,pallets/flask,2986,Predictive intelligence,Moderate,426,426,False
1223,prchunk_40b17187d1a8088319a6,prdoc_53c379a033fe12687ffb,pallets/flask,2986,Deterministic policy intelligence,Moderate,442,442,False
1224,prchunk_bc55822929df0d1b6c77,prdoc_53c379a033fe12687ffb,pallets/flask,2986,Unified review priority,Moderate,312,312,False
1225,prchunk_7a87f3ca451360168eb8,prdoc_4b44c4b1a488024e7671,pallets/flask,3657,PR identity,Moderate,255,255,False
1226,prchunk_fa21e641b1b0b69582fc,prdoc_4b44c4b1a488024e7671,pallets/flask,3657,PR description,Moderate,203,203,False
1227,prchunk_03155a85608277f43c64,prdoc_4b44c4b1a488024e7671,pallets/flask,3657,Change evidence,Moderate,407,407,False
1228,prchunk_b9d9fa521ab26aaee362,prdoc_4b44c4b1a488024e7671,pallets/flask,3657,Predictive intelligence,Moderate,474,474,False
1229,prchunk_b0e3306c4f9b87ec198c,prdoc_4b44c4b1a488024e7671,pallets/flask,3657,Deterministic policy intelligence,Moderate,425,425,False
1230,prchunk_3c982d57d47a5b9086ec,prdoc_4b44c4b1a488024e7671,pallets/flask,3657,Unified review priority,Moderate,315,315,False
1231,prchunk_a9e5c1ca471e742b8e7a,prdoc_508d55a14d97888e6157,pallets/flask,3177,PR identity,Moderate,306,306,False
1232,prchunk_c02efd9ecb2deec120f1,prdoc_508d55a14d97888e6157,pallets/flask,3177,PR description,Moderate,1006,586,True
1233,prchunk_d49a4364e9399e6b1a53,prdoc_508d55a14d97888e6157,pallets/flask,3177,Change evidence,Moderate,407,407,False
1234,prchunk_52a7f44099f63abe5f63,prdoc_508d55a14d97888e6157,pallets/flask,3177,Predictive intelligence,Moderate,474,474,False
1235,prchunk_9beb9d34ea06d0cf2309,prdoc_508d55a14d97888e6157,pallets/flask,3177,Deterministic policy intelligence,Moderate,431,431,False
1236,prchunk_f6c9fcec42ddda4dee2a,prdoc_508d55a14d97888e6157,pallets/flask,3177,Unified review priority,Moderate,315,315,False
1237,prchunk_a45a90137101379f97d0,prdoc_fa413a3c948815e08fbc,pallets/flask,5196,PR identity,Moderate,285,285,False
1238,prchunk_03320db6af12d097b42a,prdoc_fa413a3c948815e08fbc,pallets/flask,5196,PR description,Moderate,1047,540,True
1239,prchunk_4657f8e6fcd1caab28e5,prdoc_fa413a3c948815e08fbc,pallets/flask,5196,PR description,Moderate,310,310,False
1240,prchunk_00eeb674906704cdbd96,prdoc_fa413a3c948815e08fbc,pallets/flask,5196,Change evidence,Moderate,406,406,False
1241,prchunk_28e2dddb0b2d432e2654,prdoc_fa413a3c948815e08fbc,pallets/flask,5196,Predictive intelligence,Moderate,474,474,False
1242,prchunk_76a05bbddaa4046cad90,prdoc_fa413a3c948815e08fbc,pallets/flask,5196,Deterministic policy intelligence,Moderate,431,431,False
1243,prchunk_780ac8eee094f245fd1f,prdoc_fa413a3c948815e08fbc,pallets/flask,5196,Unified review priority,Moderate,315,315,False
1244,prchunk_c67e04ec347bbca4e1bf,prdoc_b4acc8e482caa2ce0a8c,pallets/flask,4439,PR identity,Moderate,294,294,False
1245,prchunk_f1a25db329dccf7e8f50,prdoc_b4acc8e482caa2ce0a8c,pallets/flask,4439,PR description,Moderate,2739,2739,False
1246,prchunk_8a4340b6278e2e4a9989,prdoc_b4acc8e482caa2ce0a8c,pallets/flask,4439,PR description,Moderate,1844,1844,False
1247,prchunk_3286084f375fb05bbac6,prdoc_b4acc8e482caa2ce0a8c,pallets/flask,4439,PR description,Moderate,747,747,False
1248,prchunk_3f166b4e2615c1d21a84,prdoc_b4acc8e482caa2ce0a8c,pallets/flask,4439,Change evidence,Moderate,407,407,False
1249,prchunk_568d24ec15be61e5e637,prdoc_b4acc8e482caa2ce0a8c,pallets/flask,4439,Predictive intelligence,Moderate,474,474,False
1250,prchunk_f196114524cdd611ae9b,prdoc_b4acc8e482caa2ce0a8c,pallets/flask,4439,Deterministic policy intelligence,Moderate,431,431,False
1251,prchunk_d70efe1c93f275b9db30,prdoc_b4acc8e482caa2ce0a8c,pallets/flask,4439,Unified review priority,Moderate,315,315,False
1252,prchunk_e9a2e6b5cbf0675168c5,prdoc_dc5876fc830a7d31c566,pallets/flask,5464,PR identity,Moderate,280,280,False
1253,prchunk_ac40782e9ec7b71c1754,prdoc_dc5876fc830a7d31c566,pallets/flask,5464,PR description,Moderate,350,350,False
1254,prchunk_88b702a702ad7fe15d6b,prdoc_dc5876fc830a7d31c566,pallets/flask,5464,Change evidence,Moderate,403,403,False
1255,prchunk_29c08ce7c4dad86b138d,prdoc_dc5876fc830a7d31c566,pallets/flask,5464,Predictive intelligence,Moderate,430,430,False
1256,prchunk_cc1695792a1e68dc8f18,prdoc_dc5876fc830a7d31c566,pallets/flask,5464,Deterministic policy intelligence,Moderate,321,321,False
1257,prchunk_fa90c7f8f72072e651b0,prdoc_dc5876fc830a7d31c566,pallets/flask,5464,Unified review priority,Moderate,315,315,False
1258,prchunk_d7cc7f5ba5cec0a60a1f,prdoc_be7fe653f410c9e6d127,pallets/flask,3456,PR identity,Moderate,301,301,False
1259,prchunk_833b4e05f4ff21b5698d,prdoc_be7fe653f410c9e6d127,pallets/flask,3456,PR description,Moderate,756,336,True
1260,prchunk_da219fcd6961a9d08346,prdoc_be7fe653f410c9e6d127,pallets/flask,3456,Change evidence,Moderate,404,404,False
1261,prchunk_58e9746138e4771c8593,prdoc_be7fe653f410c9e6d127,pallets/flask,3456,Predictive intelligence,Moderate,426,426,False
1262,prchunk_bb3d588b09baaeecd53b,prdoc_be7fe653f410c9e6d127,pallets/flask,3456,Deterministic policy intelligence,Moderate,328,328,False
1263,prchunk_edaa6dd3708c2b44e93f,prdoc_be7fe653f410c9e6d127,pallets/flask,3456,Unified review priority,Moderate,312,312,False
1264,prchunk_09944b8b0e4517bf2845,prdoc_b2a82cd21085ec17515d,pallets/flask,4190,PR identity,Moderate,279,279,False
1265,prchunk_baa29eb5f4b14bd47105,prdoc_b2a82cd21085ec17515d,pallets/flask,4190,PR description,Moderate,375,375,False
1266,prchunk_e13fe3e137411307d644,prdoc_b2a82cd21085ec17515d,pallets/flask,4190,Change evidence,Moderate,403,403,False
1267,prchunk_84a3f23ec4a08e09a14d,prdoc_b2a82cd21085ec17515d,pallets/flask,4190,Predictive intelligence,Moderate,426,426,False
1268,prchunk_f9340efdba48301a297f,prdoc_b2a82cd21085ec17515d,pallets/flask,4190,Deterministic policy intelligence,Moderate,442,442,False
1269,prchunk_0052f28586d2f822811b,prdoc_b2a82cd21085ec17515d,pallets/flask,4190,Unified review priority,Moderate,312,312,False
1270,prchunk_edc5404af1844cf67274,prdoc_e562f0183b33a472faa7,pallets/flask,3290,PR identity,Moderate,319,319,False
1271,prchunk_33aaeb0da3db2aa89c6a,prdoc_e562f0183b33a472faa7,pallets/flask,3290,PR description,Moderate,342,342,False
1272,prchunk_308eb3e4f0b08a7a9baf,prdoc_e562f0183b33a472faa7,pallets/flask,3290,Change evidence,Moderate,405,405,False
1273,prchunk_ed0bd118a62c7f5e944a,prdoc_e562f0183b33a472faa7,pallets/flask,3290,Predictive intelligence,Moderate,414,414,False
1274,prchunk_144c9882bd22fdbc25aa,prdoc_e562f0183b33a472faa7,pallets/flask,3290,Deterministic policy intelligence,Moderate,442,442,False
1275,prchunk_d30b35252de56a370b15,prdoc_e562f0183b33a472faa7,pallets/flask,3290,Unified review priority,Moderate,311,311,False
1276,prchunk_05528b4234be6ca4dc11,prdoc_b27598e985a35fbbe1b5,pallets/flask,3652,PR identity,Moderate,273,273,False
1277,prchunk_0101f9c97388e3886617,prdoc_b27598e985a35fbbe1b5,pallets/flask,3652,PR description,Moderate,203,203,False
1278,prchunk_72fd4dd0a6f906c5bd8e,prdoc_b27598e985a35fbbe1b5,pallets/flask,3652,Change evidence,Moderate,406,406,False
1279,prchunk_f32f63f0c95fcc145747,prdoc_b27598e985a35fbbe1b5,pallets/flask,3652,Predictive intelligence,Moderate,474,474,False
1280,prchunk_51591caeb5ff8b7d88d3,prdoc_b27598e985a35fbbe1b5,pallets/flask,3652,Deterministic policy intelligence,Moderate,425,425,False
1281,prchunk_6c725a609c21b7f05334,prdoc_b27598e985a35fbbe1b5,pallets/flask,3652,Unified review priority,Moderate,315,315,False
1282,prchunk_b4c836890cdb9ebf4f60,prdoc_4bcb754083cae7cd6a5b,pallets/flask,2765,PR identity,Moderate,286,286,False
1283,prchunk_d87bf372fda0c8e395df,prdoc_4bcb754083cae7cd6a5b,pallets/flask,2765,PR description,Moderate,453,453,False
1284,prchunk_f0648de73bddaf1e9dce,prdoc_4bcb754083cae7cd6a5b,pallets/flask,2765,Change evidence,Moderate,404,404,False
1285,prchunk_1c391260920d769ec884,prdoc_4bcb754083cae7cd6a5b,pallets/flask,2765,Predictive intelligence,Moderate,426,426,False
1286,prchunk_7c735b0f375a7cd27720,prdoc_4bcb754083cae7cd6a5b,pallets/flask,2765,Deterministic policy intelligence,Moderate,442,442,False
1287,prchunk_73ae88467668c4abca8b,prdoc_4bcb754083cae7cd6a5b,pallets/flask,2765,Unified review priority,Moderate,312,312,False
1288,prchunk_1cdf5aa33f96cb435791,prdoc_d14ee36526e5077e4a1e,pallets/flask,3104,PR identity,Moderate,305,305,False
1289,prchunk_93476125f470be70269a,prdoc_d14ee36526e5077e4a1e,pallets/flask,3104,PR description,Moderate,346,346,False
1290,prchunk_c161752e0aaec41e79c6,prdoc_d14ee36526e5077e4a1e,pallets/flask,3104,Change evidence,Moderate,405,405,False
1291,prchunk_07ddfa3a4b06dca9c335,prdoc_d14ee36526e5077e4a1e,pallets/flask,3104,Predictive intelligence,Moderate,426,426,False
1292,prchunk_231bc16f8fc29aff0c27,prdoc_d14ee36526e5077e4a1e,pallets/flask,3104,Deterministic policy intelligence,Moderate,442,442,False
1293,prchunk_cfe763e4d7f851652092,prdoc_d14ee36526e5077e4a1e,pallets/flask,3104,Unified review priority,Moderate,312,312,False
1294,prchunk_c37bc0a15a8f7ff0a22e,prdoc_88679f8187abeb1549e9,pallets/flask,5827,PR identity,Moderate,284,284,False
1295,prchunk_a3168f1213b02296fdcd,prdoc_88679f8187abeb1549e9,pallets/flask,5827,PR description,Moderate,710,710,False
1296,prchunk_1bf1c0b5f01c1ed9bb8f,prdoc_88679f8187abeb1549e9,pallets/flask,5827,Change evidence,Moderate,403,403,False
1297,prchunk_cdc3a39a1767fcf5d437,prdoc_88679f8187abeb1549e9,pallets/flask,5827,Predictive intelligence,Moderate,426,426,False
1298,prchunk_ce36cbd1a0afa03b7f4b,prdoc_88679f8187abeb1549e9,pallets/flask,5827,Deterministic policy intelligence,Moderate,328,328,False
1299,prchunk_16705b950bcaf7d71275,prdoc_88679f8187abeb1549e9,pallets/flask,5827,Unified review priority,Moderate,312,312,False
1300,prchunk_93b998025a44946c0e0d,prdoc_5a4b089a2094ec8f610c,pallets/flask,2672,PR identity,Moderate,261,261,False
1301,prchunk_af3706806ddb1c92a670,prdoc_5a4b089a2094ec8f610c,pallets/flask,2672,PR description,Moderate,236,236,False
1302,prchunk_ae40629766137eb5f74a,prdoc_5a4b089a2094ec8f610c,pallets/flask,2672,Change evidence,Moderate,407,407,False
1303,prchunk_ef9e679795d2bae92ee2,prdoc_5a4b089a2094ec8f610c,pallets/flask,2672,Predictive intelligence,Moderate,474,474,False
1304,prchunk_dfb7ba91091019546816,prdoc_5a4b089a2094ec8f610c,pallets/flask,2672,Deterministic policy intelligence,Moderate,551,551,False
1305,prchunk_08e3b397f04c4b4e34d8,prdoc_5a4b089a2094ec8f610c,pallets/flask,2672,Unified review priority,Moderate,315,315,False
1306,prchunk_e848c12581975b4dfca1,prdoc_76ecc4960eacee7d9f19,pallets/flask,3434,PR identity,Moderate,266,266,False
1307,prchunk_3d83984e145a072fec84,prdoc_76ecc4960eacee7d9f19,pallets/flask,3434,PR description,Moderate,472,472,False
1308,prchunk_d938187fcbf06036e529,prdoc_76ecc4960eacee7d9f19,pallets/flask,3434,Change evidence,Moderate,407,407,False
1309,prchunk_586fb7f62e5d70f74ef8,prdoc_76ecc4960eacee7d9f19,pallets/flask,3434,Predictive intelligence,Moderate,414,414,False
1310,prchunk_94f6db3dc8218fde99d2,prdoc_76ecc4960eacee7d9f19,pallets/flask,3434,Deterministic policy intelligence,Moderate,431,431,False
1311,prchunk_50e119c3a8fa5009f53e,prdoc_76ecc4960eacee7d9f19,pallets/flask,3434,Unified review priority,Moderate,311,311,False
1312,prchunk_2f5f5d09f2fcab6fba7f,prdoc_c06f51ac2200192f3442,pallets/flask,3907,PR identity,Moderate,278,278,False
1313,prchunk_de106b5e0f76f3770f10,prdoc_c06f51ac2200192f3442,pallets/flask,3907,PR description,Moderate,1070,1070,False
1314,prchunk_922d8b444515e2e727aa,prdoc_c06f51ac2200192f3442,pallets/flask,3907,PR description,Moderate,339,339,False
1315,prchunk_430cf19460aa729507ae,prdoc_c06f51ac2200192f3442,pallets/flask,3907,Change evidence,Moderate,404,404,False
1316,prchunk_cf5b51383f66fd5bd653,prdoc_c06f51ac2200192f3442,pallets/flask,3907,Predictive intelligence,Moderate,426,426,False
1317,prchunk_be83f0f443c3b2ee83a9,prdoc_c06f51ac2200192f3442,pallets/flask,3907,Deterministic policy intelligence,Moderate,328,328,False
1318,prchunk_be927141acd6b979daef,prdoc_c06f51ac2200192f3442,pallets/flask,3907,Unified review priority,Moderate,312,312,False
1319,prchunk_fb7a8de89bfa8318e207,prdoc_deb37969ac7643569e9f,pallets/flask,5053,PR identity,Moderate,282,282,False
1320,prchunk_a251c9285ab1ac0d0d66,prdoc_deb37969ac7643569e9f,pallets/flask,5053,PR description,Moderate,217,217,False
1321,prchunk_d61c93c62dbf985b8f12,prdoc_deb37969ac7643569e9f,pallets/flask,5053,Change evidence,Moderate,407,407,False
1322,prchunk_ec7a5b95d6daf5b94743,prdoc_deb37969ac7643569e9f,pallets/flask,5053,Predictive intelligence,Moderate,414,414,False
1323,prchunk_cff4209f42a977d22589,prdoc_deb37969ac7643569e9f,pallets/flask,5053,Deterministic policy intelligence,Moderate,557,557,False
1324,prchunk_b14521f265ce2fa84cf8,prdoc_deb37969ac7643569e9f,pallets/flask,5053,Unified review priority,Moderate,311,311,False
1325,prchunk_ce486e4a9cf8b3b6ec00,prdoc_8ee48391b4b7320178a1,pallets/flask,2993,PR identity,Moderate,315,315,False
1326,prchunk_d90f6e1afa3ffc18a7b7,prdoc_8ee48391b4b7320178a1,pallets/flask,2993,PR description,Moderate,465,465,False
1327,prchunk_829815655edcc24ae8d1,prdoc_8ee48391b4b7320178a1,pallets/flask,2993,Change evidence,Moderate,405,405,False
1328,prchunk_efcc6d5c1c8e31539b9e,prdoc_8ee48391b4b7320178a1,pallets/flask,2993,Predictive intelligence,Moderate,414,414,False
1329,prchunk_7c8eeb074ba2932e1e05,prdoc_8ee48391b4b7320178a1,pallets/flask,2993,Deterministic policy intelligence,Moderate,425,425,False
1330,prchunk_e3508dcea16e1c003a63,prdoc_8ee48391b4b7320178a1,pallets/flask,2993,Unified review priority,Moderate,311,311,False
1331,prchunk_44286a5cdfcd5371ead3,prdoc_c1c8882e6c1719c099f7,pallets/flask,5885,PR identity,Moderate,301,301,False
1332,prchunk_abae807dc9a718c7b43d,prdoc_c1c8882e6c1719c099f7,pallets/flask,5885,PR description,Moderate,895,895,False
1333,prchunk_f30096d59572c09ad26f,prdoc_c1c8882e6c1719c099f7,pallets/flask,5885,Change evidence,Moderate,405,405,False
1334,prchunk_91b56e0b5bad9312ad18,prdoc_c1c8882e6c1719c099f7,pallets/flask,5885,Predictive intelligence,Moderate,474,474,False
1335,prchunk_acad5ac8a8570afd6f79,prdoc_c1c8882e6c1719c099f7,pallets/flask,5885,Deterministic policy intelligence,Moderate,311,311,False
1336,prchunk_5b69126b4e69c91e47b6,prdoc_c1c8882e6c1719c099f7,pallets/flask,5885,Unified review priority,Moderate,315,315,False
1337,prchunk_ce0aca3be97bda052871,prdoc_d9e943f3b6f3dcc08ecb,pallets/flask,2862,PR identity,Moderate,283,283,False
1338,prchunk_25334e94a83f4d4669c9,prdoc_d9e943f3b6f3dcc08ecb,pallets/flask,2862,PR description,Moderate,441,441,False
1339,prchunk_84aca0c79bef8a995f7d,prdoc_d9e943f3b6f3dcc08ecb,pallets/flask,2862,Change evidence,Moderate,405,405,False
1340,prchunk_f3aaf2a5da0db43c4bc8,prdoc_d9e943f3b6f3dcc08ecb,pallets/flask,2862,Predictive intelligence,Moderate,474,474,False
1341,prchunk_b5b81c16ed6c85a2ae87,prdoc_d9e943f3b6f3dcc08ecb,pallets/flask,2862,Deterministic policy intelligence,Moderate,442,442,False
1342,prchunk_259fe05812e5b1c9e8f6,prdoc_d9e943f3b6f3dcc08ecb,pallets/flask,2862,Unified review priority,Moderate,315,315,False
1343,prchunk_6bf227f3c641d2f2d168,prdoc_7025ebafb28b9d4e3451,pallets/flask,5808,PR identity,Moderate,286,286,False
1344,prchunk_52e5b15e076c0cad6eb6,prdoc_7025ebafb28b9d4e3451,pallets/flask,5808,PR description,Moderate,383,383,False
1345,prchunk_614245a695ea6eac8506,prdoc_7025ebafb28b9d4e3451,pallets/flask,5808,Change evidence,Moderate,404,404,False
1346,prchunk_c2d26d335f65eb0e4614,prdoc_7025ebafb28b9d4e3451,pallets/flask,5808,Predictive intelligence,Moderate,426,426,False
1347,prchunk_eeb91fc84521bf4182c3,prdoc_7025ebafb28b9d4e3451,pallets/flask,5808,Deterministic policy intelligence,Moderate,321,321,False
1348,prchunk_11d132c3873d8329adfc,prdoc_7025ebafb28b9d4e3451,pallets/flask,5808,Unified review priority,Moderate,312,312,False
1349,prchunk_74f1f113dde2d9557b28,prdoc_f8b9e6d1214d18edc492,pallets/flask,3137,PR identity,Moderate,293,293,False
1350,prchunk_cbf9179ed20a71fb9ab2,prdoc_f8b9e6d1214d18edc492,pallets/flask,3137,PR description,Moderate,702,282,True
1351,prchunk_8ea9d2b5ae4de386a73a,prdoc_f8b9e6d1214d18edc492,pallets/flask,3137,Change evidence,Moderate,403,403,False
1352,prchunk_29562e63f63896237aa1,prdoc_f8b9e6d1214d18edc492,pallets/flask,3137,Predictive intelligence,Moderate,426,426,False
1353,prchunk_8196982ad41908862ea5,prdoc_f8b9e6d1214d18edc492,pallets/flask,3137,Deterministic policy intelligence,Moderate,328,328,False
1354,prchunk_3ba7c8f880f3fbbff517,prdoc_f8b9e6d1214d18edc492,pallets/flask,3137,Unified review priority,Moderate,312,312,False
1355,prchunk_b989bbc42cae43d18f46,prdoc_f642208cf1243d1444a3,pallets/flask,2928,PR identity,Moderate,304,304,False
1356,prchunk_3a06dd41ce56077f8033,prdoc_f642208cf1243d1444a3,pallets/flask,2928,PR description,Moderate,419,419,False
1357,prchunk_14dea7118d623f961875,prdoc_f642208cf1243d1444a3,pallets/flask,2928,Change evidence,Moderate,404,404,False
1358,prchunk_d6774c26a36e18eb68e6,prdoc_f642208cf1243d1444a3,pallets/flask,2928,Predictive intelligence,Moderate,426,426,False
1359,prchunk_558682366ffa0cf228d7,prdoc_f642208cf1243d1444a3,pallets/flask,2928,Deterministic policy intelligence,Moderate,442,442,False
1360,prchunk_4094f78221687379d624,prdoc_f642208cf1243d1444a3,pallets/flask,2928,Unified review priority,Moderate,312,312,False
1361,prchunk_b82614cfab5a535cb1c6,prdoc_e54f4ccdf7715dcd5483,pallets/flask,3421,PR identity,Moderate,296,296,False
1362,prchunk_de8c878e66298be99d56,prdoc_e54f4ccdf7715dcd5483,pallets/flask,3421,PR description,Moderate,424,424,False
1363,prchunk_0d023de73ff9da0b4f61,prdoc_e54f4ccdf7715dcd5483,pallets/flask,3421,Change evidence,Moderate,405,405,False
1364,prchunk_ce81f73dea61a8436228,prdoc_e54f4ccdf7715dcd5483,pallets/flask,3421,Predictive intelligence,Moderate,474,474,False
1365,prchunk_af101dccacb790486d03,prdoc_e54f4ccdf7715dcd5483,pallets/flask,3421,Deterministic policy intelligence,Moderate,442,442,False
1366,prchunk_adf8f97349ff9d47a78b,prdoc_e54f4ccdf7715dcd5483,pallets/flask,3421,Unified review priority,Moderate,315,315,False
1367,prchunk_01694116005ae0208af1,prdoc_392a7df64559c2450314,pallets/flask,2898,PR identity,Moderate,296,296,False
1368,prchunk_ac400d9ec20cf21da551,prdoc_392a7df64559c2450314,pallets/flask,2898,PR description,Moderate,827,827,False
1369,prchunk_cd6ba66dee5897d09755,prdoc_392a7df64559c2450314,pallets/flask,2898,Change evidence,Moderate,405,405,False
1370,prchunk_2f09d69f98cd48a9e98d,prdoc_392a7df64559c2450314,pallets/flask,2898,Predictive intelligence,Moderate,426,426,False
1371,prchunk_5de7e0877e47240b2e44,prdoc_392a7df64559c2450314,pallets/flask,2898,Deterministic policy intelligence,Moderate,328,328,False
1372,prchunk_f71a976e9fd0593bede1,prdoc_392a7df64559c2450314,pallets/flask,2898,Unified review priority,Moderate,312,312,False
1373,prchunk_ab49fdea2f1ea13f5628,prdoc_e822e7f0aeaa5f12bc3d,pallets/flask,4534,PR identity,Moderate,319,319,False
1374,prchunk_0aa8c57dd729da2e316b,prdoc_e822e7f0aeaa5f12bc3d,pallets/flask,4534,PR description,Moderate,836,836,False
1375,prchunk_4cdd4df5e1f74016932a,prdoc_e822e7f0aeaa5f12bc3d,pallets/flask,4534,Change evidence,Moderate,403,403,False
1376,prchunk_ac56a705226d2470c17e,prdoc_e822e7f0aeaa5f12bc3d,pallets/flask,4534,Predictive intelligence,Moderate,426,426,False
1377,prchunk_6cafb8845ce9756235c7,prdoc_e822e7f0aeaa5f12bc3d,pallets/flask,4534,Deterministic policy intelligence,Moderate,328,328,False
1378,prchunk_a644bf9d66ace75b135d,prdoc_e822e7f0aeaa5f12bc3d,pallets/flask,4534,Unified review priority,Moderate,312,312,False
1379,prchunk_fbfe9019c016bdbaf9f7,prdoc_eb98e192cac5a977b321,pallets/flask,4889,PR identity,Moderate,265,265,False
1380,prchunk_4926c0d242c0f704edaa,prdoc_eb98e192cac5a977b321,pallets/flask,4889,PR description,Moderate,374,374,False
1381,prchunk_b50163aa8dfcc0167f14,prdoc_eb98e192cac5a977b321,pallets/flask,4889,Change evidence,Moderate,406,406,False
1382,prchunk_1ba6683510884ae287f7,prdoc_eb98e192cac5a977b321,pallets/flask,4889,Predictive intelligence,Moderate,473,473,False
1383,prchunk_9ccd11f4c0e108c27aa3,prdoc_eb98e192cac5a977b321,pallets/flask,4889,Deterministic policy intelligence,Moderate,435,435,False
1384,prchunk_7c8edba15cd3656b2ae5,prdoc_eb98e192cac5a977b321,pallets/flask,4889,Unified review priority,Moderate,315,315,False
1385,prchunk_8372c1843e100be47938,prdoc_18164c780615f977a7aa,pallets/flask,5609,PR identity,Moderate,261,261,False
1386,prchunk_ac7c99e22c8c37e9e465,prdoc_18164c780615f977a7aa,pallets/flask,5609,PR description,Moderate,396,396,False
1387,prchunk_e5c929b6aa4245ad69d0,prdoc_18164c780615f977a7aa,pallets/flask,5609,Change evidence,Moderate,403,403,False
1388,prchunk_6f3c3eb46e9005fbc31d,prdoc_18164c780615f977a7aa,pallets/flask,5609,Predictive intelligence,Moderate,426,426,False
1389,prchunk_bc55c6b7f99359c2254c,prdoc_18164c780615f977a7aa,pallets/flask,5609,Deterministic policy intelligence,Moderate,321,321,False
1390,prchunk_d09b90eaac7914bab9bb,prdoc_18164c780615f977a7aa,pallets/flask,5609,Unified review priority,Moderate,312,312,False
1391,prchunk_241c7cf7025e4ebeeca3,prdoc_8050b3c9be33f931b52c,pallets/flask,5393,PR identity,Moderate,275,275,False
1392,prchunk_00ff6189cb6f25dd2077,prdoc_8050b3c9be33f931b52c,pallets/flask,5393,PR description,Moderate,1149,642,True
1393,prchunk_3671366b20c3901018c9,prdoc_8050b3c9be33f931b52c,pallets/flask,5393,PR description,Moderate,553,553,False
1394,prchunk_e5f5ccf75352808a421a,prdoc_8050b3c9be33f931b52c,pallets/flask,5393,Change evidence,Moderate,404,404,False
1395,prchunk_d23d6300b5b43024dede,prdoc_8050b3c9be33f931b52c,pallets/flask,5393,Predictive intelligence,Moderate,426,426,False
1396,prchunk_445b972dd5da4bd1d175,prdoc_8050b3c9be33f931b52c,pallets/flask,5393,Deterministic policy intelligence,Moderate,328,328,False
1397,prchunk_00d75f18256a304cae31,prdoc_8050b3c9be33f931b52c,pallets/flask,5393,Unified review priority,Moderate,312,312,False
1398,prchunk_a0224c255b8518b1ef16,prdoc_a3c4c625c44909c0afbb,pallets/flask,3437,PR identity,Moderate,256,256,False
1399,prchunk_9319996530e7e29611c5,prdoc_a3c4c625c44909c0afbb,pallets/flask,3437,PR description,Moderate,291,291,False
1400,prchunk_82c55eee3d321bf65372,prdoc_a3c4c625c44909c0afbb,pallets/flask,3437,Change evidence,Moderate,403,403,False
1401,prchunk_58abfe8c0966d52b1873,prdoc_a3c4c625c44909c0afbb,pallets/flask,3437,Predictive intelligence,Moderate,426,426,False
1402,prchunk_ee14866d06609d80b4cc,prdoc_a3c4c625c44909c0afbb,pallets/flask,3437,Deterministic policy intelligence,Moderate,321,321,False
1403,prchunk_70cbce26a2bd97e0d6d8,prdoc_a3c4c625c44909c0afbb,pallets/flask,3437,Unified review priority,Moderate,312,312,False
1404,prchunk_471e0b5fb32c3d37dd48,prdoc_ee4f0ca338b4cc677c97,pallets/flask,3579,PR identity,Moderate,289,289,False
1405,prchunk_148740ed0fb6faef85ad,prdoc_ee4f0ca338b4cc677c97,pallets/flask,3579,PR description,Moderate,1017,597,True
1406,prchunk_2284f65620412d4c8546,prdoc_ee4f0ca338b4cc677c97,pallets/flask,3579,Change evidence,Moderate,404,404,False
1407,prchunk_2ede7e7d8f46cb2b4eef,prdoc_ee4f0ca338b4cc677c97,pallets/flask,3579,Predictive intelligence,Moderate,426,426,False
1408,prchunk_05f34ec0f81f6249eef5,prdoc_ee4f0ca338b4cc677c97,pallets/flask,3579,Deterministic policy intelligence,Moderate,328,328,False
1409,prchunk_44da787eac2e27e420b7,prdoc_ee4f0ca338b4cc677c97,pallets/flask,3579,Unified review priority,Moderate,312,312,False
1410,prchunk_55a3b98f5a363a8adab5,prdoc_e6246762e5264971d5b4,pallets/flask,5962,PR identity,Moderate,262,262,False
1411,prchunk_6b43981eae24dc4165df,prdoc_e6246762e5264971d5b4,pallets/flask,5962,PR description,Moderate,439,439,False
1412,prchunk_f0eba4ca576cbb936aef,prdoc_e6246762e5264971d5b4,pallets/flask,5962,Change evidence,Moderate,405,405,False
1413,prchunk_bbc5ed67c1b7d67a9014,prdoc_e6246762e5264971d5b4,pallets/flask,5962,Predictive intelligence,Moderate,414,414,False
1414,prchunk_f7bf33190bacd3189fee,prdoc_e6246762e5264971d5b4,pallets/flask,5962,Deterministic policy intelligence,Moderate,442,442,False
1415,prchunk_79efea349bbb9f491783,prdoc_e6246762e5264971d5b4,pallets/flask,5962,Unified review priority,Moderate,311,311,False
1416,prchunk_df3b731216a5b3a8b5ac,prdoc_7f46c05f6eab6aa6b2d1,pallets/flask,2783,PR identity,Moderate,280,280,False
1417,prchunk_f5247854717c40e06136,prdoc_7f46c05f6eab6aa6b2d1,pallets/flask,2783,PR description,Moderate,280,280,False
1418,prchunk_daf7e64cbd0bcc66f752,prdoc_7f46c05f6eab6aa6b2d1,pallets/flask,2783,Change evidence,Moderate,405,405,False
1419,prchunk_dd7dd1a93dad9cad7bf5,prdoc_7f46c05f6eab6aa6b2d1,pallets/flask,2783,Predictive intelligence,Moderate,474,474,False
1420,prchunk_5961d2c7e03d021bc752,prdoc_7f46c05f6eab6aa6b2d1,pallets/flask,2783,Deterministic policy intelligence,Moderate,442,442,False
1421,prchunk_26a3add4d77095b51918,prdoc_7f46c05f6eab6aa6b2d1,pallets/flask,2783,Unified review priority,Moderate,315,315,False
1422,prchunk_33ced8992a381e7abf63,prdoc_2adbc60b3ac1f812bd16,pallets/flask,5476,PR identity,Moderate,313,313,False
1423,prchunk_d386b6925e103dd2eecf,prdoc_2adbc60b3ac1f812bd16,pallets/flask,5476,PR description,Moderate,1525,1525,False
1424,prchunk_79fd26222c795647fd2b,prdoc_2adbc60b3ac1f812bd16,pallets/flask,5476,PR description,Moderate,2052,2049,True
1425,prchunk_5e65d364687d1d3ea115,prdoc_2adbc60b3ac1f812bd16,pallets/flask,5476,PR description,Moderate,2569,2551,True
1426,prchunk_13baffad20279b370387,prdoc_2adbc60b3ac1f812bd16,pallets/flask,5476,PR description,Moderate,3967,3955,True
1427,prchunk_e4bb8bf38d46eec72a53,prdoc_2adbc60b3ac1f812bd16,pallets/flask,5476,PR description,Moderate,3024,2968,True
1428,prchunk_46aa47c0b342e539dab3,prdoc_2adbc60b3ac1f812bd16,pallets/flask,5476,PR description,Moderate,2310,2198,True
1429,prchunk_87f198320dc0d412fa02,prdoc_2adbc60b3ac1f812bd16,pallets/flask,5476,PR description,Moderate,2217,2155,True
1430,prchunk_6bfe06273e96b635e932,prdoc_2adbc60b3ac1f812bd16,pallets/flask,5476,PR description,Moderate,3633,3597,True
1431,prchunk_d6e9df05b7e267d92d79,prdoc_2adbc60b3ac1f812bd16,pallets/flask,5476,PR description,Moderate,2773,2773,False
1432,prchunk_f24cc8e0ca3590732859,prdoc_2adbc60b3ac1f812bd16,pallets/flask,5476,PR description,Moderate,3359,3359,False
1433,prchunk_cd0a15f42c4733023c38,prdoc_2adbc60b3ac1f812bd16,pallets/flask,5476,PR description,Moderate,1463,1463,False
1434,prchunk_7e3c628980be823a1079,prdoc_2adbc60b3ac1f812bd16,pallets/flask,5476,PR description,Moderate,1200,1200,False
1435,prchunk_a187ac732b3b1be7eb39,prdoc_2adbc60b3ac1f812bd16,pallets/flask,5476,Change evidence,Moderate,407,407,False
1436,prchunk_1172d51e0b6c6bf8bbae,prdoc_2adbc60b3ac1f812bd16,pallets/flask,5476,Predictive intelligence,Moderate,414,414,False
1437,prchunk_ec580561a80ddaaf87b6,prdoc_2adbc60b3ac1f812bd16,pallets/flask,5476,Deterministic policy intelligence,Moderate,431,431,False
1438,prchunk_1061702c7b69caacf4f3,prdoc_2adbc60b3ac1f812bd16,pallets/flask,5476,Unified review priority,Moderate,311,311,False
1439,prchunk_0836583ba0a3d4bf70d3,prdoc_473b7c9622c2fc47ed49,pallets/flask,4445,PR identity,Moderate,286,286,False
1440,prchunk_bab7bb65ae99697e8df6,prdoc_473b7c9622c2fc47ed49,pallets/flask,4445,PR description,Moderate,815,815,False
1441,prchunk_abb64ca02c9be9c3aa28,prdoc_473b7c9622c2fc47ed49,pallets/flask,4445,Change evidence,Moderate,406,406,False
1442,prchunk_2258d9edda090cd1def7,prdoc_473b7c9622c2fc47ed49,pallets/flask,4445,Predictive intelligence,Moderate,414,414,False
1443,prchunk_fc46379a1b96e65b1dad,prdoc_473b7c9622c2fc47ed49,pallets/flask,4445,Deterministic policy intelligence,Moderate,311,311,False
1444,prchunk_7e51dbc059104fa23538,prdoc_473b7c9622c2fc47ed49,pallets/flask,4445,Unified review priority,Moderate,311,311,False
1445,prchunk_1209d696302792b07b74,prdoc_96a3a54dbfb1c0a0abd7,pallets/flask,4298,PR identity,Moderate,263,263,False
1446,prchunk_07fef6136896e4666832,prdoc_96a3a54dbfb1c0a0abd7,pallets/flask,4298,PR description,Moderate,1535,1535,False
1447,prchunk_dde3079be258855ad771,prdoc_96a3a54dbfb1c0a0abd7,pallets/flask,4298,PR description,Moderate,1264,1264,False
1448,prchunk_fc8a4fcd272894202fad,prdoc_96a3a54dbfb1c0a0abd7,pallets/flask,4298,PR description,Moderate,272,272,False
1449,prchunk_4c30dd025ff1d994e323,prdoc_96a3a54dbfb1c0a0abd7,pallets/flask,4298,Change evidence,Moderate,404,404,False
1450,prchunk_6c562907202f4b26e8bc,prdoc_96a3a54dbfb1c0a0abd7,pallets/flask,4298,Predictive intelligence,Moderate,426,426,False
1451,prchunk_64bc04e26a76a8f7f1fd,prdoc_96a3a54dbfb1c0a0abd7,pallets/flask,4298,Deterministic policy intelligence,Moderate,328,328,False
1452,prchunk_57750518c6795b8fb046,prdoc_96a3a54dbfb1c0a0abd7,pallets/flask,4298,Unified review priority,Moderate,312,312,False
1453,prchunk_cb3c9ce49d5825f1e09c,prdoc_24258a533aa6446a2159,pallets/flask,3728,PR identity,Moderate,276,276,False
1454,prchunk_e616e9bfbed88b74d957,prdoc_24258a533aa6446a2159,pallets/flask,3728,PR description,Moderate,543,543,False
1455,prchunk_2b34010e516af27311ce,prdoc_24258a533aa6446a2159,pallets/flask,3728,Change evidence,Moderate,404,404,False
1456,prchunk_733cf7c2a726018a7cb0,prdoc_24258a533aa6446a2159,pallets/flask,3728,Predictive intelligence,Moderate,426,426,False
1457,prchunk_55e234663f7671a6d98e,prdoc_24258a533aa6446a2159,pallets/flask,3728,Deterministic policy intelligence,Moderate,321,321,False
1458,prchunk_7450b73b8f53eaaf0ee5,prdoc_24258a533aa6446a2159,pallets/flask,3728,Unified review priority,Moderate,312,312,False
1459,prchunk_e53c442146b38d8a1a7c,prdoc_5eac9a1409c84367401b,pallets/flask,5389,PR identity,Moderate,261,261,False
1460,prchunk_8b910854fd644353e94d,prdoc_5eac9a1409c84367401b,pallets/flask,5389,PR description,Moderate,1102,867,True
1461,prchunk_8fdd2861372eb81f080b,prdoc_5eac9a1409c84367401b,pallets/flask,5389,Change evidence,Moderate,403,403,False
1462,prchunk_5f7394dde82fc2bfc039,prdoc_5eac9a1409c84367401b,pallets/flask,5389,Predictive intelligence,Moderate,430,430,False
1463,prchunk_7f4032f70f22ea1adccc,prdoc_5eac9a1409c84367401b,pallets/flask,5389,Deterministic policy intelligence,Moderate,320,320,False
1464,prchunk_f5c687a585cc12dbccd3,prdoc_5eac9a1409c84367401b,pallets/flask,5389,Unified review priority,Moderate,315,315,False
1465,prchunk_316eef394321069870d7,prdoc_e62ba7cb637b3bad32ab,pallets/flask,3052,PR identity,Moderate,286,286,False
1466,prchunk_99a74f51a7cd59230902,prdoc_e62ba7cb637b3bad32ab,pallets/flask,3052,PR description,Moderate,409,409,False
1467,prchunk_0b523d38348d63b08648,prdoc_e62ba7cb637b3bad32ab,pallets/flask,3052,Change evidence,Moderate,407,407,False
1468,prchunk_c2f871834786baebaeb7,prdoc_e62ba7cb637b3bad32ab,pallets/flask,3052,Predictive intelligence,Moderate,474,474,False
1469,prchunk_92a0ee9b12f683aad8f6,prdoc_e62ba7cb637b3bad32ab,pallets/flask,3052,Deterministic policy intelligence,Moderate,442,442,False
1470,prchunk_f4a3b9ff6c67ce4018d0,prdoc_e62ba7cb637b3bad32ab,pallets/flask,3052,Unified review priority,Moderate,315,315,False
1471,prchunk_6e8b5ed5fa86189cf5a9,prdoc_498b1d01bf612f620025,pallets/flask,3690,PR identity,Moderate,273,273,False
1472,prchunk_9c9629f6a7b2215bb8ba,prdoc_498b1d01bf612f620025,pallets/flask,3690,PR description,Moderate,344,344,False
1473,prchunk_7092fab7de196302b09d,prdoc_498b1d01bf612f620025,pallets/flask,3690,Change evidence,Moderate,404,404,False
1474,prchunk_e52e998b1d16bdd5ad0d,prdoc_498b1d01bf612f620025,pallets/flask,3690,Predictive intelligence,Moderate,474,474,False
1475,prchunk_d94d3a8c31230efed6c9,prdoc_498b1d01bf612f620025,pallets/flask,3690,Deterministic policy intelligence,Moderate,442,442,False
1476,prchunk_3745deaf0088001a23df,prdoc_498b1d01bf612f620025,pallets/flask,3690,Unified review priority,Moderate,315,315,False
1477,prchunk_8843eab13d2396d5453e,prdoc_d3ea44af55e7d192b80d,pallets/flask,2809,PR identity,Moderate,275,275,False
1478,prchunk_a7969fbbc622137add33,prdoc_d3ea44af55e7d192b80d,pallets/flask,2809,PR description,Moderate,244,244,False
1479,prchunk_8c4ababbb43b27afb1f7,prdoc_d3ea44af55e7d192b80d,pallets/flask,2809,Change evidence,Moderate,405,405,False
1480,prchunk_6a9beb2b0ef4a13c60bd,prdoc_d3ea44af55e7d192b80d,pallets/flask,2809,Predictive intelligence,Moderate,474,474,False
1481,prchunk_1bcb1138b984f582b852,prdoc_d3ea44af55e7d192b80d,pallets/flask,2809,Deterministic policy intelligence,Moderate,442,442,False
1482,prchunk_47cd4fdfcad804d1a1d8,prdoc_d3ea44af55e7d192b80d,pallets/flask,2809,Unified review priority,Moderate,315,315,False
1483,prchunk_b18273b151f1fb19607c,prdoc_643c69aa05954b40fae9,pallets/flask,2983,PR identity,Moderate,290,290,False
1484,prchunk_da02f41218aa7a521add,prdoc_643c69aa05954b40fae9,pallets/flask,2983,PR description,Moderate,364,364,False
1485,prchunk_08031a4c116e194c3e31,prdoc_643c69aa05954b40fae9,pallets/flask,2983,Change evidence,Moderate,406,406,False
1486,prchunk_2231a4c595283a408c1c,prdoc_643c69aa05954b40fae9,pallets/flask,2983,Predictive intelligence,Moderate,474,474,False
1487,prchunk_5b3c9b55d935670d70d4,prdoc_643c69aa05954b40fae9,pallets/flask,2983,Deterministic policy intelligence,Moderate,442,442,False
1488,prchunk_f588e175c0ffcd3fb10a,prdoc_643c69aa05954b40fae9,pallets/flask,2983,Unified review priority,Moderate,315,315,False
1489,prchunk_a7a087eab68a912e1f8f,prdoc_6712f239aa917298cac9,pallets/flask,5896,PR identity,Moderate,291,291,False
1490,prchunk_90819ed5ced919731637,prdoc_6712f239aa917298cac9,pallets/flask,5896,PR description,Moderate,1518,1518,False
1491,prchunk_2780ad96d0cb0b03b097,prdoc_6712f239aa917298cac9,pallets/flask,5896,PR description,Moderate,500,500,False
1492,prchunk_f455878ee37fdccaa227,prdoc_6712f239aa917298cac9,pallets/flask,5896,Change evidence,Moderate,407,407,False
1493,prchunk_7879911da8e010d790ca,prdoc_6712f239aa917298cac9,pallets/flask,5896,Predictive intelligence,Moderate,474,474,False
1494,prchunk_a936de05cf06c5ac5caa,prdoc_6712f239aa917298cac9,pallets/flask,5896,Deterministic policy intelligence,Moderate,452,452,False
1495,prchunk_1bd8dc4b59b66210a064,prdoc_6712f239aa917298cac9,pallets/flask,5896,Unified review priority,Moderate,315,315,False
1496,prchunk_b1784bfaab62be7fc113,prdoc_9150941e7a891d55ea34,pallets/flask,4912,PR identity,Moderate,256,256,False
1497,prchunk_2b430c4b14c20a7107ef,prdoc_9150941e7a891d55ea34,pallets/flask,4912,PR description,Moderate,1027,520,True
1498,prchunk_9b22d8f40d389e809f26,prdoc_9150941e7a891d55ea34,pallets/flask,4912,PR description,Moderate,228,228,False
1499,prchunk_fd2a030e7249a155f8f7,prdoc_9150941e7a891d55ea34,pallets/flask,4912,Change evidence,Moderate,404,404,False
1500,prchunk_23bfb27b53b9dcd4c1d5,prdoc_9150941e7a891d55ea34,pallets/flask,4912,Predictive intelligence,Moderate,473,473,False
1501,prchunk_b9cbc1d67b831c58c459,prdoc_9150941e7a891d55ea34,pallets/flask,4912,Deterministic policy intelligence,Moderate,328,328,False
1502,prchunk_e42268d696b4635f0fdc,prdoc_9150941e7a891d55ea34,pallets/flask,4912,Unified review priority,Moderate,315,315,False
1503,prchunk_7374918e694ec2680ac1,prdoc_f0912296a3d7439349e0,pallets/flask,4479,PR identity,Moderate,291,291,False
1504,prchunk_0a4bbda7b73fef200a75,prdoc_f0912296a3d7439349e0,pallets/flask,4479,PR description,Moderate,996,996,False
1505,prchunk_901a09ffa2e37bae6bd7,prdoc_f0912296a3d7439349e0,pallets/flask,4479,Change evidence,Moderate,407,407,False
1506,prchunk_af7f86a2e3d9d46fc0a1,prdoc_f0912296a3d7439349e0,pallets/flask,4479,Predictive intelligence,Moderate,426,426,False
1507,prchunk_c8c3f1750ef651f2c0cf,prdoc_f0912296a3d7439349e0,pallets/flask,4479,Deterministic policy intelligence,Moderate,328,328,False
1508,prchunk_cb36713e5da779815c2d,prdoc_f0912296a3d7439349e0,pallets/flask,4479,Unified review priority,Moderate,312,312,False
1509,prchunk_d92d94992e36f45e111a,prdoc_abb336b67baf5f70eef1,pallets/flask,2861,PR identity,Moderate,312,312,False
1510,prchunk_2dcfe1adbe2bd5a7edc1,prdoc_abb336b67baf5f70eef1,pallets/flask,2861,PR description,Moderate,1093,1093,False
1511,prchunk_f58da11fa6d91024c523,prdoc_abb336b67baf5f70eef1,pallets/flask,2861,PR description,Moderate,803,383,True
1512,prchunk_10d4d44532cc04cae9ab,prdoc_abb336b67baf5f70eef1,pallets/flask,2861,Change evidence,Moderate,406,406,False
1513,prchunk_80a88cb2c8e895509920,prdoc_abb336b67baf5f70eef1,pallets/flask,2861,Predictive intelligence,Moderate,426,426,False
1514,prchunk_b8fe5313f32d1363d2c0,prdoc_abb336b67baf5f70eef1,pallets/flask,2861,Deterministic policy intelligence,Moderate,328,328,False
1515,prchunk_c26377ecc89590be713e,prdoc_abb336b67baf5f70eef1,pallets/flask,2861,Unified review priority,Moderate,312,312,False
1516,prchunk_bf2628646a08d4ef5f3c,prdoc_da9d5eddb77d28309f64,pallets/flask,3049,PR identity,Moderate,306,306,False
1517,prchunk_1e2462640f93d9f8cbe1,prdoc_da9d5eddb77d28309f64,pallets/flask,3049,PR description,Moderate,239,239,False
1518,prchunk_ef5fa50a0c331ffda29a,prdoc_da9d5eddb77d28309f64,pallets/flask,3049,Change evidence,Moderate,404,404,False
1519,prchunk_3a63705ab8a6bfc880c7,prdoc_da9d5eddb77d28309f64,pallets/flask,3049,Predictive intelligence,Moderate,426,426,False
1520,prchunk_64e88619479fde9dcac4,prdoc_da9d5eddb77d28309f64,pallets/flask,3049,Deterministic policy intelligence,Moderate,328,328,False
1521,prchunk_6f49a3e6184e641e96da,prdoc_da9d5eddb77d28309f64,pallets/flask,3049,Unified review priority,Moderate,312,312,False
1522,prchunk_50dd548ed4ba6eacb9b0,prdoc_b9a7084d3ea9193acfde,pallets/flask,4382,PR identity,Moderate,293,293,False
1523,prchunk_30dd700990b2fe7c7dc8,prdoc_b9a7084d3ea9193acfde,pallets/flask,4382,PR description,Moderate,312,312,False
1524,prchunk_043758c868b03a333de3,prdoc_b9a7084d3ea9193acfde,pallets/flask,4382,Change evidence,Moderate,405,405,False
1525,prchunk_49933543f83426744462,prdoc_b9a7084d3ea9193acfde,pallets/flask,4382,Predictive intelligence,Moderate,426,426,False
1526,prchunk_54124b5bd25dc1410e8a,prdoc_b9a7084d3ea9193acfde,pallets/flask,4382,Deterministic policy intelligence,Moderate,321,321,False
1527,prchunk_ac7c33f670374a9de239,prdoc_b9a7084d3ea9193acfde,pallets/flask,4382,Unified review priority,Moderate,312,312,False
1528,prchunk_0df0bc0665a6ac63854a,prdoc_5cb6d1d90e72ec693492,pallets/flask,3260,PR identity,Moderate,286,286,False
1529,prchunk_aadbd0abf004bb9c72c3,prdoc_5cb6d1d90e72ec693492,pallets/flask,3260,PR description,Moderate,904,484,True
1530,prchunk_80863efc3747caccddb9,prdoc_5cb6d1d90e72ec693492,pallets/flask,3260,Change evidence,Moderate,405,405,False
1531,prchunk_2471a6e6f16b03a111fd,prdoc_5cb6d1d90e72ec693492,pallets/flask,3260,Predictive intelligence,Moderate,430,430,False
1532,prchunk_9020dde1983d0da61e00,prdoc_5cb6d1d90e72ec693492,pallets/flask,3260,Deterministic policy intelligence,Moderate,320,320,False
1533,prchunk_740d0c693118b55a3141,prdoc_5cb6d1d90e72ec693492,pallets/flask,3260,Unified review priority,Moderate,315,315,False
1534,prchunk_73a487b69a30b2826b53,prdoc_6afb40558ccd79506c25,pallets/flask,5357,PR identity,Moderate,251,251,False
1535,prchunk_0c8e9cb918c1de9d1fcc,prdoc_6afb40558ccd79506c25,pallets/flask,5357,PR description,Moderate,1024,517,True
1536,prchunk_924aebd94555cecbadba,prdoc_6afb40558ccd79506c25,pallets/flask,5357,PR description,Moderate,228,228,False
1537,prchunk_78c0f7cb9b4394fa08f7,prdoc_6afb40558ccd79506c25,pallets/flask,5357,Change evidence,Moderate,404,404,False
1538,prchunk_983feb999ba353b3b57c,prdoc_6afb40558ccd79506c25,pallets/flask,5357,Predictive intelligence,Moderate,473,473,False
1539,prchunk_d5c7288a74675f56c0f3,prdoc_6afb40558ccd79506c25,pallets/flask,5357,Deterministic policy intelligence,Moderate,328,328,False
1540,prchunk_19b051c0f573c15b5ac1,prdoc_6afb40558ccd79506c25,pallets/flask,5357,Unified review priority,Moderate,315,315,False
1541,prchunk_0ead81721d4428b2f614,prdoc_45ceec4617d7212d86f0,pallets/flask,5120,PR identity,Moderate,252,252,False
1542,prchunk_5c15ce4c7b09d5bc2922,prdoc_45ceec4617d7212d86f0,pallets/flask,5120,PR description,Moderate,1106,600,True
1543,prchunk_e1bea52767c9b4730083,prdoc_45ceec4617d7212d86f0,pallets/flask,5120,PR description,Moderate,234,234,False
1544,prchunk_c515f80aa5be4eabfbf2,prdoc_45ceec4617d7212d86f0,pallets/flask,5120,Change evidence,Moderate,404,404,False
1545,prchunk_73166861003fc051b924,prdoc_45ceec4617d7212d86f0,pallets/flask,5120,Predictive intelligence,Moderate,473,473,False
1546,prchunk_2e5f15a8097c288ea2d3,prdoc_45ceec4617d7212d86f0,pallets/flask,5120,Deterministic policy intelligence,Moderate,328,328,False
1547,prchunk_2e070cb97e4a00007d75,prdoc_45ceec4617d7212d86f0,pallets/flask,5120,Unified review priority,Moderate,315,315,False
1548,prchunk_fd81216154310742f60f,prdoc_ad2cd32d44c768f9c4a8,pallets/flask,3473,PR identity,Moderate,272,272,False
1549,prchunk_7b42f5cb2cb9e62b59f5,prdoc_ad2cd32d44c768f9c4a8,pallets/flask,3473,PR description,Moderate,371,371,False
1550,prchunk_339bb8801314595b5adb,prdoc_ad2cd32d44c768f9c4a8,pallets/flask,3473,Change evidence,Moderate,404,404,False
1551,prchunk_c62be68b2797e4b4e32b,prdoc_ad2cd32d44c768f9c4a8,pallets/flask,3473,Predictive intelligence,Moderate,426,426,False
1552,prchunk_b9e35b1f2350751c2d73,prdoc_ad2cd32d44c768f9c4a8,pallets/flask,3473,Deterministic policy intelligence,Moderate,321,321,False
1553,prchunk_34fd7bcd990980dd011f,prdoc_ad2cd32d44c768f9c4a8,pallets/flask,3473,Unified review priority,Moderate,312,312,False
1554,prchunk_1f511bd74e2881b1fa4d,prdoc_455dd4ab35df49ba0559,pallets/flask,4522,PR identity,Moderate,239,239,False
1555,prchunk_7aba3c016e8238484fc3,prdoc_455dd4ab35df49ba0559,pallets/flask,4522,PR description,Moderate,1022,515,True
1556,prchunk_82f846e177f8a8f247e0,prdoc_455dd4ab35df49ba0559,pallets/flask,4522,PR description,Moderate,225,225,False
1557,prchunk_e9514f835454c36cad54,prdoc_455dd4ab35df49ba0559,pallets/flask,4522,Change evidence,Moderate,404,404,False
1558,prchunk_78e2cd704abe5869ffca,prdoc_455dd4ab35df49ba0559,pallets/flask,4522,Predictive intelligence,Moderate,473,473,False
1559,prchunk_55e880fa3d7270def1d6,prdoc_455dd4ab35df49ba0559,pallets/flask,4522,Deterministic policy intelligence,Moderate,328,328,False
1560,prchunk_f059ddd7d1ba007ea481,prdoc_455dd4ab35df49ba0559,pallets/flask,4522,Unified review priority,Moderate,315,315,False
1561,prchunk_9474f220e243af0e9a27,prdoc_26460176065919e3671a,pallets/flask,3537,PR identity,Moderate,279,279,False
1562,prchunk_547279fa9a77d9486aab,prdoc_26460176065919e3671a,pallets/flask,3537,PR description,Moderate,211,211,False
1563,prchunk_cf1e0cf86ddacd289faf,prdoc_26460176065919e3671a,pallets/flask,3537,Change evidence,Moderate,404,404,False
1564,prchunk_c883227236a215378bcf,prdoc_26460176065919e3671a,pallets/flask,3537,Predictive intelligence,Moderate,426,426,False
1565,prchunk_0e37bffe59dd8cf1c591,prdoc_26460176065919e3671a,pallets/flask,3537,Deterministic policy intelligence,Moderate,328,328,False
1566,prchunk_d985ea25c191a8786ab1,prdoc_26460176065919e3671a,pallets/flask,3537,Unified review priority,Moderate,312,312,False
1567,prchunk_834fe16ecaec5d48f0fb,prdoc_a061aaee252fe21ba518,pallets/flask,2934,PR identity,Moderate,303,303,False
1568,prchunk_81029680b92d37db0649,prdoc_a061aaee252fe21ba518,pallets/flask,2934,PR description,Moderate,857,857,False
1569,prchunk_c0a9f68625561cbecb97,prdoc_a061aaee252fe21ba518,pallets/flask,2934,Change evidence,Moderate,404,404,False
1570,prchunk_1443e9439c9140a631ac,prdoc_a061aaee252fe21ba518,pallets/flask,2934,Predictive intelligence,Moderate,426,426,False
1571,prchunk_56060cdbed52c5a5cea7,prdoc_a061aaee252fe21ba518,pallets/flask,2934,Deterministic policy intelligence,Moderate,328,328,False
1572,prchunk_207b54a0e4b5dc298529,prdoc_a061aaee252fe21ba518,pallets/flask,2934,Unified review priority,Moderate,312,312,False
1573,prchunk_0036df3faa7bfc2e97c2,prdoc_7dfec95ae1359589485d,pallets/flask,4432,PR identity,Moderate,285,285,False
1574,prchunk_6e5b656db4ea66cd7325,prdoc_7dfec95ae1359589485d,pallets/flask,4432,PR description,Moderate,760,760,False
1575,prchunk_c0a88a4c52cd5f4f70c3,prdoc_7dfec95ae1359589485d,pallets/flask,4432,Change evidence,Moderate,404,404,False
1576,prchunk_0a2b74377461a4c5b492,prdoc_7dfec95ae1359589485d,pallets/flask,4432,Predictive intelligence,Moderate,426,426,False
1577,prchunk_020bbdc27a86e7d4d1ac,prdoc_7dfec95ae1359589485d,pallets/flask,4432,Deterministic policy intelligence,Moderate,320,320,False
1578,prchunk_cd41de201173120263b9,prdoc_7dfec95ae1359589485d,pallets/flask,4432,Unified review priority,Moderate,312,312,False
1579,prchunk_69c1b540eebf30ad197c,prdoc_3e1045f0e6218509b974,pallets/flask,3059,PR identity,Moderate,297,297,False
1580,prchunk_78c962218c51991046a6,prdoc_3e1045f0e6218509b974,pallets/flask,3059,PR description,Moderate,396,396,False
1581,prchunk_7333f8bbeb464a1a69f7,prdoc_3e1045f0e6218509b974,pallets/flask,3059,Change evidence,Moderate,404,404,False
1582,prchunk_e092801636ec12c5959b,prdoc_3e1045f0e6218509b974,pallets/flask,3059,Predictive intelligence,Moderate,414,414,False
1583,prchunk_88283c71fbe4aea137bd,prdoc_3e1045f0e6218509b974,pallets/flask,3059,Deterministic policy intelligence,Moderate,442,442,False
1584,prchunk_31cd03d5448d9820f690,prdoc_3e1045f0e6218509b974,pallets/flask,3059,Unified review priority,Moderate,311,311,False
1585,prchunk_7033a90bf28fb5fd5f2c,prdoc_cada0197b1022e9404f7,pallets/flask,4631,PR identity,Moderate,259,259,False
1586,prchunk_8caa4323b1df66de4ec3,prdoc_cada0197b1022e9404f7,pallets/flask,4631,PR description,Moderate,175,175,False
1587,prchunk_da07c9a503df55fd02d0,prdoc_cada0197b1022e9404f7,pallets/flask,4631,Change evidence,Moderate,403,403,False
1588,prchunk_3c88c5c73a71b4703a13,prdoc_cada0197b1022e9404f7,pallets/flask,4631,Predictive intelligence,Moderate,474,474,False
1589,prchunk_d7cfd2e38e7f66ef42a7,prdoc_cada0197b1022e9404f7,pallets/flask,4631,Deterministic policy intelligence,Moderate,442,442,False
1590,prchunk_8ead6d569a39981a1056,prdoc_cada0197b1022e9404f7,pallets/flask,4631,Unified review priority,Moderate,315,315,False
1591,prchunk_fe1ca272681b3a597ab4,prdoc_3d4b077d7fd06d00500a,pallets/flask,4263,PR identity,Routine,293,293,False
1592,prchunk_5d25804f1e9ce795e486,prdoc_3d4b077d7fd06d00500a,pallets/flask,4263,PR description,Routine,1057,550,True
1593,prchunk_5aaeb65fc85c96451bd2,prdoc_3d4b077d7fd06d00500a,pallets/flask,4263,PR description,Routine,234,234,False
1594,prchunk_310ca9bcdc406e0adb80,prdoc_3d4b077d7fd06d00500a,pallets/flask,4263,Change evidence,Routine,405,405,False
1595,prchunk_b116e1195ba319f813aa,prdoc_3d4b077d7fd06d00500a,pallets/flask,4263,Predictive intelligence,Routine,473,473,False
1596,prchunk_534a62ec40069e804cdd,prdoc_3d4b077d7fd06d00500a,pallets/flask,4263,Deterministic policy intelligence,Routine,328,328,False
1597,prchunk_78ddaeb7aa4ec0d6472c,prdoc_3d4b077d7fd06d00500a,pallets/flask,4263,Unified review priority,Routine,314,314,False
1598,prchunk_55dd5b5259a14a20e3af,prdoc_5402fb1bde5248e3819d,pallets/flask,5818,PR identity,Routine,275,275,False
1599,prchunk_4bb82306a3da53df7a6e,prdoc_5402fb1bde5248e3819d,pallets/flask,5818,PR description,Routine,1298,1298,False
1600,prchunk_ff4ea0065ff0e75231f4,prdoc_5402fb1bde5248e3819d,pallets/flask,5818,PR description,Routine,922,922,False
1601,prchunk_c155ce12632dceacd6e1,prdoc_5402fb1bde5248e3819d,pallets/flask,5818,Change evidence,Routine,407,407,False
1602,prchunk_a62e2ea040507475c07e,prdoc_5402fb1bde5248e3819d,pallets/flask,5818,Predictive intelligence,Routine,426,426,False
1603,prchunk_baca16e2c268a70d3eb5,prdoc_5402fb1bde5248e3819d,pallets/flask,5818,Deterministic policy intelligence,Routine,328,328,False
1604,prchunk_3a303f954c474395fdaf,prdoc_5402fb1bde5248e3819d,pallets/flask,5818,Unified review priority,Routine,311,311,False
1605,prchunk_2377809cb3991035e918,prdoc_ca2520b543ff253aa0c7,pallets/flask,5659,PR identity,Routine,263,263,False
1606,prchunk_69d1a27b2168db9ddfa4,prdoc_ca2520b543ff253aa0c7,pallets/flask,5659,PR description,Routine,521,521,False
1607,prchunk_cf65c558bbc7b8abcc4b,prdoc_ca2520b543ff253aa0c7,pallets/flask,5659,Change evidence,Routine,403,403,False
1608,prchunk_bd2773437cf12b315a48,prdoc_ca2520b543ff253aa0c7,pallets/flask,5659,Predictive intelligence,Routine,426,426,False
1609,prchunk_0b4db574af9b1f550c24,prdoc_ca2520b543ff253aa0c7,pallets/flask,5659,Deterministic policy intelligence,Routine,320,320,False
1610,prchunk_06334acb771d4ad625b1,prdoc_ca2520b543ff253aa0c7,pallets/flask,5659,Unified review priority,Routine,311,311,False
1611,prchunk_523bce3fb617b5efbffa,prdoc_2f6257d925244b6581df,pallets/flask,5671,PR identity,Routine,263,263,False
1612,prchunk_36d60d98ceabe7648ad8,prdoc_2f6257d925244b6581df,pallets/flask,5671,PR description,Routine,369,369,False
1613,prchunk_bbea0ae3dffd6a6f243e,prdoc_2f6257d925244b6581df,pallets/flask,5671,Change evidence,Routine,403,403,False
1614,prchunk_06f670ee80fcde3aca6c,prdoc_2f6257d925244b6581df,pallets/flask,5671,Predictive intelligence,Routine,426,426,False
1615,prchunk_52038506da2f0b6b8074,prdoc_2f6257d925244b6581df,pallets/flask,5671,Deterministic policy intelligence,Routine,321,321,False
1616,prchunk_da2518def3cc3d3af0fc,prdoc_2f6257d925244b6581df,pallets/flask,5671,Unified review priority,Routine,311,311,False
1617,prchunk_58c57542cd528b7fe773,prdoc_70c9a1f756e854217eff,pallets/flask,3426,PR identity,Routine,273,273,False
1618,prchunk_0565cb132802a39ddb28,prdoc_70c9a1f756e854217eff,pallets/flask,3426,PR description,Routine,240,240,False
1619,prchunk_df161f0ed985c4e8308c,prdoc_70c9a1f756e854217eff,pallets/flask,3426,Change evidence,Routine,403,403,False
1620,prchunk_18b28aa57ee852719ac7,prdoc_70c9a1f756e854217eff,pallets/flask,3426,Predictive intelligence,Routine,474,474,False
1621,prchunk_d98ba8a9ca3959c7a393,prdoc_70c9a1f756e854217eff,pallets/flask,3426,Deterministic policy intelligence,Routine,442,442,False
1622,prchunk_c591e89c77b2c5c3031a,prdoc_70c9a1f756e854217eff,pallets/flask,3426,Unified review priority,Routine,314,314,False
1623,prchunk_eb8e525492d8be1ea3d4,prdoc_9035f7ea551ce6b33444,pallets/flask,2917,PR identity,Routine,281,281,False
1624,prchunk_fcae1def5ab9b826a3ed,prdoc_9035f7ea551ce6b33444,pallets/flask,2917,PR description,Routine,416,416,False
1625,prchunk_c186b9ba5f1554088971,prdoc_9035f7ea551ce6b33444,pallets/flask,2917,Change evidence,Routine,404,404,False
1626,prchunk_f02f14e5384c8a829a0d,prdoc_9035f7ea551ce6b33444,pallets/flask,2917,Predictive intelligence,Routine,426,426,False
1627,prchunk_18ca83dbe868bcfd264a,prdoc_9035f7ea551ce6b33444,pallets/flask,2917,Deterministic policy intelligence,Routine,321,321,False
1628,prchunk_0feed3fabbfc7a381139,prdoc_9035f7ea551ce6b33444,pallets/flask,2917,Unified review priority,Routine,311,311,False
1629,prchunk_f456404785d4597798e6,prdoc_bea79748c87025208975,pallets/flask,3011,PR identity,Routine,274,274,False
1630,prchunk_665c2ea3a9cdca1eb568,prdoc_bea79748c87025208975,pallets/flask,3011,PR description,Routine,202,202,False
1631,prchunk_324f823f056281a08c91,prdoc_bea79748c87025208975,pallets/flask,3011,Change evidence,Routine,404,404,False
1632,prchunk_2a6fe1a945af1ec31cf3,prdoc_bea79748c87025208975,pallets/flask,3011,Predictive intelligence,Routine,426,426,False
1633,prchunk_3206670cd66591353320,prdoc_bea79748c87025208975,pallets/flask,3011,Deterministic policy intelligence,Routine,321,321,False
1634,prchunk_9844e6bb3a30ec7ca84b,prdoc_bea79748c87025208975,pallets/flask,3011,Unified review priority,Routine,311,311,False
1635,prchunk_8def794f3c08500a78cf,prdoc_fe1c565e35aee272deef,pallets/flask,5777,PR identity,Routine,295,295,False
1636,prchunk_67b89321d8cf08a9ff09,prdoc_fe1c565e35aee272deef,pallets/flask,5777,PR description,Routine,333,333,False
1637,prchunk_50eb7f488a945c2c0c05,prdoc_fe1c565e35aee272deef,pallets/flask,5777,Change evidence,Routine,403,403,False
1638,prchunk_bf2c7c671bf2e0354608,prdoc_fe1c565e35aee272deef,pallets/flask,5777,Predictive intelligence,Routine,426,426,False
1639,prchunk_0421fe36e14e2b834e73,prdoc_fe1c565e35aee272deef,pallets/flask,5777,Deterministic policy intelligence,Routine,321,321,False
1640,prchunk_4822ff6f625b7c962e02,prdoc_fe1c565e35aee272deef,pallets/flask,5777,Unified review priority,Routine,311,311,False
1641,prchunk_450e6af5b584acec04e7,prdoc_48c26f8cd8befda0c376,pallets/flask,2849,PR identity,Routine,269,269,False
1642,prchunk_330b655a503196f51a35,prdoc_48c26f8cd8befda0c376,pallets/flask,2849,PR description,Routine,1098,1098,False
1643,prchunk_3a9e046f94a0013d7696,prdoc_48c26f8cd8befda0c376,pallets/flask,2849,Change evidence,Routine,407,407,False
1644,prchunk_e3a80c0cc28403d68341,prdoc_48c26f8cd8befda0c376,pallets/flask,2849,Predictive intelligence,Routine,473,473,False
1645,prchunk_a6e75a893609d038fd78,prdoc_48c26f8cd8befda0c376,pallets/flask,2849,Deterministic policy intelligence,Routine,328,328,False
1646,prchunk_e3e2098f72a125062ef2,prdoc_48c26f8cd8befda0c376,pallets/flask,2849,Unified review priority,Routine,314,314,False
1647,prchunk_f3618ea96bb9a23b945f,prdoc_7889e4495db8fc1aecfb,pallets/flask,3031,PR identity,Routine,289,289,False
1648,prchunk_5cd65d4f357ebb3f0f97,prdoc_7889e4495db8fc1aecfb,pallets/flask,3031,PR description,Routine,240,240,False
1649,prchunk_ced90887580d5231130e,prdoc_7889e4495db8fc1aecfb,pallets/flask,3031,Change evidence,Routine,403,403,False
1650,prchunk_69212a825ef6792c7c3d,prdoc_7889e4495db8fc1aecfb,pallets/flask,3031,Predictive intelligence,Routine,426,426,False
1651,prchunk_28d77009ff2e63525a4a,prdoc_7889e4495db8fc1aecfb,pallets/flask,3031,Deterministic policy intelligence,Routine,321,321,False
1652,prchunk_789fb6742690cd33a61e,prdoc_7889e4495db8fc1aecfb,pallets/flask,3031,Unified review priority,Routine,311,311,False
1653,prchunk_79a583797252a6bce774,prdoc_e0aacaed4c76341173a1,pallets/flask,5607,PR identity,Routine,250,250,False
1654,prchunk_de6b3e003271d1f8aa89,prdoc_e0aacaed4c76341173a1,pallets/flask,5607,PR description,Routine,182,182,False
1655,prchunk_8bee286e9d44d447a3ce,prdoc_e0aacaed4c76341173a1,pallets/flask,5607,Change evidence,Routine,404,404,False
1656,prchunk_b494d1aaf9ea4536e2a2,prdoc_e0aacaed4c76341173a1,pallets/flask,5607,Predictive intelligence,Routine,474,474,False
1657,prchunk_f5bee99d1cdd0f1b5707,prdoc_e0aacaed4c76341173a1,pallets/flask,5607,Deterministic policy intelligence,Routine,328,328,False
1658,prchunk_aad48e3927499c38db9d,prdoc_e0aacaed4c76341173a1,pallets/flask,5607,Unified review priority,Routine,314,314,False
1659,prchunk_8cfc1bbdd2ff698d21b6,prdoc_d1e780b22111b48fff64,pallets/flask,5723,PR identity,Routine,285,285,False
1660,prchunk_7b587c975878c0b48fcb,prdoc_d1e780b22111b48fff64,pallets/flask,5723,PR description,Routine,924,924,False
1661,prchunk_84af293d412382c8a307,prdoc_d1e780b22111b48fff64,pallets/flask,5723,Change evidence,Routine,403,403,False
1662,prchunk_73b7a087a139bca3997d,prdoc_d1e780b22111b48fff64,pallets/flask,5723,Predictive intelligence,Routine,426,426,False
1663,prchunk_bedc119bb07881c33329,prdoc_d1e780b22111b48fff64,pallets/flask,5723,Deterministic policy intelligence,Routine,320,320,False
1664,prchunk_695ef898785ec86e5dce,prdoc_d1e780b22111b48fff64,pallets/flask,5723,Unified review priority,Routine,311,311,False
1665,prchunk_722c3330190801022300,prdoc_cf241ff202e1ad28640b,pallets/flask,5355,PR identity,Routine,287,287,False
1666,prchunk_9f2153db128ef0346396,prdoc_cf241ff202e1ad28640b,pallets/flask,5355,PR description,Routine,424,424,False
1667,prchunk_a25ff0f09a1746f0ea55,prdoc_cf241ff202e1ad28640b,pallets/flask,5355,Change evidence,Routine,403,403,False
1668,prchunk_e8e4943757bd5b50f4c0,prdoc_cf241ff202e1ad28640b,pallets/flask,5355,Predictive intelligence,Routine,426,426,False
1669,prchunk_1b35f0d0c35641b6d413,prdoc_cf241ff202e1ad28640b,pallets/flask,5355,Deterministic policy intelligence,Routine,321,321,False
1670,prchunk_9a0f1ead62a950e2c054,prdoc_cf241ff202e1ad28640b,pallets/flask,5355,Unified review priority,Routine,311,311,False
1671,prchunk_86e3f6aa847c8190eeac,prdoc_dd58f33e4f1b05197eb2,pallets/flask,5610,PR identity,Routine,256,256,False
1672,prchunk_bd0bc43afa5cafe108ef,prdoc_dd58f33e4f1b05197eb2,pallets/flask,5610,PR description,Routine,1087,665,True
1673,prchunk_f1375a49e9341ab89b07,prdoc_dd58f33e4f1b05197eb2,pallets/flask,5610,PR description,Routine,192,192,False
1674,prchunk_a3b16f7cabacafe8b4f2,prdoc_dd58f33e4f1b05197eb2,pallets/flask,5610,Change evidence,Routine,404,404,False
1675,prchunk_b7e24ff63934fbd05639,prdoc_dd58f33e4f1b05197eb2,pallets/flask,5610,Predictive intelligence,Routine,474,474,False
1676,prchunk_07f44aed366251460719,prdoc_dd58f33e4f1b05197eb2,pallets/flask,5610,Deterministic policy intelligence,Routine,328,328,False
1677,prchunk_837bf176036f4719f76e,prdoc_dd58f33e4f1b05197eb2,pallets/flask,5610,Unified review priority,Routine,314,314,False
1678,prchunk_51da9af991796e5f62b1,prdoc_a675b16134dffbe01b7a,pallets/flask,5227,PR identity,Routine,261,261,False
1679,prchunk_bfd2a90fd3e48969c44e,prdoc_a675b16134dffbe01b7a,pallets/flask,5227,PR description,Routine,1036,529,True
1680,prchunk_0ff7b9f6b77ce89f23ef,prdoc_a675b16134dffbe01b7a,pallets/flask,5227,PR description,Routine,228,228,False
1681,prchunk_8c6e263129f7dcffdcc8,prdoc_a675b16134dffbe01b7a,pallets/flask,5227,Change evidence,Routine,403,403,False
1682,prchunk_6eff621724a73c148cb6,prdoc_a675b16134dffbe01b7a,pallets/flask,5227,Predictive intelligence,Routine,474,474,False
1683,prchunk_edfbdd21056324c7bb74,prdoc_a675b16134dffbe01b7a,pallets/flask,5227,Deterministic policy intelligence,Routine,328,328,False
1684,prchunk_315f24694daa81c022d2,prdoc_a675b16134dffbe01b7a,pallets/flask,5227,Unified review priority,Routine,314,314,False
1685,prchunk_cedbdafbfd2381397583,prdoc_38e858092bd95d54f90f,pallets/flask,3530,PR identity,Routine,283,283,False
1686,prchunk_827040e11e0113129a20,prdoc_38e858092bd95d54f90f,pallets/flask,3530,PR description,Routine,228,228,False
1687,prchunk_2778e9d8884b84ab4364,prdoc_38e858092bd95d54f90f,pallets/flask,3530,Change evidence,Routine,403,403,False
1688,prchunk_21761ac651c3abe178a0,prdoc_38e858092bd95d54f90f,pallets/flask,3530,Predictive intelligence,Routine,426,426,False
1689,prchunk_761722f62fabc29f5086,prdoc_38e858092bd95d54f90f,pallets/flask,3530,Deterministic policy intelligence,Routine,321,321,False
1690,prchunk_85a9e37c3290960e3f77,prdoc_38e858092bd95d54f90f,pallets/flask,3530,Unified review priority,Routine,311,311,False
1691,prchunk_ecb0f2efc8fa18b0ed90,prdoc_0ab0d1907173a7af4b84,pallets/flask,5674,PR identity,Routine,285,285,False
1692,prchunk_c117c38ee4543ce2c489,prdoc_0ab0d1907173a7af4b84,pallets/flask,5674,PR description,Routine,765,765,False
1693,prchunk_f7b208dcd2d72f78d931,prdoc_0ab0d1907173a7af4b84,pallets/flask,5674,Change evidence,Routine,403,403,False
1694,prchunk_03d526f8e997741d37f9,prdoc_0ab0d1907173a7af4b84,pallets/flask,5674,Predictive intelligence,Routine,426,426,False
1695,prchunk_1b7e52077e66106c5098,prdoc_0ab0d1907173a7af4b84,pallets/flask,5674,Deterministic policy intelligence,Routine,320,320,False
1696,prchunk_39c488270b98658231f8,prdoc_0ab0d1907173a7af4b84,pallets/flask,5674,Unified review priority,Routine,311,311,False
1697,prchunk_8043d2845c70ed278f4e,prdoc_9cac86f6243bf7e1c1b6,pallets/flask,4577,PR identity,Routine,264,264,False
1698,prchunk_d214b6ace5d14575305c,prdoc_9cac86f6243bf7e1c1b6,pallets/flask,4577,PR description,Routine,1046,774,True
1699,prchunk_1046c5272450b0a90b8c,prdoc_9cac86f6243bf7e1c1b6,pallets/flask,4577,PR description,Routine,431,431,False
1700,prchunk_4c94b83a21af837b93a8,prdoc_9cac86f6243bf7e1c1b6,pallets/flask,4577,Change evidence,Routine,407,407,False
1701,prchunk_4841a38189f9ffc29c9a,prdoc_9cac86f6243bf7e1c1b6,pallets/flask,4577,Predictive intelligence,Routine,426,426,False
1702,prchunk_956c108e72e56167f5ca,prdoc_9cac86f6243bf7e1c1b6,pallets/flask,4577,Deterministic policy intelligence,Routine,328,328,False
1703,prchunk_ac4b1d54c3559f0355df,prdoc_9cac86f6243bf7e1c1b6,pallets/flask,4577,Unified review priority,Routine,311,311,False
1704,prchunk_58f17667e3535b2fcc16,prdoc_c86ed504d5b07cc87c26,pallets/flask,2854,PR identity,Routine,300,300,False
1705,prchunk_383fd04f2d5fb7519a89,prdoc_c86ed504d5b07cc87c26,pallets/flask,2854,PR description,Routine,823,403,True
1706,prchunk_387747a77f54bdd33b96,prdoc_c86ed504d5b07cc87c26,pallets/flask,2854,Change evidence,Routine,405,405,False
1707,prchunk_2c16d3e904813e28d117,prdoc_c86ed504d5b07cc87c26,pallets/flask,2854,Predictive intelligence,Routine,426,426,False
1708,prchunk_6027e74f401654d31486,prdoc_c86ed504d5b07cc87c26,pallets/flask,2854,Deterministic policy intelligence,Routine,320,320,False
1709,prchunk_6608dc494576486aaf40,prdoc_c86ed504d5b07cc87c26,pallets/flask,2854,Unified review priority,Routine,311,311,False
1710,prchunk_9bb4af021ef0d6267108,prdoc_58c2d1cabda46ea23be0,pallets/flask,5732,PR identity,Routine,242,242,False
1711,prchunk_71ac1ea4fa8287f919a0,prdoc_58c2d1cabda46ea23be0,pallets/flask,5732,PR description,Routine,959,144,True
1712,prchunk_d8fbbfd623786f89dc01,prdoc_58c2d1cabda46ea23be0,pallets/flask,5732,Change evidence,Routine,403,403,False
1713,prchunk_bb84629102b8383512bc,prdoc_58c2d1cabda46ea23be0,pallets/flask,5732,Predictive intelligence,Routine,474,474,False
1714,prchunk_231311fe57f174615914,prdoc_58c2d1cabda46ea23be0,pallets/flask,5732,Deterministic policy intelligence,Routine,328,328,False
1715,prchunk_39785d3cd1646459382e,prdoc_58c2d1cabda46ea23be0,pallets/flask,5732,Unified review priority,Routine,314,314,False
1716,prchunk_1e528c4741f644721782,prdoc_04287ee8ee2800f1a6f6,pallets/flask,3563,PR identity,Routine,278,278,False
1717,prchunk_ab5a2204f1aaa6d7394b,prdoc_04287ee8ee2800f1a6f6,pallets/flask,3563,PR description,Routine,192,192,False
1718,prchunk_87bf79b61fb2618318fe,prdoc_04287ee8ee2800f1a6f6,pallets/flask,3563,Change evidence,Routine,405,405,False
1719,prchunk_b0b169bd1e4cce1a0232,prdoc_04287ee8ee2800f1a6f6,pallets/flask,3563,Predictive intelligence,Routine,414,414,False
1720,prchunk_72f74ec14e84ab1ecda6,prdoc_04287ee8ee2800f1a6f6,pallets/flask,3563,Deterministic policy intelligence,Routine,442,442,False
1721,prchunk_1d288dc1901a9702b998,prdoc_04287ee8ee2800f1a6f6,pallets/flask,3563,Unified review priority,Routine,310,310,False
1722,prchunk_f93450af6c27f396da52,prdoc_7c757c4f86b30b85ac93,pallets/flask,2913,PR identity,Routine,276,276,False
1723,prchunk_20574ee7a6d652ac07d9,prdoc_7c757c4f86b30b85ac93,pallets/flask,2913,PR description,Routine,388,388,False
1724,prchunk_9d670f689b6af5d75851,prdoc_7c757c4f86b30b85ac93,pallets/flask,2913,Change evidence,Routine,404,404,False
1725,prchunk_60016ede99578d39e7da,prdoc_7c757c4f86b30b85ac93,pallets/flask,2913,Predictive intelligence,Routine,426,426,False
1726,prchunk_96b2c292b66ccb6349db,prdoc_7c757c4f86b30b85ac93,pallets/flask,2913,Deterministic policy intelligence,Routine,321,321,False
1727,prchunk_74900ca54ead65711348,prdoc_7c757c4f86b30b85ac93,pallets/flask,2913,Unified review priority,Routine,311,311,False
1728,prchunk_d6e75bd5c7ddbc1080f5,prdoc_9d8e7ea7aadf8cb117c1,pallets/flask,5742,PR identity,Routine,282,282,False
1729,prchunk_7179b306499fa6f15689,prdoc_9d8e7ea7aadf8cb117c1,pallets/flask,5742,PR description,Routine,650,650,False
1730,prchunk_fe8dd77889dd0eba0947,prdoc_9d8e7ea7aadf8cb117c1,pallets/flask,5742,Change evidence,Routine,404,404,False
1731,prchunk_ef3c361d9905a12d7067,prdoc_9d8e7ea7aadf8cb117c1,pallets/flask,5742,Predictive intelligence,Routine,426,426,False
1732,prchunk_789029973d900ecd91ba,prdoc_9d8e7ea7aadf8cb117c1,pallets/flask,5742,Deterministic policy intelligence,Routine,320,320,False
1733,prchunk_63389fb0c1d6a0bc2b7e,prdoc_9d8e7ea7aadf8cb117c1,pallets/flask,5742,Unified review priority,Routine,311,311,False
1734,prchunk_28b1d70924a7f1101b34,prdoc_e877bba91fe964be2c4a,pallets/flask,5244,PR identity,Routine,246,246,False
1735,prchunk_32cf4a3764b4f065b057,prdoc_e877bba91fe964be2c4a,pallets/flask,5244,PR description,Routine,1021,514,True
1736,prchunk_7eb473f40e22a6d42064,prdoc_e877bba91fe964be2c4a,pallets/flask,5244,PR description,Routine,225,225,False
1737,prchunk_b0ffa17bfe9397646e76,prdoc_e877bba91fe964be2c4a,pallets/flask,5244,Change evidence,Routine,406,406,False
1738,prchunk_13c418b7a313be30f21e,prdoc_e877bba91fe964be2c4a,pallets/flask,5244,Predictive intelligence,Routine,474,474,False
1739,prchunk_ac06c77cda4ba3f5d35a,prdoc_e877bba91fe964be2c4a,pallets/flask,5244,Deterministic policy intelligence,Routine,328,328,False
1740,prchunk_f2b0fa641cf34290b4db,prdoc_e877bba91fe964be2c4a,pallets/flask,5244,Unified review priority,Routine,314,314,False
1741,prchunk_ae5012568e00318c036b,prdoc_9646edb56fcbd384a31e,pallets/flask,3129,PR identity,Routine,281,281,False
1742,prchunk_c5f43386a7b61385f98c,prdoc_9646edb56fcbd384a31e,pallets/flask,3129,PR description,Routine,285,285,False
1743,prchunk_d6a8ab71a9113af3fc81,prdoc_9646edb56fcbd384a31e,pallets/flask,3129,Change evidence,Routine,403,403,False
1744,prchunk_9be188b94c4f05837e6d,prdoc_9646edb56fcbd384a31e,pallets/flask,3129,Predictive intelligence,Routine,426,426,False
1745,prchunk_364936cad89bb196ed2c,prdoc_9646edb56fcbd384a31e,pallets/flask,3129,Deterministic policy intelligence,Routine,321,321,False
1746,prchunk_f18e131caabdac029bd3,prdoc_9646edb56fcbd384a31e,pallets/flask,3129,Unified review priority,Routine,311,311,False
1747,prchunk_00d0140055ae0fdc65f0,prdoc_167d0a86667bf6e36c5f,pallets/flask,3344,PR identity,Routine,262,262,False
1748,prchunk_5e1dd8461470b271a793,prdoc_167d0a86667bf6e36c5f,pallets/flask,3344,PR description,Routine,645,645,False
1749,prchunk_36a6967256c74dd14415,prdoc_167d0a86667bf6e36c5f,pallets/flask,3344,Change evidence,Routine,403,403,False
1750,prchunk_2dc725c8b2ac81a09a78,prdoc_167d0a86667bf6e36c5f,pallets/flask,3344,Predictive intelligence,Routine,426,426,False
1751,prchunk_c91d7327203b4110c1e0,prdoc_167d0a86667bf6e36c5f,pallets/flask,3344,Deterministic policy intelligence,Routine,320,320,False
1752,prchunk_2c4be724fa14ded2d92c,prdoc_167d0a86667bf6e36c5f,pallets/flask,3344,Unified review priority,Routine,311,311,False
1753,prchunk_5418f339dc42fbdd9f86,prdoc_c78a751c29d3d4b2c6e1,pallets/flask,5788,PR identity,Routine,287,287,False
1754,prchunk_22fe903da7d65b128783,prdoc_c78a751c29d3d4b2c6e1,pallets/flask,5788,PR description,Routine,1073,1073,False
1755,prchunk_ef57352a7d7fa848a0d3,prdoc_c78a751c29d3d4b2c6e1,pallets/flask,5788,Change evidence,Routine,405,405,False
1756,prchunk_316e5173ba4bdd45ad7e,prdoc_c78a751c29d3d4b2c6e1,pallets/flask,5788,Predictive intelligence,Routine,474,474,False
1757,prchunk_c8eba083861b65021d82,prdoc_c78a751c29d3d4b2c6e1,pallets/flask,5788,Deterministic policy intelligence,Routine,328,328,False
1758,prchunk_52ee032bfa39ec674cf6,prdoc_c78a751c29d3d4b2c6e1,pallets/flask,5788,Unified review priority,Routine,314,314,False
1759,prchunk_8988e1f3bc0878002af8,prdoc_2f411b50437c5f318492,pallets/flask,3622,PR identity,Routine,253,253,False
1760,prchunk_f3f856010ce81a83010e,prdoc_2f411b50437c5f318492,pallets/flask,3622,PR description,Routine,570,571,True
1761,prchunk_b063c8a863f687980c43,prdoc_2f411b50437c5f318492,pallets/flask,3622,Change evidence,Routine,404,404,False
1762,prchunk_37f69db933844adadbb1,prdoc_2f411b50437c5f318492,pallets/flask,3622,Predictive intelligence,Routine,474,474,False
1763,prchunk_35bd17c7e77058bb7f63,prdoc_2f411b50437c5f318492,pallets/flask,3622,Deterministic policy intelligence,Routine,321,321,False
1764,prchunk_39bb08460464e1ef1f4c,prdoc_2f411b50437c5f318492,pallets/flask,3622,Unified review priority,Routine,314,314,False
1765,prchunk_968254eb9b89570e2fb0,prdoc_9f582dcd72062bc01e02,pallets/flask,4374,PR identity,Routine,259,259,False
1766,prchunk_479cb58f82cdca18667c,prdoc_9f582dcd72062bc01e02,pallets/flask,4374,PR description,Routine,318,163,True
1767,prchunk_b4f599bf06e31e68ffbd,prdoc_9f582dcd72062bc01e02,pallets/flask,4374,Change evidence,Routine,405,405,False
1768,prchunk_290b02daa09a9872c134,prdoc_9f582dcd72062bc01e02,pallets/flask,4374,Predictive intelligence,Routine,474,474,False
1769,prchunk_8482b67c3018947fb113,prdoc_9f582dcd72062bc01e02,pallets/flask,4374,Deterministic policy intelligence,Routine,321,321,False
1770,prchunk_365de6c444ad4d927fbe,prdoc_9f582dcd72062bc01e02,pallets/flask,4374,Unified review priority,Routine,314,314,False
1771,prchunk_f8e8cdc40954c9d6343f,prdoc_2a2fb7ed0d0e46eb7efc,pallets/flask,3360,PR identity,Routine,290,290,False
1772,prchunk_5045d34fc647e95984f4,prdoc_2a2fb7ed0d0e46eb7efc,pallets/flask,3360,PR description,Routine,411,411,False
1773,prchunk_17f8f88cd5d9ea1f57f2,prdoc_2a2fb7ed0d0e46eb7efc,pallets/flask,3360,Change evidence,Routine,404,404,False
1774,prchunk_74282d1dfad4391a206f,prdoc_2a2fb7ed0d0e46eb7efc,pallets/flask,3360,Predictive intelligence,Routine,470,470,False
1775,prchunk_29b3c459c4361c032c65,prdoc_2a2fb7ed0d0e46eb7efc,pallets/flask,3360,Deterministic policy intelligence,Routine,442,442,False
1776,prchunk_0506e3788e1b4d7ed9f1,prdoc_2a2fb7ed0d0e46eb7efc,pallets/flask,3360,Unified review priority,Routine,310,310,False
1777,prchunk_9b5c9c8146a34c955fc7,prdoc_c37da5aee0e3e1d30aca,pallets/flask,3397,PR identity,Routine,262,262,False
1778,prchunk_2e7a32b83e38237d3ebe,prdoc_c37da5aee0e3e1d30aca,pallets/flask,3397,PR description,Routine,219,219,False
1779,prchunk_90b470b9be65cce2fe89,prdoc_c37da5aee0e3e1d30aca,pallets/flask,3397,Change evidence,Routine,405,405,False
1780,prchunk_2dedffc7ac960a1d668e,prdoc_c37da5aee0e3e1d30aca,pallets/flask,3397,Predictive intelligence,Routine,474,474,False
1781,prchunk_de1df61015fe0807564d,prdoc_c37da5aee0e3e1d30aca,pallets/flask,3397,Deterministic policy intelligence,Routine,321,321,False
1782,prchunk_706247bdd238c4561ddc,prdoc_c37da5aee0e3e1d30aca,pallets/flask,3397,Unified review priority,Routine,314,314,False
1783,prchunk_787ea0851fc1948d1927,prdoc_f9d5889376f67d5e63d8,pallets/flask,4071,PR identity,Routine,270,270,False
1784,prchunk_7ca67bb31b0adaf29bb0,prdoc_f9d5889376f67d5e63d8,pallets/flask,4071,PR description,Routine,1076,1076,False
1785,prchunk_0b7699598193225f8051,prdoc_f9d5889376f67d5e63d8,pallets/flask,4071,Change evidence,Routine,406,406,False
1786,prchunk_8011ae660b3ae433522b,prdoc_f9d5889376f67d5e63d8,pallets/flask,4071,Predictive intelligence,Routine,414,414,False
1787,prchunk_721876e8f041fcc3ce98,prdoc_f9d5889376f67d5e63d8,pallets/flask,4071,Deterministic policy intelligence,Routine,328,328,False
1788,prchunk_9d4cc823ee51b488a92f,prdoc_f9d5889376f67d5e63d8,pallets/flask,4071,Unified review priority,Routine,310,310,False
1789,prchunk_f52c71c96544cf7a804f,prdoc_dc3bf99026c0d528b4e0,pallets/flask,4200,PR identity,Routine,257,257,False
1790,prchunk_375d9a416a6d5a4dc861,prdoc_dc3bf99026c0d528b4e0,pallets/flask,4200,PR description,Routine,251,251,False
1791,prchunk_aa930c30d78d10001ca0,prdoc_dc3bf99026c0d528b4e0,pallets/flask,4200,Change evidence,Routine,403,403,False
1792,prchunk_4e02abea688c195039e5,prdoc_dc3bf99026c0d528b4e0,pallets/flask,4200,Predictive intelligence,Routine,474,474,False
1793,prchunk_647d0d06a064a90a3c46,prdoc_dc3bf99026c0d528b4e0,pallets/flask,4200,Deterministic policy intelligence,Routine,321,321,False
1794,prchunk_1c157a848419fe5537f1,prdoc_dc3bf99026c0d528b4e0,pallets/flask,4200,Unified review priority,Routine,314,314,False
1795,prchunk_76c672cd1c0d57c75990,prdoc_2531ec6c8df24737e051,pallets/flask,2641,PR identity,Routine,280,280,False
1796,prchunk_e3978612b011ecff92c6,prdoc_2531ec6c8df24737e051,pallets/flask,2641,PR description,Routine,456,456,False
1797,prchunk_d446f5c3c2647c745ea6,prdoc_2531ec6c8df24737e051,pallets/flask,2641,Change evidence,Routine,406,406,False
1798,prchunk_c832ce655dcc651beaa1,prdoc_2531ec6c8df24737e051,pallets/flask,2641,Predictive intelligence,Routine,470,470,False
1799,prchunk_f3f1f2b1f0de9c330e19,prdoc_2531ec6c8df24737e051,pallets/flask,2641,Deterministic policy intelligence,Routine,442,442,False
1800,prchunk_64ee162c307a29680ba2,prdoc_2531ec6c8df24737e051,pallets/flask,2641,Unified review priority,Routine,310,310,False
1801,prchunk_d9226d8c9d7875d76201,prdoc_c4d1ab268019f43344ba,pallets/flask,2588,PR identity,Routine,302,302,False
1802,prchunk_a64268a9f9c3a86c43a6,prdoc_c4d1ab268019f43344ba,pallets/flask,2588,PR description,Routine,1175,1175,False
1803,prchunk_6414f1510b100e0a34d4,prdoc_c4d1ab268019f43344ba,pallets/flask,2588,PR description,Routine,296,296,False
1804,prchunk_6a462634b42185cd9929,prdoc_c4d1ab268019f43344ba,pallets/flask,2588,Change evidence,Routine,405,405,False
1805,prchunk_7544fcb14d1b0b65cf9a,prdoc_c4d1ab268019f43344ba,pallets/flask,2588,Predictive intelligence,Routine,474,474,False
1806,prchunk_8d816879198864c6b34e,prdoc_c4d1ab268019f43344ba,pallets/flask,2588,Deterministic policy intelligence,Routine,328,328,False
1807,prchunk_46d5ec8ecbc8593273d1,prdoc_c4d1ab268019f43344ba,pallets/flask,2588,Unified review priority,Routine,314,314,False
1808,prchunk_307ff8808438bfc68fbb,prdoc_163ee24a06cd523efab2,pallets/flask,5044,PR identity,Routine,284,284,False
1809,prchunk_e88e1fc6af04f01964c1,prdoc_163ee24a06cd523efab2,pallets/flask,5044,PR description,Routine,340,340,False
1810,prchunk_6c675720f73b32c18eb1,prdoc_163ee24a06cd523efab2,pallets/flask,5044,Change evidence,Routine,407,407,False
1811,prchunk_afa536c1c77fd742bf3c,prdoc_163ee24a06cd523efab2,pallets/flask,5044,Predictive intelligence,Routine,474,474,False
1812,prchunk_f07b9dfadf836ef928ea,prdoc_163ee24a06cd523efab2,pallets/flask,5044,Deterministic policy intelligence,Routine,321,321,False
1813,prchunk_76919459274cc60e42cf,prdoc_163ee24a06cd523efab2,pallets/flask,5044,Unified review priority,Routine,314,314,False
1814,prchunk_afaee4904958b7f25c23,prdoc_c42e6ada3caf4e0a1500,pallets/flask,5702,PR identity,Routine,286,286,False
1815,prchunk_6983b522ee5a0788140e,prdoc_c42e6ada3caf4e0a1500,pallets/flask,5702,PR description,Routine,367,367,False
1816,prchunk_6ed82c9e23d12e4810ee,prdoc_c42e6ada3caf4e0a1500,pallets/flask,5702,Change evidence,Routine,405,405,False
1817,prchunk_36b4dd012a6ae0ffff4b,prdoc_c42e6ada3caf4e0a1500,pallets/flask,5702,Predictive intelligence,Routine,414,414,False
1818,prchunk_671f413e97c59ff6380b,prdoc_c42e6ada3caf4e0a1500,pallets/flask,5702,Deterministic policy intelligence,Routine,442,442,False
1819,prchunk_1e3c571c5bc92436c565,prdoc_c42e6ada3caf4e0a1500,pallets/flask,5702,Unified review priority,Routine,310,310,False
1820,prchunk_f6c4a4cf066ef722ea0e,prdoc_cdb9aa5d0a0634f9af6a,pallets/flask,4070,PR identity,Routine,287,287,False
1821,prchunk_3966f7a4de0d0db4a80c,prdoc_cdb9aa5d0a0634f9af6a,pallets/flask,4070,PR description,Routine,1068,561,True
1822,prchunk_6522716cc7190dc9fde7,prdoc_cdb9aa5d0a0634f9af6a,pallets/flask,4070,PR description,Routine,294,294,False
1823,prchunk_cdf54eb6dd669869b34f,prdoc_cdb9aa5d0a0634f9af6a,pallets/flask,4070,Change evidence,Routine,405,405,False
1824,prchunk_ea094b2cf58942755ba7,prdoc_cdb9aa5d0a0634f9af6a,pallets/flask,4070,Predictive intelligence,Routine,474,474,False
1825,prchunk_5d49b78c12badfcaff65,prdoc_cdb9aa5d0a0634f9af6a,pallets/flask,4070,Deterministic policy intelligence,Routine,328,328,False
1826,prchunk_a219125aecdbfd706965,prdoc_cdb9aa5d0a0634f9af6a,pallets/flask,4070,Unified review priority,Routine,314,314,False
1827,prchunk_6a44421db64974c1647e,prdoc_e7c58ce9d8fc14c96d6e,pallets/flask,3136,PR identity,Routine,267,267,False
1828,prchunk_8d0de9488ac243ffdf47,prdoc_e7c58ce9d8fc14c96d6e,pallets/flask,3136,PR description,Routine,196,196,False
1829,prchunk_28aa333b7ea1de28c727,prdoc_e7c58ce9d8fc14c96d6e,pallets/flask,3136,Change evidence,Routine,405,405,False
1830,prchunk_48fdec6e2fa1941399c2,prdoc_e7c58ce9d8fc14c96d6e,pallets/flask,3136,Predictive intelligence,Routine,470,470,False
1831,prchunk_73f8049e9f1d2c0e6a02,prdoc_e7c58ce9d8fc14c96d6e,pallets/flask,3136,Deterministic policy intelligence,Routine,328,328,False
1832,prchunk_2f1dfe16b7420289f2ef,prdoc_e7c58ce9d8fc14c96d6e,pallets/flask,3136,Unified review priority,Routine,310,310,False
1833,prchunk_f73be4ccb65cfe13d731,prdoc_979da865c3800a4fc9b2,pallets/flask,3069,PR identity,Routine,271,271,False
1834,prchunk_11c463f93cddd67e35d7,prdoc_979da865c3800a4fc9b2,pallets/flask,3069,PR description,Routine,566,566,False
1835,prchunk_c0f48ce9f6233889dc58,prdoc_979da865c3800a4fc9b2,pallets/flask,3069,Change evidence,Routine,404,404,False
1836,prchunk_352b9301401589e18206,prdoc_979da865c3800a4fc9b2,pallets/flask,3069,Predictive intelligence,Routine,426,426,False
1837,prchunk_d948ce1ad4989d19f119,prdoc_979da865c3800a4fc9b2,pallets/flask,3069,Deterministic policy intelligence,Routine,320,320,False
1838,prchunk_b4c67ca44f0199b91068,prdoc_979da865c3800a4fc9b2,pallets/flask,3069,Unified review priority,Routine,311,311,False
1839,prchunk_d71aba0207e1ba148bb0,prdoc_e8dbe60101bb01b20fad,pallets/flask,4809,PR identity,Routine,272,272,False
1840,prchunk_4d6a68e96062c752290a,prdoc_e8dbe60101bb01b20fad,pallets/flask,4809,PR description,Routine,784,784,False
1841,prchunk_5fabee502a95897c26ee,prdoc_e8dbe60101bb01b20fad,pallets/flask,4809,Change evidence,Routine,404,404,False
1842,prchunk_fc63f3ff6ba4a139b98c,prdoc_e8dbe60101bb01b20fad,pallets/flask,4809,Predictive intelligence,Routine,474,474,False
1843,prchunk_d02793872080772be616,prdoc_e8dbe60101bb01b20fad,pallets/flask,4809,Deterministic policy intelligence,Routine,328,328,False
1844,prchunk_a07c365282b54ad402a7,prdoc_e8dbe60101bb01b20fad,pallets/flask,4809,Unified review priority,Routine,314,314,False
1845,prchunk_2955d13a9968d17864e9,prdoc_bd40eb6d040495c33dba,pallets/flask,5313,PR identity,Routine,266,266,False
1846,prchunk_d1e8a9c8f0e5264508ae,prdoc_bd40eb6d040495c33dba,pallets/flask,5313,PR description,Routine,709,365,True
1847,prchunk_ea56ca8f9adc15457eb9,prdoc_bd40eb6d040495c33dba,pallets/flask,5313,Change evidence,Routine,403,403,False
1848,prchunk_43970274358b686d8f48,prdoc_bd40eb6d040495c33dba,pallets/flask,5313,Predictive intelligence,Routine,414,414,False
1849,prchunk_0e87285811538ca4355c,prdoc_bd40eb6d040495c33dba,pallets/flask,5313,Deterministic policy intelligence,Routine,320,320,False
1850,prchunk_b0b0a24f3e3d633a2962,prdoc_bd40eb6d040495c33dba,pallets/flask,5313,Unified review priority,Routine,310,310,False
1851,prchunk_c525d4898ff410075229,prdoc_acd56b09a974f6699e21,pallets/flask,5824,PR identity,Routine,295,295,False
1852,prchunk_84488ca2bfa32ab0d386,prdoc_acd56b09a974f6699e21,pallets/flask,5824,PR description,Routine,513,513,False
1853,prchunk_09a59f61a1543c070e7b,prdoc_acd56b09a974f6699e21,pallets/flask,5824,Change evidence,Routine,405,405,False
1854,prchunk_a3b8686ae34fd0c99b50,prdoc_acd56b09a974f6699e21,pallets/flask,5824,Predictive intelligence,Routine,474,474,False
1855,prchunk_fb84833ad023878475b8,prdoc_acd56b09a974f6699e21,pallets/flask,5824,Deterministic policy intelligence,Routine,321,321,False
1856,prchunk_a4c5989a64c12ae154f4,prdoc_acd56b09a974f6699e21,pallets/flask,5824,Unified review priority,Routine,314,314,False
1857,prchunk_24d1c340a61cdcc399dd,prdoc_21ea0078f311bcdd886b,pallets/flask,3382,PR identity,Routine,292,292,False
1858,prchunk_6e20da010b8f3155a383,prdoc_21ea0078f311bcdd886b,pallets/flask,3382,PR description,Routine,287,287,False
1859,prchunk_001a607455d2ce214af8,prdoc_21ea0078f311bcdd886b,pallets/flask,3382,Change evidence,Routine,403,403,False
1860,prchunk_701a7fa48993f18042f0,prdoc_21ea0078f311bcdd886b,pallets/flask,3382,Predictive intelligence,Routine,414,414,False
1861,prchunk_8a9c72bfe51fa4f1e2c1,prdoc_21ea0078f311bcdd886b,pallets/flask,3382,Deterministic policy intelligence,Routine,321,321,False
1862,prchunk_6be8ca473bbf82316b10,prdoc_21ea0078f311bcdd886b,pallets/flask,3382,Unified review priority,Routine,310,310,False
1863,prchunk_cd5b0871f5e88f5aa063,prdoc_034da56e26852ac054f9,pallets/flask,2614,PR identity,Routine,266,266,False
1864,prchunk_171d1839e337290a373c,prdoc_034da56e26852ac054f9,pallets/flask,2614,PR description,Routine,394,394,False
1865,prchunk_19f89706d8536a1a3c05,prdoc_034da56e26852ac054f9,pallets/flask,2614,Change evidence,Routine,404,404,False
1866,prchunk_5cf43b9466cd5b848b3a,prdoc_034da56e26852ac054f9,pallets/flask,2614,Predictive intelligence,Routine,474,474,False
1867,prchunk_a16aa41e9c904857d0da,prdoc_034da56e26852ac054f9,pallets/flask,2614,Deterministic policy intelligence,Routine,321,321,False
1868,prchunk_7df226a3fb56d1580f7e,prdoc_034da56e26852ac054f9,pallets/flask,2614,Unified review priority,Routine,314,314,False
1869,prchunk_7260cd67257337060cc2,prdoc_2a13f472362997213822,pallets/flask,4648,PR identity,Routine,308,308,False
1870,prchunk_0304ba61aefb5d8e88b2,prdoc_2a13f472362997213822,pallets/flask,4648,PR description,Routine,1122,1122,False
1871,prchunk_0ff4723c57c052d032a8,prdoc_2a13f472362997213822,pallets/flask,4648,PR description,Routine,1102,993,True
1872,prchunk_dfa1feaa7db897ae55b3,prdoc_2a13f472362997213822,pallets/flask,4648,PR description,Routine,668,505,True
1873,prchunk_b5e69e0402fc121e4546,prdoc_2a13f472362997213822,pallets/flask,4648,Change evidence,Routine,406,406,False
1874,prchunk_ebfae1dc1738c2e4e478,prdoc_2a13f472362997213822,pallets/flask,4648,Predictive intelligence,Routine,474,474,False
1875,prchunk_f2cf380cd9172f9ba83b,prdoc_2a13f472362997213822,pallets/flask,4648,Deterministic policy intelligence,Routine,328,328,False
1876,prchunk_5d7cd268163cbe990572,prdoc_2a13f472362997213822,pallets/flask,4648,Unified review priority,Routine,314,314,False
1877,prchunk_a8b892473203f20ecd96,prdoc_c3f32b99f4205b143ceb,pallets/flask,3236,PR identity,Routine,286,286,False
1878,prchunk_f2316181145c30a26dd7,prdoc_c3f32b99f4205b143ceb,pallets/flask,3236,PR description,Routine,289,289,False
1879,prchunk_fbf9de646cc96bdfc8c3,prdoc_c3f32b99f4205b143ceb,pallets/flask,3236,Change evidence,Routine,405,405,False
1880,prchunk_115e17d2e38bd933a0dc,prdoc_c3f32b99f4205b143ceb,pallets/flask,3236,Predictive intelligence,Routine,414,414,False
1881,prchunk_5fafb29d17d6ac08a7a5,prdoc_c3f32b99f4205b143ceb,pallets/flask,3236,Deterministic policy intelligence,Routine,321,321,False
1882,prchunk_ee819b5d9f76a3784bc2,prdoc_c3f32b99f4205b143ceb,pallets/flask,3236,Unified review priority,Routine,310,310,False
1883,prchunk_a8bc22197c0cfba9ee0c,prdoc_c5914e0143efd490e5a3,pallets/flask,5780,PR identity,Routine,277,277,False
1884,prchunk_12472236e8d265852850,prdoc_c5914e0143efd490e5a3,pallets/flask,5780,PR description,Routine,1091,276,True
1885,prchunk_b2222158edb0653bc8f4,prdoc_c5914e0143efd490e5a3,pallets/flask,5780,PR description,Routine,672,672,False
1886,prchunk_8b2d7ff6472992d47f2a,prdoc_c5914e0143efd490e5a3,pallets/flask,5780,Change evidence,Routine,404,404,False
1887,prchunk_119813922766c13dc73a,prdoc_c5914e0143efd490e5a3,pallets/flask,5780,Predictive intelligence,Routine,474,474,False
1888,prchunk_0ce90cc23cb5f49597d9,prdoc_c5914e0143efd490e5a3,pallets/flask,5780,Deterministic policy intelligence,Routine,328,328,False
1889,prchunk_642e57b59f63f87fbd7f,prdoc_c5914e0143efd490e5a3,pallets/flask,5780,Unified review priority,Routine,314,314,False
1890,prchunk_34b594e3e524021f934a,prdoc_35e0b7a1e1c9611b606a,pallets/flask,5344,PR identity,Routine,282,282,False
1891,prchunk_3e782113a883c2cf7972,prdoc_35e0b7a1e1c9611b606a,pallets/flask,5344,PR description,Routine,684,684,False
1892,prchunk_ef2be1db0eda0118a373,prdoc_35e0b7a1e1c9611b606a,pallets/flask,5344,Change evidence,Routine,403,403,False
1893,prchunk_bf787b7b626ec8c59723,prdoc_35e0b7a1e1c9611b606a,pallets/flask,5344,Predictive intelligence,Routine,426,426,False
1894,prchunk_737345c406047ea2ec85,prdoc_35e0b7a1e1c9611b606a,pallets/flask,5344,Deterministic policy intelligence,Routine,320,320,False
1895,prchunk_63ae2e6374868346a7e1,prdoc_35e0b7a1e1c9611b606a,pallets/flask,5344,Unified review priority,Routine,311,311,False
1896,prchunk_0ed94a740b531a4bd411,prdoc_aeb42fc41ddd88ed2912,pallets/flask,3910,PR identity,Routine,274,274,False
1897,prchunk_0ed9d7bb63bad38aefde,prdoc_aeb42fc41ddd88ed2912,pallets/flask,3910,PR description,Routine,1030,1030,False
1898,prchunk_419f31186c503471bd7c,prdoc_aeb42fc41ddd88ed2912,pallets/flask,3910,Change evidence,Routine,405,405,False
1899,prchunk_e8d50d13f78f4e184623,prdoc_aeb42fc41ddd88ed2912,pallets/flask,3910,Predictive intelligence,Routine,474,474,False
1900,prchunk_1d81aab4194eaac95508,prdoc_aeb42fc41ddd88ed2912,pallets/flask,3910,Deterministic policy intelligence,Routine,328,328,False
1901,prchunk_c76f5be43a4d039e90a9,prdoc_aeb42fc41ddd88ed2912,pallets/flask,3910,Unified review priority,Routine,314,314,False
1902,prchunk_d67ba2bd9e3457e294ef,prdoc_e1139b238007457c4173,pallets/flask,3951,PR identity,Routine,275,275,False
1903,prchunk_96156a38a0d9705dfcf1,prdoc_e1139b238007457c4173,pallets/flask,3951,PR description,Routine,707,707,False
1904,prchunk_71f351869012741a25fe,prdoc_e1139b238007457c4173,pallets/flask,3951,Change evidence,Routine,404,404,False
1905,prchunk_2ce8acd56bea2781808b,prdoc_e1139b238007457c4173,pallets/flask,3951,Predictive intelligence,Routine,474,474,False
1906,prchunk_8fd6cc9aede3eb8bc8eb,prdoc_e1139b238007457c4173,pallets/flask,3951,Deterministic policy intelligence,Routine,328,328,False
1907,prchunk_9768016bab5d8600e27e,prdoc_e1139b238007457c4173,pallets/flask,3951,Unified review priority,Routine,314,314,False
1908,prchunk_0432245a58492669291c,prdoc_86eb8d19930323be7faa,pallets/flask,2940,PR identity,Routine,258,258,False
1909,prchunk_b536b5685f5308f06c11,prdoc_86eb8d19930323be7faa,pallets/flask,2940,PR description,Routine,698,232,True
1910,prchunk_714ddd6b9086669da917,prdoc_86eb8d19930323be7faa,pallets/flask,2940,Change evidence,Routine,404,404,False
1911,prchunk_80ffa515f84804ac1fef,prdoc_86eb8d19930323be7faa,pallets/flask,2940,Predictive intelligence,Routine,418,418,False
1912,prchunk_c2c8f8459675c463a224,prdoc_86eb8d19930323be7faa,pallets/flask,2940,Deterministic policy intelligence,Routine,320,320,False
1913,prchunk_957d939b13e8b29d80ca,prdoc_86eb8d19930323be7faa,pallets/flask,2940,Unified review priority,Routine,314,314,False
1914,prchunk_b475656332429c921a3b,prdoc_067efbb1965b4b2b6716,pallets/flask,4223,PR identity,Routine,300,300,False
1915,prchunk_af47dffb52b10eaa8f63,prdoc_067efbb1965b4b2b6716,pallets/flask,4223,PR description,Routine,1180,1180,False
1916,prchunk_426c859e35f7c72a644f,prdoc_067efbb1965b4b2b6716,pallets/flask,4223,PR description,Routine,798,635,True
1917,prchunk_0442a9f48e490512c99d,prdoc_067efbb1965b4b2b6716,pallets/flask,4223,Change evidence,Routine,405,405,False
1918,prchunk_6297c8e6a549ffbe34a2,prdoc_067efbb1965b4b2b6716,pallets/flask,4223,Predictive intelligence,Routine,474,474,False
1919,prchunk_65abc810c3cae243c091,prdoc_067efbb1965b4b2b6716,pallets/flask,4223,Deterministic policy intelligence,Routine,328,328,False
1920,prchunk_4676a32e895a8a216480,prdoc_067efbb1965b4b2b6716,pallets/flask,4223,Unified review priority,Routine,314,314,False
1921,prchunk_d3abca2f8a1d0de3583f,prdoc_0fb8036ed11348d33f24,pallets/flask,4133,PR identity,Routine,259,259,False
1922,prchunk_2b605117b656c85ac66e,prdoc_0fb8036ed11348d33f24,pallets/flask,4133,PR description,Routine,817,817,False
1923,prchunk_399081ab45ee278225ea,prdoc_0fb8036ed11348d33f24,pallets/flask,4133,Change evidence,Routine,404,404,False
1924,prchunk_91f4a5b43113f51ca6c5,prdoc_0fb8036ed11348d33f24,pallets/flask,4133,Predictive intelligence,Routine,474,474,False
1925,prchunk_1a2826d3b2a3eae3a934,prdoc_0fb8036ed11348d33f24,pallets/flask,4133,Deterministic policy intelligence,Routine,328,328,False
1926,prchunk_5bbf757e74bb67ecc072,prdoc_0fb8036ed11348d33f24,pallets/flask,4133,Unified review priority,Routine,314,314,False
1927,prchunk_871d43d14e10bb08e822,prdoc_b4e978164377c7c39106,pallets/flask,4698,PR identity,Routine,297,297,False
1928,prchunk_ce83a48c284aa3ea4a33,prdoc_b4e978164377c7c39106,pallets/flask,4698,PR description,Routine,1177,1177,False
1929,prchunk_79c32dfe0844d47335f5,prdoc_b4e978164377c7c39106,pallets/flask,4698,PR description,Routine,241,241,False
1930,prchunk_31472ab1ce56ada824cc,prdoc_b4e978164377c7c39106,pallets/flask,4698,Change evidence,Routine,404,404,False
1931,prchunk_88c29cf27dfc08bceb50,prdoc_b4e978164377c7c39106,pallets/flask,4698,Predictive intelligence,Routine,474,474,False
1932,prchunk_f8633dcc4b6e70cbe537,prdoc_b4e978164377c7c39106,pallets/flask,4698,Deterministic policy intelligence,Routine,328,328,False
1933,prchunk_148345736c4163138d31,prdoc_b4e978164377c7c39106,pallets/flask,4698,Unified review priority,Routine,314,314,False
1934,prchunk_23aba80f6c739aa996d3,prdoc_c89d7e617e1d32ab64ca,pallets/flask,2859,PR identity,Routine,282,282,False
1935,prchunk_b652543c69d692fbe0b1,prdoc_c89d7e617e1d32ab64ca,pallets/flask,2859,PR description,Routine,383,383,False
1936,prchunk_b120fb120b923d40f7a0,prdoc_c89d7e617e1d32ab64ca,pallets/flask,2859,Change evidence,Routine,406,406,False
1937,prchunk_4c80a8122a0e959f511f,prdoc_c89d7e617e1d32ab64ca,pallets/flask,2859,Predictive intelligence,Routine,474,474,False
1938,prchunk_a63c65dfc4f4b5be3e25,prdoc_c89d7e617e1d32ab64ca,pallets/flask,2859,Deterministic policy intelligence,Routine,321,321,False
1939,prchunk_01f2b8139c629ede4da2,prdoc_c89d7e617e1d32ab64ca,pallets/flask,2859,Unified review priority,Routine,314,314,False
1940,prchunk_03cc7ad6072ddc8b95f0,prdoc_d6e85d078356140d003f,pallets/flask,2650,PR identity,Routine,279,279,False
1941,prchunk_b9f8c8a26a1a67d3ab89,prdoc_d6e85d078356140d003f,pallets/flask,2650,PR description,Routine,216,216,False
1942,prchunk_6d64b3bde3ee76f762c3,prdoc_d6e85d078356140d003f,pallets/flask,2650,Change evidence,Routine,403,403,False
1943,prchunk_7723013361ad085eb7c4,prdoc_d6e85d078356140d003f,pallets/flask,2650,Predictive intelligence,Routine,470,470,False
1944,prchunk_c5acf818dde7729b2fa8,prdoc_d6e85d078356140d003f,pallets/flask,2650,Deterministic policy intelligence,Routine,328,328,False
1945,prchunk_9d671aa2a12151cb8c64,prdoc_d6e85d078356140d003f,pallets/flask,2650,Unified review priority,Routine,310,310,False
1946,prchunk_20a3e081009936ef4920,prdoc_818d5e49cd33b2bd9706,pallets/flask,3405,PR identity,Routine,302,302,False
1947,prchunk_c085ed409b13ddea80db,prdoc_818d5e49cd33b2bd9706,pallets/flask,3405,PR description,Routine,1097,677,True
1948,prchunk_a8f816f9ec7c18f21072,prdoc_818d5e49cd33b2bd9706,pallets/flask,3405,Change evidence,Routine,404,404,False
1949,prchunk_f077fd861c0a75969c78,prdoc_818d5e49cd33b2bd9706,pallets/flask,3405,Predictive intelligence,Routine,474,474,False
1950,prchunk_9ed3990f0fc54e25a8f9,prdoc_818d5e49cd33b2bd9706,pallets/flask,3405,Deterministic policy intelligence,Routine,328,328,False
1951,prchunk_8c4f5d721063a3323a39,prdoc_818d5e49cd33b2bd9706,pallets/flask,3405,Unified review priority,Routine,314,314,False
1952,prchunk_208e29028e43a2e6e4b4,prdoc_5c631d4987073592c093,pallets/flask,3192,PR identity,Routine,254,254,False
1953,prchunk_446da18f359e04cf84c1,prdoc_5c631d4987073592c093,pallets/flask,3192,PR description,Routine,264,264,False
1954,prchunk_6a5cf5f431a43fafda95,prdoc_5c631d4987073592c093,pallets/flask,3192,Change evidence,Routine,404,404,False
1955,prchunk_8414ea163827e9b7885a,prdoc_5c631d4987073592c093,pallets/flask,3192,Predictive intelligence,Routine,474,474,False
1956,prchunk_9457430c92b5ef84d08e,prdoc_5c631d4987073592c093,pallets/flask,3192,Deterministic policy intelligence,Routine,321,321,False
1957,prchunk_5fd3e165449024d6871a,prdoc_5c631d4987073592c093,pallets/flask,3192,Unified review priority,Routine,314,314,False
1958,prchunk_30a112470d69f53acb22,prdoc_025b845dc7d8e74455b5,pallets/flask,3128,PR identity,Routine,255,255,False
1959,prchunk_e7d72e35e5ac1c2ec723,prdoc_025b845dc7d8e74455b5,pallets/flask,3128,PR description,Routine,192,192,False
1960,prchunk_39b8ef502c32f66ae14a,prdoc_025b845dc7d8e74455b5,pallets/flask,3128,Change evidence,Routine,403,403,False
1961,prchunk_ad667db189f9e18cec36,prdoc_025b845dc7d8e74455b5,pallets/flask,3128,Predictive intelligence,Routine,470,470,False
1962,prchunk_86d4d1f2f3a56ea09fcd,prdoc_025b845dc7d8e74455b5,pallets/flask,3128,Deterministic policy intelligence,Routine,328,328,False
1963,prchunk_222d7e03ba20cf260256,prdoc_025b845dc7d8e74455b5,pallets/flask,3128,Unified review priority,Routine,310,310,False
1964,prchunk_8e84072d172892a35826,prdoc_db659f02ed1311a815c1,pallets/flask,5629,PR identity,Routine,301,301,False
1965,prchunk_063d4beec16b186543c9,prdoc_db659f02ed1311a815c1,pallets/flask,5629,PR description,Routine,1106,684,True
1966,prchunk_553d3f41e4b8082dfc98,prdoc_db659f02ed1311a815c1,pallets/flask,5629,PR description,Routine,290,290,False
1967,prchunk_ee64e0dfb20bbc79b77a,prdoc_db659f02ed1311a815c1,pallets/flask,5629,Change evidence,Routine,404,404,False
1968,prchunk_ddd596b6fc4630ae35f9,prdoc_db659f02ed1311a815c1,pallets/flask,5629,Predictive intelligence,Routine,474,474,False
1969,prchunk_d542de8296e7ed8cea39,prdoc_db659f02ed1311a815c1,pallets/flask,5629,Deterministic policy intelligence,Routine,328,328,False
1970,prchunk_91a52bf6a1eaca914360,prdoc_db659f02ed1311a815c1,pallets/flask,5629,Unified review priority,Routine,314,314,False
1971,prchunk_d4564bde2eeb855a3859,prdoc_54aada8a868910747e60,pallets/flask,3897,PR identity,Routine,275,275,False
1972,prchunk_90f0790417798a8561b9,prdoc_54aada8a868910747e60,pallets/flask,3897,PR description,Routine,283,283,False
1973,prchunk_638be473ef2d7d703f14,prdoc_54aada8a868910747e60,pallets/flask,3897,Change evidence,Routine,404,404,False
1974,prchunk_773564dccb43269ac547,prdoc_54aada8a868910747e60,pallets/flask,3897,Predictive intelligence,Routine,474,474,False
1975,prchunk_6d537ff33523d52ca5bc,prdoc_54aada8a868910747e60,pallets/flask,3897,Deterministic policy intelligence,Routine,321,321,False
1976,prchunk_f0da589fa0fa16ed9ff7,prdoc_54aada8a868910747e60,pallets/flask,3897,Unified review priority,Routine,314,314,False
1977,prchunk_14168225bce6e6b51810,prdoc_a73332471d70187f9cba,pallets/flask,4506,PR identity,Routine,253,253,False
1978,prchunk_6558de8491070f4d9c83,prdoc_a73332471d70187f9cba,pallets/flask,4506,PR description,Routine,412,412,False
1979,prchunk_8531fa854b5fbf9f415a,prdoc_a73332471d70187f9cba,pallets/flask,4506,Change evidence,Routine,403,403,False
1980,prchunk_0b71ccb615a0eb3fc639,prdoc_a73332471d70187f9cba,pallets/flask,4506,Predictive intelligence,Routine,474,474,False
1981,prchunk_aaef15cdb324eaa8c2d9,prdoc_a73332471d70187f9cba,pallets/flask,4506,Deterministic policy intelligence,Routine,321,321,False
1982,prchunk_08dc97286f90b6bb8c20,prdoc_a73332471d70187f9cba,pallets/flask,4506,Unified review priority,Routine,314,314,False
1983,prchunk_4a80bedfe6ce504471f8,prdoc_a4ea7014ac1ace8f5d0a,pallets/flask,5511,PR identity,Routine,250,250,False
1984,prchunk_6f10396039269f42a6ff,prdoc_a4ea7014ac1ace8f5d0a,pallets/flask,5511,PR description,Routine,232,232,False
1985,prchunk_ab4f279878b2accdb84a,prdoc_a4ea7014ac1ace8f5d0a,pallets/flask,5511,Change evidence,Routine,409,409,False
1986,prchunk_470bde5d873266a599b5,prdoc_a4ea7014ac1ace8f5d0a,pallets/flask,5511,Predictive intelligence,Routine,470,470,False
1987,prchunk_a92cc3e80002774ad60c,prdoc_a4ea7014ac1ace8f5d0a,pallets/flask,5511,Deterministic policy intelligence,Routine,442,442,False
1988,prchunk_bbc5f951261c4337c123,prdoc_a4ea7014ac1ace8f5d0a,pallets/flask,5511,Unified review priority,Routine,310,310,False
1989,prchunk_746ea5ecafa109e2be5c,prdoc_fecdb8f0c8e863418a72,pallets/flask,5735,PR identity,Routine,322,322,False
1990,prchunk_d2e7af5b34aa4571f53e,prdoc_fecdb8f0c8e863418a72,pallets/flask,5735,PR description,Routine,1233,1233,False
1991,prchunk_cb41630f2a5e9d30e53e,prdoc_fecdb8f0c8e863418a72,pallets/flask,5735,Change evidence,Routine,405,405,False
1992,prchunk_c02032446b3ae45ea815,prdoc_fecdb8f0c8e863418a72,pallets/flask,5735,Predictive intelligence,Routine,474,474,False
1993,prchunk_0412b966c6c3135c5838,prdoc_fecdb8f0c8e863418a72,pallets/flask,5735,Deterministic policy intelligence,Routine,328,328,False
1994,prchunk_bb8598cd1032e032a769,prdoc_fecdb8f0c8e863418a72,pallets/flask,5735,Unified review priority,Routine,314,314,False
1995,prchunk_9382ac65a484043d7b6f,prdoc_4106327c50415e5094ac,pallets/flask,2855,PR identity,Routine,268,268,False
1996,prchunk_54170ce5d5817e92fd41,prdoc_4106327c50415e5094ac,pallets/flask,2855,PR description,Routine,232,232,False
1997,prchunk_9707aa92df3f7472005d,prdoc_4106327c50415e5094ac,pallets/flask,2855,Change evidence,Routine,405,405,False
1998,prchunk_49eb18735de25e4927b9,prdoc_4106327c50415e5094ac,pallets/flask,2855,Predictive intelligence,Routine,474,474,False
1999,prchunk_d3be217e0936a3bc7bf6,prdoc_4106327c50415e5094ac,pallets/flask,2855,Deterministic policy intelligence,Routine,321,321,False
2000,prchunk_9782036508f83fee7420,prdoc_4106327c50415e5094ac,pallets/flask,2855,Unified review priority,Routine,314,314,False
2001,prchunk_b905bb7a214058f1ecde,prdoc_715734a94b9c0ec9d84c,pallets/flask,3280,PR identity,Routine,250,250,False
2002,prchunk_0159ed391aa5ccc157db,prdoc_715734a94b9c0ec9d84c,pallets/flask,3280,PR description,Routine,264,264,False
2003,prchunk_5411c30766eb54493210,prdoc_715734a94b9c0ec9d84c,pallets/flask,3280,Change evidence,Routine,403,403,False
2004,prchunk_984d401716fc5acd4196,prdoc_715734a94b9c0ec9d84c,pallets/flask,3280,Predictive intelligence,Routine,474,474,False
2005,prchunk_596fec214d39d82629da,prdoc_715734a94b9c0ec9d84c,pallets/flask,3280,Deterministic policy intelligence,Routine,321,321,False
2006,prchunk_df3db4496db308b51fe3,prdoc_715734a94b9c0ec9d84c,pallets/flask,3280,Unified review priority,Routine,314,314,False
2007,prchunk_0aaabd7dde6353aa12ce,prdoc_cc00102cdcdd5e87ec12,pallets/flask,3296,PR identity,Routine,290,290,False
2008,prchunk_85cedc458e139c97f0ce,prdoc_cc00102cdcdd5e87ec12,pallets/flask,3296,PR description,Routine,478,478,False
2009,prchunk_4aa5f09c3c87d8a175c6,prdoc_cc00102cdcdd5e87ec12,pallets/flask,3296,Change evidence,Routine,404,404,False
2010,prchunk_8df2f34f99965541261d,prdoc_cc00102cdcdd5e87ec12,pallets/flask,3296,Predictive intelligence,Routine,474,474,False
2011,prchunk_02d4535685cba1b8fb7d,prdoc_cc00102cdcdd5e87ec12,pallets/flask,3296,Deterministic policy intelligence,Routine,321,321,False
2012,prchunk_33cff14142adeada0dfd,prdoc_cc00102cdcdd5e87ec12,pallets/flask,3296,Unified review priority,Routine,314,314,False
2013,prchunk_dfa6eeabc7f7bcadec8f,prdoc_bd93402271b93edd815d,pallets/flask,4560,PR identity,Routine,288,288,False
2014,prchunk_e846f74ade5f8ec761a7,prdoc_bd93402271b93edd815d,pallets/flask,4560,PR description,Routine,199,199,False
2015,prchunk_c242d94f17b2bca3d6d7,prdoc_bd93402271b93edd815d,pallets/flask,4560,Change evidence,Routine,405,405,False
2016,prchunk_e7ddd80f012a2bb1fecd,prdoc_bd93402271b93edd815d,pallets/flask,4560,Predictive intelligence,Routine,414,414,False
2017,prchunk_4036b29cffa14a80110e,prdoc_bd93402271b93edd815d,pallets/flask,4560,Deterministic policy intelligence,Routine,442,442,False
2018,prchunk_5d35150f1f20368429df,prdoc_bd93402271b93edd815d,pallets/flask,4560,Unified review priority,Routine,310,310,False
2019,prchunk_9ead62da3a38c0a55f9e,prdoc_2f31646f6a2b0122b794,pallets/flask,4927,PR identity,Routine,254,254,False
2020,prchunk_fe065dc87ffea9dc3aaa,prdoc_2f31646f6a2b0122b794,pallets/flask,4927,PR description,Routine,372,372,False
2021,prchunk_f266d23c34a4a32af1a1,prdoc_2f31646f6a2b0122b794,pallets/flask,4927,Change evidence,Routine,403,403,False
2022,prchunk_9d81ce6438dd8a8ccb2b,prdoc_2f31646f6a2b0122b794,pallets/flask,4927,Predictive intelligence,Routine,474,474,False
2023,prchunk_34ae14c7369b7f9e9239,prdoc_2f31646f6a2b0122b794,pallets/flask,4927,Deterministic policy intelligence,Routine,321,321,False
2024,prchunk_7648f139931a4781846f,prdoc_2f31646f6a2b0122b794,pallets/flask,4927,Unified review priority,Routine,314,314,False
2025,prchunk_239ea9082fe24f1364ae,prdoc_bf4d8011d5d70507db6b,pallets/flask,3989,PR identity,Routine,255,255,False
2026,prchunk_9c16fbca66ad53d03317,prdoc_bf4d8011d5d70507db6b,pallets/flask,3989,PR description,Routine,579,579,False
2027,prchunk_8f5309965d222f756272,prdoc_bf4d8011d5d70507db6b,pallets/flask,3989,Change evidence,Routine,407,407,False
2028,prchunk_8cbc6fc3287e983df77e,prdoc_bf4d8011d5d70507db6b,pallets/flask,3989,Predictive intelligence,Routine,414,414,False
2029,prchunk_9db868eb3acd25747eff,prdoc_bf4d8011d5d70507db6b,pallets/flask,3989,Deterministic policy intelligence,Routine,328,328,False
2030,prchunk_624551dc117ab51f279b,prdoc_bf4d8011d5d70507db6b,pallets/flask,3989,Unified review priority,Routine,310,310,False
2031,prchunk_94b13d4ad4cc5cea23bd,prdoc_3d6c96ab51649dfde95e,pallets/flask,5482,PR identity,Routine,319,319,False
2032,prchunk_e5d10a7071e0f51c301c,prdoc_3d6c96ab51649dfde95e,pallets/flask,5482,PR description,Routine,570,570,False
2033,prchunk_faf2f1df846ae47a10ed,prdoc_3d6c96ab51649dfde95e,pallets/flask,5482,Change evidence,Routine,404,404,False
2034,prchunk_bd40a2b0eabf0f6adc65,prdoc_3d6c96ab51649dfde95e,pallets/flask,5482,Predictive intelligence,Routine,474,474,False
2035,prchunk_b1b5bd5110ef197523b6,prdoc_3d6c96ab51649dfde95e,pallets/flask,5482,Deterministic policy intelligence,Routine,328,328,False
2036,prchunk_c4dbea07bb8d5a530060,prdoc_3d6c96ab51649dfde95e,pallets/flask,5482,Unified review priority,Routine,314,314,False
2037,prchunk_a54ed6a54016d6ba61b6,prdoc_8d12cf78e5983749b08e,pallets/flask,2910,PR identity,Routine,278,278,False
2038,prchunk_9096984ccdc16e09230d,prdoc_8d12cf78e5983749b08e,pallets/flask,2910,PR description,Routine,897,897,False
2039,prchunk_6a5221994c26a26d6ca7,prdoc_8d12cf78e5983749b08e,pallets/flask,2910,Change evidence,Routine,403,403,False
2040,prchunk_2f732b67e4cc6fef2d2f,prdoc_8d12cf78e5983749b08e,pallets/flask,2910,Predictive intelligence,Routine,418,418,False
2041,prchunk_042f86b714870cb15493,prdoc_8d12cf78e5983749b08e,pallets/flask,2910,Deterministic policy intelligence,Routine,320,320,False
2042,prchunk_3e773bb2e289b6e21718,prdoc_8d12cf78e5983749b08e,pallets/flask,2910,Unified review priority,Routine,314,314,False
2043,prchunk_21946b8ad5bbfb9811a3,prdoc_6a1f2abda9dffdb4fa7f,pallets/flask,3149,PR identity,Routine,257,257,False
2044,prchunk_4c364543e85ee77f79b4,prdoc_6a1f2abda9dffdb4fa7f,pallets/flask,3149,PR description,Routine,497,497,False
2045,prchunk_bc2bd06798175f8aba88,prdoc_6a1f2abda9dffdb4fa7f,pallets/flask,3149,Change evidence,Routine,403,403,False
2046,prchunk_62300805c3bd92ee5e8e,prdoc_6a1f2abda9dffdb4fa7f,pallets/flask,3149,Predictive intelligence,Routine,474,474,False
2047,prchunk_af2ef87b9de484e541fe,prdoc_6a1f2abda9dffdb4fa7f,pallets/flask,3149,Deterministic policy intelligence,Routine,321,321,False
2048,prchunk_5a885dbbd8d5699d53d0,prdoc_6a1f2abda9dffdb4fa7f,pallets/flask,3149,Unified review priority,Routine,314,314,False
2049,prchunk_7652fb4dc82f3580361f,prdoc_ce1a1d107d9e5102e4c9,pallets/flask,5526,PR identity,Routine,281,281,False
2050,prchunk_8d65adfd65ec70b6c9b0,prdoc_ce1a1d107d9e5102e4c9,pallets/flask,5526,PR description,Routine,352,352,False
2051,prchunk_c5862e975c59536be07a,prdoc_ce1a1d107d9e5102e4c9,pallets/flask,5526,Change evidence,Routine,406,406,False
2052,prchunk_38f7823cf0b7954eb3f3,prdoc_ce1a1d107d9e5102e4c9,pallets/flask,5526,Predictive intelligence,Routine,414,414,False
2053,prchunk_1c42bc30ca59395b70ad,prdoc_ce1a1d107d9e5102e4c9,pallets/flask,5526,Deterministic policy intelligence,Routine,442,442,False
2054,prchunk_251ae101aac7c72807f9,prdoc_ce1a1d107d9e5102e4c9,pallets/flask,5526,Unified review priority,Routine,310,310,False
2055,prchunk_54863d383c33a69f42e0,prdoc_bbff03a89af932814bbe,pallets/flask,3030,PR identity,Routine,286,286,False
2056,prchunk_9b099b233f53bc0d9199,prdoc_bbff03a89af932814bbe,pallets/flask,3030,PR description,Routine,308,308,False
2057,prchunk_6ffa34d2a9738f9daa23,prdoc_bbff03a89af932814bbe,pallets/flask,3030,Change evidence,Routine,404,404,False
2058,prchunk_b175f901ea5a26aa8d6f,prdoc_bbff03a89af932814bbe,pallets/flask,3030,Predictive intelligence,Routine,474,474,False
2059,prchunk_e491c0d4f476310e9c0e,prdoc_bbff03a89af932814bbe,pallets/flask,3030,Deterministic policy intelligence,Routine,321,321,False
2060,prchunk_95e9cbbf92eb1081ccdb,prdoc_bbff03a89af932814bbe,pallets/flask,3030,Unified review priority,Routine,314,314,False
2061,prchunk_732d71d7372e4c4aac66,prdoc_a366fd08e4488b5371f7,pallets/flask,3460,PR identity,Routine,290,290,False
2062,prchunk_a78a3c175fa446868ea9,prdoc_a366fd08e4488b5371f7,pallets/flask,3460,PR description,Routine,680,260,True
2063,prchunk_78780f33f5f99a589df4,prdoc_a366fd08e4488b5371f7,pallets/flask,3460,Change evidence,Routine,403,403,False
2064,prchunk_3d460f63a8fd4531b32b,prdoc_a366fd08e4488b5371f7,pallets/flask,3460,Predictive intelligence,Routine,426,426,False
2065,prchunk_baba64d78f4a2e7affb1,prdoc_a366fd08e4488b5371f7,pallets/flask,3460,Deterministic policy intelligence,Routine,320,320,False
2066,prchunk_bfea710e105bb2ef3159,prdoc_a366fd08e4488b5371f7,pallets/flask,3460,Unified review priority,Routine,311,311,False
2067,prchunk_5d38a82a6f0360372364,prdoc_797cbb63fce249bb8f28,pallets/flask,3432,PR identity,Routine,288,288,False
2068,prchunk_104394a493b715132d70,prdoc_797cbb63fce249bb8f28,pallets/flask,3432,PR description,Routine,241,241,False
2069,prchunk_98bc46cca0a5ca66d249,prdoc_797cbb63fce249bb8f28,pallets/flask,3432,Change evidence,Routine,405,405,False
2070,prchunk_6b55f1519bc29ecdc416,prdoc_797cbb63fce249bb8f28,pallets/flask,3432,Predictive intelligence,Routine,474,474,False
2071,prchunk_a7aaeef3e24213db6101,prdoc_797cbb63fce249bb8f28,pallets/flask,3432,Deterministic policy intelligence,Routine,321,321,False
2072,prchunk_0a1ab4b5f59d5a4c3588,prdoc_797cbb63fce249bb8f28,pallets/flask,3432,Unified review priority,Routine,314,314,False
2073,prchunk_e9b6591e599a8f4a03ba,prdoc_d7aca7a1a0690d6bd8aa,pallets/flask,3703,PR identity,Routine,251,251,False
2074,prchunk_627f75067b046ffa7adc,prdoc_d7aca7a1a0690d6bd8aa,pallets/flask,3703,PR description,Routine,239,239,False
2075,prchunk_7e2fb7153c86056a78ee,prdoc_d7aca7a1a0690d6bd8aa,pallets/flask,3703,Change evidence,Routine,403,403,False
2076,prchunk_aa5deda807b59f299bad,prdoc_d7aca7a1a0690d6bd8aa,pallets/flask,3703,Predictive intelligence,Routine,474,474,False
2077,prchunk_4372215cd0728e0110e5,prdoc_d7aca7a1a0690d6bd8aa,pallets/flask,3703,Deterministic policy intelligence,Routine,321,321,False
2078,prchunk_ae0cc930d987caf6af4b,prdoc_d7aca7a1a0690d6bd8aa,pallets/flask,3703,Unified review priority,Routine,314,314,False
2079,prchunk_4fa2731cfbda1ad34f08,prdoc_429712bdc971d2a75ed9,pallets/flask,5898,PR identity,Routine,262,262,False
2080,prchunk_da23ee3fdf0f2606bf8c,prdoc_429712bdc971d2a75ed9,pallets/flask,5898,PR description,Routine,176,176,False
2081,prchunk_07e0a6549f63b57a31ca,prdoc_429712bdc971d2a75ed9,pallets/flask,5898,Change evidence,Routine,405,405,False
2082,prchunk_9255ef91f18eb8c773a5,prdoc_429712bdc971d2a75ed9,pallets/flask,5898,Predictive intelligence,Routine,414,414,False
2083,prchunk_631b195228beae874bcb,prdoc_429712bdc971d2a75ed9,pallets/flask,5898,Deterministic policy intelligence,Routine,321,321,False
2084,prchunk_0b5a4e205d1d9f4a5396,prdoc_429712bdc971d2a75ed9,pallets/flask,5898,Unified review priority,Routine,310,310,False
2085,prchunk_c2ebdcc08ed71524a7bc,prdoc_a11d783cecf1fba0fa9a,pallets/flask,5829,PR identity,Routine,257,257,False
2086,prchunk_143b15e784bc4ce5fbd3,prdoc_a11d783cecf1fba0fa9a,pallets/flask,5829,PR description,Routine,191,191,False
2087,prchunk_352015b76793ff7873e2,prdoc_a11d783cecf1fba0fa9a,pallets/flask,5829,Change evidence,Routine,404,404,False
2088,prchunk_fdde39f185fb69d30628,prdoc_a11d783cecf1fba0fa9a,pallets/flask,5829,Predictive intelligence,Routine,414,414,False
2089,prchunk_d75f7dbef385bee0c2c5,prdoc_a11d783cecf1fba0fa9a,pallets/flask,5829,Deterministic policy intelligence,Routine,321,321,False
2090,prchunk_160a37476acd89791cb8,prdoc_a11d783cecf1fba0fa9a,pallets/flask,5829,Unified review priority,Routine,310,310,False
2091,prchunk_fa32226a06638c533df4,prdoc_a5f11235470fc8375829,pallets/flask,4184,PR identity,Routine,281,281,False
2092,prchunk_ce52c8a32aea97c69f49,prdoc_a5f11235470fc8375829,pallets/flask,4184,PR description,Routine,3100,3100,False
2093,prchunk_fd4f8368f87b8d653d2e,prdoc_a5f11235470fc8375829,pallets/flask,4184,PR description,Routine,1426,1426,False
2094,prchunk_6a0a549c176c08b39be5,prdoc_a5f11235470fc8375829,pallets/flask,4184,PR description,Routine,527,527,False
2095,prchunk_f8fbfc35091287f96b01,prdoc_a5f11235470fc8375829,pallets/flask,4184,Change evidence,Routine,407,407,False
2096,prchunk_abf53e81fbb43d8832f7,prdoc_a5f11235470fc8375829,pallets/flask,4184,Predictive intelligence,Routine,414,414,False
2097,prchunk_7df916612b4e3f7f706a,prdoc_a5f11235470fc8375829,pallets/flask,4184,Deterministic policy intelligence,Routine,328,328,False
2098,prchunk_f5e15e266c14b862d3e1,prdoc_a5f11235470fc8375829,pallets/flask,4184,Unified review priority,Routine,310,310,False
2099,prchunk_54017b2372a3a0f32532,prdoc_d9c78764bba659217350,pallets/flask,5402,PR identity,Routine,267,267,False
2100,prchunk_b93065a756619da10496,prdoc_d9c78764bba659217350,pallets/flask,5402,PR description,Routine,386,386,False
2101,prchunk_6ed8d4db0febd35fef0a,prdoc_d9c78764bba659217350,pallets/flask,5402,Change evidence,Routine,403,403,False
2102,prchunk_32273cc671a74dda909c,prdoc_d9c78764bba659217350,pallets/flask,5402,Predictive intelligence,Routine,474,474,False
2103,prchunk_ea023d73528a92e06f15,prdoc_d9c78764bba659217350,pallets/flask,5402,Deterministic policy intelligence,Routine,321,321,False
2104,prchunk_4c9f5778a089e89b7456,prdoc_d9c78764bba659217350,pallets/flask,5402,Unified review priority,Routine,314,314,False
2105,prchunk_2ff604050084bfb88e6b,prdoc_7dc31c679cb6d797820a,pallets/flask,5634,PR identity,Routine,335,335,False
2106,prchunk_6eab24d800a423b2ef35,prdoc_7dc31c679cb6d797820a,pallets/flask,5634,PR description,Routine,744,744,False
2107,prchunk_6f2bf472a82c58065c7d,prdoc_7dc31c679cb6d797820a,pallets/flask,5634,Change evidence,Routine,406,406,False
2108,prchunk_d00f6d06b3fd3617085b,prdoc_7dc31c679cb6d797820a,pallets/flask,5634,Predictive intelligence,Routine,414,414,False
2109,prchunk_85f44ca8211cd3533939,prdoc_7dc31c679cb6d797820a,pallets/flask,5634,Deterministic policy intelligence,Routine,328,328,False
2110,prchunk_075309a36101d43107db,prdoc_7dc31c679cb6d797820a,pallets/flask,5634,Unified review priority,Routine,310,310,False
2111,prchunk_99505ffc7288d73f561d,prdoc_d30f11f2460c38abfa2c,pallets/flask,2871,PR identity,Routine,299,299,False
2112,prchunk_a1fbfa158cd35f486a7e,prdoc_d30f11f2460c38abfa2c,pallets/flask,2871,PR description,Routine,248,248,False
2113,prchunk_3cc09c274c9084831952,prdoc_d30f11f2460c38abfa2c,pallets/flask,2871,Change evidence,Routine,406,406,False
2114,prchunk_dd545e6f34b5cbd4e076,prdoc_d30f11f2460c38abfa2c,pallets/flask,2871,Predictive intelligence,Routine,474,474,False
2115,prchunk_8f3b2247c017cc7fa41c,prdoc_d30f11f2460c38abfa2c,pallets/flask,2871,Deterministic policy intelligence,Routine,321,321,False
2116,prchunk_298aa0b2137c8f3814dd,prdoc_d30f11f2460c38abfa2c,pallets/flask,2871,Unified review priority,Routine,314,314,False
2117,prchunk_6efc9a9cd9cf9012d28f,prdoc_28b6c19e6559fdfd9073,pallets/flask,4673,PR identity,Routine,257,257,False
2118,prchunk_c564d98544c7953c13f1,prdoc_28b6c19e6559fdfd9073,pallets/flask,4673,PR description,Routine,192,192,False
2119,prchunk_efba27a8ffbc87ab6534,prdoc_28b6c19e6559fdfd9073,pallets/flask,4673,Change evidence,Routine,403,403,False
2120,prchunk_9ec27a489d855202ce79,prdoc_28b6c19e6559fdfd9073,pallets/flask,4673,Predictive intelligence,Routine,470,470,False
2121,prchunk_eefd08333397f5ba35f6,prdoc_28b6c19e6559fdfd9073,pallets/flask,4673,Deterministic policy intelligence,Routine,328,328,False
2122,prchunk_30651aa04905519bac20,prdoc_28b6c19e6559fdfd9073,pallets/flask,4673,Unified review priority,Routine,310,310,False
2123,prchunk_d7daff5dcf51b67609c0,prdoc_e9ce0ef5c372ee48aa83,pallets/flask,3274,PR identity,Routine,250,250,False
2124,prchunk_12b693ab1c21768dfd1a,prdoc_e9ce0ef5c372ee48aa83,pallets/flask,3274,PR description,Routine,181,181,False
2125,prchunk_55a6a86f89a47cba31b9,prdoc_e9ce0ef5c372ee48aa83,pallets/flask,3274,Change evidence,Routine,404,404,False
2126,prchunk_c9b1291be29047b7699d,prdoc_e9ce0ef5c372ee48aa83,pallets/flask,3274,Predictive intelligence,Routine,413,413,False
2127,prchunk_aac95d6383412ccc19bf,prdoc_e9ce0ef5c372ee48aa83,pallets/flask,3274,Deterministic policy intelligence,Routine,328,328,False
2128,prchunk_8fdaaea4a31a50f77882,prdoc_e9ce0ef5c372ee48aa83,pallets/flask,3274,Unified review priority,Routine,310,310,False
2129,prchunk_287e466352bc3fd62436,prdoc_4beb9f91973e403e7744,pallets/flask,5141,PR identity,Routine,243,243,False
2130,prchunk_6916bbee6dae7a0fe14e,prdoc_4beb9f91973e403e7744,pallets/flask,5141,PR description,Routine,1024,517,True
2131,prchunk_df48f0ea282b28d15f6a,prdoc_4beb9f91973e403e7744,pallets/flask,5141,PR description,Routine,225,225,False
2132,prchunk_2de8838cc8513385bd40,prdoc_4beb9f91973e403e7744,pallets/flask,5141,Change evidence,Routine,404,404,False
2133,prchunk_2bd3ab6b594a767114a5,prdoc_4beb9f91973e403e7744,pallets/flask,5141,Predictive intelligence,Routine,473,473,False
2134,prchunk_fa20e863e4680fc44289,prdoc_4beb9f91973e403e7744,pallets/flask,5141,Deterministic policy intelligence,Routine,320,320,False
2135,prchunk_864458d854c0711f8f28,prdoc_4beb9f91973e403e7744,pallets/flask,5141,Unified review priority,Routine,314,314,False
2136,prchunk_6b6cef8ec4d6ddf4c7fa,prdoc_de64db89a6e56417b4b0,pallets/flask,5194,PR identity,Routine,254,254,False
2137,prchunk_c8a873f9f8304cc8784c,prdoc_de64db89a6e56417b4b0,pallets/flask,5194,PR description,Routine,1042,535,True
2138,prchunk_e809ec460051488489c0,prdoc_de64db89a6e56417b4b0,pallets/flask,5194,PR description,Routine,241,241,False
2139,prchunk_6f251d08d759680b217e,prdoc_de64db89a6e56417b4b0,pallets/flask,5194,Change evidence,Routine,404,404,False
2140,prchunk_5feaeb13aeef412fd474,prdoc_de64db89a6e56417b4b0,pallets/flask,5194,Predictive intelligence,Routine,473,473,False
2141,prchunk_cfd867fefe39a0c1f8bb,prdoc_de64db89a6e56417b4b0,pallets/flask,5194,Deterministic policy intelligence,Routine,320,320,False
2142,prchunk_ce9ecaa376f50cf559d3,prdoc_de64db89a6e56417b4b0,pallets/flask,5194,Unified review priority,Routine,314,314,False
2143,prchunk_cc51f13a5f6bc3059bb5,prdoc_829ebcae4692a4fe499e,pallets/flask,4685,PR identity,Routine,266,266,False
2144,prchunk_b7e5d1c180e850b44477,prdoc_829ebcae4692a4fe499e,pallets/flask,4685,PR description,Routine,209,209,False
2145,prchunk_38ed99c39ee92b118cf2,prdoc_829ebcae4692a4fe499e,pallets/flask,4685,Change evidence,Routine,406,406,False
2146,prchunk_5f710faea3161137fd21,prdoc_829ebcae4692a4fe499e,pallets/flask,4685,Predictive intelligence,Routine,414,414,False
2147,prchunk_570626e7362481ffd92b,prdoc_829ebcae4692a4fe499e,pallets/flask,4685,Deterministic policy intelligence,Routine,442,442,False
2148,prchunk_3968ff9ec80aabdcbc8e,prdoc_829ebcae4692a4fe499e,pallets/flask,4685,Unified review priority,Routine,310,310,False
2149,prchunk_e311875bf81f801b1def,prdoc_a4447a84339ac847f433,pallets/flask,5522,PR identity,Routine,255,255,False
2150,prchunk_c7f7c6dc3d47449c3e74,prdoc_a4447a84339ac847f433,pallets/flask,5522,PR description,Routine,993,178,True
2151,prchunk_6a803d6c9852b5775508,prdoc_a4447a84339ac847f433,pallets/flask,5522,Change evidence,Routine,403,403,False
2152,prchunk_8f1caf1b0469c6d26589,prdoc_a4447a84339ac847f433,pallets/flask,5522,Predictive intelligence,Routine,418,418,False
2153,prchunk_67fc83a3d924f95de108,prdoc_a4447a84339ac847f433,pallets/flask,5522,Deterministic policy intelligence,Routine,320,320,False
2154,prchunk_6e4882cd902646ee6c89,prdoc_a4447a84339ac847f433,pallets/flask,5522,Unified review priority,Routine,314,314,False
2155,prchunk_292711974c5e5d1d64aa,prdoc_998145687991f4e17868,pallets/flask,5797,PR identity,Routine,278,278,False
2156,prchunk_4c8854b656db81f81619,prdoc_998145687991f4e17868,pallets/flask,5797,PR description,Routine,518,518,False
2157,prchunk_33554be6ef7fab2694d1,prdoc_998145687991f4e17868,pallets/flask,5797,Change evidence,Routine,405,405,False
2158,prchunk_ac2119c8ecce7023af6c,prdoc_998145687991f4e17868,pallets/flask,5797,Predictive intelligence,Routine,414,414,False
2159,prchunk_70a60b50b9a5a0ab2952,prdoc_998145687991f4e17868,pallets/flask,5797,Deterministic policy intelligence,Routine,328,328,False
2160,prchunk_2ff7e2449887bc88cd53,prdoc_998145687991f4e17868,pallets/flask,5797,Unified review priority,Routine,310,310,False
2161,prchunk_4e572c240d479dbfbd48,prdoc_b188fb9b4c45768ee08f,pallets/flask,5024,PR identity,Routine,256,256,False
2162,prchunk_4829e0094495a26e2eee,prdoc_b188fb9b4c45768ee08f,pallets/flask,5024,PR description,Routine,191,191,False
2163,prchunk_48e9519e694688404288,prdoc_b188fb9b4c45768ee08f,pallets/flask,5024,Change evidence,Routine,403,403,False
2164,prchunk_4c8bdbfc792f5f12494e,prdoc_b188fb9b4c45768ee08f,pallets/flask,5024,Predictive intelligence,Routine,414,414,False
2165,prchunk_d0936b29f4fbdca03239,prdoc_b188fb9b4c45768ee08f,pallets/flask,5024,Deterministic policy intelligence,Routine,328,328,False
2166,prchunk_dbbab7db205cfaaa4501,prdoc_b188fb9b4c45768ee08f,pallets/flask,5024,Unified review priority,Routine,310,310,False
2167,prchunk_2d402ea8d9a295a6802c,prdoc_cce28b78c8df3b56d298,pallets/flask,3975,PR identity,Routine,285,285,False
2168,prchunk_e38f444e8a72476b1936,prdoc_cce28b78c8df3b56d298,pallets/flask,3975,PR description,Routine,1189,1189,False
2169,prchunk_8db23a7850614b8683df,prdoc_cce28b78c8df3b56d298,pallets/flask,3975,Change evidence,Routine,406,406,False
2170,prchunk_20968b15103e3a01c99e,prdoc_cce28b78c8df3b56d298,pallets/flask,3975,Predictive intelligence,Routine,474,474,False
2171,prchunk_42d91b58c57f739a345b,prdoc_cce28b78c8df3b56d298,pallets/flask,3975,Deterministic policy intelligence,Routine,328,328,False
2172,prchunk_3046568e9c5b8fd3b76a,prdoc_cce28b78c8df3b56d298,pallets/flask,3975,Unified review priority,Routine,314,314,False
2173,prchunk_cf730cc313305488db92,prdoc_61fe62e4a7e1c362818c,pallets/flask,3042,PR identity,Routine,249,249,False
2174,prchunk_b610d9fb0993594cdb45,prdoc_61fe62e4a7e1c362818c,pallets/flask,3042,PR description,Routine,156,156,False
2175,prchunk_1c7c16fdb6737bc04e61,prdoc_61fe62e4a7e1c362818c,pallets/flask,3042,Change evidence,Routine,403,403,False
2176,prchunk_9d061491ab9460059037,prdoc_61fe62e4a7e1c362818c,pallets/flask,3042,Predictive intelligence,Routine,474,474,False
2177,prchunk_c518f70851e6cda91d05,prdoc_61fe62e4a7e1c362818c,pallets/flask,3042,Deterministic policy intelligence,Routine,321,321,False
2178,prchunk_0d67a100c5be05129ea3,prdoc_61fe62e4a7e1c362818c,pallets/flask,3042,Unified review priority,Routine,314,314,False
2179,prchunk_b84bd75a943783060a49,prdoc_aee0c22edcfa05c30d3c,pallets/flask,5911,PR identity,Routine,302,302,False
2180,prchunk_26af23aabb0fd7f08127,prdoc_aee0c22edcfa05c30d3c,pallets/flask,5911,PR description,Routine,543,543,False
2181,prchunk_a349f0253db81d2a84c4,prdoc_aee0c22edcfa05c30d3c,pallets/flask,5911,Change evidence,Routine,404,404,False
2182,prchunk_97a7da2ec5b7dbe5a1a8,prdoc_aee0c22edcfa05c30d3c,pallets/flask,5911,Predictive intelligence,Routine,474,474,False
2183,prchunk_d7df3ac63cca09f1e2d7,prdoc_aee0c22edcfa05c30d3c,pallets/flask,5911,Deterministic policy intelligence,Routine,321,321,False
2184,prchunk_b061a02f64766cf8238a,prdoc_aee0c22edcfa05c30d3c,pallets/flask,5911,Unified review priority,Routine,314,314,False
2185,prchunk_ee3d4e4117acfd7e4ad7,prdoc_6947ed1576697b19b35a,pallets/flask,4781,PR identity,Routine,251,251,False
2186,prchunk_2c587b934f8deea7e77d,prdoc_6947ed1576697b19b35a,pallets/flask,4781,PR description,Routine,1055,548,True
2187,prchunk_a5596588fabfa5a2023e,prdoc_6947ed1576697b19b35a,pallets/flask,4781,PR description,Routine,211,211,False
2188,prchunk_b636592bc5262269ff93,prdoc_6947ed1576697b19b35a,pallets/flask,4781,Change evidence,Routine,404,404,False
2189,prchunk_e3d335a6832271fbe856,prdoc_6947ed1576697b19b35a,pallets/flask,4781,Predictive intelligence,Routine,473,473,False
2190,prchunk_8c0a7a8e433b915e9cac,prdoc_6947ed1576697b19b35a,pallets/flask,4781,Deterministic policy intelligence,Routine,320,320,False
2191,prchunk_bec1cbfa0ea09714e3a0,prdoc_6947ed1576697b19b35a,pallets/flask,4781,Unified review priority,Routine,314,314,False
2192,prchunk_9c587fe5a9402c59cbb0,prdoc_619555feb26f9db61cd1,pallets/flask,3109,PR identity,Routine,259,259,False
2193,prchunk_14941288135c2e812b0c,prdoc_619555feb26f9db61cd1,pallets/flask,3109,PR description,Routine,245,245,False
2194,prchunk_5fa9db6a1440c9404c4c,prdoc_619555feb26f9db61cd1,pallets/flask,3109,Change evidence,Routine,404,404,False
2195,prchunk_b7363c885c29f82bb816,prdoc_619555feb26f9db61cd1,pallets/flask,3109,Predictive intelligence,Routine,474,474,False
2196,prchunk_6788bb0360c559963ae1,prdoc_619555feb26f9db61cd1,pallets/flask,3109,Deterministic policy intelligence,Routine,321,321,False
2197,prchunk_f2201200f74ab20b883a,prdoc_619555feb26f9db61cd1,pallets/flask,3109,Unified review priority,Routine,314,314,False
2198,prchunk_c1d74bcd88ba151c873c,prdoc_0aac91ef09e5d9086c30,pallets/flask,3309,PR identity,Routine,275,275,False
2199,prchunk_92c8c298aca8789f4f70,prdoc_0aac91ef09e5d9086c30,pallets/flask,3309,PR description,Routine,684,264,True
2200,prchunk_68eee5c5db865a1a7698,prdoc_0aac91ef09e5d9086c30,pallets/flask,3309,Change evidence,Routine,406,406,False
2201,prchunk_c885c96878f2d82800bc,prdoc_0aac91ef09e5d9086c30,pallets/flask,3309,Predictive intelligence,Routine,473,473,False
2202,prchunk_25175db8950850691593,prdoc_0aac91ef09e5d9086c30,pallets/flask,3309,Deterministic policy intelligence,Routine,320,320,False
2203,prchunk_06738bc966682cbb3334,prdoc_0aac91ef09e5d9086c30,pallets/flask,3309,Unified review priority,Routine,314,314,False
2204,prchunk_231e5bb46321946386cd,prdoc_0c24acd67c0507fe332f,pallets/flask,3802,PR identity,Routine,309,309,False
2205,prchunk_db9237baa4ee8880e1ae,prdoc_0c24acd67c0507fe332f,pallets/flask,3802,PR description,Routine,414,414,False
2206,prchunk_85bb22de68301ab02a3a,prdoc_0c24acd67c0507fe332f,pallets/flask,3802,Change evidence,Routine,403,403,False
2207,prchunk_a9e0454055fceb675011,prdoc_0c24acd67c0507fe332f,pallets/flask,3802,Predictive intelligence,Routine,414,414,False
2208,prchunk_d9f4769b6ab69063794e,prdoc_0c24acd67c0507fe332f,pallets/flask,3802,Deterministic policy intelligence,Routine,321,321,False
2209,prchunk_e050435bd4c5191f652f,prdoc_0c24acd67c0507fe332f,pallets/flask,3802,Unified review priority,Routine,310,310,False
2210,prchunk_b26fb9ed0330488a7c08,prdoc_53aaf019f9b7ce4e2fba,pallets/flask,4598,PR identity,Routine,284,284,False
2211,prchunk_56320201325d04c357ab,prdoc_53aaf019f9b7ce4e2fba,pallets/flask,4598,PR description,Routine,1053,546,True
2212,prchunk_5948c4398a8ddfe13152,prdoc_53aaf019f9b7ce4e2fba,pallets/flask,4598,PR description,Routine,237,237,False
2213,prchunk_aa5847833f189a05f0a1,prdoc_53aaf019f9b7ce4e2fba,pallets/flask,4598,Change evidence,Routine,404,404,False
2214,prchunk_8881f13a3481fcc9d432,prdoc_53aaf019f9b7ce4e2fba,pallets/flask,4598,Predictive intelligence,Routine,473,473,False
2215,prchunk_f40c69413e6a42d20193,prdoc_53aaf019f9b7ce4e2fba,pallets/flask,4598,Deterministic policy intelligence,Routine,320,320,False
2216,prchunk_28bca6531dfb99fa04af,prdoc_53aaf019f9b7ce4e2fba,pallets/flask,4598,Unified review priority,Routine,314,314,False
2217,prchunk_e1ca13c870eae6607681,prdoc_9574717eddb7f6bf29cf,pallets/flask,3407,PR identity,Routine,264,264,False
2218,prchunk_9dce7f57defa0ba1b282,prdoc_9574717eddb7f6bf29cf,pallets/flask,3407,PR description,Routine,464,464,False
2219,prchunk_1046cdb903891373957f,prdoc_9574717eddb7f6bf29cf,pallets/flask,3407,Change evidence,Routine,406,406,False
2220,prchunk_4267434a56514fbcfc55,prdoc_9574717eddb7f6bf29cf,pallets/flask,3407,Predictive intelligence,Routine,474,474,False
2221,prchunk_d1a3fd40414c7ac404f1,prdoc_9574717eddb7f6bf29cf,pallets/flask,3407,Deterministic policy intelligence,Routine,321,321,False
2222,prchunk_5663821c38f7f1681a63,prdoc_9574717eddb7f6bf29cf,pallets/flask,3407,Unified review priority,Routine,314,314,False
2223,prchunk_f9e94f1835e715c36f88,prdoc_24365e03109b2263fed3,pallets/flask,2652,PR identity,Routine,268,268,False
2224,prchunk_edb0d3118af2024df9ea,prdoc_24365e03109b2263fed3,pallets/flask,2652,PR description,Routine,205,205,False
2225,prchunk_bf4a616b5e3a143d882a,prdoc_24365e03109b2263fed3,pallets/flask,2652,Change evidence,Routine,403,403,False
2226,prchunk_a85d9dd842dfd79fa7d0,prdoc_24365e03109b2263fed3,pallets/flask,2652,Predictive intelligence,Routine,413,413,False
2227,prchunk_5d9c5f26bbb23f393bb5,prdoc_24365e03109b2263fed3,pallets/flask,2652,Deterministic policy intelligence,Routine,328,328,False
2228,prchunk_93dfccdd6e2204c02e3d,prdoc_24365e03109b2263fed3,pallets/flask,2652,Unified review priority,Routine,310,310,False
2229,prchunk_aa8c493243204a0d5a81,prdoc_a25e35677bc18302b061,pallets/flask,3419,PR identity,Routine,260,260,False
2230,prchunk_e398d7e6fe4f58a3302d,prdoc_a25e35677bc18302b061,pallets/flask,3419,PR description,Routine,165,165,False
2231,prchunk_854fa96f04cde9b9db06,prdoc_a25e35677bc18302b061,pallets/flask,3419,Change evidence,Routine,404,404,False
2232,prchunk_e968742c65628de39e43,prdoc_a25e35677bc18302b061,pallets/flask,3419,Predictive intelligence,Routine,474,474,False
2233,prchunk_0a249515a1f8d836457b,prdoc_a25e35677bc18302b061,pallets/flask,3419,Deterministic policy intelligence,Routine,321,321,False
2234,prchunk_214a86c8af993bfd784b,prdoc_a25e35677bc18302b061,pallets/flask,3419,Unified review priority,Routine,314,314,False
2235,prchunk_18de16ed087735793637,prdoc_3a5809fb83638a3db417,pallets/flask,2582,PR identity,Routine,260,260,False
2236,prchunk_3d9c8dd778d6db1edcc5,prdoc_3a5809fb83638a3db417,pallets/flask,2582,PR description,Routine,254,254,False
2237,prchunk_0394db3621ff4f356fe1,prdoc_3a5809fb83638a3db417,pallets/flask,2582,Change evidence,Routine,406,406,False
2238,prchunk_db27fc73563633bc9956,prdoc_3a5809fb83638a3db417,pallets/flask,2582,Predictive intelligence,Routine,414,414,False
2239,prchunk_10042d88c340ab0e6c0a,prdoc_3a5809fb83638a3db417,pallets/flask,2582,Deterministic policy intelligence,Routine,321,321,False
2240,prchunk_e95fa9ec8daa833869fe,prdoc_3a5809fb83638a3db417,pallets/flask,2582,Unified review priority,Routine,310,310,False
2241,prchunk_68460c8cab65c4296f16,prdoc_5241af4fc040a8508ae8,pallets/flask,3807,PR identity,Routine,278,278,False
2242,prchunk_e361fc265d726619fca4,prdoc_5241af4fc040a8508ae8,pallets/flask,3807,PR description,Routine,280,280,False
2243,prchunk_63eb6e16ccb36898615c,prdoc_5241af4fc040a8508ae8,pallets/flask,3807,Change evidence,Routine,404,404,False
2244,prchunk_5aba192bc5bacdeb32c8,prdoc_5241af4fc040a8508ae8,pallets/flask,3807,Predictive intelligence,Routine,474,474,False
2245,prchunk_bd5e6f1055142ddd40c4,prdoc_5241af4fc040a8508ae8,pallets/flask,3807,Deterministic policy intelligence,Routine,321,321,False
2246,prchunk_493b0ab6717ebb9ba3d0,prdoc_5241af4fc040a8508ae8,pallets/flask,3807,Unified review priority,Routine,314,314,False
2247,prchunk_173601ecb69f322585bd,prdoc_88f0424d1cf72b432aff,pallets/flask,3001,PR identity,Routine,251,251,False
2248,prchunk_25fec4c4cedae4bab2d7,prdoc_88f0424d1cf72b432aff,pallets/flask,3001,PR description,Routine,621,621,False
2249,prchunk_9fe71c13fab38f32db7e,prdoc_88f0424d1cf72b432aff,pallets/flask,3001,Change evidence,Routine,405,405,False
2250,prchunk_c04b44f26e80c8642b56,prdoc_88f0424d1cf72b432aff,pallets/flask,3001,Predictive intelligence,Routine,474,474,False
2251,prchunk_91ee46221193352e0ee7,prdoc_88f0424d1cf72b432aff,pallets/flask,3001,Deterministic policy intelligence,Routine,328,328,False
2252,prchunk_0a366ec421e89bae73a4,prdoc_88f0424d1cf72b432aff,pallets/flask,3001,Unified review priority,Routine,314,314,False
2253,prchunk_47054f34dae8fab9efcf,prdoc_b88f88a2ea38279d9411,pallets/flask,2753,PR identity,Routine,255,255,False
2254,prchunk_01ba1cc47fa616942793,prdoc_b88f88a2ea38279d9411,pallets/flask,2753,PR description,Routine,262,262,False
2255,prchunk_53ac498f28cd04f11cd8,prdoc_b88f88a2ea38279d9411,pallets/flask,2753,Change evidence,Routine,403,403,False
2256,prchunk_f5e6ff29758b94a27945,prdoc_b88f88a2ea38279d9411,pallets/flask,2753,Predictive intelligence,Routine,474,474,False
2257,prchunk_ba30593b100e4a49a4fa,prdoc_b88f88a2ea38279d9411,pallets/flask,2753,Deterministic policy intelligence,Routine,321,321,False
2258,prchunk_2dcdc241ed3d4718b9dc,prdoc_b88f88a2ea38279d9411,pallets/flask,2753,Unified review priority,Routine,314,314,False
2259,prchunk_00c4652568b841039677,prdoc_cd14e2a02e86d20ccbb6,pallets/flask,5409,PR identity,Routine,279,279,False
2260,prchunk_dd24bc768b5e83b96fa4,prdoc_cd14e2a02e86d20ccbb6,pallets/flask,5409,PR description,Routine,1045,538,True
2261,prchunk_a107c18dd7ff7d2f7f00,prdoc_cd14e2a02e86d20ccbb6,pallets/flask,5409,PR description,Routine,237,237,False
2262,prchunk_7265d55143f7e06c9c01,prdoc_cd14e2a02e86d20ccbb6,pallets/flask,5409,Change evidence,Routine,403,403,False
2263,prchunk_530627c3db822ac5e409,prdoc_cd14e2a02e86d20ccbb6,pallets/flask,5409,Predictive intelligence,Routine,473,473,False
2264,prchunk_be4c3d8abec68ab92fa9,prdoc_cd14e2a02e86d20ccbb6,pallets/flask,5409,Deterministic policy intelligence,Routine,320,320,False
2265,prchunk_9281567d34f1e8a76713,prdoc_cd14e2a02e86d20ccbb6,pallets/flask,5409,Unified review priority,Routine,314,314,False
2266,prchunk_ec0953b343ecb92014e6,prdoc_069b3f58bc82e23320eb,pallets/flask,5225,PR identity,Routine,266,266,False
2267,prchunk_f9b554c183555c60c6ce,prdoc_069b3f58bc82e23320eb,pallets/flask,5225,PR description,Routine,1041,534,True
2268,prchunk_3ef32b651f018c59896f,prdoc_069b3f58bc82e23320eb,pallets/flask,5225,PR description,Routine,228,228,False
2269,prchunk_d0f2ded63f7a8c9bc77c,prdoc_069b3f58bc82e23320eb,pallets/flask,5225,Change evidence,Routine,404,404,False
2270,prchunk_7b481bb4c2b9d16d909b,prdoc_069b3f58bc82e23320eb,pallets/flask,5225,Predictive intelligence,Routine,473,473,False
2271,prchunk_eb4f413233453679859c,prdoc_069b3f58bc82e23320eb,pallets/flask,5225,Deterministic policy intelligence,Routine,320,320,False
2272,prchunk_3d3d2000d0fa4b22aa1e,prdoc_069b3f58bc82e23320eb,pallets/flask,5225,Unified review priority,Routine,314,314,False
2273,prchunk_50b009a7b837568ab5d2,prdoc_75fbda6863c49c1cfb76,pallets/flask,3458,PR identity,Routine,320,320,False
2274,prchunk_b0bae3d023ceae08d03f,prdoc_75fbda6863c49c1cfb76,pallets/flask,3458,PR description,Routine,736,316,True
2275,prchunk_41726ccdae9556eb2ab6,prdoc_75fbda6863c49c1cfb76,pallets/flask,3458,Change evidence,Routine,403,403,False
2276,prchunk_163672fe447c66bfc707,prdoc_75fbda6863c49c1cfb76,pallets/flask,3458,Predictive intelligence,Routine,474,474,False
2277,prchunk_30fe45815f65c1250e5b,prdoc_75fbda6863c49c1cfb76,pallets/flask,3458,Deterministic policy intelligence,Routine,328,328,False
2278,prchunk_e964b0270d42be24b97a,prdoc_75fbda6863c49c1cfb76,pallets/flask,3458,Unified review priority,Routine,314,314,False
2279,prchunk_d3afa689a9a338909aaf,prdoc_7f832ff4619396b7594c,pallets/flask,3337,PR identity,Routine,279,279,False
2280,prchunk_fc30708ddbe655445cf9,prdoc_7f832ff4619396b7594c,pallets/flask,3337,PR description,Routine,1012,592,True
2281,prchunk_844437b160de778b4f79,prdoc_7f832ff4619396b7594c,pallets/flask,3337,Change evidence,Routine,405,405,False
2282,prchunk_475ba07c4193a7c6c8e8,prdoc_7f832ff4619396b7594c,pallets/flask,3337,Predictive intelligence,Routine,473,473,False
2283,prchunk_a3fed378696013b534c9,prdoc_7f832ff4619396b7594c,pallets/flask,3337,Deterministic policy intelligence,Routine,320,320,False
2284,prchunk_57ef9d61eeb5117c7952,prdoc_7f832ff4619396b7594c,pallets/flask,3337,Unified review priority,Routine,314,314,False
2285,prchunk_501f51c0f9c63e7b06db,prdoc_acfe3a3fce6970620294,pallets/flask,5801,PR identity,Routine,271,271,False
2286,prchunk_01cdd74c80954f116407,prdoc_acfe3a3fce6970620294,pallets/flask,5801,PR description,Routine,988,173,True
2287,prchunk_5a6713e4dc48c7d11fea,prdoc_acfe3a3fce6970620294,pallets/flask,5801,Change evidence,Routine,404,404,False
2288,prchunk_82211f3727fdea4373e8,prdoc_acfe3a3fce6970620294,pallets/flask,5801,Predictive intelligence,Routine,473,473,False
2289,prchunk_e0113b2c7943f2b6cdc1,prdoc_acfe3a3fce6970620294,pallets/flask,5801,Deterministic policy intelligence,Routine,320,320,False
2290,prchunk_69846db40402e0db61f4,prdoc_acfe3a3fce6970620294,pallets/flask,5801,Unified review priority,Routine,314,314,False
2291,prchunk_84da511bf54ab42eab07,prdoc_126db7771d0c258dedd2,pallets/flask,3940,PR identity,Routine,258,258,False
2292,prchunk_8dc91b42478daaff1664,prdoc_126db7771d0c258dedd2,pallets/flask,3940,PR description,Routine,264,264,False
2293,prchunk_5d46fa565f6d2fb6d9c9,prdoc_126db7771d0c258dedd2,pallets/flask,3940,Change evidence,Routine,403,403,False
2294,prchunk_ea49362819b2b2997f1f,prdoc_126db7771d0c258dedd2,pallets/flask,3940,Predictive intelligence,Routine,474,474,False
2295,prchunk_4aec2baa1c43310e93b4,prdoc_126db7771d0c258dedd2,pallets/flask,3940,Deterministic policy intelligence,Routine,321,321,False
2296,prchunk_96b4fe24bc0d466e6de9,prdoc_126db7771d0c258dedd2,pallets/flask,3940,Unified review priority,Routine,314,314,False
2297,prchunk_e8bfd7b625d13defcc0b,prdoc_57d908fded6ec4f9f3ad,pallets/flask,3982,PR identity,Routine,254,254,False
2298,prchunk_05c35a952aa85a9de574,prdoc_57d908fded6ec4f9f3ad,pallets/flask,3982,PR description,Routine,170,170,False
2299,prchunk_baaadccc5566d1ff058c,prdoc_57d908fded6ec4f9f3ad,pallets/flask,3982,Change evidence,Routine,403,403,False
2300,prchunk_b50ed43eeb1ba1cfbb2a,prdoc_57d908fded6ec4f9f3ad,pallets/flask,3982,Predictive intelligence,Routine,474,474,False
2301,prchunk_832392a449e3d64cde66,prdoc_57d908fded6ec4f9f3ad,pallets/flask,3982,Deterministic policy intelligence,Routine,321,321,False
2302,prchunk_075de52e05b28bd0add7,prdoc_57d908fded6ec4f9f3ad,pallets/flask,3982,Unified review priority,Routine,314,314,False
2303,prchunk_e2ac02841a9d0f68a09e,prdoc_077f22e9023a0ebc4a37,pallets/flask,3778,PR identity,Routine,270,270,False
2304,prchunk_cd2b4543ab7302e0e19b,prdoc_077f22e9023a0ebc4a37,pallets/flask,3778,PR description,Routine,1358,1358,False
2305,prchunk_0ac2d3acc0bb7fdfbf8c,prdoc_077f22e9023a0ebc4a37,pallets/flask,3778,PR description,Routine,493,493,False
2306,prchunk_2ae8caa188745caa5b27,prdoc_077f22e9023a0ebc4a37,pallets/flask,3778,Change evidence,Routine,404,404,False
2307,prchunk_b1c6f0817afd8d0e4231,prdoc_077f22e9023a0ebc4a37,pallets/flask,3778,Predictive intelligence,Routine,473,473,False
2308,prchunk_5a9ee943ab99e08fc47a,prdoc_077f22e9023a0ebc4a37,pallets/flask,3778,Deterministic policy intelligence,Routine,320,320,False
2309,prchunk_0d7bddaf362ee16ce804,prdoc_077f22e9023a0ebc4a37,pallets/flask,3778,Unified review priority,Routine,314,314,False
2310,prchunk_58c6e252c5a8a0edbf2b,prdoc_46f3c3391c2fd14358e9,pallets/flask,5188,PR identity,Routine,266,266,False
2311,prchunk_6f3b2bc1714f32202f75,prdoc_46f3c3391c2fd14358e9,pallets/flask,5188,PR description,Routine,1047,540,True
2312,prchunk_e62761db9951bbbd8a57,prdoc_46f3c3391c2fd14358e9,pallets/flask,5188,PR description,Routine,247,247,False
2313,prchunk_f84bd9883bcf0327b24a,prdoc_46f3c3391c2fd14358e9,pallets/flask,5188,Change evidence,Routine,404,404,False
2314,prchunk_98e7c389e97d1f84902d,prdoc_46f3c3391c2fd14358e9,pallets/flask,5188,Predictive intelligence,Routine,473,473,False
2315,prchunk_371871dccc36df8fca12,prdoc_46f3c3391c2fd14358e9,pallets/flask,5188,Deterministic policy intelligence,Routine,320,320,False
2316,prchunk_ad1e6b48530f66f362a7,prdoc_46f3c3391c2fd14358e9,pallets/flask,5188,Unified review priority,Routine,314,314,False
2317,prchunk_00fc0fc77df03c171bda,prdoc_3d7a50e26865919347fc,pallets/flask,4970,PR identity,Routine,258,258,False
2318,prchunk_b4a532c0465e0fc620db,prdoc_3d7a50e26865919347fc,pallets/flask,4970,PR description,Routine,1073,566,True
2319,prchunk_6de60a5cac384e916104,prdoc_3d7a50e26865919347fc,pallets/flask,4970,PR description,Routine,225,225,False
2320,prchunk_51881fa5f980047051a5,prdoc_3d7a50e26865919347fc,pallets/flask,4970,Change evidence,Routine,405,405,False
2321,prchunk_430412637755016c1b04,prdoc_3d7a50e26865919347fc,pallets/flask,4970,Predictive intelligence,Routine,473,473,False
2322,prchunk_84477cfaba8fb0513789,prdoc_3d7a50e26865919347fc,pallets/flask,4970,Deterministic policy intelligence,Routine,320,320,False
2323,prchunk_9f14cb3f985e915ad12c,prdoc_3d7a50e26865919347fc,pallets/flask,4970,Unified review priority,Routine,314,314,False
2324,prchunk_6ddd73182de5565a4ffb,prdoc_ef3c5839984745c75de8,pallets/flask,3276,PR identity,Routine,273,273,False
2325,prchunk_5860cd60cc25d7d12713,prdoc_ef3c5839984745c75de8,pallets/flask,3276,PR description,Routine,309,309,False
2326,prchunk_bfb1ef2053e30183e84c,prdoc_ef3c5839984745c75de8,pallets/flask,3276,Change evidence,Routine,404,404,False
2327,prchunk_1c733f0fc09819718e04,prdoc_ef3c5839984745c75de8,pallets/flask,3276,Predictive intelligence,Routine,474,474,False
2328,prchunk_02e8cf708cc6fcd4867f,prdoc_ef3c5839984745c75de8,pallets/flask,3276,Deterministic policy intelligence,Routine,321,321,False
2329,prchunk_a5362783daed8b9162e2,prdoc_ef3c5839984745c75de8,pallets/flask,3276,Unified review priority,Routine,314,314,False
2330,prchunk_d1f2be0b9112df9b81cc,prdoc_16014d9d38408e38434a,pallets/flask,5826,PR identity,Routine,299,299,False
2331,prchunk_415afcdd281da7036288,prdoc_16014d9d38408e38434a,pallets/flask,5826,PR description,Routine,482,482,False
2332,prchunk_8998062e1a5282998ca6,prdoc_16014d9d38408e38434a,pallets/flask,5826,Change evidence,Routine,403,403,False
2333,prchunk_08986c00d595ebdc5db8,prdoc_16014d9d38408e38434a,pallets/flask,5826,Predictive intelligence,Routine,474,474,False
2334,prchunk_ff9c27f8891676109378,prdoc_16014d9d38408e38434a,pallets/flask,5826,Deterministic policy intelligence,Routine,321,321,False
2335,prchunk_73697786fd39998ceaa8,prdoc_16014d9d38408e38434a,pallets/flask,5826,Unified review priority,Routine,314,314,False
2336,prchunk_2a18aa806191804a4ff9,prdoc_0cc00a9f609a0b9f2c87,pallets/flask,3015,PR identity,Routine,279,279,False
2337,prchunk_87c8c70de6e1e1dd5e77,prdoc_0cc00a9f609a0b9f2c87,pallets/flask,3015,PR description,Routine,857,437,True
2338,prchunk_8262cdf508f031922c0f,prdoc_0cc00a9f609a0b9f2c87,pallets/flask,3015,Change evidence,Routine,405,405,False
2339,prchunk_68d41d3bd6e4c53d3c00,prdoc_0cc00a9f609a0b9f2c87,pallets/flask,3015,Predictive intelligence,Routine,473,473,False
2340,prchunk_b97307eee985d46105c3,prdoc_0cc00a9f609a0b9f2c87,pallets/flask,3015,Deterministic policy intelligence,Routine,320,320,False
2341,prchunk_13c9b8db4e5761cff390,prdoc_0cc00a9f609a0b9f2c87,pallets/flask,3015,Unified review priority,Routine,314,314,False
2342,prchunk_0d38851f517292add47c,prdoc_ca9052a55705ab05029f,pallets/flask,5630,PR identity,Routine,264,264,False
2343,prchunk_76b41762f6c240408e50,prdoc_ca9052a55705ab05029f,pallets/flask,5630,PR description,Routine,755,755,False
2344,prchunk_84375544b7c857afc4e2,prdoc_ca9052a55705ab05029f,pallets/flask,5630,Change evidence,Routine,406,406,False
2345,prchunk_1dca74fab2a164c7fe3b,prdoc_ca9052a55705ab05029f,pallets/flask,5630,Predictive intelligence,Routine,414,414,False
2346,prchunk_df3b4dae64c1f76782bb,prdoc_ca9052a55705ab05029f,pallets/flask,5630,Deterministic policy intelligence,Routine,328,328,False
2347,prchunk_bcdaefb2fe3ba69defaf,prdoc_ca9052a55705ab05029f,pallets/flask,5630,Unified review priority,Routine,310,310,False
2348,prchunk_d9ce7d560153f7a0245a,prdoc_9d3bbbdd52b5d223a632,pallets/flask,4196,PR identity,Routine,290,290,False
2349,prchunk_f8987aea9ee6efa585a2,prdoc_9d3bbbdd52b5d223a632,pallets/flask,4196,PR description,Routine,442,442,False
2350,prchunk_5690c820952fba567b6b,prdoc_9d3bbbdd52b5d223a632,pallets/flask,4196,Change evidence,Routine,403,403,False
2351,prchunk_0938643596d2d2ba0a41,prdoc_9d3bbbdd52b5d223a632,pallets/flask,4196,Predictive intelligence,Routine,474,474,False
2352,prchunk_d593746f772c16d66ce0,prdoc_9d3bbbdd52b5d223a632,pallets/flask,4196,Deterministic policy intelligence,Routine,321,321,False
2353,prchunk_ec527567236accae0421,prdoc_9d3bbbdd52b5d223a632,pallets/flask,4196,Unified review priority,Routine,314,314,False
2354,prchunk_749751760ac741a169f6,prdoc_a213cc595f3107a26de2,pallets/flask,2904,PR identity,Routine,260,260,False
2355,prchunk_e3741a6e32af485b9994,prdoc_a213cc595f3107a26de2,pallets/flask,2904,PR description,Routine,561,561,False
2356,prchunk_551ab54f8e9de2bb65b5,prdoc_a213cc595f3107a26de2,pallets/flask,2904,Change evidence,Routine,405,405,False
2357,prchunk_31c14567b3dbc00a729b,prdoc_a213cc595f3107a26de2,pallets/flask,2904,Predictive intelligence,Routine,473,473,False
2358,prchunk_c0877111081886929b20,prdoc_a213cc595f3107a26de2,pallets/flask,2904,Deterministic policy intelligence,Routine,320,320,False
2359,prchunk_b8667057f6967c27db1d,prdoc_a213cc595f3107a26de2,pallets/flask,2904,Unified review priority,Routine,314,314,False
2360,prchunk_6437c5b0a048ba14bdb9,prdoc_61336ee6db60749f5a69,pallets/flask,2835,PR identity,Routine,266,266,False
2361,prchunk_5f0ff34371bb0e8777bf,prdoc_61336ee6db60749f5a69,pallets/flask,2835,PR description,Routine,218,218,False
2362,prchunk_52cc0c7d38d1ad85c515,prdoc_61336ee6db60749f5a69,pallets/flask,2835,Change evidence,Routine,404,404,False
2363,prchunk_ee4181c9e2916419a552,prdoc_61336ee6db60749f5a69,pallets/flask,2835,Predictive intelligence,Routine,474,474,False
2364,prchunk_861cd25b9d6851b5b7c8,prdoc_61336ee6db60749f5a69,pallets/flask,2835,Deterministic policy intelligence,Routine,321,321,False
2365,prchunk_fec08b3af1af56891dcd,prdoc_61336ee6db60749f5a69,pallets/flask,2835,Unified review priority,Routine,314,314,False
2366,prchunk_3b226c10618fd8fc18dc,prdoc_794d5a28cb4c1758fa7c,pallets/flask,5384,PR identity,Routine,262,262,False
2367,prchunk_93c2797d103f09095ed9,prdoc_794d5a28cb4c1758fa7c,pallets/flask,5384,PR description,Routine,398,398,False
2368,prchunk_c8977f813a4f4ebf2d27,prdoc_794d5a28cb4c1758fa7c,pallets/flask,5384,Change evidence,Routine,404,404,False
2369,prchunk_66d6e807f10290038ea3,prdoc_794d5a28cb4c1758fa7c,pallets/flask,5384,Predictive intelligence,Routine,474,474,False
2370,prchunk_da8198ec4b25983f29c9,prdoc_794d5a28cb4c1758fa7c,pallets/flask,5384,Deterministic policy intelligence,Routine,321,321,False
2371,prchunk_d77bea192e99fe038de4,prdoc_794d5a28cb4c1758fa7c,pallets/flask,5384,Unified review priority,Routine,314,314,False
2372,prchunk_4805855652b9ee19d7bf,prdoc_1a5d42fcd29f68a468c3,pallets/flask,5008,PR identity,Routine,298,298,False
2373,prchunk_deec75a8e11270f11b17,prdoc_1a5d42fcd29f68a468c3,pallets/flask,5008,PR description,Routine,1040,533,True
2374,prchunk_1df0bedd5936a2dcf317,prdoc_1a5d42fcd29f68a468c3,pallets/flask,5008,PR description,Routine,256,256,False
2375,prchunk_f1109b14aec21cff38d8,prdoc_1a5d42fcd29f68a468c3,pallets/flask,5008,Change evidence,Routine,405,405,False
2376,prchunk_9034231afb1b6cb4b1a8,prdoc_1a5d42fcd29f68a468c3,pallets/flask,5008,Predictive intelligence,Routine,473,473,False
2377,prchunk_66e37b8ece38d307bc45,prdoc_1a5d42fcd29f68a468c3,pallets/flask,5008,Deterministic policy intelligence,Routine,320,320,False
2378,prchunk_bebbf62ef86b163cf64f,prdoc_1a5d42fcd29f68a468c3,pallets/flask,5008,Unified review priority,Routine,314,314,False
2379,prchunk_a5513e736e77c6ff2ad8,prdoc_9bf1352ca55431675ff2,pallets/flask,4768,PR identity,Routine,283,283,False
2380,prchunk_bb4faddd1761cedc65db,prdoc_9bf1352ca55431675ff2,pallets/flask,4768,PR description,Routine,339,339,False
2381,prchunk_697c48e67f9ba894469c,prdoc_9bf1352ca55431675ff2,pallets/flask,4768,Change evidence,Routine,403,403,False
2382,prchunk_768702f4b2c7ef142806,prdoc_9bf1352ca55431675ff2,pallets/flask,4768,Predictive intelligence,Routine,474,474,False
2383,prchunk_a8a925a479a6a4a9f856,prdoc_9bf1352ca55431675ff2,pallets/flask,4768,Deterministic policy intelligence,Routine,321,321,False
2384,prchunk_b855c684ab13cc0fdf9c,prdoc_9bf1352ca55431675ff2,pallets/flask,4768,Unified review priority,Routine,314,314,False
2385,prchunk_fe22b67f25fee27ba801,prdoc_c4ab67099ca148eaed7b,pallets/flask,5708,PR identity,Routine,256,256,False
2386,prchunk_8c84e3db539e0474287c,prdoc_c4ab67099ca148eaed7b,pallets/flask,5708,PR description,Routine,971,156,True
2387,prchunk_dc3ccfb4c33e6201f228,prdoc_c4ab67099ca148eaed7b,pallets/flask,5708,Change evidence,Routine,403,403,False
2388,prchunk_f3346fcee8460d6520e2,prdoc_c4ab67099ca148eaed7b,pallets/flask,5708,Predictive intelligence,Routine,473,473,False
2389,prchunk_a9d1cb8fad7377ad5b42,prdoc_c4ab67099ca148eaed7b,pallets/flask,5708,Deterministic policy intelligence,Routine,320,320,False
2390,prchunk_42b067546c687cfe2961,prdoc_c4ab67099ca148eaed7b,pallets/flask,5708,Unified review priority,Routine,314,314,False
2391,prchunk_3c9551c690ef74fddc28,prdoc_8f2c8d10cdfba634882d,pallets/flask,5811,PR identity,Routine,272,272,False
2392,prchunk_dfa0e33188221635fd15,prdoc_8f2c8d10cdfba634882d,pallets/flask,5811,PR description,Routine,1156,734,True
2393,prchunk_591653668d6b967d42cf,prdoc_8f2c8d10cdfba634882d,pallets/flask,5811,PR description,Routine,309,309,False
2394,prchunk_a2d1a1e2717060c12f6c,prdoc_8f2c8d10cdfba634882d,pallets/flask,5811,Change evidence,Routine,404,404,False
2395,prchunk_5f47e8ea5c73df66a5f1,prdoc_8f2c8d10cdfba634882d,pallets/flask,5811,Predictive intelligence,Routine,474,474,False
2396,prchunk_4511982d0c5d49eda39d,prdoc_8f2c8d10cdfba634882d,pallets/flask,5811,Deterministic policy intelligence,Routine,328,328,False
2397,prchunk_b3794c562a82ecd43ae2,prdoc_8f2c8d10cdfba634882d,pallets/flask,5811,Unified review priority,Routine,314,314,False
2398,prchunk_d8e4b7a990cf6221f430,prdoc_420e1ccce2bfef9efd16,pallets/flask,3699,PR identity,Routine,281,281,False
2399,prchunk_847df60718499103d6c4,prdoc_420e1ccce2bfef9efd16,pallets/flask,3699,PR description,Routine,290,290,False
2400,prchunk_32d3b43e08ccac9805fc,prdoc_420e1ccce2bfef9efd16,pallets/flask,3699,Change evidence,Routine,405,405,False
2401,prchunk_ccedbd4907793110be0d,prdoc_420e1ccce2bfef9efd16,pallets/flask,3699,Predictive intelligence,Routine,414,414,False
2402,prchunk_7adcd4c3f8ff6dc69881,prdoc_420e1ccce2bfef9efd16,pallets/flask,3699,Deterministic policy intelligence,Routine,321,321,False
2403,prchunk_a380c9e885b9a2076558,prdoc_420e1ccce2bfef9efd16,pallets/flask,3699,Unified review priority,Routine,310,310,False
2404,prchunk_ca337fb1c13d428656bd,prdoc_2d8e3a8887cfae958b81,pallets/flask,4033,PR identity,Routine,259,259,False
2405,prchunk_d1be80b9243f1ee1e310,prdoc_2d8e3a8887cfae958b81,pallets/flask,4033,PR description,Routine,244,244,False
2406,prchunk_262af25225822ed6d6cd,prdoc_2d8e3a8887cfae958b81,pallets/flask,4033,Change evidence,Routine,404,404,False
2407,prchunk_0dd82c056699fb7bf9b1,prdoc_2d8e3a8887cfae958b81,pallets/flask,4033,Predictive intelligence,Routine,474,474,False
2408,prchunk_9633ac98b01edaf73f61,prdoc_2d8e3a8887cfae958b81,pallets/flask,4033,Deterministic policy intelligence,Routine,321,321,False
2409,prchunk_dff2b016eb6f5c9d1e9d,prdoc_2d8e3a8887cfae958b81,pallets/flask,4033,Unified review priority,Routine,314,314,False
2410,prchunk_fc82038af12f51f54e48,prdoc_30c368ea18b4d2b0ce50,pallets/flask,4237,PR identity,Routine,256,256,False
2411,prchunk_891d5aa5f650c2e2005c,prdoc_30c368ea18b4d2b0ce50,pallets/flask,4237,PR description,Routine,1034,527,True
2412,prchunk_9e20104d726ca70d21a1,prdoc_30c368ea18b4d2b0ce50,pallets/flask,4237,PR description,Routine,228,228,False
2413,prchunk_ef408fd1a21b2d426762,prdoc_30c368ea18b4d2b0ce50,pallets/flask,4237,Change evidence,Routine,405,405,False
2414,prchunk_5eecabf8d7531ff4cb66,prdoc_30c368ea18b4d2b0ce50,pallets/flask,4237,Predictive intelligence,Routine,474,474,False
2415,prchunk_a61862237b25eb8c7270,prdoc_30c368ea18b4d2b0ce50,pallets/flask,4237,Deterministic policy intelligence,Routine,320,320,False
2416,prchunk_81286f1c3b4cf43a6514,prdoc_30c368ea18b4d2b0ce50,pallets/flask,4237,Unified review priority,Routine,314,314,False
2417,prchunk_66c9c5354abfe5655e6b,prdoc_28ba1851c4c9289e3ceb,pallets/flask,3605,PR identity,Routine,276,276,False
2418,prchunk_71cca6b20e3c926f3dce,prdoc_28ba1851c4c9289e3ceb,pallets/flask,3605,PR description,Routine,288,288,False
2419,prchunk_de93a7f678d3fe2113ce,prdoc_28ba1851c4c9289e3ceb,pallets/flask,3605,Change evidence,Routine,404,404,False
2420,prchunk_e1ccea9e0855cbb8d7e7,prdoc_28ba1851c4c9289e3ceb,pallets/flask,3605,Predictive intelligence,Routine,474,474,False
2421,prchunk_ec1f71bf181d794153a1,prdoc_28ba1851c4c9289e3ceb,pallets/flask,3605,Deterministic policy intelligence,Routine,321,321,False
2422,prchunk_cb6bd6106146cb77d072,prdoc_28ba1851c4c9289e3ceb,pallets/flask,3605,Unified review priority,Routine,314,314,False
2423,prchunk_89cba15bac2c20b63ff7,prdoc_85cf3d5cd6eb98051be7,pallets/flask,4843,PR identity,Routine,265,265,False
2424,prchunk_60b727bce6e47f974bfb,prdoc_85cf3d5cd6eb98051be7,pallets/flask,4843,PR description,Routine,1114,607,True
2425,prchunk_e5b6c5d7bd3919b35921,prdoc_85cf3d5cd6eb98051be7,pallets/flask,4843,PR description,Routine,452,452,False
2426,prchunk_ce78d118cdedf64d3b55,prdoc_85cf3d5cd6eb98051be7,pallets/flask,4843,Change evidence,Routine,403,403,False
2427,prchunk_ebb6c2593a4627fa58df,prdoc_85cf3d5cd6eb98051be7,pallets/flask,4843,Predictive intelligence,Routine,474,474,False
2428,prchunk_4c889f55c353ff7cda27,prdoc_85cf3d5cd6eb98051be7,pallets/flask,4843,Deterministic policy intelligence,Routine,320,320,False
2429,prchunk_0aac6f010e896e929631,prdoc_85cf3d5cd6eb98051be7,pallets/flask,4843,Unified review priority,Routine,314,314,False
2430,prchunk_bfb4535508fe79bb63e9,prdoc_e84711e13f0ceb9ad93f,pallets/flask,2592,PR identity,Routine,275,275,False
2431,prchunk_5724b0aaef1e87567b96,prdoc_e84711e13f0ceb9ad93f,pallets/flask,2592,PR description,Routine,439,439,False
2432,prchunk_4842d3bbcdbaf39f1e88,prdoc_e84711e13f0ceb9ad93f,pallets/flask,2592,Change evidence,Routine,406,406,False
2433,prchunk_cf186bc9b0a1a1380b15,prdoc_e84711e13f0ceb9ad93f,pallets/flask,2592,Predictive intelligence,Routine,414,414,False
2434,prchunk_3c1491f2863b768b6abc,prdoc_e84711e13f0ceb9ad93f,pallets/flask,2592,Deterministic policy intelligence,Routine,321,321,False
2435,prchunk_7ba01c7e2494e8e1ed71,prdoc_e84711e13f0ceb9ad93f,pallets/flask,2592,Unified review priority,Routine,310,310,False
2436,prchunk_174be18d71c13bbb2e3a,prdoc_9a9eeb92a00e895e3f29,pallets/flask,3324,PR identity,Routine,304,304,False
2437,prchunk_49630f0f2d237bc779e7,prdoc_9a9eeb92a00e895e3f29,pallets/flask,3324,PR description,Routine,1170,1170,False
2438,prchunk_5e1daaac754ff9be8769,prdoc_9a9eeb92a00e895e3f29,pallets/flask,3324,PR description,Routine,653,653,False
2439,prchunk_9b05d5d8b3902d7c60bd,prdoc_9a9eeb92a00e895e3f29,pallets/flask,3324,Change evidence,Routine,404,404,False
2440,prchunk_65dfb1055091a987b347,prdoc_9a9eeb92a00e895e3f29,pallets/flask,3324,Predictive intelligence,Routine,474,474,False
2441,prchunk_30ac5fc3feaab1058368,prdoc_9a9eeb92a00e895e3f29,pallets/flask,3324,Deterministic policy intelligence,Routine,320,320,False
2442,prchunk_f6319949f9aadd3d9328,prdoc_9a9eeb92a00e895e3f29,pallets/flask,3324,Unified review priority,Routine,314,314,False
2443,prchunk_c3f9a2e714c4454a4ea6,prdoc_da6efa49cd984a9084d6,pallets/flask,3784,PR identity,Routine,249,249,False
2444,prchunk_7bcde7253fc8ddfdf9d1,prdoc_da6efa49cd984a9084d6,pallets/flask,3784,PR description,Routine,662,242,True
2445,prchunk_e88167f2a1378ddbbe00,prdoc_da6efa49cd984a9084d6,pallets/flask,3784,Change evidence,Routine,406,406,False
2446,prchunk_c8f929ab102d0976f658,prdoc_da6efa49cd984a9084d6,pallets/flask,3784,Predictive intelligence,Routine,474,474,False
2447,prchunk_571daffb0b1c227bdb1c,prdoc_da6efa49cd984a9084d6,pallets/flask,3784,Deterministic policy intelligence,Routine,320,320,False
2448,prchunk_cbb0c23f58edea33b4c3,prdoc_da6efa49cd984a9084d6,pallets/flask,3784,Unified review priority,Routine,314,314,False
2449,prchunk_5fc89d6e0e2cf3906d3e,prdoc_b616755edc08b86dc781,pallets/flask,3333,PR identity,Routine,280,280,False
2450,prchunk_a190af4c6d548119570a,prdoc_b616755edc08b86dc781,pallets/flask,3333,PR description,Routine,462,462,False
2451,prchunk_00a84567a0c6eb334c11,prdoc_b616755edc08b86dc781,pallets/flask,3333,Change evidence,Routine,403,403,False
2452,prchunk_978fb3e380f3a530da33,prdoc_b616755edc08b86dc781,pallets/flask,3333,Predictive intelligence,Routine,474,474,False
2453,prchunk_c4451ea19d5709c84626,prdoc_b616755edc08b86dc781,pallets/flask,3333,Deterministic policy intelligence,Routine,320,320,False
2454,prchunk_441d100a4f08468c047c,prdoc_b616755edc08b86dc781,pallets/flask,3333,Unified review priority,Routine,314,314,False
2455,prchunk_71c520151f0ac08c8def,prdoc_3f4fc6cf942cf935d07c,pallets/flask,3824,PR identity,Routine,283,283,False
2456,prchunk_baf75386fd90865fbcad,prdoc_3f4fc6cf942cf935d07c,pallets/flask,3824,PR description,Routine,1087,1087,False
2457,prchunk_ffe2de54bd0cacebe56f,prdoc_3f4fc6cf942cf935d07c,pallets/flask,3824,Change evidence,Routine,403,403,False
2458,prchunk_a27803e594add58a91e6,prdoc_3f4fc6cf942cf935d07c,pallets/flask,3824,Predictive intelligence,Routine,474,474,False
2459,prchunk_a8b297809d7ab2f9fcdf,prdoc_3f4fc6cf942cf935d07c,pallets/flask,3824,Deterministic policy intelligence,Routine,320,320,False
2460,prchunk_667dbf400733435c2653,prdoc_3f4fc6cf942cf935d07c,pallets/flask,3824,Unified review priority,Routine,314,314,False
2461,prchunk_8bbcd99ebc7caa0fb497,prdoc_234f0428522cb78d7501,pallets/flask,5875,PR identity,Routine,294,294,False
2462,prchunk_38f151853023d75aaadb,prdoc_234f0428522cb78d7501,pallets/flask,5875,PR description,Routine,563,563,False
2463,prchunk_2f3380e2447146e626ad,prdoc_234f0428522cb78d7501,pallets/flask,5875,Change evidence,Routine,405,405,False
2464,prchunk_836ac4624b349a955ec6,prdoc_234f0428522cb78d7501,pallets/flask,5875,Predictive intelligence,Routine,474,474,False
2465,prchunk_03e0721fe299c91a28eb,prdoc_234f0428522cb78d7501,pallets/flask,5875,Deterministic policy intelligence,Routine,320,320,False
2466,prchunk_8221b5f2e89b89a89527,prdoc_234f0428522cb78d7501,pallets/flask,5875,Unified review priority,Routine,314,314,False
2467,prchunk_e20ee705a751383bac54,prdoc_b9ae987739977b8c95ab,pallets/flask,2575,PR identity,Routine,282,282,False
2468,prchunk_1c21033dcbf4b6065b86,prdoc_b9ae987739977b8c95ab,pallets/flask,2575,PR description,Routine,1007,587,True
2469,prchunk_97f989e63562a0d00ff6,prdoc_b9ae987739977b8c95ab,pallets/flask,2575,Change evidence,Routine,403,403,False
2470,prchunk_562f834bd08520e80352,prdoc_b9ae987739977b8c95ab,pallets/flask,2575,Predictive intelligence,Routine,474,474,False
2471,prchunk_3a24fd2e675d318bff3f,prdoc_b9ae987739977b8c95ab,pallets/flask,2575,Deterministic policy intelligence,Routine,320,320,False
2472,prchunk_d3feca59bd32e5d2c5e8,prdoc_b9ae987739977b8c95ab,pallets/flask,2575,Unified review priority,Routine,314,314,False
2473,prchunk_57a96096d9f23892025a,prdoc_1e2ad10f00f3cc9c280a,pallets/flask,3793,PR identity,Routine,273,273,False
2474,prchunk_189050eb0f4c7887350d,prdoc_1e2ad10f00f3cc9c280a,pallets/flask,3793,PR description,Routine,1155,1155,False
2475,prchunk_1f07af23e7f4245509ef,prdoc_1e2ad10f00f3cc9c280a,pallets/flask,3793,Change evidence,Routine,406,406,False
2476,prchunk_7bf651a684455ca9c30f,prdoc_1e2ad10f00f3cc9c280a,pallets/flask,3793,Predictive intelligence,Routine,474,474,False
2477,prchunk_9bb7e4f8b70ed1509a12,prdoc_1e2ad10f00f3cc9c280a,pallets/flask,3793,Deterministic policy intelligence,Routine,320,320,False
2478,prchunk_40ac68e169149738d100,prdoc_1e2ad10f00f3cc9c280a,pallets/flask,3793,Unified review priority,Routine,314,314,False
2479,prchunk_e86345f92bb2c605224b,prdoc_ea05b077847d199c3796,pallets/flask,4897,PR identity,Routine,297,297,False
2480,prchunk_20e6ed1caddbad4d17cc,prdoc_ea05b077847d199c3796,pallets/flask,4897,PR description,Routine,1079,572,True
2481,prchunk_ffbd57759a1db12b8fa6,prdoc_ea05b077847d199c3796,pallets/flask,4897,PR description,Routine,367,367,False
2482,prchunk_a2b561c5072b67e9d74e,prdoc_ea05b077847d199c3796,pallets/flask,4897,Change evidence,Routine,404,404,False
2483,prchunk_8db4606f9824937a43a9,prdoc_ea05b077847d199c3796,pallets/flask,4897,Predictive intelligence,Routine,474,474,False
2484,prchunk_c9bdf8fc4b2097a63086,prdoc_ea05b077847d199c3796,pallets/flask,4897,Deterministic policy intelligence,Routine,320,320,False
2485,prchunk_6683d76f9cf9db260a10,prdoc_ea05b077847d199c3796,pallets/flask,4897,Unified review priority,Routine,314,314,False
2486,prchunk_de80b8c5f84aff092df2,prdoc_6e307724d3c34c8b1b38,pallets/flask,4640,PR identity,Routine,258,258,False
2487,prchunk_0c18feabf61aef93ba52,prdoc_6e307724d3c34c8b1b38,pallets/flask,4640,PR description,Routine,457,172,True
2488,prchunk_8c2194ed0e1263197b33,prdoc_6e307724d3c34c8b1b38,pallets/flask,4640,Change evidence,Routine,403,403,False
2489,prchunk_734f2126b76c7a28cce0,prdoc_6e307724d3c34c8b1b38,pallets/flask,4640,Predictive intelligence,Routine,474,474,False
2490,prchunk_8441e82d53fb88c523e8,prdoc_6e307724d3c34c8b1b38,pallets/flask,4640,Deterministic policy intelligence,Routine,320,320,False
2491,prchunk_64b5cae1fc33e78a252b,prdoc_6e307724d3c34c8b1b38,pallets/flask,4640,Unified review priority,Routine,314,314,False
2492,prchunk_6598aa53cef23ae4efc0,prdoc_c20ffbd397d4dae8a61f,pallets/flask,5982,PR identity,Routine,296,296,False
2493,prchunk_42056e6e9dc6c52604f7,prdoc_c20ffbd397d4dae8a61f,pallets/flask,5982,PR description,Routine,959,959,False
2494,prchunk_59c853e918ba537b6059,prdoc_c20ffbd397d4dae8a61f,pallets/flask,5982,Change evidence,Routine,404,404,False
2495,prchunk_6a873cf2c29d29a140a7,prdoc_c20ffbd397d4dae8a61f,pallets/flask,5982,Predictive intelligence,Routine,474,474,False
2496,prchunk_e2d020ba5297d5c05737,prdoc_c20ffbd397d4dae8a61f,pallets/flask,5982,Deterministic policy intelligence,Routine,320,320,False
2497,prchunk_6a52001f6efcd3b99412,prdoc_c20ffbd397d4dae8a61f,pallets/flask,5982,Unified review priority,Routine,314,314,False
2498,prchunk_6a22ceb0f692410108fd,prdoc_8f8bb30648544dfbde60,pallets/flask,2797,PR identity,Routine,254,254,False
2499,prchunk_ea84b865819dc2d50a86,prdoc_8f8bb30648544dfbde60,pallets/flask,2797,PR description,Routine,188,188,False
2500,prchunk_08ad2a3098f7e65677f4,prdoc_8f8bb30648544dfbde60,pallets/flask,2797,Change evidence,Routine,404,404,False
2501,prchunk_9991046fce332355209d,prdoc_8f8bb30648544dfbde60,pallets/flask,2797,Predictive intelligence,Routine,474,474,False
2502,prchunk_9a148077b3cd8552c2de,prdoc_8f8bb30648544dfbde60,pallets/flask,2797,Deterministic policy intelligence,Routine,321,321,False
2503,prchunk_4d1c94c5b86053164eb1,prdoc_8f8bb30648544dfbde60,pallets/flask,2797,Unified review priority,Routine,314,314,False
2504,prchunk_8334560b59a91d483272,prdoc_6a943e5898f6dba3252a,pallets/flask,2682,PR identity,Routine,279,279,False
2505,prchunk_b18aa39509d28164dde9,prdoc_6a943e5898f6dba3252a,pallets/flask,2682,PR description,Routine,712,292,True
2506,prchunk_f4a71823ff8e8419bd8c,prdoc_6a943e5898f6dba3252a,pallets/flask,2682,Change evidence,Routine,404,404,False
2507,prchunk_0970e65f1befc0bc9fb6,prdoc_6a943e5898f6dba3252a,pallets/flask,2682,Predictive intelligence,Routine,474,474,False
2508,prchunk_580941423661fd70f009,prdoc_6a943e5898f6dba3252a,pallets/flask,2682,Deterministic policy intelligence,Routine,320,320,False
2509,prchunk_ec1fad8769265f08b786,prdoc_6a943e5898f6dba3252a,pallets/flask,2682,Unified review priority,Routine,314,314,False
2510,prchunk_85c46d6b4bba637c58cf,prdoc_e6514df29476b1a8b51a,pallets/flask,3467,PR identity,Routine,284,284,False
2511,prchunk_44ccabe9e0b7934c3f80,prdoc_e6514df29476b1a8b51a,pallets/flask,3467,PR description,Routine,709,289,True
2512,prchunk_5bed58152be7bc2f33ec,prdoc_e6514df29476b1a8b51a,pallets/flask,3467,Change evidence,Routine,404,404,False
2513,prchunk_5bbd0e92ee380423fb9a,prdoc_e6514df29476b1a8b51a,pallets/flask,3467,Predictive intelligence,Routine,474,474,False
2514,prchunk_c902a993127db2c26ad4,prdoc_e6514df29476b1a8b51a,pallets/flask,3467,Deterministic policy intelligence,Routine,320,320,False
2515,prchunk_f5d25e0e87f3738f581c,prdoc_e6514df29476b1a8b51a,pallets/flask,3467,Unified review priority,Routine,314,314,False
2516,prchunk_8b4be3e95f1ec82cd1bf,prdoc_5127bc2c3ee89313c612,pallets/flask,3850,PR identity,Routine,273,273,False
2517,prchunk_aab895a9b64233d4abfe,prdoc_5127bc2c3ee89313c612,pallets/flask,3850,PR description,Routine,854,434,True
2518,prchunk_d41ffbfe906f1c68934e,prdoc_5127bc2c3ee89313c612,pallets/flask,3850,Change evidence,Routine,403,403,False
2519,prchunk_242e03d42e8129a75366,prdoc_5127bc2c3ee89313c612,pallets/flask,3850,Predictive intelligence,Routine,474,474,False
2520,prchunk_e046d2644fbd9186aa6e,prdoc_5127bc2c3ee89313c612,pallets/flask,3850,Deterministic policy intelligence,Routine,320,320,False
2521,prchunk_d667ec62d8ac5a96c9b7,prdoc_5127bc2c3ee89313c612,pallets/flask,3850,Unified review priority,Routine,314,314,False
2522,prchunk_732676acadf16ca97ca1,prdoc_cd8f50d17e48e112ee32,pallets/flask,2619,PR identity,Routine,265,265,False
2523,prchunk_108519b85cb468260bfb,prdoc_cd8f50d17e48e112ee32,pallets/flask,2619,PR description,Routine,212,212,False
2524,prchunk_52682cb6abc52be771bb,prdoc_cd8f50d17e48e112ee32,pallets/flask,2619,Change evidence,Routine,404,404,False
2525,prchunk_010a613fb77a1cd2af9e,prdoc_cd8f50d17e48e112ee32,pallets/flask,2619,Predictive intelligence,Routine,474,474,False
2526,prchunk_09ba0bc5f8360884144a,prdoc_cd8f50d17e48e112ee32,pallets/flask,2619,Deterministic policy intelligence,Routine,321,321,False
2527,prchunk_4af5fee0ce8a4256b65b,prdoc_cd8f50d17e48e112ee32,pallets/flask,2619,Unified review priority,Routine,314,314,False
2528,prchunk_a27cb152f4f8d5fd75da,prdoc_1da48e0c02917c488921,pallets/flask,3073,PR identity,Routine,265,265,False
2529,prchunk_afadbed7b6acb063fd16,prdoc_1da48e0c02917c488921,pallets/flask,3073,PR description,Routine,408,408,False
2530,prchunk_e3c8bfc5223e1d8d3699,prdoc_1da48e0c02917c488921,pallets/flask,3073,Change evidence,Routine,403,403,False
2531,prchunk_015a13361b4f0a4179bb,prdoc_1da48e0c02917c488921,pallets/flask,3073,Predictive intelligence,Routine,474,474,False
2532,prchunk_73a4383dadc7133af056,prdoc_1da48e0c02917c488921,pallets/flask,3073,Deterministic policy intelligence,Routine,321,321,False
2533,prchunk_e7ffee5fb53e120e4ce5,prdoc_1da48e0c02917c488921,pallets/flask,3073,Unified review priority,Routine,314,314,False
2534,prchunk_dce9a6190c3880c8ec2d,prdoc_dddd6442ccfed267f357,pallets/flask,2740,PR identity,Routine,281,281,False
2535,prchunk_69a69c891c8488a5ee4d,prdoc_dddd6442ccfed267f357,pallets/flask,2740,PR description,Routine,265,265,False
2536,prchunk_cae50f709f31525bde5e,prdoc_dddd6442ccfed267f357,pallets/flask,2740,Change evidence,Routine,405,405,False
2537,prchunk_316cb7d75eafe33b05b0,prdoc_dddd6442ccfed267f357,pallets/flask,2740,Predictive intelligence,Routine,474,474,False
2538,prchunk_6f50b346cbbb72cdc9ce,prdoc_dddd6442ccfed267f357,pallets/flask,2740,Deterministic policy intelligence,Routine,321,321,False
2539,prchunk_04414e3e51b617381d73,prdoc_dddd6442ccfed267f357,pallets/flask,2740,Unified review priority,Routine,314,314,False
2540,prchunk_8673f3a062376853fa46,prdoc_8449f57f5f8473ff7bfd,pallets/flask,2944,PR identity,Routine,327,327,False
2541,prchunk_a8472d47e502167d408c,prdoc_8449f57f5f8473ff7bfd,pallets/flask,2944,PR description,Routine,601,601,False
2542,prchunk_cf317364b018007b1f92,prdoc_8449f57f5f8473ff7bfd,pallets/flask,2944,Change evidence,Routine,405,405,False
2543,prchunk_76e80e8cf23641f447c3,prdoc_8449f57f5f8473ff7bfd,pallets/flask,2944,Predictive intelligence,Routine,474,474,False
2544,prchunk_6175b03eacd59cdabc1d,prdoc_8449f57f5f8473ff7bfd,pallets/flask,2944,Deterministic policy intelligence,Routine,320,320,False
2545,prchunk_c1c597ed7b15f577ba24,prdoc_8449f57f5f8473ff7bfd,pallets/flask,2944,Unified review priority,Routine,314,314,False
2546,prchunk_9cf53263a1d03d7bfda5,prdoc_1d2f995b504942bb4502,pallets/flask,3461,PR identity,Routine,284,284,False
2547,prchunk_a2b1554285d8507f10b4,prdoc_1d2f995b504942bb4502,pallets/flask,3461,PR description,Routine,709,289,True
2548,prchunk_1544fe2e87bf9d8d2f66,prdoc_1d2f995b504942bb4502,pallets/flask,3461,Change evidence,Routine,404,404,False
2549,prchunk_c3e91a92568f0e3e726b,prdoc_1d2f995b504942bb4502,pallets/flask,3461,Predictive intelligence,Routine,474,474,False
2550,prchunk_52c4d5d84e34904eeeea,prdoc_1d2f995b504942bb4502,pallets/flask,3461,Deterministic policy intelligence,Routine,320,320,False
2551,prchunk_389a51f9bf676793f1af,prdoc_1d2f995b504942bb4502,pallets/flask,3461,Unified review priority,Routine,314,314,False
2552,prchunk_549543408a736929bd28,prdoc_cb068e5e7e9b4f8c9ba7,pallets/flask,4540,PR identity,Routine,275,275,False
2553,prchunk_dd9e8e138e7b7eddd0bb,prdoc_cb068e5e7e9b4f8c9ba7,pallets/flask,4540,PR description,Routine,875,875,False
2554,prchunk_47f4c0565b0a091b0411,prdoc_cb068e5e7e9b4f8c9ba7,pallets/flask,4540,Change evidence,Routine,404,404,False
2555,prchunk_e63cfc92215ae892fd24,prdoc_cb068e5e7e9b4f8c9ba7,pallets/flask,4540,Predictive intelligence,Routine,474,474,False
2556,prchunk_61004c2451eba6d20369,prdoc_cb068e5e7e9b4f8c9ba7,pallets/flask,4540,Deterministic policy intelligence,Routine,320,320,False
2557,prchunk_88c7f99cd02cd6584876,prdoc_cb068e5e7e9b4f8c9ba7,pallets/flask,4540,Unified review priority,Routine,314,314,False
2558,prchunk_a8e8e7e12d6287d119fd,prdoc_8d972b35a79408d7a65c,pallets/flask,5874,PR identity,Routine,282,282,False
2559,prchunk_80567fed88a51859e6c1,prdoc_8d972b35a79408d7a65c,pallets/flask,5874,PR description,Routine,414,414,False
2560,prchunk_c8b6c6a1bbe0a686cbe2,prdoc_8d972b35a79408d7a65c,pallets/flask,5874,Change evidence,Routine,403,403,False
2561,prchunk_ea2765f28e5177616105,prdoc_8d972b35a79408d7a65c,pallets/flask,5874,Predictive intelligence,Routine,474,474,False
2562,prchunk_0b2385cb1c896b30ce2d,prdoc_8d972b35a79408d7a65c,pallets/flask,5874,Deterministic policy intelligence,Routine,321,321,False
2563,prchunk_48d742b33b1607c22368,prdoc_8d972b35a79408d7a65c,pallets/flask,5874,Unified review priority,Routine,314,314,False
2564,prchunk_484b790187e3d9857a08,prdoc_f955d031cd988ee5e4b0,pallets/flask,4111,PR identity,Routine,278,278,False
2565,prchunk_a0c8794ca9fb68bd01e6,prdoc_f955d031cd988ee5e4b0,pallets/flask,4111,PR description,Routine,454,454,False
2566,prchunk_de64917c2fecef126196,prdoc_f955d031cd988ee5e4b0,pallets/flask,4111,Change evidence,Routine,403,403,False
2567,prchunk_f0570174f05277dba3f5,prdoc_f955d031cd988ee5e4b0,pallets/flask,4111,Predictive intelligence,Routine,474,474,False
2568,prchunk_0b8afb21078128c29224,prdoc_f955d031cd988ee5e4b0,pallets/flask,4111,Deterministic policy intelligence,Routine,320,320,False
2569,prchunk_1502376a9cedd0d71b86,prdoc_f955d031cd988ee5e4b0,pallets/flask,4111,Unified review priority,Routine,314,314,False
2570,prchunk_13bed97356bcc0003336,prdoc_0a0c36427acbebd4446b,pallets/flask,3278,PR identity,Routine,284,284,False
2571,prchunk_539a1f0ee499cdeb884f,prdoc_0a0c36427acbebd4446b,pallets/flask,3278,PR description,Routine,392,392,False
2572,prchunk_5d71d8c58ff9e05d55f5,prdoc_0a0c36427acbebd4446b,pallets/flask,3278,Change evidence,Routine,405,405,False
2573,prchunk_639e082e6f88c9af627c,prdoc_0a0c36427acbebd4446b,pallets/flask,3278,Predictive intelligence,Routine,413,413,False
2574,prchunk_2236f2a42ffcb643ce72,prdoc_0a0c36427acbebd4446b,pallets/flask,3278,Deterministic policy intelligence,Routine,442,442,False
2575,prchunk_815bfd6fce38229296c0,prdoc_0a0c36427acbebd4446b,pallets/flask,3278,Unified review priority,Routine,310,310,False
2576,prchunk_3db9a31c894c2255c3a9,prdoc_f435b6e74ca1140be1a9,pallets/flask,5202,PR identity,Routine,256,256,False
2577,prchunk_0f87d14c5328568a1e2f,prdoc_f435b6e74ca1140be1a9,pallets/flask,5202,PR description,Routine,1031,524,True
2578,prchunk_67e7cb7b509d1986a613,prdoc_f435b6e74ca1140be1a9,pallets/flask,5202,PR description,Routine,228,228,False
2579,prchunk_24d37d7621561c26b3ec,prdoc_f435b6e74ca1140be1a9,pallets/flask,5202,Change evidence,Routine,403,403,False
2580,prchunk_83d0f2abe0805d00232d,prdoc_f435b6e74ca1140be1a9,pallets/flask,5202,Predictive intelligence,Routine,474,474,False
2581,prchunk_30cf22d4aa57286d1971,prdoc_f435b6e74ca1140be1a9,pallets/flask,5202,Deterministic policy intelligence,Routine,320,320,False
2582,prchunk_e27a129641be4372175e,prdoc_f435b6e74ca1140be1a9,pallets/flask,5202,Unified review priority,Routine,314,314,False
2583,prchunk_be9670da5d8c33454962,prdoc_dbf0a55d4fe3b5a7964d,pallets/flask,5216,PR identity,Routine,276,276,False
2584,prchunk_c3006eeae67bfb56a1ab,prdoc_dbf0a55d4fe3b5a7964d,pallets/flask,5216,PR description,Routine,187,187,False
2585,prchunk_75d462bd5ffeb4a9d266,prdoc_dbf0a55d4fe3b5a7964d,pallets/flask,5216,Change evidence,Routine,404,404,False
2586,prchunk_768fc360b8964509856f,prdoc_dbf0a55d4fe3b5a7964d,pallets/flask,5216,Predictive intelligence,Routine,474,474,False
2587,prchunk_eb203b8eb66d3b9426bc,prdoc_dbf0a55d4fe3b5a7964d,pallets/flask,5216,Deterministic policy intelligence,Routine,321,321,False
2588,prchunk_c7bbcdd10a1bc9a7497a,prdoc_dbf0a55d4fe3b5a7964d,pallets/flask,5216,Unified review priority,Routine,314,314,False
2589,prchunk_0f6680b9488e7f7e0921,prdoc_b78c5436cbccbdad1224,pallets/flask,4921,PR identity,Routine,276,276,False
2590,prchunk_979a68c97d2848414d76,prdoc_b78c5436cbccbdad1224,pallets/flask,4921,PR description,Routine,1066,1066,False
2591,prchunk_a0d5dee9d3e4cdfe7d52,prdoc_b78c5436cbccbdad1224,pallets/flask,4921,PR description,Routine,309,309,False
2592,prchunk_d2108127aab8cc3c8b86,prdoc_b78c5436cbccbdad1224,pallets/flask,4921,Change evidence,Routine,403,403,False
2593,prchunk_bcfe8f322ceafdb59a11,prdoc_b78c5436cbccbdad1224,pallets/flask,4921,Predictive intelligence,Routine,414,414,False
2594,prchunk_4bd71d024e7dc22fa85f,prdoc_b78c5436cbccbdad1224,pallets/flask,4921,Deterministic policy intelligence,Routine,320,320,False
2595,prchunk_0a4943818937ec682506,prdoc_b78c5436cbccbdad1224,pallets/flask,4921,Unified review priority,Routine,310,310,False
2596,prchunk_cbc800a3affcca78a629,prdoc_de5a7a05b5b7687f7313,pallets/flask,3205,PR identity,Routine,300,300,False
2597,prchunk_fdf845ee73d22b795579,prdoc_de5a7a05b5b7687f7313,pallets/flask,3205,PR description,Routine,715,295,True
2598,prchunk_d329faf6fdeb987e563d,prdoc_de5a7a05b5b7687f7313,pallets/flask,3205,Change evidence,Routine,407,407,False
2599,prchunk_02b0e83febade652bc49,prdoc_de5a7a05b5b7687f7313,pallets/flask,3205,Predictive intelligence,Routine,474,474,False
2600,prchunk_d8883f3cc84301493b64,prdoc_de5a7a05b5b7687f7313,pallets/flask,3205,Deterministic policy intelligence,Routine,320,320,False
2601,prchunk_4beb91b73b0edb464604,prdoc_de5a7a05b5b7687f7313,pallets/flask,3205,Unified review priority,Routine,314,314,False
2602,prchunk_b2975d69de8a634a1b66,prdoc_e7e9f572c1eec1087dea,pallets/flask,4463,PR identity,Routine,282,282,False
2603,prchunk_3df0418f311fbd5876db,prdoc_e7e9f572c1eec1087dea,pallets/flask,4463,PR description,Routine,818,818,False
2604,prchunk_4385123eb7af26a4f978,prdoc_e7e9f572c1eec1087dea,pallets/flask,4463,Change evidence,Routine,405,405,False
2605,prchunk_2a46ff15fcb72c934933,prdoc_e7e9f572c1eec1087dea,pallets/flask,4463,Predictive intelligence,Routine,474,474,False
2606,prchunk_35b0b4bed24dc18e3364,prdoc_e7e9f572c1eec1087dea,pallets/flask,4463,Deterministic policy intelligence,Routine,320,320,False
2607,prchunk_8c56e874d1a2de6d6a92,prdoc_e7e9f572c1eec1087dea,pallets/flask,4463,Unified review priority,Routine,314,314,False
2608,prchunk_263613e95bb7b704ea97,prdoc_90cb5e7849a5d4272a9d,pallets/flask,3378,PR identity,Routine,253,253,False
2609,prchunk_35a97ecd9128f52f9390,prdoc_90cb5e7849a5d4272a9d,pallets/flask,3378,PR description,Routine,842,422,True
2610,prchunk_8c9988f897ae92d0ce59,prdoc_90cb5e7849a5d4272a9d,pallets/flask,3378,Change evidence,Routine,403,403,False
2611,prchunk_9e0c2a18b3fb6336b4e1,prdoc_90cb5e7849a5d4272a9d,pallets/flask,3378,Predictive intelligence,Routine,474,474,False
2612,prchunk_5aa71f887ae810df3734,prdoc_90cb5e7849a5d4272a9d,pallets/flask,3378,Deterministic policy intelligence,Routine,320,320,False
2613,prchunk_65805efc770f37e38eb9,prdoc_90cb5e7849a5d4272a9d,pallets/flask,3378,Unified review priority,Routine,314,314,False
2614,prchunk_35ff4c17193932e1d804,prdoc_98c699e684dbd10ddd4c,pallets/flask,3581,PR identity,Routine,282,282,False
2615,prchunk_452a3bef0d4908d2b7b0,prdoc_98c699e684dbd10ddd4c,pallets/flask,3581,PR description,Routine,759,339,True
2616,prchunk_17929ce6339f3f1951f7,prdoc_98c699e684dbd10ddd4c,pallets/flask,3581,Change evidence,Routine,403,403,False
2617,prchunk_caaf6763b6e85a41e906,prdoc_98c699e684dbd10ddd4c,pallets/flask,3581,Predictive intelligence,Routine,474,474,False
2618,prchunk_db2d0b8a228063013f30,prdoc_98c699e684dbd10ddd4c,pallets/flask,3581,Deterministic policy intelligence,Routine,320,320,False
2619,prchunk_2d329ec69c775b7aa6ec,prdoc_98c699e684dbd10ddd4c,pallets/flask,3581,Unified review priority,Routine,314,314,False
2620,prchunk_60097417bd36acc2dcc4,prdoc_c046b19f05e5aeb3be8c,pallets/flask,5300,PR identity,Routine,255,255,False
2621,prchunk_7f7e2972ffe711719862,prdoc_c046b19f05e5aeb3be8c,pallets/flask,5300,PR description,Routine,272,272,False
2622,prchunk_e59afdf5bbb863f4358f,prdoc_c046b19f05e5aeb3be8c,pallets/flask,5300,Change evidence,Routine,403,403,False
2623,prchunk_a279a7dd4b486b8c4c03,prdoc_c046b19f05e5aeb3be8c,pallets/flask,5300,Predictive intelligence,Routine,474,474,False
2624,prchunk_5e7c79bcfe73c60c1e92,prdoc_c046b19f05e5aeb3be8c,pallets/flask,5300,Deterministic policy intelligence,Routine,321,321,False
2625,prchunk_53e723427a256c8ce53d,prdoc_c046b19f05e5aeb3be8c,pallets/flask,5300,Unified review priority,Routine,314,314,False
2626,prchunk_3e612ac0c517c39f17e9,prdoc_14e5f2fcac01924d8164,pallets/flask,5717,PR identity,Routine,303,303,False
2627,prchunk_9eebe3705ccca51dfe75,prdoc_14e5f2fcac01924d8164,pallets/flask,5717,PR description,Routine,1219,1219,False
2628,prchunk_702a6376e3981b19f287,prdoc_14e5f2fcac01924d8164,pallets/flask,5717,PR description,Routine,327,327,False
2629,prchunk_80c4af4032799c53efed,prdoc_14e5f2fcac01924d8164,pallets/flask,5717,Change evidence,Routine,406,406,False
2630,prchunk_f146b5e940739d0210ff,prdoc_14e5f2fcac01924d8164,pallets/flask,5717,Predictive intelligence,Routine,474,474,False
2631,prchunk_19c76fcccab362ffdc9f,prdoc_14e5f2fcac01924d8164,pallets/flask,5717,Deterministic policy intelligence,Routine,320,320,False
2632,prchunk_fbc9cea069a33d0f9513,prdoc_14e5f2fcac01924d8164,pallets/flask,5717,Unified review priority,Routine,314,314,False
2633,prchunk_2a224809ef31f2eaf9d3,prdoc_345a2710a1d593b72b53,pallets/flask,5163,PR identity,Routine,259,259,False
2634,prchunk_26c39d411f5306f7815c,prdoc_345a2710a1d593b72b53,pallets/flask,5163,PR description,Routine,1055,548,True
2635,prchunk_6acc6fed785a004200d2,prdoc_345a2710a1d593b72b53,pallets/flask,5163,PR description,Routine,322,322,False
2636,prchunk_aac16f6c03c07f697135,prdoc_345a2710a1d593b72b53,pallets/flask,5163,Change evidence,Routine,403,403,False
2637,prchunk_276a6c0e6c1ec1dc5d73,prdoc_345a2710a1d593b72b53,pallets/flask,5163,Predictive intelligence,Routine,474,474,False
2638,prchunk_a4032920d18b66cd08ec,prdoc_345a2710a1d593b72b53,pallets/flask,5163,Deterministic policy intelligence,Routine,320,320,False
2639,prchunk_ea551eef22602bc702de,prdoc_345a2710a1d593b72b53,pallets/flask,5163,Unified review priority,Routine,314,314,False
2640,prchunk_f2c10e35c90c55a4e2f2,prdoc_56e5f196ac815ec722b3,pallets/flask,4797,PR identity,Routine,286,286,False
2641,prchunk_42629566111f8540deda,prdoc_56e5f196ac815ec722b3,pallets/flask,4797,PR description,Routine,1079,1079,False
2642,prchunk_56fcb516e1e22ad59d06,prdoc_56e5f196ac815ec722b3,pallets/flask,4797,Change evidence,Routine,404,404,False
2643,prchunk_1dfed1d12e5fd8ae8c16,prdoc_56e5f196ac815ec722b3,pallets/flask,4797,Predictive intelligence,Routine,474,474,False
2644,prchunk_5aacf1e265fdc1c144cd,prdoc_56e5f196ac815ec722b3,pallets/flask,4797,Deterministic policy intelligence,Routine,320,320,False
2645,prchunk_a672de5913b770b59fae,prdoc_56e5f196ac815ec722b3,pallets/flask,4797,Unified review priority,Routine,314,314,False
2646,prchunk_9151ef21e1ae702a3740,prdoc_d295a1801753fc0c103b,pallets/flask,3483,PR identity,Routine,259,259,False
2647,prchunk_d22ea936d7fa8086ff8b,prdoc_d295a1801753fc0c103b,pallets/flask,3483,PR description,Routine,434,434,False
2648,prchunk_988d2eccc75f9fdd4971,prdoc_d295a1801753fc0c103b,pallets/flask,3483,Change evidence,Routine,403,403,False
2649,prchunk_3156800735c966bb76f9,prdoc_d295a1801753fc0c103b,pallets/flask,3483,Predictive intelligence,Routine,474,474,False
2650,prchunk_5667077d8005474aefb0,prdoc_d295a1801753fc0c103b,pallets/flask,3483,Deterministic policy intelligence,Routine,320,320,False
2651,prchunk_1653b1ac96cda5640b29,prdoc_d295a1801753fc0c103b,pallets/flask,3483,Unified review priority,Routine,314,314,False
2652,prchunk_7f0310af7f0ba1da8daf,prdoc_31308a87fe45c2cb248c,pallets/flask,3683,PR identity,Routine,291,291,False
2653,prchunk_a64b9ccc555544eff0cd,prdoc_31308a87fe45c2cb248c,pallets/flask,3683,PR description,Routine,620,620,False
2654,prchunk_2776751bfe5343083c64,prdoc_31308a87fe45c2cb248c,pallets/flask,3683,Change evidence,Routine,406,406,False
2655,prchunk_3af6417bc556356ac5bc,prdoc_31308a87fe45c2cb248c,pallets/flask,3683,Predictive intelligence,Routine,474,474,False
2656,prchunk_5de967db3ce4b21585a0,prdoc_31308a87fe45c2cb248c,pallets/flask,3683,Deterministic policy intelligence,Routine,320,320,False
2657,prchunk_0c82cf0549b96b77b9ab,prdoc_31308a87fe45c2cb248c,pallets/flask,3683,Unified review priority,Routine,314,314,False
2658,prchunk_667dcb77352821cfa275,prdoc_79e9d235adff12f1f5b8,pallets/flask,5799,PR identity,Routine,282,282,False
2659,prchunk_1ecf0a8d037a7dd5f7ca,prdoc_79e9d235adff12f1f5b8,pallets/flask,5799,PR description,Routine,640,640,False
2660,prchunk_d9179a3254a6cf763552,prdoc_79e9d235adff12f1f5b8,pallets/flask,5799,Change evidence,Routine,405,405,False
2661,prchunk_2a4105ea22bb3e11ccf8,prdoc_79e9d235adff12f1f5b8,pallets/flask,5799,Predictive intelligence,Routine,414,414,False
2662,prchunk_ec3ffeaa05e960f00330,prdoc_79e9d235adff12f1f5b8,pallets/flask,5799,Deterministic policy intelligence,Routine,328,328,False
2663,prchunk_33f01e78edbd256cd31e,prdoc_79e9d235adff12f1f5b8,pallets/flask,5799,Unified review priority,Routine,310,310,False
2664,prchunk_74ae7dc22a79a8885d0f,prdoc_2a341db4fe0291432858,pallets/flask,5463,PR identity,Routine,250,250,False
2665,prchunk_7dfca40275946660fdd2,prdoc_2a341db4fe0291432858,pallets/flask,5463,PR description,Routine,968,153,True
2666,prchunk_6600f4e414e2867d3af7,prdoc_2a341db4fe0291432858,pallets/flask,5463,Change evidence,Routine,403,403,False
2667,prchunk_be0f198f5e88efe129c4,prdoc_2a341db4fe0291432858,pallets/flask,5463,Predictive intelligence,Routine,474,474,False
2668,prchunk_77593af6d3561b3882f2,prdoc_2a341db4fe0291432858,pallets/flask,5463,Deterministic policy intelligence,Routine,320,320,False
2669,prchunk_a1419a835e277f16ad2f,prdoc_2a341db4fe0291432858,pallets/flask,5463,Unified review priority,Routine,314,314,False
2670,prchunk_4c7df76b8462ca7eb802,prdoc_d830953d34315ccb7a6b,pallets/flask,3079,PR identity,Routine,254,254,False
2671,prchunk_f3c8d914a149f84a8729,prdoc_d830953d34315ccb7a6b,pallets/flask,3079,PR description,Routine,668,248,True
2672,prchunk_2ef7bbad06dd44ec6df9,prdoc_d830953d34315ccb7a6b,pallets/flask,3079,Change evidence,Routine,404,404,False
2673,prchunk_fde26e196890e98755ea,prdoc_d830953d34315ccb7a6b,pallets/flask,3079,Predictive intelligence,Routine,474,474,False
2674,prchunk_24d915291ae1f1cc698a,prdoc_d830953d34315ccb7a6b,pallets/flask,3079,Deterministic policy intelligence,Routine,320,320,False
2675,prchunk_81dfae0af9f5fbfd59b4,prdoc_d830953d34315ccb7a6b,pallets/flask,3079,Unified review priority,Routine,314,314,False
2676,prchunk_7d555fdfa88f86454f8f,prdoc_4e9336e444d4cdcd624b,pallets/flask,3121,PR identity,Routine,268,268,False
2677,prchunk_1a85d545f8cb1acc0a0e,prdoc_4e9336e444d4cdcd624b,pallets/flask,3121,PR description,Routine,671,671,False
2678,prchunk_a97d18867e35cfaac0ac,prdoc_4e9336e444d4cdcd624b,pallets/flask,3121,Change evidence,Routine,403,403,False
2679,prchunk_24c83cac9b62b0ccc422,prdoc_4e9336e444d4cdcd624b,pallets/flask,3121,Predictive intelligence,Routine,474,474,False
2680,prchunk_2fbd2634661becf2c94f,prdoc_4e9336e444d4cdcd624b,pallets/flask,3121,Deterministic policy intelligence,Routine,320,320,False
2681,prchunk_55229399343bb7bc61b4,prdoc_4e9336e444d4cdcd624b,pallets/flask,3121,Unified review priority,Routine,314,314,False
2682,prchunk_f7c7729d102f43e23435,prdoc_c45a2a29da21779bb7fe,pallets/flask,3601,PR identity,Routine,265,265,False
2683,prchunk_4b5759065a36b7a72815,prdoc_c45a2a29da21779bb7fe,pallets/flask,3601,PR description,Routine,953,533,True
2684,prchunk_fe4b45baa39139d1eacb,prdoc_c45a2a29da21779bb7fe,pallets/flask,3601,Change evidence,Routine,403,403,False
2685,prchunk_c264f2b52a6fcad71d95,prdoc_c45a2a29da21779bb7fe,pallets/flask,3601,Predictive intelligence,Routine,474,474,False
2686,prchunk_fa762dad6e71a4278cb4,prdoc_c45a2a29da21779bb7fe,pallets/flask,3601,Deterministic policy intelligence,Routine,320,320,False
2687,prchunk_39f2a72298df173b3851,prdoc_c45a2a29da21779bb7fe,pallets/flask,3601,Unified review priority,Routine,314,314,False
2688,prchunk_5046b45d2d9f5172b447,prdoc_c3af639393f86e007011,pallets/flask,4186,PR identity,Routine,293,293,False
2689,prchunk_77b053f6dae5931c3a76,prdoc_c3af639393f86e007011,pallets/flask,4186,PR description,Routine,1056,549,True
2690,prchunk_191123e19bfdbd0b838b,prdoc_c3af639393f86e007011,pallets/flask,4186,PR description,Routine,234,234,False
2691,prchunk_7e6f8863b66cfada88a3,prdoc_c3af639393f86e007011,pallets/flask,4186,Change evidence,Routine,405,405,False
2692,prchunk_a5fd9ba4bd0ac5486c9b,prdoc_c3af639393f86e007011,pallets/flask,4186,Predictive intelligence,Routine,474,474,False
2693,prchunk_7b4c2ff0cf50f2d2b3fb,prdoc_c3af639393f86e007011,pallets/flask,4186,Deterministic policy intelligence,Routine,320,320,False
2694,prchunk_e105b61084cc9f6ca90e,prdoc_c3af639393f86e007011,pallets/flask,4186,Unified review priority,Routine,314,314,False
2695,prchunk_179edac752873746295f,prdoc_fb7f2054ce240c346dc0,pallets/flask,5928,PR identity,Routine,286,286,False
2696,prchunk_cd67ef35b21d164e068a,prdoc_fb7f2054ce240c346dc0,pallets/flask,5928,PR description,Routine,813,813,False
2697,prchunk_8a51d06c2248d2760eca,prdoc_fb7f2054ce240c346dc0,pallets/flask,5928,Change evidence,Routine,409,409,False
2698,prchunk_8808f83b51c4fd012011,prdoc_fb7f2054ce240c346dc0,pallets/flask,5928,Predictive intelligence,Routine,414,414,False
2699,prchunk_87c056d35c909df3172e,prdoc_fb7f2054ce240c346dc0,pallets/flask,5928,Deterministic policy intelligence,Routine,328,328,False
2700,prchunk_fb2b17b8bf575abce0e0,prdoc_fb7f2054ce240c346dc0,pallets/flask,5928,Unified review priority,Routine,310,310,False
2701,prchunk_74fffc917725a237a37c,prdoc_fa8c682b7d2eb520daf6,pallets/flask,3063,PR identity,Routine,284,284,False
2702,prchunk_0c694e7a9540e3585d96,prdoc_fa8c682b7d2eb520daf6,pallets/flask,3063,PR description,Routine,458,458,False
2703,prchunk_d0436a21e349d9e37b03,prdoc_fa8c682b7d2eb520daf6,pallets/flask,3063,Change evidence,Routine,406,406,False
2704,prchunk_770d6b401342695e6c70,prdoc_fa8c682b7d2eb520daf6,pallets/flask,3063,Predictive intelligence,Routine,414,414,False
2705,prchunk_e63e4de5078b5636a781,prdoc_fa8c682b7d2eb520daf6,pallets/flask,3063,Deterministic policy intelligence,Routine,321,321,False
2706,prchunk_9458882a14807f1343ff,prdoc_fa8c682b7d2eb520daf6,pallets/flask,3063,Unified review priority,Routine,310,310,False
2707,prchunk_9ab6c12d26351cf9a676,prdoc_7c15479ef696bbfb56ad,pallets/flask,3920,PR identity,Routine,260,260,False
2708,prchunk_b88153eec38ee98b8651,prdoc_7c15479ef696bbfb56ad,pallets/flask,3920,PR description,Routine,310,310,False
2709,prchunk_612e1167ee483d748cb7,prdoc_7c15479ef696bbfb56ad,pallets/flask,3920,Change evidence,Routine,403,403,False
2710,prchunk_61d4e1727daa3e74ffad,prdoc_7c15479ef696bbfb56ad,pallets/flask,3920,Predictive intelligence,Routine,474,474,False
2711,prchunk_42d0363c49fa5774533d,prdoc_7c15479ef696bbfb56ad,pallets/flask,3920,Deterministic policy intelligence,Routine,321,321,False
2712,prchunk_9cb5cbf7ffa63e7fada5,prdoc_7c15479ef696bbfb56ad,pallets/flask,3920,Unified review priority,Routine,314,314,False
2713,prchunk_937f58ca919cfaf819c8,prdoc_f57a4b690ef12d57e980,pallets/flask,4764,PR identity,Routine,256,256,False
2714,prchunk_5431d988d3abde326ade,prdoc_f57a4b690ef12d57e980,pallets/flask,4764,PR description,Routine,690,690,False
2715,prchunk_a7aa4a8c38a6b7b2a7c8,prdoc_f57a4b690ef12d57e980,pallets/flask,4764,Change evidence,Routine,403,403,False
2716,prchunk_d6a5bbc5cd6cfd44926f,prdoc_f57a4b690ef12d57e980,pallets/flask,4764,Predictive intelligence,Routine,474,474,False
2717,prchunk_aa53a8525a1e2b8f0a6c,prdoc_f57a4b690ef12d57e980,pallets/flask,4764,Deterministic policy intelligence,Routine,320,320,False
2718,prchunk_39171d311beda4ee309b,prdoc_f57a4b690ef12d57e980,pallets/flask,4764,Unified review priority,Routine,314,314,False
2719,prchunk_f90fe6dd012b4265cf8c,prdoc_8f79a3be44479e67bbf2,pallets/flask,5647,PR identity,Routine,276,276,False
2720,prchunk_c939a3ea9fe73d8607b9,prdoc_8f79a3be44479e67bbf2,pallets/flask,5647,PR description,Routine,457,457,False
2721,prchunk_1c6866fea0e685ac0618,prdoc_8f79a3be44479e67bbf2,pallets/flask,5647,Change evidence,Routine,403,403,False
2722,prchunk_c6a82f2dedd475bb7fe9,prdoc_8f79a3be44479e67bbf2,pallets/flask,5647,Predictive intelligence,Routine,413,413,False
2723,prchunk_198a61d0fd2dcef84e3a,prdoc_8f79a3be44479e67bbf2,pallets/flask,5647,Deterministic policy intelligence,Routine,321,321,False
2724,prchunk_ca920283edec19467c8b,prdoc_8f79a3be44479e67bbf2,pallets/flask,5647,Unified review priority,Routine,310,310,False
2725,prchunk_bdff2460e5a70835887f,prdoc_a6948d3f255f7e653e78,pallets/flask,5444,PR identity,Routine,269,269,False
2726,prchunk_918559a7761dd929b00c,prdoc_a6948d3f255f7e653e78,pallets/flask,5444,PR description,Routine,1082,575,True
2727,prchunk_9331bb45b25edcc11be3,prdoc_a6948d3f255f7e653e78,pallets/flask,5444,PR description,Routine,237,237,False
2728,prchunk_aa21ff583fa1737a226c,prdoc_a6948d3f255f7e653e78,pallets/flask,5444,Change evidence,Routine,404,404,False
2729,prchunk_e961b64c3f1ae1de5bce,prdoc_a6948d3f255f7e653e78,pallets/flask,5444,Predictive intelligence,Routine,474,474,False
2730,prchunk_6f738969485c155fc84f,prdoc_a6948d3f255f7e653e78,pallets/flask,5444,Deterministic policy intelligence,Routine,320,320,False
2731,prchunk_66a57725d15239e17e37,prdoc_a6948d3f255f7e653e78,pallets/flask,5444,Unified review priority,Routine,314,314,False
2732,prchunk_37d15fa123515ef2fd7f,prdoc_cc20100a82bff8beb051,pallets/flask,3082,PR identity,Routine,299,299,False
2733,prchunk_247a0c33713fc16f100b,prdoc_cc20100a82bff8beb051,pallets/flask,3082,PR description,Routine,1363,1363,False
2734,prchunk_a143503f13aa52f81428,prdoc_cc20100a82bff8beb051,pallets/flask,3082,PR description,Routine,396,396,False
2735,prchunk_68aa83ee099c5762bd0f,prdoc_cc20100a82bff8beb051,pallets/flask,3082,Change evidence,Routine,405,405,False
2736,prchunk_15ac0be9699427c96cbd,prdoc_cc20100a82bff8beb051,pallets/flask,3082,Predictive intelligence,Routine,418,418,False
2737,prchunk_1f5f19746d13f24cdcde,prdoc_cc20100a82bff8beb051,pallets/flask,3082,Deterministic policy intelligence,Routine,320,320,False
2738,prchunk_963743fc2b34ccd5f4ce,prdoc_cc20100a82bff8beb051,pallets/flask,3082,Unified review priority,Routine,314,314,False
2739,prchunk_385fa26e25c6bf67aacc,prdoc_0beb5a35bb9ca57a4eb9,pallets/flask,2921,PR identity,Routine,321,321,False
2740,prchunk_75795153317eaffdcd70,prdoc_0beb5a35bb9ca57a4eb9,pallets/flask,2921,PR description,Routine,526,526,False
2741,prchunk_e6d3a1c49951c6d42a4a,prdoc_0beb5a35bb9ca57a4eb9,pallets/flask,2921,Change evidence,Routine,405,405,False
2742,prchunk_1b5f9735542b29b70347,prdoc_0beb5a35bb9ca57a4eb9,pallets/flask,2921,Predictive intelligence,Routine,474,474,False
2743,prchunk_dca9240fa6e546292f2f,prdoc_0beb5a35bb9ca57a4eb9,pallets/flask,2921,Deterministic policy intelligence,Routine,320,320,False
2744,prchunk_c24d2839ba76f9cb8e8e,prdoc_0beb5a35bb9ca57a4eb9,pallets/flask,2921,Unified review priority,Routine,314,314,False
2745,prchunk_7be37eb22c06adf188ef,prdoc_691e6fd3a288e3a8949b,pallets/flask,3896,PR identity,Routine,272,272,False
2746,prchunk_39684509959fd8dc2aa1,prdoc_691e6fd3a288e3a8949b,pallets/flask,3896,PR description,Routine,771,351,True
2747,prchunk_8918af22967aee89c865,prdoc_691e6fd3a288e3a8949b,pallets/flask,3896,Change evidence,Routine,403,403,False
2748,prchunk_e95ce242da669f6ef391,prdoc_691e6fd3a288e3a8949b,pallets/flask,3896,Predictive intelligence,Routine,474,474,False
2749,prchunk_2a74119c00bdaa7c95c2,prdoc_691e6fd3a288e3a8949b,pallets/flask,3896,Deterministic policy intelligence,Routine,320,320,False
2750,prchunk_b6c98dd7c76ba07505c7,prdoc_691e6fd3a288e3a8949b,pallets/flask,3896,Unified review priority,Routine,314,314,False
2751,prchunk_632ebffe705ece865a64,prdoc_28cf129f80885535f0bb,pallets/flask,3338,PR identity,Routine,265,265,False
2752,prchunk_15708ac3fa43c8cfe6e3,prdoc_28cf129f80885535f0bb,pallets/flask,3338,PR description,Routine,236,236,False
2753,prchunk_75576136fa7ff1aa7395,prdoc_28cf129f80885535f0bb,pallets/flask,3338,Change evidence,Routine,403,403,False
2754,prchunk_9a9e5eefc51a6a43f409,prdoc_28cf129f80885535f0bb,pallets/flask,3338,Predictive intelligence,Routine,470,470,False
2755,prchunk_5c2bbc9bb8084b311247,prdoc_28cf129f80885535f0bb,pallets/flask,3338,Deterministic policy intelligence,Routine,321,321,False
2756,prchunk_31727ca2a7fed32dbbff,prdoc_28cf129f80885535f0bb,pallets/flask,3338,Unified review priority,Routine,310,310,False
2757,prchunk_eb3c01abce8dfae74bea,prdoc_09a0ad3d89c60a6ffbdb,pallets/flask,2955,PR identity,Routine,247,247,False
2758,prchunk_0eaefe16bbeea82d7416,prdoc_09a0ad3d89c60a6ffbdb,pallets/flask,2955,PR description,Routine,662,242,True
2759,prchunk_c046a4daf62a39d332f6,prdoc_09a0ad3d89c60a6ffbdb,pallets/flask,2955,Change evidence,Routine,404,404,False
2760,prchunk_980e36a1474b8c659a58,prdoc_09a0ad3d89c60a6ffbdb,pallets/flask,2955,Predictive intelligence,Routine,474,474,False
2761,prchunk_16d85f07e11a4a88e927,prdoc_09a0ad3d89c60a6ffbdb,pallets/flask,2955,Deterministic policy intelligence,Routine,320,320,False
2762,prchunk_f33e258dbdba6990a5d1,prdoc_09a0ad3d89c60a6ffbdb,pallets/flask,2955,Unified review priority,Routine,314,314,False
2763,prchunk_aea2c1c051e6966f3d49,prdoc_a5bad9c75172ae7db4a8,pallets/flask,4752,PR identity,Routine,277,277,False
2764,prchunk_11fa96025bbb1492767e,prdoc_a5bad9c75172ae7db4a8,pallets/flask,4752,PR description,Routine,992,992,False
2765,prchunk_87818656f20f71fad77a,prdoc_a5bad9c75172ae7db4a8,pallets/flask,4752,Change evidence,Routine,404,404,False
2766,prchunk_a04d08f86016a9ec37d5,prdoc_a5bad9c75172ae7db4a8,pallets/flask,4752,Predictive intelligence,Routine,474,474,False
2767,prchunk_5e050ce5953414156b30,prdoc_a5bad9c75172ae7db4a8,pallets/flask,4752,Deterministic policy intelligence,Routine,320,320,False
2768,prchunk_e34d904c721d4fca66ef,prdoc_a5bad9c75172ae7db4a8,pallets/flask,4752,Unified review priority,Routine,314,314,False
2769,prchunk_b7d3d4f7a86284d15ac3,prdoc_afd45396c67330593712,pallets/flask,5693,PR identity,Routine,312,312,False
2770,prchunk_ff0875fe8be37c05e5a9,prdoc_afd45396c67330593712,pallets/flask,5693,PR description,Routine,974,974,False
2771,prchunk_e3e83150bc7ee1376927,prdoc_afd45396c67330593712,pallets/flask,5693,Change evidence,Routine,405,405,False
2772,prchunk_e48d89621773b69c9b35,prdoc_afd45396c67330593712,pallets/flask,5693,Predictive intelligence,Routine,474,474,False
2773,prchunk_94c5b9ec391cc8fe6754,prdoc_afd45396c67330593712,pallets/flask,5693,Deterministic policy intelligence,Routine,320,320,False
2774,prchunk_c4396d7e153d627c89cb,prdoc_afd45396c67330593712,pallets/flask,5693,Unified review priority,Routine,314,314,False
2775,prchunk_6340f71b4d2971359748,prdoc_e25ac151508c382b058e,pallets/flask,5487,PR identity,Routine,280,280,False
2776,prchunk_d96f18a3516ed04beef4,prdoc_e25ac151508c382b058e,pallets/flask,5487,PR description,Routine,374,374,False
2777,prchunk_ac10820b8238c397cf8f,prdoc_e25ac151508c382b058e,pallets/flask,5487,Change evidence,Routine,403,403,False
2778,prchunk_a55011a36dcaaf20388b,prdoc_e25ac151508c382b058e,pallets/flask,5487,Predictive intelligence,Routine,413,413,False
2779,prchunk_d99b07c397e7eabc5888,prdoc_e25ac151508c382b058e,pallets/flask,5487,Deterministic policy intelligence,Routine,321,321,False
2780,prchunk_6fe5e368d2aba902be05,prdoc_e25ac151508c382b058e,pallets/flask,5487,Unified review priority,Routine,310,310,False
2781,prchunk_d31abc694f9aed8380db,prdoc_689ca066a09b89bb9a0f,pallets/flask,4871,PR identity,Routine,255,255,False
2782,prchunk_7b20bc34e78c93142dca,prdoc_689ca066a09b89bb9a0f,pallets/flask,4871,PR description,Routine,1028,521,True
2783,prchunk_0b815ed7727db6de06ab,prdoc_689ca066a09b89bb9a0f,pallets/flask,4871,PR description,Routine,228,228,False
2784,prchunk_6378ef81863df3765fe8,prdoc_689ca066a09b89bb9a0f,pallets/flask,4871,Change evidence,Routine,404,404,False
2785,prchunk_7eedc72365aba708742b,prdoc_689ca066a09b89bb9a0f,pallets/flask,4871,Predictive intelligence,Routine,474,474,False
2786,prchunk_2b349ce7f64da402ee4e,prdoc_689ca066a09b89bb9a0f,pallets/flask,4871,Deterministic policy intelligence,Routine,320,320,False
2787,prchunk_1ede519a71973527c81e,prdoc_689ca066a09b89bb9a0f,pallets/flask,4871,Unified review priority,Routine,314,314,False
2788,prchunk_3cb13d6becaacd90e122,prdoc_9f12a824b6f5af318313,pallets/flask,5478,PR identity,Routine,253,253,False
2789,prchunk_aa121618bb0fc7d3572c,prdoc_9f12a824b6f5af318313,pallets/flask,5478,PR description,Routine,972,157,True
2790,prchunk_eacb478d905c1d53733c,prdoc_9f12a824b6f5af318313,pallets/flask,5478,Change evidence,Routine,403,403,False
2791,prchunk_e5d2b94eb90cbee04c5d,prdoc_9f12a824b6f5af318313,pallets/flask,5478,Predictive intelligence,Routine,474,474,False
2792,prchunk_0aa1caf07043332a1a1b,prdoc_9f12a824b6f5af318313,pallets/flask,5478,Deterministic policy intelligence,Routine,320,320,False
2793,prchunk_457ea932283acaffef36,prdoc_9f12a824b6f5af318313,pallets/flask,5478,Unified review priority,Routine,314,314,False
2794,prchunk_3bbd4264a4724736aa3e,prdoc_6dc75d230c7c7a7d3ef4,pallets/flask,3173,PR identity,Routine,279,279,False
2795,prchunk_e0dcf332f7fe7fbaa02a,prdoc_6dc75d230c7c7a7d3ef4,pallets/flask,3173,PR description,Routine,260,260,False
2796,prchunk_647bdf998de2ee8c1f21,prdoc_6dc75d230c7c7a7d3ef4,pallets/flask,3173,Change evidence,Routine,403,403,False
2797,prchunk_1062f740a9eba02c320c,prdoc_6dc75d230c7c7a7d3ef4,pallets/flask,3173,Predictive intelligence,Routine,413,413,False
2798,prchunk_e355c71915c0469d6ad0,prdoc_6dc75d230c7c7a7d3ef4,pallets/flask,3173,Deterministic policy intelligence,Routine,321,321,False
2799,prchunk_0e5bac92e7b56d2fd717,prdoc_6dc75d230c7c7a7d3ef4,pallets/flask,3173,Unified review priority,Routine,310,310,False
2800,prchunk_20189cefc5c53cb82310,prdoc_99b950e5b7b5a15cb61a,pallets/flask,4829,PR identity,Routine,254,254,False
2801,prchunk_99a0fcfa71c94110951c,prdoc_99b950e5b7b5a15cb61a,pallets/flask,4829,PR description,Routine,1050,543,True
2802,prchunk_9a51227e65c145947e1b,prdoc_99b950e5b7b5a15cb61a,pallets/flask,4829,PR description,Routine,241,241,False
2803,prchunk_bffa66fa5f68baa479fc,prdoc_99b950e5b7b5a15cb61a,pallets/flask,4829,Change evidence,Routine,404,404,False
2804,prchunk_a1341d46cb7a269f8c5f,prdoc_99b950e5b7b5a15cb61a,pallets/flask,4829,Predictive intelligence,Routine,474,474,False
2805,prchunk_16cab9dcadd0b76bd9e6,prdoc_99b950e5b7b5a15cb61a,pallets/flask,4829,Deterministic policy intelligence,Routine,320,320,False
2806,prchunk_697ddc338e9b59dd2d6a,prdoc_99b950e5b7b5a15cb61a,pallets/flask,4829,Unified review priority,Routine,314,314,False
2807,prchunk_91a6fcb89b8b41d57315,prdoc_900507070ce7d774581a,pallets/flask,5950,PR identity,Routine,302,302,False
2808,prchunk_a9f4eeb5e5013f88e2f0,prdoc_900507070ce7d774581a,pallets/flask,5950,PR description,Routine,343,343,False
2809,prchunk_43fe4a00c9b7b95246ce,prdoc_900507070ce7d774581a,pallets/flask,5950,Change evidence,Routine,403,403,False
2810,prchunk_625ec725795a9373b519,prdoc_900507070ce7d774581a,pallets/flask,5950,Predictive intelligence,Routine,470,470,False
2811,prchunk_3dffa6ca30cefd16053d,prdoc_900507070ce7d774581a,pallets/flask,5950,Deterministic policy intelligence,Routine,321,321,False
2812,prchunk_f5eb9f1781ac379ad555,prdoc_900507070ce7d774581a,pallets/flask,5950,Unified review priority,Routine,310,310,False
2813,prchunk_1cb3d36bb94e32b3274a,prdoc_a93d5a8bc9d9506ff040,pallets/flask,4966,PR identity,Routine,265,265,False
2814,prchunk_7292dfeadedb7acf9261,prdoc_a93d5a8bc9d9506ff040,pallets/flask,4966,PR description,Routine,235,235,False
2815,prchunk_dc29848aad6ebe38a751,prdoc_a93d5a8bc9d9506ff040,pallets/flask,4966,Change evidence,Routine,403,403,False
2816,prchunk_9f38c5c4c69fd2e71ee9,prdoc_a93d5a8bc9d9506ff040,pallets/flask,4966,Predictive intelligence,Routine,413,413,False
2817,prchunk_b2ef4d7e32e8049de7ea,prdoc_a93d5a8bc9d9506ff040,pallets/flask,4966,Deterministic policy intelligence,Routine,321,321,False
2818,prchunk_a358417e429cd6a95139,prdoc_a93d5a8bc9d9506ff040,pallets/flask,4966,Unified review priority,Routine,310,310,False
2819,prchunk_e92766ed2a2e7d2db78e,prdoc_3e26a91ce97ba0632b5b,pallets/flask,2874,PR identity,Routine,276,276,False
2820,prchunk_51635a83d3899b4e7e79,prdoc_3e26a91ce97ba0632b5b,pallets/flask,2874,PR description,Routine,367,367,False
2821,prchunk_d895b581c3300b8f2b39,prdoc_3e26a91ce97ba0632b5b,pallets/flask,2874,Change evidence,Routine,404,404,False
2822,prchunk_c98f2a5bbd1a9f287b87,prdoc_3e26a91ce97ba0632b5b,pallets/flask,2874,Predictive intelligence,Routine,470,470,False
2823,prchunk_f0070d1a985c84e078b1,prdoc_3e26a91ce97ba0632b5b,pallets/flask,2874,Deterministic policy intelligence,Routine,321,321,False
2824,prchunk_e5abedd7a054008df7af,prdoc_3e26a91ce97ba0632b5b,pallets/flask,2874,Unified review priority,Routine,310,310,False
2825,prchunk_06d2f04f8bb57aba2200,prdoc_1af8d06104acbafa6413,pallets/flask,3101,PR identity,Routine,273,273,False
2826,prchunk_65936d3e4612ba27f380,prdoc_1af8d06104acbafa6413,pallets/flask,3101,PR description,Routine,315,315,False
2827,prchunk_07fb5c6a1e1a83f3df54,prdoc_1af8d06104acbafa6413,pallets/flask,3101,Change evidence,Routine,403,403,False
2828,prchunk_fb3660cd8196f6b2ba7a,prdoc_1af8d06104acbafa6413,pallets/flask,3101,Predictive intelligence,Routine,414,414,False
2829,prchunk_54c28a92faa4761d8bda,prdoc_1af8d06104acbafa6413,pallets/flask,3101,Deterministic policy intelligence,Routine,321,321,False
2830,prchunk_f2febce68e01ef348e02,prdoc_1af8d06104acbafa6413,pallets/flask,3101,Unified review priority,Routine,310,310,False
2831,prchunk_7bf16d23e85b52f7c853,prdoc_3a740164f785440889e4,pallets/flask,3200,PR identity,Routine,297,297,False
2832,prchunk_48ba9411d2c834f71648,prdoc_3a740164f785440889e4,pallets/flask,3200,PR description,Routine,307,307,False
2833,prchunk_1c9702fa505dd4275a69,prdoc_3a740164f785440889e4,pallets/flask,3200,Change evidence,Routine,404,404,False
2834,prchunk_2de7d59bfea6b3d06f5a,prdoc_3a740164f785440889e4,pallets/flask,3200,Predictive intelligence,Routine,470,470,False
2835,prchunk_28de2fb60a11adc3689b,prdoc_3a740164f785440889e4,pallets/flask,3200,Deterministic policy intelligence,Routine,321,321,False
2836,prchunk_98167b08dd988d9b80c0,prdoc_3a740164f785440889e4,pallets/flask,3200,Unified review priority,Routine,310,310,False
2837,prchunk_8cccc4f1d08e8a83a386,prdoc_db3386523daaa2ab28eb,pallets/flask,2730,PR identity,Routine,283,283,False
2838,prchunk_092e2bc4fd0238f810e5,prdoc_db3386523daaa2ab28eb,pallets/flask,2730,PR description,Routine,215,215,False
2839,prchunk_bb180c2b972d56cc7f4d,prdoc_db3386523daaa2ab28eb,pallets/flask,2730,Change evidence,Routine,402,402,False
2840,prchunk_1ad0058294b676f7b98c,prdoc_db3386523daaa2ab28eb,pallets/flask,2730,Predictive intelligence,Routine,414,414,False
2841,prchunk_584f43b96e42cdb1ae43,prdoc_db3386523daaa2ab28eb,pallets/flask,2730,Deterministic policy intelligence,Routine,328,328,False
2842,prchunk_5df3032822126ca4c53d,prdoc_db3386523daaa2ab28eb,pallets/flask,2730,Unified review priority,Routine,310,310,False
2843,prchunk_159a286517acbfe74c3e,prdoc_baa18bd7185018d0a3e5,pallets/flask,5966,PR identity,Routine,299,299,False
2844,prchunk_05110dd1092621344e74,prdoc_baa18bd7185018d0a3e5,pallets/flask,5966,PR description,Routine,1329,1329,False
2845,prchunk_0b93976669fe5dcdda27,prdoc_baa18bd7185018d0a3e5,pallets/flask,5966,PR description,Routine,824,693,True
2846,prchunk_59743cc6acb0809bd7bb,prdoc_baa18bd7185018d0a3e5,pallets/flask,5966,Change evidence,Routine,404,404,False
2847,prchunk_f30eed8dc1c82163d87a,prdoc_baa18bd7185018d0a3e5,pallets/flask,5966,Predictive intelligence,Routine,474,474,False
2848,prchunk_3e06920a0c8cf5257d52,prdoc_baa18bd7185018d0a3e5,pallets/flask,5966,Deterministic policy intelligence,Routine,320,320,False
2849,prchunk_4350d72cad46ac125b90,prdoc_baa18bd7185018d0a3e5,pallets/flask,5966,Unified review priority,Routine,314,314,False
2850,prchunk_adb8555c28af4e02f4d4,prdoc_90ef80d1af8957b003e3,pallets/flask,3321,PR identity,Routine,270,270,False
2851,prchunk_4d08230efdf919d30c42,prdoc_90ef80d1af8957b003e3,pallets/flask,3321,PR description,Routine,257,257,False
2852,prchunk_96fb39ed8614e3cb3980,prdoc_90ef80d1af8957b003e3,pallets/flask,3321,Change evidence,Routine,403,403,False
2853,prchunk_98f3ea0264e90d03b97d,prdoc_90ef80d1af8957b003e3,pallets/flask,3321,Predictive intelligence,Routine,414,414,False
2854,prchunk_93bf323107160849189a,prdoc_90ef80d1af8957b003e3,pallets/flask,3321,Deterministic policy intelligence,Routine,321,321,False
2855,prchunk_8acbcc8b6b6d936f6f02,prdoc_90ef80d1af8957b003e3,pallets/flask,3321,Unified review priority,Routine,310,310,False
2856,prchunk_5ef424075330f0997a64,prdoc_45b51a73f89612958ccc,pallets/flask,2963,PR identity,Routine,306,306,False
2857,prchunk_cd77a110ce6e3429ebc5,prdoc_45b51a73f89612958ccc,pallets/flask,2963,PR description,Routine,663,663,False
2858,prchunk_616fa3330b42e09fe284,prdoc_45b51a73f89612958ccc,pallets/flask,2963,Change evidence,Routine,405,405,False
2859,prchunk_8560e7738b531cbeecb2,prdoc_45b51a73f89612958ccc,pallets/flask,2963,Predictive intelligence,Routine,414,414,False
2860,prchunk_8d8c237898eff8b0f694,prdoc_45b51a73f89612958ccc,pallets/flask,2963,Deterministic policy intelligence,Routine,320,320,False
2861,prchunk_e8d1c996413ead4d423a,prdoc_45b51a73f89612958ccc,pallets/flask,2963,Unified review priority,Routine,310,310,False
2862,prchunk_24862ffc5e6806ac50f1,prdoc_b29ba39d35501902d468,pallets/flask,2630,PR identity,Routine,273,273,False
2863,prchunk_4e6a3a0f6bd6623a8d0d,prdoc_b29ba39d35501902d468,pallets/flask,2630,PR description,Routine,412,412,False
2864,prchunk_ef9af6be95b9e3429068,prdoc_b29ba39d35501902d468,pallets/flask,2630,Change evidence,Routine,404,404,False
2865,prchunk_660758def8447259e525,prdoc_b29ba39d35501902d468,pallets/flask,2630,Predictive intelligence,Routine,413,413,False
2866,prchunk_efbf38cc15aa9e9a1851,prdoc_b29ba39d35501902d468,pallets/flask,2630,Deterministic policy intelligence,Routine,321,321,False
2867,prchunk_e03e11adbe67bf39a703,prdoc_b29ba39d35501902d468,pallets/flask,2630,Unified review priority,Routine,310,310,False
2868,prchunk_0f8fd50cc2c9066f01e8,prdoc_5b9290102f6fb0e07ef3,pallets/flask,5420,PR identity,Routine,291,291,False
2869,prchunk_865e56adda1ae11507e4,prdoc_5b9290102f6fb0e07ef3,pallets/flask,5420,PR description,Routine,1046,1046,False
2870,prchunk_389b89561359a6308757,prdoc_5b9290102f6fb0e07ef3,pallets/flask,5420,Change evidence,Routine,404,404,False
2871,prchunk_6a7e94294b0f870796d8,prdoc_5b9290102f6fb0e07ef3,pallets/flask,5420,Predictive intelligence,Routine,474,474,False
2872,prchunk_22de95f7e86bf56f2633,prdoc_5b9290102f6fb0e07ef3,pallets/flask,5420,Deterministic policy intelligence,Routine,320,320,False
2873,prchunk_89f59f9ddc3b7c05ded0,prdoc_5b9290102f6fb0e07ef3,pallets/flask,5420,Unified review priority,Routine,314,314,False
2874,prchunk_cda852a2098ae0e4ff62,prdoc_572a079ffa5241abba29,pallets/flask,5303,PR identity,Routine,286,286,False
2875,prchunk_ede8045929dd537a4c6f,prdoc_572a079ffa5241abba29,pallets/flask,5303,PR description,Routine,223,223,False
2876,prchunk_be3a76f056246b080723,prdoc_572a079ffa5241abba29,pallets/flask,5303,Change evidence,Routine,403,403,False
2877,prchunk_185c68532f31a8df7cba,prdoc_572a079ffa5241abba29,pallets/flask,5303,Predictive intelligence,Routine,413,413,False
2878,prchunk_f2fa71ee55dbfeb081cf,prdoc_572a079ffa5241abba29,pallets/flask,5303,Deterministic policy intelligence,Routine,328,328,False
2879,prchunk_ee102f02fab0d5d40956,prdoc_572a079ffa5241abba29,pallets/flask,5303,Unified review priority,Routine,310,310,False
2880,prchunk_bbc99abfc8193098de21,prdoc_2377e6f82f244733bf67,pallets/flask,3868,PR identity,Routine,286,286,False
2881,prchunk_0a89bc36f53709547733,prdoc_2377e6f82f244733bf67,pallets/flask,3868,PR description,Routine,250,250,False
2882,prchunk_d80e72f636b676bead99,prdoc_2377e6f82f244733bf67,pallets/flask,3868,Change evidence,Routine,403,403,False
2883,prchunk_a50783e175d1167435db,prdoc_2377e6f82f244733bf67,pallets/flask,3868,Predictive intelligence,Routine,470,470,False
2884,prchunk_2a200c4c43cb31cb77fc,prdoc_2377e6f82f244733bf67,pallets/flask,3868,Deterministic policy intelligence,Routine,321,321,False
2885,prchunk_da723389499bb7e295a0,prdoc_2377e6f82f244733bf67,pallets/flask,3868,Unified review priority,Routine,310,310,False
2886,prchunk_3f39d06153b8e84f83a6,prdoc_28f26e4567f40f2cb5d0,pallets/flask,3060,PR identity,Routine,302,302,False
2887,prchunk_4ecaabe4a454aa8f4b65,prdoc_28f26e4567f40f2cb5d0,pallets/flask,3060,PR description,Routine,408,408,False
2888,prchunk_eb0a02ed2b91df45ad98,prdoc_28f26e4567f40f2cb5d0,pallets/flask,3060,Change evidence,Routine,404,404,False
2889,prchunk_25672caa9ee8c270c7e1,prdoc_28f26e4567f40f2cb5d0,pallets/flask,3060,Predictive intelligence,Routine,470,470,False
2890,prchunk_d6bb6f924684303add3b,prdoc_28f26e4567f40f2cb5d0,pallets/flask,3060,Deterministic policy intelligence,Routine,321,321,False
2891,prchunk_73dc1631f35568be9e97,prdoc_28f26e4567f40f2cb5d0,pallets/flask,3060,Unified review priority,Routine,310,310,False
2892,prchunk_5cbfcd51e400e98e9103,prdoc_2792d03c2605a1477e7f,pallets/flask,2603,PR identity,Routine,265,265,False
2893,prchunk_177cec0230622a0b0c0c,prdoc_2792d03c2605a1477e7f,pallets/flask,2603,PR description,Routine,255,255,False
2894,prchunk_806cb25032a2b7d1ca27,prdoc_2792d03c2605a1477e7f,pallets/flask,2603,Change evidence,Routine,404,404,False
2895,prchunk_6acce88f851955e4c89f,prdoc_2792d03c2605a1477e7f,pallets/flask,2603,Predictive intelligence,Routine,413,413,False
2896,prchunk_7c87acae57d19d42f71c,prdoc_2792d03c2605a1477e7f,pallets/flask,2603,Deterministic policy intelligence,Routine,321,321,False
2897,prchunk_53f44fcc5ae2eb5da787,prdoc_2792d03c2605a1477e7f,pallets/flask,2603,Unified review priority,Routine,310,310,False
2898,prchunk_4c67bbd000b00d184da3,prdoc_9d1af03bb65689cb1ae0,pallets/flask,5743,PR identity,Routine,290,290,False
2899,prchunk_4e85283b9a2c3ce16b94,prdoc_9d1af03bb65689cb1ae0,pallets/flask,5743,PR description,Routine,1189,1189,False
2900,prchunk_c21196ff08e66460f11b,prdoc_9d1af03bb65689cb1ae0,pallets/flask,5743,Change evidence,Routine,407,407,False
2901,prchunk_da7f0bccc64811778302,prdoc_9d1af03bb65689cb1ae0,pallets/flask,5743,Predictive intelligence,Routine,470,470,False
2902,prchunk_9808cffc3f339fb79090,prdoc_9d1af03bb65689cb1ae0,pallets/flask,5743,Deterministic policy intelligence,Routine,328,328,False
2903,prchunk_a5cd4eb9eca4502b8fd9,prdoc_9d1af03bb65689cb1ae0,pallets/flask,5743,Unified review priority,Routine,310,310,False
2904,prchunk_8cc428e82ebb5089556c,prdoc_cfe36103491758d0d2d1,pallets/flask,3924,PR identity,Routine,292,292,False
2905,prchunk_054323f7bd53b20a3ff2,prdoc_cfe36103491758d0d2d1,pallets/flask,3924,PR description,Routine,1081,737,True
2906,prchunk_782467c48ea299f22b0f,prdoc_cfe36103491758d0d2d1,pallets/flask,3924,PR description,Routine,619,456,True
2907,prchunk_b505a18dfefbe76cb9a6,prdoc_cfe36103491758d0d2d1,pallets/flask,3924,Change evidence,Routine,403,403,False
2908,prchunk_8cb30965068fe3d0148c,prdoc_cfe36103491758d0d2d1,pallets/flask,3924,Predictive intelligence,Routine,474,474,False
2909,prchunk_3f6f0f7ddbdfa1c1fc7c,prdoc_cfe36103491758d0d2d1,pallets/flask,3924,Deterministic policy intelligence,Routine,320,320,False
2910,prchunk_62ffcdacd70438ad6162,prdoc_cfe36103491758d0d2d1,pallets/flask,3924,Unified review priority,Routine,314,314,False
2911,prchunk_74cf714200be24148828,prdoc_199346d285a28ea83a0f,pallets/flask,3238,PR identity,Routine,268,268,False
2912,prchunk_22b1839348034f549acf,prdoc_199346d285a28ea83a0f,pallets/flask,3238,PR description,Routine,215,215,False
2913,prchunk_9b9f1066563530b08ae2,prdoc_199346d285a28ea83a0f,pallets/flask,3238,Change evidence,Routine,404,404,False
2914,prchunk_73d06573d3dd07cbc4fa,prdoc_199346d285a28ea83a0f,pallets/flask,3238,Predictive intelligence,Routine,470,470,False
2915,prchunk_c8205e1b36c1654d7ae0,prdoc_199346d285a28ea83a0f,pallets/flask,3238,Deterministic policy intelligence,Routine,321,321,False
2916,prchunk_4a5c231eff822bebb4f2,prdoc_199346d285a28ea83a0f,pallets/flask,3238,Unified review priority,Routine,310,310,False
2917,prchunk_aff3879f2670308b68a3,prdoc_165b3d11f092a4865c28,pallets/flask,4363,PR identity,Routine,291,291,False
2918,prchunk_412f1d127add11f0a928,prdoc_165b3d11f092a4865c28,pallets/flask,4363,PR description,Routine,3465,3455,True
2919,prchunk_699412d7051637610196,prdoc_165b3d11f092a4865c28,pallets/flask,4363,PR description,Routine,2791,2781,True
2920,prchunk_081b9a43a03dccf6e3f8,prdoc_165b3d11f092a4865c28,pallets/flask,4363,PR description,Routine,904,904,False
2921,prchunk_a42fc26f1b4aae22a8ce,prdoc_165b3d11f092a4865c28,pallets/flask,4363,Change evidence,Routine,404,404,False
2922,prchunk_318cd2e4e81cee803404,prdoc_165b3d11f092a4865c28,pallets/flask,4363,Predictive intelligence,Routine,470,470,False
2923,prchunk_71bf5b1bf1a388241e8d,prdoc_165b3d11f092a4865c28,pallets/flask,4363,Deterministic policy intelligence,Routine,328,328,False
2924,prchunk_af847871a871d826ce09,prdoc_165b3d11f092a4865c28,pallets/flask,4363,Unified review priority,Routine,310,310,False
2925,prchunk_28b251fe3f107793e25b,prdoc_19e2ef15d2df5d69c19c,pallets/flask,4281,PR identity,Routine,288,288,False
2926,prchunk_f0be303e587fc36a436e,prdoc_19e2ef15d2df5d69c19c,pallets/flask,4281,PR description,Routine,1593,1593,False
2927,prchunk_b6f8cca52681542a0e05,prdoc_19e2ef15d2df5d69c19c,pallets/flask,4281,PR description,Routine,809,809,False
2928,prchunk_e1a53c1b2fbe355c4d9a,prdoc_19e2ef15d2df5d69c19c,pallets/flask,4281,Change evidence,Routine,404,404,False
2929,prchunk_faf87ca700f00427dc36,prdoc_19e2ef15d2df5d69c19c,pallets/flask,4281,Predictive intelligence,Routine,474,474,False
2930,prchunk_7d821c3ab76b083f12ca,prdoc_19e2ef15d2df5d69c19c,pallets/flask,4281,Deterministic policy intelligence,Routine,320,320,False
2931,prchunk_f31909695aacc9e29581,prdoc_19e2ef15d2df5d69c19c,pallets/flask,4281,Unified review priority,Routine,314,314,False
2932,prchunk_e756b9a2be8f301e236e,prdoc_b2d64c3bebd258eaeeea,pallets/flask,3058,PR identity,Routine,303,303,False
2933,prchunk_43ddc5ffdffc59af619d,prdoc_b2d64c3bebd258eaeeea,pallets/flask,3058,PR description,Routine,556,556,False
2934,prchunk_952733648c4036601a86,prdoc_b2d64c3bebd258eaeeea,pallets/flask,3058,Change evidence,Routine,405,405,False
2935,prchunk_5ee0a5d548099dfc767e,prdoc_b2d64c3bebd258eaeeea,pallets/flask,3058,Predictive intelligence,Routine,474,474,False
2936,prchunk_718b3f8a661b05d000ad,prdoc_b2d64c3bebd258eaeeea,pallets/flask,3058,Deterministic policy intelligence,Routine,320,320,False
2937,prchunk_094b0c5ab4762c07460d,prdoc_b2d64c3bebd258eaeeea,pallets/flask,3058,Unified review priority,Routine,314,314,False
2938,prchunk_a0f0be81275152811350,prdoc_17db9e4f5bf23e4a5546,pallets/flask,5048,PR identity,Routine,289,289,False
2939,prchunk_767cb1fa3d6a3ac23539,prdoc_17db9e4f5bf23e4a5546,pallets/flask,5048,PR description,Routine,372,372,False
2940,prchunk_4e1a91cf5429be6f04bc,prdoc_17db9e4f5bf23e4a5546,pallets/flask,5048,Change evidence,Routine,403,403,False
2941,prchunk_35b02b7473b738229379,prdoc_17db9e4f5bf23e4a5546,pallets/flask,5048,Predictive intelligence,Routine,470,470,False
2942,prchunk_add75033fc65e651662c,prdoc_17db9e4f5bf23e4a5546,pallets/flask,5048,Deterministic policy intelligence,Routine,321,321,False
2943,prchunk_e205ad265771bac21577,prdoc_17db9e4f5bf23e4a5546,pallets/flask,5048,Unified review priority,Routine,310,310,False
2944,prchunk_2080b2350850ff9abe05,prdoc_c7ef3b76d4a4498eea40,pallets/flask,3510,PR identity,Routine,259,259,False
2945,prchunk_8b23d573ceb5bdedc5a7,prdoc_c7ef3b76d4a4498eea40,pallets/flask,3510,PR description,Routine,674,254,True
2946,prchunk_8d95da2ac6da2f8f91d7,prdoc_c7ef3b76d4a4498eea40,pallets/flask,3510,Change evidence,Routine,406,406,False
2947,prchunk_7851c5dc0bef041ce2db,prdoc_c7ef3b76d4a4498eea40,pallets/flask,3510,Predictive intelligence,Routine,474,474,False
2948,prchunk_28a2e635180a22a8bf46,prdoc_c7ef3b76d4a4498eea40,pallets/flask,3510,Deterministic policy intelligence,Routine,320,320,False
2949,prchunk_deb9be9be45d039ebdeb,prdoc_c7ef3b76d4a4498eea40,pallets/flask,3510,Unified review priority,Routine,314,314,False
2950,prchunk_814a253347e59f8d28e7,prdoc_b42703478081ddc63d75,pallets/flask,4324,PR identity,Routine,287,287,False
2951,prchunk_b62bf3ecfac1c89b0c13,prdoc_b42703478081ddc63d75,pallets/flask,4324,PR description,Routine,1590,1590,False
2952,prchunk_f7e3bfdf9a6429ea7c7d,prdoc_b42703478081ddc63d75,pallets/flask,4324,PR description,Routine,809,809,False
2953,prchunk_48761ce3c1f2125ea006,prdoc_b42703478081ddc63d75,pallets/flask,4324,Change evidence,Routine,404,404,False
2954,prchunk_2bbf67d729b9f9a036ac,prdoc_b42703478081ddc63d75,pallets/flask,4324,Predictive intelligence,Routine,474,474,False
2955,prchunk_5be9609c9c660519a78b,prdoc_b42703478081ddc63d75,pallets/flask,4324,Deterministic policy intelligence,Routine,320,320,False
2956,prchunk_717a88c1396b0484461d,prdoc_b42703478081ddc63d75,pallets/flask,4324,Unified review priority,Routine,314,314,False
2957,prchunk_f71e5b3deae53f5803bd,prdoc_f4c69b5d8ed323b7465e,pallets/flask,5917,PR identity,Routine,276,276,False
2958,prchunk_96fc2d40763ab337cc51,prdoc_f4c69b5d8ed323b7465e,pallets/flask,5917,PR description,Routine,509,509,False
2959,prchunk_e7f30b98a27f5b8bcf7d,prdoc_f4c69b5d8ed323b7465e,pallets/flask,5917,Change evidence,Routine,406,406,False
2960,prchunk_ab6e68816858d3547e82,prdoc_f4c69b5d8ed323b7465e,pallets/flask,5917,Predictive intelligence,Routine,414,414,False
2961,prchunk_3e9e9d89d8cee0ca5790,prdoc_f4c69b5d8ed323b7465e,pallets/flask,5917,Deterministic policy intelligence,Routine,328,328,False
2962,prchunk_d7075810c6b709f717b2,prdoc_f4c69b5d8ed323b7465e,pallets/flask,5917,Unified review priority,Routine,310,310,False
2963,prchunk_3368692c03fe37464aa7,prdoc_1ad10960babdd9aaeb0c,pallets/flask,5761,PR identity,Routine,317,317,False
2964,prchunk_1b4600b39255dd2208d8,prdoc_1ad10960babdd9aaeb0c,pallets/flask,5761,PR description,Routine,591,591,False
2965,prchunk_8fa0a893efcf7ba7e205,prdoc_1ad10960babdd9aaeb0c,pallets/flask,5761,Change evidence,Routine,404,404,False
2966,prchunk_0fbabf255894f4517fd4,prdoc_1ad10960babdd9aaeb0c,pallets/flask,5761,Predictive intelligence,Routine,474,474,False
2967,prchunk_20eb794e4c1761dcb589,prdoc_1ad10960babdd9aaeb0c,pallets/flask,5761,Deterministic policy intelligence,Routine,320,320,False
2968,prchunk_cc3a0db1631a962931f5,prdoc_1ad10960babdd9aaeb0c,pallets/flask,5761,Unified review priority,Routine,314,314,False
2969,prchunk_eabc618fd2931fc8ef16,prdoc_601e02ba52b2a5eed889,pallets/flask,3075,PR identity,Routine,315,315,False
2970,prchunk_edfb7fa3efb83f8d7daa,prdoc_601e02ba52b2a5eed889,pallets/flask,3075,PR description,Routine,763,763,False
2971,prchunk_935d10de3a2466f218df,prdoc_601e02ba52b2a5eed889,pallets/flask,3075,Change evidence,Routine,405,405,False
2972,prchunk_1cb4c463bf1e532bcfd9,prdoc_601e02ba52b2a5eed889,pallets/flask,3075,Predictive intelligence,Routine,474,474,False
2973,prchunk_ed5b75800c1cae701bad,prdoc_601e02ba52b2a5eed889,pallets/flask,3075,Deterministic policy intelligence,Routine,320,320,False
2974,prchunk_7a24c0f7bebf97abcb84,prdoc_601e02ba52b2a5eed889,pallets/flask,3075,Unified review priority,Routine,314,314,False
2975,prchunk_65dc9f97600535b407ad,prdoc_94a559fe8bf79d409575,pallets/flask,4287,PR identity,Routine,259,259,False
2976,prchunk_2455ad2c99d614ab1f31,prdoc_94a559fe8bf79d409575,pallets/flask,4287,PR description,Routine,194,194,False
2977,prchunk_dc30bd7116beb267177b,prdoc_94a559fe8bf79d409575,pallets/flask,4287,Change evidence,Routine,403,403,False
2978,prchunk_256778c3b6dfbac93e7b,prdoc_94a559fe8bf79d409575,pallets/flask,4287,Predictive intelligence,Routine,413,413,False
2979,prchunk_03ca74918f88366dfc21,prdoc_94a559fe8bf79d409575,pallets/flask,4287,Deterministic policy intelligence,Routine,328,328,False
2980,prchunk_43326627fc5c7261b6d8,prdoc_94a559fe8bf79d409575,pallets/flask,4287,Unified review priority,Routine,310,310,False
2981,prchunk_3e6605319f4c613a2b83,prdoc_9233c9a1e4c99472b624,pallets/flask,5497,PR identity,Routine,270,270,False
2982,prchunk_481b2c42c6f41d4e5a28,prdoc_9233c9a1e4c99472b624,pallets/flask,5497,PR description,Routine,520,520,False
2983,prchunk_6126b84fe3044b3db239,prdoc_9233c9a1e4c99472b624,pallets/flask,5497,Change evidence,Routine,403,403,False
2984,prchunk_5093cae9f382b09ecabc,prdoc_9233c9a1e4c99472b624,pallets/flask,5497,Predictive intelligence,Routine,474,474,False
2985,prchunk_011634a04ee082058a36,prdoc_9233c9a1e4c99472b624,pallets/flask,5497,Deterministic policy intelligence,Routine,320,320,False
2986,prchunk_c39f882cd2fb7d022021,prdoc_9233c9a1e4c99472b624,pallets/flask,5497,Unified review priority,Routine,314,314,False
2987,prchunk_da4477a8d964a8729984,prdoc_a7d5d5ce8d58656aa632,pallets/flask,4662,PR identity,Routine,284,284,False
2988,prchunk_8f6c9e93285016d030a7,prdoc_a7d5d5ce8d58656aa632,pallets/flask,4662,PR description,Routine,223,223,False
2989,prchunk_720e1120cf421ca7bfbd,prdoc_a7d5d5ce8d58656aa632,pallets/flask,4662,Change evidence,Routine,404,404,False
2990,prchunk_ef1e8146c5c0197af1f7,prdoc_a7d5d5ce8d58656aa632,pallets/flask,4662,Predictive intelligence,Routine,414,414,False
2991,prchunk_f678fa46922f1fbda575,prdoc_a7d5d5ce8d58656aa632,pallets/flask,4662,Deterministic policy intelligence,Routine,321,321,False
2992,prchunk_b92a931d7b714721496f,prdoc_a7d5d5ce8d58656aa632,pallets/flask,4662,Unified review priority,Routine,310,310,False
2993,prchunk_02525db8da136fb175ae,prdoc_93d5568afed502041c18,pallets/flask,5182,PR identity,Routine,283,283,False
2994,prchunk_20762c267dde607ed7a9,prdoc_93d5568afed502041c18,pallets/flask,5182,PR description,Routine,792,792,False
2995,prchunk_b4a42ca0d8661989d7b2,prdoc_93d5568afed502041c18,pallets/flask,5182,Change evidence,Routine,403,403,False
2996,prchunk_370af782f123bc749dbf,prdoc_93d5568afed502041c18,pallets/flask,5182,Predictive intelligence,Routine,417,417,False
2997,prchunk_7782b721a3258743028d,prdoc_93d5568afed502041c18,pallets/flask,5182,Deterministic policy intelligence,Routine,320,320,False
2998,prchunk_088fa602b40f3209e326,prdoc_93d5568afed502041c18,pallets/flask,5182,Unified review priority,Routine,314,314,False
2999,prchunk_94de1f97e1d11e578233,prdoc_87a40e8b139bb8acb06c,pallets/flask,2850,PR identity,Routine,291,291,False
3000,prchunk_fb6fde6ff090983bc5a6,prdoc_87a40e8b139bb8acb06c,pallets/flask,2850,PR description,Routine,282,282,False
3001,prchunk_2391b2e020eef3474ea4,prdoc_87a40e8b139bb8acb06c,pallets/flask,2850,Change evidence,Routine,403,403,False
3002,prchunk_d52480cb4a16f0ba4f34,prdoc_87a40e8b139bb8acb06c,pallets/flask,2850,Predictive intelligence,Routine,414,414,False
3003,prchunk_452a256fa43c6f756977,prdoc_87a40e8b139bb8acb06c,pallets/flask,2850,Deterministic policy intelligence,Routine,321,321,False
3004,prchunk_42cbc2c4c10aa544a5cf,prdoc_87a40e8b139bb8acb06c,pallets/flask,2850,Unified review priority,Routine,310,310,False
3005,prchunk_a293de65e71ac216f325,prdoc_cfe06dbaeeba3c19c704,pallets/flask,2719,PR identity,Routine,252,252,False
3006,prchunk_929a7745198f495cfdd4,prdoc_cfe06dbaeeba3c19c704,pallets/flask,2719,PR description,Routine,190,190,False
3007,prchunk_060cdc06d8d071cb0a70,prdoc_cfe06dbaeeba3c19c704,pallets/flask,2719,Change evidence,Routine,403,403,False
3008,prchunk_5c0070a0ec1b98de43c9,prdoc_cfe06dbaeeba3c19c704,pallets/flask,2719,Predictive intelligence,Routine,414,414,False
3009,prchunk_41499cb3c6e2426e2c04,prdoc_cfe06dbaeeba3c19c704,pallets/flask,2719,Deterministic policy intelligence,Routine,321,321,False
3010,prchunk_e7b6ae9b85c182514f78,prdoc_cfe06dbaeeba3c19c704,pallets/flask,2719,Unified review priority,Routine,310,310,False
3011,prchunk_7a683e9c02376ab2fcdc,prdoc_f4d8bfc8ef7119a64b0a,pallets/flask,3698,PR identity,Routine,291,291,False
3012,prchunk_acd0ccb423d7035775dd,prdoc_f4d8bfc8ef7119a64b0a,pallets/flask,3698,PR description,Routine,798,798,False
3013,prchunk_cc607888fc4709ae7b37,prdoc_f4d8bfc8ef7119a64b0a,pallets/flask,3698,Change evidence,Routine,403,403,False
3014,prchunk_b3f294bc3ec60eb44774,prdoc_f4d8bfc8ef7119a64b0a,pallets/flask,3698,Predictive intelligence,Routine,474,474,False
3015,prchunk_eaf0bbffdaebf484ce2f,prdoc_f4d8bfc8ef7119a64b0a,pallets/flask,3698,Deterministic policy intelligence,Routine,320,320,False
3016,prchunk_5e570f730434dddcef3b,prdoc_f4d8bfc8ef7119a64b0a,pallets/flask,3698,Unified review priority,Routine,314,314,False
3017,prchunk_32844c2124b2d86fc87f,prdoc_8124029bcda311aa6cbf,pallets/flask,4234,PR identity,Routine,293,293,False
3018,prchunk_0244302a2ff99f941073,prdoc_8124029bcda311aa6cbf,pallets/flask,4234,PR description,Routine,253,253,False
3019,prchunk_b1b270fa575f21eb3e5c,prdoc_8124029bcda311aa6cbf,pallets/flask,4234,Change evidence,Routine,403,403,False
3020,prchunk_aca51d0bf6d7ab32f3c8,prdoc_8124029bcda311aa6cbf,pallets/flask,4234,Predictive intelligence,Routine,414,414,False
3021,prchunk_ec55db05b0be76de825f,prdoc_8124029bcda311aa6cbf,pallets/flask,4234,Deterministic policy intelligence,Routine,321,321,False
3022,prchunk_2bf7f6067ccfbc5de904,prdoc_8124029bcda311aa6cbf,pallets/flask,4234,Unified review priority,Routine,310,310,False
3023,prchunk_55f25561fdf9dfd3926e,prdoc_6ecfc28dfd30b13b296b,pallets/flask,3804,PR identity,Routine,275,275,False
3024,prchunk_053cd8b6945f6117a793,prdoc_6ecfc28dfd30b13b296b,pallets/flask,3804,PR description,Routine,690,270,True
3025,prchunk_daedfd29ca761e28113b,prdoc_6ecfc28dfd30b13b296b,pallets/flask,3804,Change evidence,Routine,403,403,False
3026,prchunk_b742649c67e3b9b0e8c8,prdoc_6ecfc28dfd30b13b296b,pallets/flask,3804,Predictive intelligence,Routine,474,474,False
3027,prchunk_b197763df385614d0ca4,prdoc_6ecfc28dfd30b13b296b,pallets/flask,3804,Deterministic policy intelligence,Routine,320,320,False
3028,prchunk_c96fd572b40a206e4ae4,prdoc_6ecfc28dfd30b13b296b,pallets/flask,3804,Unified review priority,Routine,314,314,False
3029,prchunk_d68482ec2b750ec9d8a6,prdoc_bb63ba3cae62737a1d51,pallets/flask,5264,PR identity,Routine,273,273,False
3030,prchunk_02cc14de93259e3cda85,prdoc_bb63ba3cae62737a1d51,pallets/flask,5264,PR description,Routine,785,785,False
3031,prchunk_bb9329d48af15775cdb8,prdoc_bb63ba3cae62737a1d51,pallets/flask,5264,Change evidence,Routine,402,402,False
3032,prchunk_f383e4fa0c7a6fa4ee8f,prdoc_bb63ba3cae62737a1d51,pallets/flask,5264,Predictive intelligence,Routine,414,414,False
3033,prchunk_c62f0c0ced1d711b7c18,prdoc_bb63ba3cae62737a1d51,pallets/flask,5264,Deterministic policy intelligence,Routine,320,320,False
3034,prchunk_2fbfa573742c4c192efd,prdoc_bb63ba3cae62737a1d51,pallets/flask,5264,Unified review priority,Routine,310,310,False
3035,prchunk_a7aebe89e722f262d6d5,prdoc_9c9114e017f143611464,pallets/flask,4783,PR identity,Routine,269,269,False
3036,prchunk_1a2a5181bc79762d73f9,prdoc_9c9114e017f143611464,pallets/flask,4783,PR description,Routine,455,455,False
3037,prchunk_d73504a1c3209fa3f3fa,prdoc_9c9114e017f143611464,pallets/flask,4783,Change evidence,Routine,403,403,False
3038,prchunk_7e5c36e1d14ac2810299,prdoc_9c9114e017f143611464,pallets/flask,4783,Predictive intelligence,Routine,414,414,False
3039,prchunk_df74075cd4277540a700,prdoc_9c9114e017f143611464,pallets/flask,4783,Deterministic policy intelligence,Routine,321,321,False
3040,prchunk_9628b252bdd755820549,prdoc_9c9114e017f143611464,pallets/flask,4783,Unified review priority,Routine,310,310,False
3041,prchunk_feb09982573674155466,prdoc_bb7ef87cde315736eb55,pallets/flask,5700,PR identity,Routine,277,277,False
3042,prchunk_df8bc90eb55bc6b3e6cd,prdoc_bb7ef87cde315736eb55,pallets/flask,5700,PR description,Routine,311,311,False
3043,prchunk_ba86ff6c92d48afd8ae8,prdoc_bb7ef87cde315736eb55,pallets/flask,5700,Change evidence,Routine,407,407,False
3044,prchunk_a1094b794506cbc02d04,prdoc_bb7ef87cde315736eb55,pallets/flask,5700,Predictive intelligence,Routine,414,414,False
3045,prchunk_c268e72452d6c39d952a,prdoc_bb7ef87cde315736eb55,pallets/flask,5700,Deterministic policy intelligence,Routine,321,321,False
3046,prchunk_b265c5a397b460885543,prdoc_bb7ef87cde315736eb55,pallets/flask,5700,Unified review priority,Routine,310,310,False
3047,prchunk_397ba7b361e10db856a8,prdoc_4a48bf31b13493cacd62,pallets/flask,3113,PR identity,Routine,293,293,False
3048,prchunk_5d017adbfc00ea2cdeac,prdoc_4a48bf31b13493cacd62,pallets/flask,3113,PR description,Routine,268,268,False
3049,prchunk_7b1a7e6e1f189d13e7af,prdoc_4a48bf31b13493cacd62,pallets/flask,3113,Change evidence,Routine,403,403,False
3050,prchunk_18e76470f6044457a6ea,prdoc_4a48bf31b13493cacd62,pallets/flask,3113,Predictive intelligence,Routine,413,413,False
3051,prchunk_a277e6f084ca2c49083b,prdoc_4a48bf31b13493cacd62,pallets/flask,3113,Deterministic policy intelligence,Routine,321,321,False
3052,prchunk_ae6d88da4bc18d146d88,prdoc_4a48bf31b13493cacd62,pallets/flask,3113,Unified review priority,Routine,310,310,False
3053,prchunk_52d5ddd588edebce8f34,prdoc_fed6ed49b864667c86d6,pallets/flask,3895,PR identity,Routine,263,263,False
3054,prchunk_386ae1767779a578931f,prdoc_fed6ed49b864667c86d6,pallets/flask,3895,PR description,Routine,680,680,False
3055,prchunk_39a1d8ba5e4e267b6fa2,prdoc_fed6ed49b864667c86d6,pallets/flask,3895,Change evidence,Routine,406,406,False
3056,prchunk_8aedbe089b43936cd1ba,prdoc_fed6ed49b864667c86d6,pallets/flask,3895,Predictive intelligence,Routine,414,414,False
3057,prchunk_579f3fc9aba3c2e4ef4e,prdoc_fed6ed49b864667c86d6,pallets/flask,3895,Deterministic policy intelligence,Routine,328,328,False
3058,prchunk_1347c4696f1cdc957038,prdoc_fed6ed49b864667c86d6,pallets/flask,3895,Unified review priority,Routine,310,310,False
3059,prchunk_2082b7c604ec8d8f8183,prdoc_7cc873a4d012943e1845,pallets/flask,5180,PR identity,Routine,268,268,False
3060,prchunk_9f4832e70396fd6e812d,prdoc_7cc873a4d012943e1845,pallets/flask,5180,PR description,Routine,202,202,False
3061,prchunk_511f3f50819175ce07f4,prdoc_7cc873a4d012943e1845,pallets/flask,5180,Change evidence,Routine,403,403,False
3062,prchunk_bdcb40e18dbabe2bbf7c,prdoc_7cc873a4d012943e1845,pallets/flask,5180,Predictive intelligence,Routine,413,413,False
3063,prchunk_1c3734a48529b2e5c68f,prdoc_7cc873a4d012943e1845,pallets/flask,5180,Deterministic policy intelligence,Routine,328,328,False
3064,prchunk_b847cef76ca5ef72dcba,prdoc_7cc873a4d012943e1845,pallets/flask,5180,Unified review priority,Routine,310,310,False
3065,prchunk_d19b3cae03465d25025a,prdoc_d58b81b130d36984726a,pallets/flask,4394,PR identity,Routine,289,289,False
3066,prchunk_bd96da1b94575a98158e,prdoc_d58b81b130d36984726a,pallets/flask,4394,PR description,Routine,317,317,False
3067,prchunk_d25510b5da8ad6a88890,prdoc_d58b81b130d36984726a,pallets/flask,4394,Change evidence,Routine,403,403,False
3068,prchunk_ba250f8ad3746eaa476e,prdoc_d58b81b130d36984726a,pallets/flask,4394,Predictive intelligence,Routine,470,470,False
3069,prchunk_9721664e1731def77448,prdoc_d58b81b130d36984726a,pallets/flask,4394,Deterministic policy intelligence,Routine,321,321,False
3070,prchunk_6197ee1dd790de53565a,prdoc_d58b81b130d36984726a,pallets/flask,4394,Unified review priority,Routine,310,310,False
3071,prchunk_33451afe2aa82a4b91e0,prdoc_16918ba39413629e00b4,pallets/flask,5382,PR identity,Routine,265,265,False
3072,prchunk_92048998d5e008bcbedd,prdoc_16918ba39413629e00b4,pallets/flask,5382,PR description,Routine,259,259,False
3073,prchunk_b4721bd2fe2a4afa2059,prdoc_16918ba39413629e00b4,pallets/flask,5382,Change evidence,Routine,405,405,False
3074,prchunk_cf799b504976e4b0b16e,prdoc_16918ba39413629e00b4,pallets/flask,5382,Predictive intelligence,Routine,413,413,False
3075,prchunk_735856408070b04e4517,prdoc_16918ba39413629e00b4,pallets/flask,5382,Deterministic policy intelligence,Routine,321,321,False
3076,prchunk_9660f8b13f83ab1e7793,prdoc_16918ba39413629e00b4,pallets/flask,5382,Unified review priority,Routine,310,310,False
3077,prchunk_c073efccf58298690d47,prdoc_943fbeae0c4078b780c5,pallets/flask,2915,PR identity,Routine,282,282,False
3078,prchunk_4805401eae08b6675e25,prdoc_943fbeae0c4078b780c5,pallets/flask,2915,PR description,Routine,381,381,False
3079,prchunk_516a72b10f5f8f501079,prdoc_943fbeae0c4078b780c5,pallets/flask,2915,Change evidence,Routine,403,403,False
3080,prchunk_ab6104f4e6498e82de0c,prdoc_943fbeae0c4078b780c5,pallets/flask,2915,Predictive intelligence,Routine,414,414,False
3081,prchunk_b2ff6d054b92b5ce8d2a,prdoc_943fbeae0c4078b780c5,pallets/flask,2915,Deterministic policy intelligence,Routine,321,321,False
3082,prchunk_06f2a4ca822c6f553b25,prdoc_943fbeae0c4078b780c5,pallets/flask,2915,Unified review priority,Routine,310,310,False
3083,prchunk_4361a99d6ee0c5d4c408,prdoc_92afb1331a6b975beff2,pallets/flask,4175,PR identity,Routine,258,258,False
3084,prchunk_e7ffc746da3a88f28e87,prdoc_92afb1331a6b975beff2,pallets/flask,4175,PR description,Routine,336,336,False
3085,prchunk_2381e5941dfaef8732e9,prdoc_92afb1331a6b975beff2,pallets/flask,4175,Change evidence,Routine,403,403,False
3086,prchunk_2f14bd9c3ae2c5560994,prdoc_92afb1331a6b975beff2,pallets/flask,4175,Predictive intelligence,Routine,414,414,False
3087,prchunk_ba23fea903f13e55c774,prdoc_92afb1331a6b975beff2,pallets/flask,4175,Deterministic policy intelligence,Routine,321,321,False
3088,prchunk_c38aeec165cf744be5c6,prdoc_92afb1331a6b975beff2,pallets/flask,4175,Unified review priority,Routine,310,310,False
3089,prchunk_31b69a1a86c9a264f6d9,prdoc_98a83870f2dcfffef295,pallets/flask,2834,PR identity,Routine,278,278,False
3090,prchunk_9ee68056b053e40acfae,prdoc_98a83870f2dcfffef295,pallets/flask,2834,PR description,Routine,388,388,False
3091,prchunk_bccbed2fbbe5f461cbb5,prdoc_98a83870f2dcfffef295,pallets/flask,2834,Change evidence,Routine,403,403,False
3092,prchunk_a246743c43391b71f217,prdoc_98a83870f2dcfffef295,pallets/flask,2834,Predictive intelligence,Routine,414,414,False
3093,prchunk_8e2ee9580b79bcc65da6,prdoc_98a83870f2dcfffef295,pallets/flask,2834,Deterministic policy intelligence,Routine,321,321,False
3094,prchunk_25ae52b1901a8a69063b,prdoc_98a83870f2dcfffef295,pallets/flask,2834,Unified review priority,Routine,310,310,False
3095,prchunk_f04a0d8ba52b897727cc,prdoc_4e4c04ff4f7ccaeeaff1,pallets/flask,5938,PR identity,Routine,300,300,False
3096,prchunk_2c30487d5de649e095ef,prdoc_4e4c04ff4f7ccaeeaff1,pallets/flask,5938,PR description,Routine,274,274,False
3097,prchunk_86edb26b6840fd3682a8,prdoc_4e4c04ff4f7ccaeeaff1,pallets/flask,5938,Change evidence,Routine,404,404,False
3098,prchunk_04bea62a8e19de82500c,prdoc_4e4c04ff4f7ccaeeaff1,pallets/flask,5938,Predictive intelligence,Routine,470,470,False
3099,prchunk_507fef89504a47226683,prdoc_4e4c04ff4f7ccaeeaff1,pallets/flask,5938,Deterministic policy intelligence,Routine,321,321,False
3100,prchunk_7d21113b1f9ad5e34956,prdoc_4e4c04ff4f7ccaeeaff1,pallets/flask,5938,Unified review priority,Routine,310,310,False
3101,prchunk_28e5d9d90c770403125d,prdoc_0415e5aa887ebefae752,pallets/flask,2808,PR identity,Routine,266,266,False
3102,prchunk_63df078eb9b084f0399b,prdoc_0415e5aa887ebefae752,pallets/flask,2808,PR description,Routine,200,200,False
3103,prchunk_76c31c7043f191b12d45,prdoc_0415e5aa887ebefae752,pallets/flask,2808,Change evidence,Routine,403,403,False
3104,prchunk_035baad7cf4876620cb5,prdoc_0415e5aa887ebefae752,pallets/flask,2808,Predictive intelligence,Routine,413,413,False
3105,prchunk_ad3241009bd6b6fd4fb8,prdoc_0415e5aa887ebefae752,pallets/flask,2808,Deterministic policy intelligence,Routine,328,328,False
3106,prchunk_483301bc1e51b48da29f,prdoc_0415e5aa887ebefae752,pallets/flask,2808,Unified review priority,Routine,310,310,False
3107,prchunk_6a4b0e42180b36ed9baf,prdoc_832ab32fdf8ab2a6c75f,pallets/flask,3390,PR identity,Routine,252,252,False
3108,prchunk_d777b8b93d70a01fbd9d,prdoc_832ab32fdf8ab2a6c75f,pallets/flask,3390,PR description,Routine,665,245,True
3109,prchunk_d6b8c232f9ea6b977a1b,prdoc_832ab32fdf8ab2a6c75f,pallets/flask,3390,Change evidence,Routine,403,403,False
3110,prchunk_88a1a884acff2c93ddf7,prdoc_832ab32fdf8ab2a6c75f,pallets/flask,3390,Predictive intelligence,Routine,474,474,False
3111,prchunk_c02b980e750c366778dd,prdoc_832ab32fdf8ab2a6c75f,pallets/flask,3390,Deterministic policy intelligence,Routine,320,320,False
3112,prchunk_6b4f190532cd0ecd3bdf,prdoc_832ab32fdf8ab2a6c75f,pallets/flask,3390,Unified review priority,Routine,314,314,False
3113,prchunk_67a3ff99fecb5e42b046,prdoc_34d3a95d540c449e2502,pallets/flask,5232,PR identity,Routine,259,259,False
3114,prchunk_40bcddb0f1b8aadf5532,prdoc_34d3a95d540c449e2502,pallets/flask,5232,PR description,Routine,194,194,False
3115,prchunk_5b9d5245fdbc107046db,prdoc_34d3a95d540c449e2502,pallets/flask,5232,Change evidence,Routine,403,403,False
3116,prchunk_5985bca5572ad401345c,prdoc_34d3a95d540c449e2502,pallets/flask,5232,Predictive intelligence,Routine,413,413,False
3117,prchunk_922dac1d4bdf151a97f5,prdoc_34d3a95d540c449e2502,pallets/flask,5232,Deterministic policy intelligence,Routine,328,328,False
3118,prchunk_80eb94dd78e55f5ccabe,prdoc_34d3a95d540c449e2502,pallets/flask,5232,Unified review priority,Routine,310,310,False
3119,prchunk_bb7a4c08638efbc7d5da,prdoc_6222e3a869a63c52bbeb,pallets/flask,5955,PR identity,Routine,300,300,False
3120,prchunk_602c6e94c8e44a918bbe,prdoc_6222e3a869a63c52bbeb,pallets/flask,5955,PR description,Routine,1186,1186,False
3121,prchunk_91dee4b4bc0a3db24e22,prdoc_6222e3a869a63c52bbeb,pallets/flask,5955,Change evidence,Routine,405,405,False
3122,prchunk_9457359bac4c89af4609,prdoc_6222e3a869a63c52bbeb,pallets/flask,5955,Predictive intelligence,Routine,474,474,False
3123,prchunk_1ccdccedc56cfbd1dddd,prdoc_6222e3a869a63c52bbeb,pallets/flask,5955,Deterministic policy intelligence,Routine,320,320,False
3124,prchunk_bb0e2243c5ef17b7988b,prdoc_6222e3a869a63c52bbeb,pallets/flask,5955,Unified review priority,Routine,314,314,False
3125,prchunk_0cfb63e672877ce2f7a3,prdoc_292e7714916af172882f,pallets/flask,4694,PR identity,Routine,259,259,False
3126,prchunk_e3abf3c05141f7a8cee9,prdoc_292e7714916af172882f,pallets/flask,4694,PR description,Routine,194,194,False
3127,prchunk_6a6bbfbebf9e30fb1f1e,prdoc_292e7714916af172882f,pallets/flask,4694,Change evidence,Routine,403,403,False
3128,prchunk_ab19e60e93670476f5cd,prdoc_292e7714916af172882f,pallets/flask,4694,Predictive intelligence,Routine,413,413,False
3129,prchunk_ca9ac0148ff01a2a8a8d,prdoc_292e7714916af172882f,pallets/flask,4694,Deterministic policy intelligence,Routine,328,328,False
3130,prchunk_5af1eacf87632b44370e,prdoc_292e7714916af172882f,pallets/flask,4694,Unified review priority,Routine,310,310,False
3131,prchunk_eced27209e5cfa2f3c9e,prdoc_30616ce6a1774806c96a,pallets/flask,4461,PR identity,Routine,274,274,False
3132,prchunk_3d96f3b75b8159e73b5e,prdoc_30616ce6a1774806c96a,pallets/flask,4461,PR description,Routine,557,557,False
3133,prchunk_84af20e3e5e35b66772b,prdoc_30616ce6a1774806c96a,pallets/flask,4461,Change evidence,Routine,405,405,False
3134,prchunk_885c4fa552dc31a1c379,prdoc_30616ce6a1774806c96a,pallets/flask,4461,Predictive intelligence,Routine,414,414,False
3135,prchunk_61e0bd2d029742bc4550,prdoc_30616ce6a1774806c96a,pallets/flask,4461,Deterministic policy intelligence,Routine,320,320,False
3136,prchunk_42153d5c8d54af5ea5af,prdoc_30616ce6a1774806c96a,pallets/flask,4461,Unified review priority,Routine,310,310,False
3137,prchunk_2552efe84064e0c96634,prdoc_6b3db6215f4354f097f8,pallets/flask,5737,PR identity,Routine,265,265,False
3138,prchunk_b1d087dd2d4517e9b973,prdoc_6b3db6215f4354f097f8,pallets/flask,5737,PR description,Routine,408,408,False
3139,prchunk_e5e5ce14d732fa4146fb,prdoc_6b3db6215f4354f097f8,pallets/flask,5737,Change evidence,Routine,403,403,False
3140,prchunk_c610595fd3ee7390099d,prdoc_6b3db6215f4354f097f8,pallets/flask,5737,Predictive intelligence,Routine,414,414,False
3141,prchunk_d5849d2f4532955ccbe5,prdoc_6b3db6215f4354f097f8,pallets/flask,5737,Deterministic policy intelligence,Routine,321,321,False
3142,prchunk_4395370a63b1cadcbbcc,prdoc_6b3db6215f4354f097f8,pallets/flask,5737,Unified review priority,Routine,310,310,False
3143,prchunk_f73291e430c9450c249c,prdoc_e4bf2727aff5a264644c,pallets/flask,2858,PR identity,Routine,282,282,False
3144,prchunk_758c3e30f6b844b56f4c,prdoc_e4bf2727aff5a264644c,pallets/flask,2858,PR description,Routine,856,436,True
3145,prchunk_aa6dff3e204ea46fefbf,prdoc_e4bf2727aff5a264644c,pallets/flask,2858,Change evidence,Routine,404,404,False
3146,prchunk_603f5bf0d6998aca0f1a,prdoc_e4bf2727aff5a264644c,pallets/flask,2858,Predictive intelligence,Routine,474,474,False
3147,prchunk_a188f2c9af566b294be0,prdoc_e4bf2727aff5a264644c,pallets/flask,2858,Deterministic policy intelligence,Routine,320,320,False
3148,prchunk_f8f44721b140ed31276b,prdoc_e4bf2727aff5a264644c,pallets/flask,2858,Unified review priority,Routine,314,314,False
3149,prchunk_d3397b6adc941e796a83,prdoc_0a1c9d88f835d1723ec5,pallets/flask,4319,PR identity,Routine,276,276,False
3150,prchunk_2fb48c9398feff58415a,prdoc_0a1c9d88f835d1723ec5,pallets/flask,4319,PR description,Routine,2465,2465,False
3151,prchunk_7ea9ebb95ed869ffb906,prdoc_0a1c9d88f835d1723ec5,pallets/flask,4319,PR description,Routine,2948,2948,False
3152,prchunk_74475354865d49710619,prdoc_0a1c9d88f835d1723ec5,pallets/flask,4319,PR description,Routine,969,969,False
3153,prchunk_37254d49df97146442f3,prdoc_0a1c9d88f835d1723ec5,pallets/flask,4319,Change evidence,Routine,404,404,False
3154,prchunk_affd3408639458910ad4,prdoc_0a1c9d88f835d1723ec5,pallets/flask,4319,Predictive intelligence,Routine,470,470,False
3155,prchunk_45f45f3a881c13cc9616,prdoc_0a1c9d88f835d1723ec5,pallets/flask,4319,Deterministic policy intelligence,Routine,328,328,False
3156,prchunk_ba01f0ed89700708ed8c,prdoc_0a1c9d88f835d1723ec5,pallets/flask,4319,Unified review priority,Routine,310,310,False
3157,prchunk_c85a9f86f2028538b64e,prdoc_cd8e8c27fde757ad7e4c,pallets/flask,4835,PR identity,Routine,260,260,False
3158,prchunk_081651b501f39569e68c,prdoc_cd8e8c27fde757ad7e4c,pallets/flask,4835,PR description,Routine,262,262,False
3159,prchunk_bc6247f49cdc9de67a1f,prdoc_cd8e8c27fde757ad7e4c,pallets/flask,4835,Change evidence,Routine,403,403,False
3160,prchunk_7b62930bfa3df1148d4c,prdoc_cd8e8c27fde757ad7e4c,pallets/flask,4835,Predictive intelligence,Routine,414,414,False
3161,prchunk_37d3aa835d34cefc9b08,prdoc_cd8e8c27fde757ad7e4c,pallets/flask,4835,Deterministic policy intelligence,Routine,321,321,False
3162,prchunk_63d2b93759ef7d49f283,prdoc_cd8e8c27fde757ad7e4c,pallets/flask,4835,Unified review priority,Routine,310,310,False
3163,prchunk_3ed02c215a524e8cd62c,prdoc_884c1f861c95e37de498,pallets/flask,3056,PR identity,Routine,270,270,False
3164,prchunk_4a79f07f2c81589e6712,prdoc_884c1f861c95e37de498,pallets/flask,3056,PR description,Routine,588,588,False
3165,prchunk_d6278c92b3ee89b3a94d,prdoc_884c1f861c95e37de498,pallets/flask,3056,Change evidence,Routine,405,405,False
3166,prchunk_0e2f7d1d1a751c5b2e87,prdoc_884c1f861c95e37de498,pallets/flask,3056,Predictive intelligence,Routine,414,414,False
3167,prchunk_519336645a41468f6ad6,prdoc_884c1f861c95e37de498,pallets/flask,3056,Deterministic policy intelligence,Routine,320,320,False
3168,prchunk_b17c742019c8f50ac9a2,prdoc_884c1f861c95e37de498,pallets/flask,3056,Unified review priority,Routine,310,310,False
3169,prchunk_44366d2e27fd4a048ad0,prdoc_6965c9e7a41b5a643cd6,pallets/flask,6013,PR identity,Routine,291,291,False
3170,prchunk_d1b59c6b03d4c7862b25,prdoc_6965c9e7a41b5a643cd6,pallets/flask,6013,PR description,Routine,281,281,False
3171,prchunk_6b28a1756d5fd347a4c5,prdoc_6965c9e7a41b5a643cd6,pallets/flask,6013,Change evidence,Routine,403,403,False
3172,prchunk_d209d60a06fcf67fd1a6,prdoc_6965c9e7a41b5a643cd6,pallets/flask,6013,Predictive intelligence,Routine,413,413,False
3173,prchunk_73a1145024e6e7d939bf,prdoc_6965c9e7a41b5a643cd6,pallets/flask,6013,Deterministic policy intelligence,Routine,321,321,False
3174,prchunk_8e7ccaa1587058f283d9,prdoc_6965c9e7a41b5a643cd6,pallets/flask,6013,Unified review priority,Routine,310,310,False
3175,prchunk_3f79fceff31c2058d536,prdoc_843eeb7526a8d400fe63,pallets/flask,3065,PR identity,Routine,277,277,False
3176,prchunk_ff3df2f6b25a47dbc206,prdoc_843eeb7526a8d400fe63,pallets/flask,3065,PR description,Routine,391,391,False
3177,prchunk_15094cb1fa4ec895ecce,prdoc_843eeb7526a8d400fe63,pallets/flask,3065,Change evidence,Routine,403,403,False
3178,prchunk_d66049721b895f202d3c,prdoc_843eeb7526a8d400fe63,pallets/flask,3065,Predictive intelligence,Routine,414,414,False
3179,prchunk_d2d4baf55494fd1b37e0,prdoc_843eeb7526a8d400fe63,pallets/flask,3065,Deterministic policy intelligence,Routine,321,321,False
3180,prchunk_faf531074e6f593ff046,prdoc_843eeb7526a8d400fe63,pallets/flask,3065,Unified review priority,Routine,310,310,False
3181,prchunk_4a583ea3cd3b2a1081ac,prdoc_cde68adbf308d939239f,pallets/flask,4100,PR identity,Routine,271,271,False
3182,prchunk_1bf21c416023b880decc,prdoc_cde68adbf308d939239f,pallets/flask,4100,PR description,Routine,208,208,False
3183,prchunk_b76c10ebab539d5ed2be,prdoc_cde68adbf308d939239f,pallets/flask,4100,Change evidence,Routine,403,403,False
3184,prchunk_e951bfb65c5fa382e6b1,prdoc_cde68adbf308d939239f,pallets/flask,4100,Predictive intelligence,Routine,413,413,False
3185,prchunk_515ebee8c13d7ae82557,prdoc_cde68adbf308d939239f,pallets/flask,4100,Deterministic policy intelligence,Routine,328,328,False
3186,prchunk_6c87f99679b1b84dade8,prdoc_cde68adbf308d939239f,pallets/flask,4100,Unified review priority,Routine,310,310,False
3187,prchunk_3aad65ec795a925852c3,prdoc_a9f8af4432e419b84541,pallets/flask,5077,PR identity,Routine,296,296,False
3188,prchunk_6bde65b404cc183a7f64,prdoc_a9f8af4432e419b84541,pallets/flask,5077,PR description,Routine,338,338,False
3189,prchunk_907de8052224b339663a,prdoc_a9f8af4432e419b84541,pallets/flask,5077,Change evidence,Routine,403,403,False
3190,prchunk_a92a932f6d225e96ab04,prdoc_a9f8af4432e419b84541,pallets/flask,5077,Predictive intelligence,Routine,414,414,False
3191,prchunk_a23eccbea9cf40f89113,prdoc_a9f8af4432e419b84541,pallets/flask,5077,Deterministic policy intelligence,Routine,321,321,False
3192,prchunk_35760017f7fc76b05d9f,prdoc_a9f8af4432e419b84541,pallets/flask,5077,Unified review priority,Routine,310,310,False
3193,prchunk_84938ccc496f188eaf8a,prdoc_b25f886b65b97e46320a,pallets/flask,3774,PR identity,Routine,284,284,False
3194,prchunk_a50aceb30721c008c36e,prdoc_b25f886b65b97e46320a,pallets/flask,3774,PR description,Routine,1881,1881,False
3195,prchunk_453ac8d3ac69cc10f0a1,prdoc_b25f886b65b97e46320a,pallets/flask,3774,PR description,Routine,2025,2013,True
3196,prchunk_f7cb4b223b229d946f20,prdoc_b25f886b65b97e46320a,pallets/flask,3774,PR description,Routine,3395,3369,True
3197,prchunk_914ada077bae83fd0f4f,prdoc_b25f886b65b97e46320a,pallets/flask,3774,PR description,Routine,1918,1918,False
3198,prchunk_ca5ebed4304f6643dc56,prdoc_b25f886b65b97e46320a,pallets/flask,3774,PR description,Routine,1076,1076,False
3199,prchunk_772ffd6f3b8a5e180370,prdoc_b25f886b65b97e46320a,pallets/flask,3774,PR description,Routine,911,911,False
3200,prchunk_720ae8d31636dddbf0eb,prdoc_b25f886b65b97e46320a,pallets/flask,3774,Change evidence,Routine,404,404,False
3201,prchunk_1b1e1bcb791031c13dcc,prdoc_b25f886b65b97e46320a,pallets/flask,3774,Predictive intelligence,Routine,470,470,False
3202,prchunk_34308ca13e232d801c80,prdoc_b25f886b65b97e46320a,pallets/flask,3774,Deterministic policy intelligence,Routine,328,328,False
3203,prchunk_42806d01794af446f821,prdoc_b25f886b65b97e46320a,pallets/flask,3774,Unified review priority,Routine,310,310,False
3204,prchunk_a1d2a51b92b55d50d0aa,prdoc_3b57777155803c657192,pallets/flask,5613,PR identity,Routine,267,267,False
3205,prchunk_2ef326ce78378e484f05,prdoc_3b57777155803c657192,pallets/flask,5613,PR description,Routine,537,537,False
3206,prchunk_b29679e4d97c0f1301dd,prdoc_3b57777155803c657192,pallets/flask,5613,Change evidence,Routine,404,404,False
3207,prchunk_12bdff3cceddd70bf8b9,prdoc_3b57777155803c657192,pallets/flask,5613,Predictive intelligence,Routine,470,470,False
3208,prchunk_b1a6377f7d6071171154,prdoc_3b57777155803c657192,pallets/flask,5613,Deterministic policy intelligence,Routine,321,321,False
3209,prchunk_a5a215fd6339750887a8,prdoc_3b57777155803c657192,pallets/flask,5613,Unified review priority,Routine,310,310,False
3210,prchunk_23fd4232e55684ea5c19,prdoc_cb9ff244b7692e845f92,pallets/flask,3517,PR identity,Routine,249,249,False
3211,prchunk_ffa5d10c9ec28fb87b2b,prdoc_cb9ff244b7692e845f92,pallets/flask,3517,PR description,Routine,661,241,True
3212,prchunk_53eedf0415ca4246d27f,prdoc_cb9ff244b7692e845f92,pallets/flask,3517,Change evidence,Routine,403,403,False
3213,prchunk_18ec209922c94bfca779,prdoc_cb9ff244b7692e845f92,pallets/flask,3517,Predictive intelligence,Routine,418,418,False
3214,prchunk_53eb0567f7b73e4bae77,prdoc_cb9ff244b7692e845f92,pallets/flask,3517,Deterministic policy intelligence,Routine,320,320,False
3215,prchunk_aa99c12ece5d8160a854,prdoc_cb9ff244b7692e845f92,pallets/flask,3517,Unified review priority,Routine,314,314,False
3216,prchunk_f7be057d4dd91838681a,prdoc_b4fd722a10259d4e29eb,pallets/flask,4497,PR identity,Routine,281,281,False
3217,prchunk_3636c81654366d8a2bf8,prdoc_b4fd722a10259d4e29eb,pallets/flask,4497,PR description,Routine,212,212,False
3218,prchunk_ab99e731ecb1f420a527,prdoc_b4fd722a10259d4e29eb,pallets/flask,4497,Change evidence,Routine,404,404,False
3219,prchunk_60cbb798b4f6f7f7ff7c,prdoc_b4fd722a10259d4e29eb,pallets/flask,4497,Predictive intelligence,Routine,413,413,False
3220,prchunk_f38e5e7584e27c989cf2,prdoc_b4fd722a10259d4e29eb,pallets/flask,4497,Deterministic policy intelligence,Routine,321,321,False
3221,prchunk_7c4aa6c2e0194f423c7d,prdoc_b4fd722a10259d4e29eb,pallets/flask,4497,Unified review priority,Routine,310,310,False
3222,prchunk_f7f042f76a4411ec33ef,prdoc_cfb6ea29c87acd796d3a,pallets/flask,3772,PR identity,Routine,287,287,False
3223,prchunk_fc47707c760eb66b3546,prdoc_cfb6ea29c87acd796d3a,pallets/flask,3772,PR description,Routine,692,272,True
3224,prchunk_2f95822d00a2d54ce6ab,prdoc_cfb6ea29c87acd796d3a,pallets/flask,3772,Change evidence,Routine,405,405,False
3225,prchunk_cdf2ee4fcebb6df82547,prdoc_cfb6ea29c87acd796d3a,pallets/flask,3772,Predictive intelligence,Routine,474,474,False
3226,prchunk_9440f38a36d14ef1ed98,prdoc_cfb6ea29c87acd796d3a,pallets/flask,3772,Deterministic policy intelligence,Routine,320,320,False
3227,prchunk_9fcbaaf441bd112d4d5b,prdoc_cfb6ea29c87acd796d3a,pallets/flask,3772,Unified review priority,Routine,314,314,False
3228,prchunk_0b39b9d92da101276770,prdoc_a68bc8704753f00fd24c,pallets/flask,3308,PR identity,Routine,310,310,False
3229,prchunk_9d82949ed9e6d021cf40,prdoc_a68bc8704753f00fd24c,pallets/flask,3308,PR description,Routine,815,395,True
3230,prchunk_16ff2b14217ab827a63d,prdoc_a68bc8704753f00fd24c,pallets/flask,3308,Change evidence,Routine,403,403,False
3231,prchunk_a9aae13ee631fa578d3b,prdoc_a68bc8704753f00fd24c,pallets/flask,3308,Predictive intelligence,Routine,414,414,False
3232,prchunk_a8c93b5597e428e79370,prdoc_a68bc8704753f00fd24c,pallets/flask,3308,Deterministic policy intelligence,Routine,320,320,False
3233,prchunk_36650b4e44f8b85b4867,prdoc_a68bc8704753f00fd24c,pallets/flask,3308,Unified review priority,Routine,310,310,False
3234,prchunk_834f6ab3b4771cc2790d,prdoc_5b5726f1a9f33567ab42,pallets/flask,3816,PR identity,Routine,288,288,False
3235,prchunk_a5700e1da3ba7e0491f9,prdoc_5b5726f1a9f33567ab42,pallets/flask,3816,PR description,Routine,509,509,False
3236,prchunk_c345cdce559055608716,prdoc_5b5726f1a9f33567ab42,pallets/flask,3816,Change evidence,Routine,404,404,False
3237,prchunk_4cb8004d6e4a66551c7a,prdoc_5b5726f1a9f33567ab42,pallets/flask,3816,Predictive intelligence,Routine,414,414,False
3238,prchunk_dd457afbcc861199cb36,prdoc_5b5726f1a9f33567ab42,pallets/flask,3816,Deterministic policy intelligence,Routine,321,321,False
3239,prchunk_c521f444dcf7aed312f7,prdoc_5b5726f1a9f33567ab42,pallets/flask,3816,Unified review priority,Routine,310,310,False
3240,prchunk_2dbcf50d43da712bc830,prdoc_3f20ae2712f76ebb4322,pallets/flask,3946,PR identity,Routine,273,273,False
3241,prchunk_86673535ea6cf743445d,prdoc_3f20ae2712f76ebb4322,pallets/flask,3946,PR description,Routine,241,241,False
3242,prchunk_743b5c6ec4296b434cba,prdoc_3f20ae2712f76ebb4322,pallets/flask,3946,Change evidence,Routine,403,403,False
3243,prchunk_336dc02d026809e87563,prdoc_3f20ae2712f76ebb4322,pallets/flask,3946,Predictive intelligence,Routine,470,470,False
3244,prchunk_dc8e59a798f991312a46,prdoc_3f20ae2712f76ebb4322,pallets/flask,3946,Deterministic policy intelligence,Routine,321,321,False
3245,prchunk_ca8c101294a5ce8cfd79,prdoc_3f20ae2712f76ebb4322,pallets/flask,3946,Unified review priority,Routine,310,310,False
3246,prchunk_d2239e15ea2a317a8197,prdoc_9b24578b5b0a17d53c54,pallets/flask,3798,PR identity,Routine,272,272,False
3247,prchunk_669ba9c8818429c7eb9f,prdoc_9b24578b5b0a17d53c54,pallets/flask,3798,PR description,Routine,260,260,False
3248,prchunk_7bffe05a169a07c8b60b,prdoc_9b24578b5b0a17d53c54,pallets/flask,3798,Change evidence,Routine,403,403,False
3249,prchunk_7c4a9ff0e6cf278525d7,prdoc_9b24578b5b0a17d53c54,pallets/flask,3798,Predictive intelligence,Routine,470,470,False
3250,prchunk_e515d549d1451733c05b,prdoc_9b24578b5b0a17d53c54,pallets/flask,3798,Deterministic policy intelligence,Routine,321,321,False
3251,prchunk_5166a5787f3fa44d11c4,prdoc_9b24578b5b0a17d53c54,pallets/flask,3798,Unified review priority,Routine,310,310,False
3252,prchunk_9cfde464544ca06072b3,prdoc_8b627f924a88a627778d,pallets/flask,5066,PR identity,Routine,265,265,False
3253,prchunk_8ff5ca889cbd1c7c4f4b,prdoc_8b627f924a88a627778d,pallets/flask,5066,PR description,Routine,178,178,False
3254,prchunk_a62d577696a886f90651,prdoc_8b627f924a88a627778d,pallets/flask,5066,Change evidence,Routine,405,405,False
3255,prchunk_448a33dc91932acaf03d,prdoc_8b627f924a88a627778d,pallets/flask,5066,Predictive intelligence,Routine,414,414,False
3256,prchunk_2026a4d313b39be037f3,prdoc_8b627f924a88a627778d,pallets/flask,5066,Deterministic policy intelligence,Routine,321,321,False
3257,prchunk_923f56a6886623ad3e21,prdoc_8b627f924a88a627778d,pallets/flask,5066,Unified review priority,Routine,310,310,False
3258,prchunk_c18110d21e62cfcb43c4,prdoc_de10a69087c4abcb33c9,pallets/flask,3732,PR identity,Routine,281,281,False
3259,prchunk_5a23e53b6ec883295863,prdoc_de10a69087c4abcb33c9,pallets/flask,3732,PR description,Routine,678,678,False
3260,prchunk_7537458e820e239b66ea,prdoc_de10a69087c4abcb33c9,pallets/flask,3732,Change evidence,Routine,403,403,False
3261,prchunk_ae48a79fbb32bf7b6f9b,prdoc_de10a69087c4abcb33c9,pallets/flask,3732,Predictive intelligence,Routine,474,474,False
3262,prchunk_c9e02ea12774e7ef0ef8,prdoc_de10a69087c4abcb33c9,pallets/flask,3732,Deterministic policy intelligence,Routine,320,320,False
3263,prchunk_b488940bc1c5f080aa4e,prdoc_de10a69087c4abcb33c9,pallets/flask,3732,Unified review priority,Routine,314,314,False
3264,prchunk_e1b3101a2ff6a116a173,prdoc_7c582a290db7fc91bb0c,pallets/flask,4266,PR identity,Routine,269,269,False
3265,prchunk_e4fedb0dca094b3a65a1,prdoc_7c582a290db7fc91bb0c,pallets/flask,4266,PR description,Routine,234,234,False
3266,prchunk_dbc81066da55e8b9ad81,prdoc_7c582a290db7fc91bb0c,pallets/flask,4266,Change evidence,Routine,403,403,False
3267,prchunk_7a8be2d2abd463b8c632,prdoc_7c582a290db7fc91bb0c,pallets/flask,4266,Predictive intelligence,Routine,414,414,False
3268,prchunk_cf6d75edf595872ee428,prdoc_7c582a290db7fc91bb0c,pallets/flask,4266,Deterministic policy intelligence,Routine,321,321,False
3269,prchunk_33489dbf5dd93b84e82e,prdoc_7c582a290db7fc91bb0c,pallets/flask,4266,Unified review priority,Routine,310,310,False
3270,prchunk_c7efbd0112645f72ac49,prdoc_482e4324f202d537ee98,pallets/flask,3757,PR identity,Routine,269,269,False
3271,prchunk_baae091d9d1ee50fc27c,prdoc_482e4324f202d537ee98,pallets/flask,3757,PR description,Routine,222,222,False
3272,prchunk_db2fb65d7e2be1b7513e,prdoc_482e4324f202d537ee98,pallets/flask,3757,Change evidence,Routine,403,403,False
3273,prchunk_6808a0109cab8dcc4c51,prdoc_482e4324f202d537ee98,pallets/flask,3757,Predictive intelligence,Routine,470,470,False
3274,prchunk_dee84c71dba0e767a00b,prdoc_482e4324f202d537ee98,pallets/flask,3757,Deterministic policy intelligence,Routine,321,321,False
3275,prchunk_1733cb274b7c8d0e4485,prdoc_482e4324f202d537ee98,pallets/flask,3757,Unified review priority,Routine,310,310,False
3276,prchunk_36f5f609cecc91a9b2f5,prdoc_18039c2e072b03fc8bee,pallets/flask,2633,PR identity,Routine,293,293,False
3277,prchunk_0322ce6d4e6e30cf87bb,prdoc_18039c2e072b03fc8bee,pallets/flask,2633,PR description,Routine,762,342,True
3278,prchunk_8ce42f6aca7ef448c479,prdoc_18039c2e072b03fc8bee,pallets/flask,2633,Change evidence,Routine,404,404,False
3279,prchunk_012b511efbe1a672d701,prdoc_18039c2e072b03fc8bee,pallets/flask,2633,Predictive intelligence,Routine,474,474,False
3280,prchunk_0aa5e3f2d252cc18f553,prdoc_18039c2e072b03fc8bee,pallets/flask,2633,Deterministic policy intelligence,Routine,320,320,False
3281,prchunk_8084f67efe5bcb574b0e,prdoc_18039c2e072b03fc8bee,pallets/flask,2633,Unified review priority,Routine,314,314,False
3282,prchunk_50351632fdb5bf68a374,prdoc_349fa93fe6a81a5feae1,pallets/flask,4358,PR identity,Routine,284,284,False
3283,prchunk_bc7f24cbf5e517bd8676,prdoc_349fa93fe6a81a5feae1,pallets/flask,4358,PR description,Routine,1731,1725,True
3284,prchunk_04e8aa697ff19e718b1e,prdoc_349fa93fe6a81a5feae1,pallets/flask,4358,PR description,Routine,1824,1804,True
3285,prchunk_314b4fb24026151395db,prdoc_349fa93fe6a81a5feae1,pallets/flask,4358,PR description,Routine,3707,3695,True
3286,prchunk_c81fc1c927d2449c1f2e,prdoc_349fa93fe6a81a5feae1,pallets/flask,4358,PR description,Routine,1119,1119,False
3287,prchunk_bb16572ad1979c032348,prdoc_349fa93fe6a81a5feae1,pallets/flask,4358,PR description,Routine,468,468,False
3288,prchunk_1d182f5bafed38a88068,prdoc_349fa93fe6a81a5feae1,pallets/flask,4358,Change evidence,Routine,404,404,False
3289,prchunk_eab0f558fd8e98a3ccfa,prdoc_349fa93fe6a81a5feae1,pallets/flask,4358,Predictive intelligence,Routine,470,470,False
3290,prchunk_d792e6e4e2a3a357c1b0,prdoc_349fa93fe6a81a5feae1,pallets/flask,4358,Deterministic policy intelligence,Routine,328,328,False
3291,prchunk_d790b3beedf921b3dced,prdoc_349fa93fe6a81a5feae1,pallets/flask,4358,Unified review priority,Routine,310,310,False
3292,prchunk_008088db693e55601f41,prdoc_d332827f3c8e71a0e50e,pallets/flask,3858,PR identity,Routine,284,284,False
3293,prchunk_376c724d51f371715821,prdoc_d332827f3c8e71a0e50e,pallets/flask,3858,PR description,Routine,1721,1721,False
3294,prchunk_99a7eb6d21bf56884d5b,prdoc_d332827f3c8e71a0e50e,pallets/flask,3858,PR description,Routine,3991,3965,True
3295,prchunk_1e4fa481cb5e7a8a89dd,prdoc_d332827f3c8e71a0e50e,pallets/flask,3858,PR description,Routine,2102,2102,False
3296,prchunk_a4a4a99460944001967f,prdoc_d332827f3c8e71a0e50e,pallets/flask,3858,PR description,Routine,1056,1056,False
3297,prchunk_9981273dd125f31f8256,prdoc_d332827f3c8e71a0e50e,pallets/flask,3858,PR description,Routine,944,944,False
3298,prchunk_927212608017fef6b60a,prdoc_d332827f3c8e71a0e50e,pallets/flask,3858,Change evidence,Routine,404,404,False
3299,prchunk_16e5f0c60f7e79b01edd,prdoc_d332827f3c8e71a0e50e,pallets/flask,3858,Predictive intelligence,Routine,470,470,False
3300,prchunk_7548e1b311c9a187f6b6,prdoc_d332827f3c8e71a0e50e,pallets/flask,3858,Deterministic policy intelligence,Routine,328,328,False
3301,prchunk_40f42f58f2f27f53bd2b,prdoc_d332827f3c8e71a0e50e,pallets/flask,3858,Unified review priority,Routine,310,310,False
3302,prchunk_9a88bd680f1feeb6c182,prdoc_1a868b44620a02bf8ba8,pallets/flask,5611,PR identity,Routine,255,255,False
3303,prchunk_65d9bb5f677ddc7bffdd,prdoc_1a868b44620a02bf8ba8,pallets/flask,5611,PR description,Routine,971,156,True
3304,prchunk_c18e79b2b963d3825bfd,prdoc_1a868b44620a02bf8ba8,pallets/flask,5611,Change evidence,Routine,403,403,False
3305,prchunk_3d1609f3057eb126ec04,prdoc_1a868b44620a02bf8ba8,pallets/flask,5611,Predictive intelligence,Routine,474,474,False
3306,prchunk_36a40d4d448fd66688bc,prdoc_1a868b44620a02bf8ba8,pallets/flask,5611,Deterministic policy intelligence,Routine,320,320,False
3307,prchunk_cf9b2c8638ff1834f78f,prdoc_1a868b44620a02bf8ba8,pallets/flask,5611,Unified review priority,Routine,314,314,False
3308,prchunk_dfe7966b3fa4fb2c79bb,prdoc_99fcfe6cbb532a515b8b,pallets/flask,3336,PR identity,Routine,265,265,False
3309,prchunk_ff266201f46ea8fb49fd,prdoc_99fcfe6cbb532a515b8b,pallets/flask,3336,PR description,Routine,646,226,True
3310,prchunk_6c7c478f48f35f454af2,prdoc_99fcfe6cbb532a515b8b,pallets/flask,3336,Change evidence,Routine,404,404,False
3311,prchunk_b60cf9bf87fbac72f7e4,prdoc_99fcfe6cbb532a515b8b,pallets/flask,3336,Predictive intelligence,Routine,414,414,False
3312,prchunk_8ea768bb89a704f9f7a9,prdoc_99fcfe6cbb532a515b8b,pallets/flask,3336,Deterministic policy intelligence,Routine,320,320,False
3313,prchunk_c328a10b6994b50845ea,prdoc_99fcfe6cbb532a515b8b,pallets/flask,3336,Unified review priority,Routine,310,310,False
3314,prchunk_45297caed03550aff552,prdoc_f99897b38ae51dad829b,pallets/flask,4304,PR identity,Routine,294,294,False
3315,prchunk_158c9d48c9f15b5694c6,prdoc_f99897b38ae51dad829b,pallets/flask,4304,PR description,Routine,266,266,False
3316,prchunk_8c79cdfd21df93429621,prdoc_f99897b38ae51dad829b,pallets/flask,4304,Change evidence,Routine,403,403,False
3317,prchunk_6ba26643f248b3f40f05,prdoc_f99897b38ae51dad829b,pallets/flask,4304,Predictive intelligence,Routine,413,413,False
3318,prchunk_0c46cf539a6b04e7ec85,prdoc_f99897b38ae51dad829b,pallets/flask,4304,Deterministic policy intelligence,Routine,321,321,False
3319,prchunk_2e3bb94b266900b2011a,prdoc_f99897b38ae51dad829b,pallets/flask,4304,Unified review priority,Routine,310,310,False
3320,prchunk_647520811444edf40f0f,prdoc_b4f919e32254cc20bc6a,pallets/flask,2889,PR identity,Routine,286,286,False
3321,prchunk_552648449eb355dc021e,prdoc_b4f919e32254cc20bc6a,pallets/flask,2889,PR description,Routine,848,848,False
3322,prchunk_f74ce83d2ecd983fc704,prdoc_b4f919e32254cc20bc6a,pallets/flask,2889,Change evidence,Routine,403,403,False
3323,prchunk_0d54bc8c060695fb8fcc,prdoc_b4f919e32254cc20bc6a,pallets/flask,2889,Predictive intelligence,Routine,474,474,False
3324,prchunk_4250440d893c21353008,prdoc_b4f919e32254cc20bc6a,pallets/flask,2889,Deterministic policy intelligence,Routine,320,320,False
3325,prchunk_b94ee35c3bb3ebf7e3a0,prdoc_b4f919e32254cc20bc6a,pallets/flask,2889,Unified review priority,Routine,314,314,False
3326,prchunk_9453a41768a8d9108950,prdoc_dcfecc0a6a248a9b9003,pallets/flask,2793,PR identity,Routine,275,275,False
3327,prchunk_7651f883fd5226ee5ddc,prdoc_dcfecc0a6a248a9b9003,pallets/flask,2793,PR description,Routine,279,279,False
3328,prchunk_30bbeaad8a0ed14588dc,prdoc_dcfecc0a6a248a9b9003,pallets/flask,2793,Change evidence,Routine,403,403,False
3329,prchunk_123ff169f708dc609ff5,prdoc_dcfecc0a6a248a9b9003,pallets/flask,2793,Predictive intelligence,Routine,413,413,False
3330,prchunk_ac83d01695cd6cb27f3a,prdoc_dcfecc0a6a248a9b9003,pallets/flask,2793,Deterministic policy intelligence,Routine,321,321,False
3331,prchunk_9e000b71f68bf8a58418,prdoc_dcfecc0a6a248a9b9003,pallets/flask,2793,Unified review priority,Routine,310,310,False
3332,prchunk_4625aceec01c0ba255b3,prdoc_cef4e303013571fe4aeb,pallets/flask,3659,PR identity,Routine,288,288,False
3333,prchunk_150b94006e7021a9a133,prdoc_cef4e303013571fe4aeb,pallets/flask,3659,PR description,Routine,328,328,False
3334,prchunk_6ea8da247781d2429338,prdoc_cef4e303013571fe4aeb,pallets/flask,3659,Change evidence,Routine,404,404,False
3335,prchunk_1c7331ed8e7cfe6f68b5,prdoc_cef4e303013571fe4aeb,pallets/flask,3659,Predictive intelligence,Routine,414,414,False
3336,prchunk_8c65d5b84b51e0bd1022,prdoc_cef4e303013571fe4aeb,pallets/flask,3659,Deterministic policy intelligence,Routine,321,321,False
3337,prchunk_8fc51db6f30cad6314ed,prdoc_cef4e303013571fe4aeb,pallets/flask,3659,Unified review priority,Routine,310,310,False
3338,prchunk_832fc1dd01fd5bb713f9,prdoc_95f0e59f40bfd0c8cb17,pallets/flask,5698,PR identity,Routine,258,258,False
3339,prchunk_a540d2ffd75d0f4b7e2d,prdoc_95f0e59f40bfd0c8cb17,pallets/flask,5698,PR description,Routine,546,546,False
3340,prchunk_40fd25fb454d84e50acb,prdoc_95f0e59f40bfd0c8cb17,pallets/flask,5698,Change evidence,Routine,404,404,False
3341,prchunk_72d109ae5c76c057411f,prdoc_95f0e59f40bfd0c8cb17,pallets/flask,5698,Predictive intelligence,Routine,474,474,False
3342,prchunk_2367ac32e6110e6f1bc8,prdoc_95f0e59f40bfd0c8cb17,pallets/flask,5698,Deterministic policy intelligence,Routine,320,320,False
3343,prchunk_7355b7a35b66cab90807,prdoc_95f0e59f40bfd0c8cb17,pallets/flask,5698,Unified review priority,Routine,314,314,False
3344,prchunk_623a7e77e42f15705f8b,prdoc_9186cfb9dbff54c5e12f,pallets/flask,2973,PR identity,Routine,287,287,False
3345,prchunk_f5da65736b256d0ff6db,prdoc_9186cfb9dbff54c5e12f,pallets/flask,2973,PR description,Routine,239,239,False
3346,prchunk_efa3dacd51e6f6998545,prdoc_9186cfb9dbff54c5e12f,pallets/flask,2973,Change evidence,Routine,403,403,False
3347,prchunk_781e6db83a581c8b5b21,prdoc_9186cfb9dbff54c5e12f,pallets/flask,2973,Predictive intelligence,Routine,470,470,False
3348,prchunk_f5c3d986c9e3f4ccd985,prdoc_9186cfb9dbff54c5e12f,pallets/flask,2973,Deterministic policy intelligence,Routine,321,321,False
3349,prchunk_e80a2cffa85d08e456e9,prdoc_9186cfb9dbff54c5e12f,pallets/flask,2973,Unified review priority,Routine,310,310,False
3350,prchunk_01678ffb0a75ec974d47,prdoc_236da0c34db048efffe4,pallets/flask,4469,PR identity,Routine,284,284,False
3351,prchunk_b6c86dce717ba92af791,prdoc_236da0c34db048efffe4,pallets/flask,4469,PR description,Routine,331,331,False
3352,prchunk_f3b8d89d4b5fee0b9181,prdoc_236da0c34db048efffe4,pallets/flask,4469,Change evidence,Routine,403,403,False
3353,prchunk_9a02b15d0f3ad13c200e,prdoc_236da0c34db048efffe4,pallets/flask,4469,Predictive intelligence,Routine,414,414,False
3354,prchunk_8c16f519ac659e7a6386,prdoc_236da0c34db048efffe4,pallets/flask,4469,Deterministic policy intelligence,Routine,321,321,False
3355,prchunk_f7b46a3fe716f12e8cc0,prdoc_236da0c34db048efffe4,pallets/flask,4469,Unified review priority,Routine,310,310,False
3356,prchunk_45f4eb2aaacc7e544a26,prdoc_944c5ed88f289a0bc863,pallets/flask,5287,PR identity,Routine,283,283,False
3357,prchunk_fd81dac19188a1b29545,prdoc_944c5ed88f289a0bc863,pallets/flask,5287,PR description,Routine,266,266,False
3358,prchunk_07a1b92590e56f9f4548,prdoc_944c5ed88f289a0bc863,pallets/flask,5287,Change evidence,Routine,403,403,False
3359,prchunk_7b73b845d5412aafdc8f,prdoc_944c5ed88f289a0bc863,pallets/flask,5287,Predictive intelligence,Routine,414,414,False
3360,prchunk_ab1e7ad783f820b1f9f2,prdoc_944c5ed88f289a0bc863,pallets/flask,5287,Deterministic policy intelligence,Routine,321,321,False
3361,prchunk_9a778ab2301f107d20f7,prdoc_944c5ed88f289a0bc863,pallets/flask,5287,Unified review priority,Routine,310,310,False
3362,prchunk_be34e1927f8dbf26c70d,prdoc_651defb3a544b9d98b94,pallets/flask,3855,PR identity,Routine,284,284,False
3363,prchunk_a02185db3005548f826c,prdoc_651defb3a544b9d98b94,pallets/flask,3855,PR description,Routine,2923,2923,False
3364,prchunk_f1718548887610402e1b,prdoc_651defb3a544b9d98b94,pallets/flask,3855,PR description,Routine,4397,4371,True
3365,prchunk_18cb30fb204e5d9cfcc3,prdoc_651defb3a544b9d98b94,pallets/flask,3855,PR description,Routine,1730,1730,False
3366,prchunk_569f9f2c884acf777ef5,prdoc_651defb3a544b9d98b94,pallets/flask,3855,PR description,Routine,1042,1042,False
3367,prchunk_7c1f6827b67cb567543a,prdoc_651defb3a544b9d98b94,pallets/flask,3855,PR description,Routine,816,816,False
3368,prchunk_ce24869671e82fc2bc97,prdoc_651defb3a544b9d98b94,pallets/flask,3855,Change evidence,Routine,404,404,False
3369,prchunk_98d882d4d730bda7fc46,prdoc_651defb3a544b9d98b94,pallets/flask,3855,Predictive intelligence,Routine,413,413,False
3370,prchunk_bbf35ab51cadd5339196,prdoc_651defb3a544b9d98b94,pallets/flask,3855,Deterministic policy intelligence,Routine,328,328,False
3371,prchunk_c34cb9865893420461e0,prdoc_651defb3a544b9d98b94,pallets/flask,3855,Unified review priority,Routine,310,310,False
3372,prchunk_f023b11b5b9ce3a3f969,prdoc_ff11eea8cddb4a1fb936,pallets/flask,5452,PR identity,Routine,311,311,False
3373,prchunk_ae80d3d1b3efe9b3c01c,prdoc_ff11eea8cddb4a1fb936,pallets/flask,5452,PR description,Routine,1604,1604,False
3374,prchunk_03297a78dc5f9cd0ced7,prdoc_ff11eea8cddb4a1fb936,pallets/flask,5452,PR description,Routine,2817,2807,True
3375,prchunk_36fcc17e0c852f6250c8,prdoc_ff11eea8cddb4a1fb936,pallets/flask,5452,PR description,Routine,2148,2082,True
3376,prchunk_8f9738c92b1c563f096e,prdoc_ff11eea8cddb4a1fb936,pallets/flask,5452,PR description,Routine,2014,1933,True
3377,prchunk_4868b1378a432241b0cc,prdoc_ff11eea8cddb4a1fb936,pallets/flask,5452,PR description,Routine,3171,3092,True
3378,prchunk_5351291ea967bc16902e,prdoc_ff11eea8cddb4a1fb936,pallets/flask,5452,PR description,Routine,3152,3149,True
3379,prchunk_f13fe460fd99292e7515,prdoc_ff11eea8cddb4a1fb936,pallets/flask,5452,PR description,Routine,2619,2613,True
3380,prchunk_1e224e79a29d0dc16cd5,prdoc_ff11eea8cddb4a1fb936,pallets/flask,5452,PR description,Routine,2249,2246,True
3381,prchunk_9f279bf5f9c6c16c1f8e,prdoc_ff11eea8cddb4a1fb936,pallets/flask,5452,PR description,Routine,2875,2869,True
3382,prchunk_6d0922420daf7b2b699d,prdoc_ff11eea8cddb4a1fb936,pallets/flask,5452,PR description,Routine,3547,3547,False
3383,prchunk_64f0e2929e1843b6d184,prdoc_ff11eea8cddb4a1fb936,pallets/flask,5452,PR description,Routine,2197,2197,False
3384,prchunk_1b77677dc2333d913bd9,prdoc_ff11eea8cddb4a1fb936,pallets/flask,5452,PR description,Routine,1351,1351,False
3385,prchunk_a7e6a9f42f3adb040785,prdoc_ff11eea8cddb4a1fb936,pallets/flask,5452,PR description,Routine,3338,3316,True
3386,prchunk_7949d8ad1bb715227250,prdoc_ff11eea8cddb4a1fb936,pallets/flask,5452,PR description,Routine,2912,2912,False
3387,prchunk_c53b6c625bb91447caf8,prdoc_ff11eea8cddb4a1fb936,pallets/flask,5452,PR description,Routine,2844,2844,False
3388,prchunk_b5f1108a138953053340,prdoc_ff11eea8cddb4a1fb936,pallets/flask,5452,PR description,Routine,3664,3664,False
3389,prchunk_820d43b6111f8976f1d8,prdoc_ff11eea8cddb4a1fb936,pallets/flask,5452,PR description,Routine,2583,2583,False
3390,prchunk_fa5a32e2f85a07c31d83,prdoc_ff11eea8cddb4a1fb936,pallets/flask,5452,PR description,Routine,2867,2867,False
3391,prchunk_baf3f3807222b5565706,prdoc_ff11eea8cddb4a1fb936,pallets/flask,5452,PR description,Routine,3931,3905,True
3392,prchunk_a9abb5d15ded07d423b8,prdoc_ff11eea8cddb4a1fb936,pallets/flask,5452,PR description,Routine,3037,2959,True
3393,prchunk_c879f7603864abee962e,prdoc_ff11eea8cddb4a1fb936,pallets/flask,5452,PR description,Routine,2774,2728,True
3394,prchunk_39b088f79be13d30d8b7,prdoc_ff11eea8cddb4a1fb936,pallets/flask,5452,PR description,Routine,2273,2273,False
3395,prchunk_4ce55606da741985c145,prdoc_ff11eea8cddb4a1fb936,pallets/flask,5452,PR description,Routine,2762,2762,False
3396,prchunk_48c1049a51c07bfe7ade,prdoc_ff11eea8cddb4a1fb936,pallets/flask,5452,PR description,Routine,1139,1139,False
3397,prchunk_8a5c7c643624bc6d8ce9,prdoc_ff11eea8cddb4a1fb936,pallets/flask,5452,PR description,Routine,621,621,False
3398,prchunk_5866b3be022a295046d4,prdoc_ff11eea8cddb4a1fb936,pallets/flask,5452,Change evidence,Routine,407,407,False
3399,prchunk_c5ce1455e37da10eeba3,prdoc_ff11eea8cddb4a1fb936,pallets/flask,5452,Predictive intelligence,Routine,470,470,False
3400,prchunk_6c9f5ad5a4b23eb65e4f,prdoc_ff11eea8cddb4a1fb936,pallets/flask,5452,Deterministic policy intelligence,Routine,328,328,False
3401,prchunk_4557c2eac4e62c92c83b,prdoc_ff11eea8cddb4a1fb936,pallets/flask,5452,Unified review priority,Routine,310,310,False
3402,prchunk_df42c65f33d21ca3dc94,prdoc_d7b091d82a03ea83af2e,pallets/flask,5401,PR identity,Routine,311,311,False
3403,prchunk_0510882c759e14a76ba2,prdoc_d7b091d82a03ea83af2e,pallets/flask,5401,PR description,Routine,2346,2346,False
3404,prchunk_519a1b4653a6f380b418,prdoc_d7b091d82a03ea83af2e,pallets/flask,5401,PR description,Routine,2124,2124,False
3405,prchunk_fdb5e9b73aa9f4e6c454,prdoc_d7b091d82a03ea83af2e,pallets/flask,5401,PR description,Routine,2037,2011,True
3406,prchunk_2a1577b15ce8d3ad510a,prdoc_d7b091d82a03ea83af2e,pallets/flask,5401,PR description,Routine,1947,1944,True
3407,prchunk_febfc41b1002b3013639,prdoc_d7b091d82a03ea83af2e,pallets/flask,5401,PR description,Routine,3367,3355,True
3408,prchunk_4a9ca9224ca0cf5fff77,prdoc_d7b091d82a03ea83af2e,pallets/flask,5401,PR description,Routine,2672,2656,True
3409,prchunk_44e9ecb5db7851e82f58,prdoc_d7b091d82a03ea83af2e,pallets/flask,5401,PR description,Routine,1753,1723,True
3410,prchunk_4db5c7eaf08b59c57033,prdoc_d7b091d82a03ea83af2e,pallets/flask,5401,PR description,Routine,2253,2217,True
3411,prchunk_f5b2abdd7ead08ad3ac9,prdoc_d7b091d82a03ea83af2e,pallets/flask,5401,PR description,Routine,3759,3759,False
3412,prchunk_5730d23039a159d8bfed,prdoc_d7b091d82a03ea83af2e,pallets/flask,5401,PR description,Routine,3502,3502,False
3413,prchunk_8989abe95a74dbf4e83e,prdoc_d7b091d82a03ea83af2e,pallets/flask,5401,PR description,Routine,3443,3440,True
3414,prchunk_f46ad9b6eba01ccae051,prdoc_d7b091d82a03ea83af2e,pallets/flask,5401,PR description,Routine,3153,3127,True
3415,prchunk_e4fc925a3073c0e31227,prdoc_d7b091d82a03ea83af2e,pallets/flask,5401,PR description,Routine,1453,1453,False
3416,prchunk_f07fafa5e0dc974099a1,prdoc_d7b091d82a03ea83af2e,pallets/flask,5401,PR description,Routine,1213,1213,False
3417,prchunk_e5ebf54bd7a59abf8a88,prdoc_d7b091d82a03ea83af2e,pallets/flask,5401,PR description,Routine,205,205,False
3418,prchunk_d70cc40149cf7f37a99c,prdoc_d7b091d82a03ea83af2e,pallets/flask,5401,Change evidence,Routine,407,407,False
3419,prchunk_df5bb505bf6683f68c67,prdoc_d7b091d82a03ea83af2e,pallets/flask,5401,Predictive intelligence,Routine,414,414,False
3420,prchunk_a5dfaab26bf17aaf8ca5,prdoc_d7b091d82a03ea83af2e,pallets/flask,5401,Deterministic policy intelligence,Routine,328,328,False
3421,prchunk_29c0855aac1dee0b4bfb,prdoc_d7b091d82a03ea83af2e,pallets/flask,5401,Unified review priority,Routine,310,310,False
3422,prchunk_5b96d887b6b3f16e8301,prdoc_6b241e2bcf525807a2ff,pallets/flask,2746,PR identity,Routine,286,286,False
3423,prchunk_ea7f6cc4db9d7deea1ea,prdoc_6b241e2bcf525807a2ff,pallets/flask,2746,PR description,Routine,383,383,False
3424,prchunk_f8ef0470b504535459ab,prdoc_6b241e2bcf525807a2ff,pallets/flask,2746,Change evidence,Routine,404,404,False
3425,prchunk_aae795839e8e46a4d242,prdoc_6b241e2bcf525807a2ff,pallets/flask,2746,Predictive intelligence,Routine,414,414,False
3426,prchunk_899247d54e14e2530dfb,prdoc_6b241e2bcf525807a2ff,pallets/flask,2746,Deterministic policy intelligence,Routine,321,321,False
3427,prchunk_8f09ba11222eea19d97b,prdoc_6b241e2bcf525807a2ff,pallets/flask,2746,Unified review priority,Routine,310,310,False
3428,prchunk_37b27bbfb62a5a43ecf0,prdoc_7100cd39edfcb56c4bbc,pallets/flask,5474,PR identity,Routine,311,311,False
3429,prchunk_2df3888a8241a9773e63,prdoc_7100cd39edfcb56c4bbc,pallets/flask,5474,PR description,Routine,1577,1577,False
3430,prchunk_42da8d07fb60cac055ea,prdoc_7100cd39edfcb56c4bbc,pallets/flask,5474,PR description,Routine,1977,1959,True
3431,prchunk_dae8f272a709de8d601b,prdoc_7100cd39edfcb56c4bbc,pallets/flask,5474,PR description,Routine,3811,3811,False
3432,prchunk_314d79a2cf8b0c3012d8,prdoc_7100cd39edfcb56c4bbc,pallets/flask,5474,PR description,Routine,3158,3116,True
3433,prchunk_ef6a899279a5f55b6c77,prdoc_7100cd39edfcb56c4bbc,pallets/flask,5474,PR description,Routine,2438,2306,True
3434,prchunk_1ba79b70b18063fb2dc8,prdoc_7100cd39edfcb56c4bbc,pallets/flask,5474,PR description,Routine,2047,1985,True
3435,prchunk_80269b7c1942e39ef9a3,prdoc_7100cd39edfcb56c4bbc,pallets/flask,5474,PR description,Routine,3440,3368,True
3436,prchunk_08ddbed0e2abd0770a7c,prdoc_7100cd39edfcb56c4bbc,pallets/flask,5474,PR description,Routine,2965,2965,False
3437,prchunk_15fd37b73a3adca13518,prdoc_7100cd39edfcb56c4bbc,pallets/flask,5474,PR description,Routine,3067,3067,False
3438,prchunk_41b119ec325ca5e805f8,prdoc_7100cd39edfcb56c4bbc,pallets/flask,5474,PR description,Routine,2002,2002,False
3439,prchunk_901d51cff29fa7c8cdc1,prdoc_7100cd39edfcb56c4bbc,pallets/flask,5474,PR description,Routine,1191,1191,False
3440,prchunk_29de8db80bcd3da8d0b5,prdoc_7100cd39edfcb56c4bbc,pallets/flask,5474,PR description,Routine,332,332,False
3441,prchunk_50727b165209fa2527a5,prdoc_7100cd39edfcb56c4bbc,pallets/flask,5474,Change evidence,Routine,407,407,False
3442,prchunk_d591e1669cdd34166fca,prdoc_7100cd39edfcb56c4bbc,pallets/flask,5474,Predictive intelligence,Routine,470,470,False
3443,prchunk_bad9ab2a86a6f3d77cf9,prdoc_7100cd39edfcb56c4bbc,pallets/flask,5474,Deterministic policy intelligence,Routine,328,328,False
3444,prchunk_155e0236d5e648661720,prdoc_7100cd39edfcb56c4bbc,pallets/flask,5474,Unified review priority,Routine,310,310,False
3445,prchunk_ee89db40a0b510dc8492,prdoc_dc883e2bd2db603b0502,pallets/flask,2637,PR identity,Routine,276,276,False
3446,prchunk_957e1d9e41f8c195af89,prdoc_dc883e2bd2db603b0502,pallets/flask,2637,PR description,Routine,190,190,False
3447,prchunk_dbd90cda995d2aeafb77,prdoc_dc883e2bd2db603b0502,pallets/flask,2637,Change evidence,Routine,406,406,False
3448,prchunk_879ac62eed80b84c11d8,prdoc_dc883e2bd2db603b0502,pallets/flask,2637,Predictive intelligence,Routine,414,414,False
3449,prchunk_e0a8d6a93654ee3f94c6,prdoc_dc883e2bd2db603b0502,pallets/flask,2637,Deterministic policy intelligence,Routine,321,321,False
3450,prchunk_f39dc8c1960bb3add410,prdoc_dc883e2bd2db603b0502,pallets/flask,2637,Unified review priority,Routine,310,310,False
3451,prchunk_94dda8e3d622e0ba0a45,prdoc_0504fb78443f182ce866,pallets/flask,5538,PR identity,Routine,311,311,False
3452,prchunk_ad73a6b142f3601178cb,prdoc_0504fb78443f182ce866,pallets/flask,5538,PR description,Routine,2739,2739,False
3453,prchunk_b93fb93ac3d7932f18d9,prdoc_0504fb78443f182ce866,pallets/flask,5538,PR description,Routine,2892,2866,True
3454,prchunk_eb9e2fd1e1ec4bb69b99,prdoc_0504fb78443f182ce866,pallets/flask,5538,PR description,Routine,3664,3628,True
3455,prchunk_aa3c4ca89a34e0337b17,prdoc_0504fb78443f182ce866,pallets/flask,5538,PR description,Routine,1508,1498,True
3456,prchunk_85f525b84e229d6a3a1e,prdoc_0504fb78443f182ce866,pallets/flask,5538,PR description,Routine,2366,2260,True
3457,prchunk_bedd5cf2f80d20ab8165,prdoc_0504fb78443f182ce866,pallets/flask,5538,PR description,Routine,3287,3284,True
3458,prchunk_ec6388692a95dc478dc0,prdoc_0504fb78443f182ce866,pallets/flask,5538,PR description,Routine,2266,2260,True
3459,prchunk_ba7338532cda71d1db43,prdoc_0504fb78443f182ce866,pallets/flask,5538,PR description,Routine,3701,3689,True
3460,prchunk_d6433293c00840b6fb44,prdoc_0504fb78443f182ce866,pallets/flask,5538,PR description,Routine,1823,1820,True
3461,prchunk_c79e8cea0acc6a214edb,prdoc_0504fb78443f182ce866,pallets/flask,5538,PR description,Routine,3005,2984,True
3462,prchunk_a473aebe1b0460feea3d,prdoc_0504fb78443f182ce866,pallets/flask,5538,PR description,Routine,3455,3455,False
3463,prchunk_6c03b2f07154b96244b0,prdoc_0504fb78443f182ce866,pallets/flask,5538,PR description,Routine,3967,3967,False
3464,prchunk_b00936802e7a67460797,prdoc_0504fb78443f182ce866,pallets/flask,5538,PR description,Routine,1151,1151,False
3465,prchunk_7decd246335ac0776ff6,prdoc_0504fb78443f182ce866,pallets/flask,5538,PR description,Routine,1034,1034,False
3466,prchunk_aa52f51509addab77120,prdoc_0504fb78443f182ce866,pallets/flask,5538,Change evidence,Routine,407,407,False
3467,prchunk_00517e7610b6463410c6,prdoc_0504fb78443f182ce866,pallets/flask,5538,Predictive intelligence,Routine,470,470,False
3468,prchunk_af00c5aee37481ba5e17,prdoc_0504fb78443f182ce866,pallets/flask,5538,Deterministic policy intelligence,Routine,328,328,False
3469,prchunk_13affdc5115d77db51ec,prdoc_0504fb78443f182ce866,pallets/flask,5538,Unified review priority,Routine,310,310,False
3470,prchunk_3098001cd48a03aa7816,prdoc_bc43cfaded2ed3cda816,pallets/flask,3891,PR identity,Routine,287,287,False
3471,prchunk_d3afe12ccbf8ce9a348d,prdoc_bc43cfaded2ed3cda816,pallets/flask,3891,PR description,Routine,1621,1621,False
3472,prchunk_13836f48b6ba6ff1d7ad,prdoc_bc43cfaded2ed3cda816,pallets/flask,3891,PR description,Routine,1534,1534,False
3473,prchunk_8f6745bd2ba49168875d,prdoc_bc43cfaded2ed3cda816,pallets/flask,3891,PR description,Routine,3029,3029,False
3474,prchunk_50bd71fe6700222cc597,prdoc_bc43cfaded2ed3cda816,pallets/flask,3891,PR description,Routine,2012,2012,False
3475,prchunk_4a0ffbd6fad2c9e62c53,prdoc_bc43cfaded2ed3cda816,pallets/flask,3891,PR description,Routine,1064,1064,False
3476,prchunk_da01aebfc8235e08aae5,prdoc_bc43cfaded2ed3cda816,pallets/flask,3891,PR description,Routine,922,922,False
3477,prchunk_5a7a751bc5d7ea81e75a,prdoc_bc43cfaded2ed3cda816,pallets/flask,3891,Change evidence,Routine,407,407,False
3478,prchunk_d0a4f241ce816396e714,prdoc_bc43cfaded2ed3cda816,pallets/flask,3891,Predictive intelligence,Routine,413,413,False
3479,prchunk_af34287fbc4f7a598fed,prdoc_bc43cfaded2ed3cda816,pallets/flask,3891,Deterministic policy intelligence,Routine,328,328,False
3480,prchunk_c56ec9db3ebd8346f062,prdoc_bc43cfaded2ed3cda816,pallets/flask,3891,Unified review priority,Routine,310,310,False
3481,prchunk_46a445b460fcc2f98282,prdoc_40788f4805ca99206c68,pallets/flask,4882,PR identity,Routine,271,271,False
3482,prchunk_043a24cb9ad19c72a230,prdoc_40788f4805ca99206c68,pallets/flask,4882,PR description,Routine,659,659,False
3483,prchunk_a866b9fb4ad04cb588fc,prdoc_40788f4805ca99206c68,pallets/flask,4882,Change evidence,Routine,403,403,False
3484,prchunk_e04de982463149281faa,prdoc_40788f4805ca99206c68,pallets/flask,4882,Predictive intelligence,Routine,414,414,False
3485,prchunk_898869203d33ff610d2b,prdoc_40788f4805ca99206c68,pallets/flask,4882,Deterministic policy intelligence,Routine,320,320,False
3486,prchunk_30b387bae158251d2037,prdoc_40788f4805ca99206c68,pallets/flask,4882,Unified review priority,Routine,310,310,False
3487,prchunk_456bee7df6d1c118f893,prdoc_54f55450110f7f37e124,pallets/flask,3408,PR identity,Routine,276,276,False
3488,prchunk_8b1f9cef89b36d480ac3,prdoc_54f55450110f7f37e124,pallets/flask,3408,PR description,Routine,664,664,False
3489,prchunk_829d45ade6e57b799e98,prdoc_54f55450110f7f37e124,pallets/flask,3408,Change evidence,Routine,403,403,False
3490,prchunk_3e7fb9781a9d88ba4cc8,prdoc_54f55450110f7f37e124,pallets/flask,3408,Predictive intelligence,Routine,414,414,False
3491,prchunk_f3189591e2942e7a8303,prdoc_54f55450110f7f37e124,pallets/flask,3408,Deterministic policy intelligence,Routine,320,320,False
3492,prchunk_9a17419f9ef780f6236c,prdoc_54f55450110f7f37e124,pallets/flask,3408,Unified review priority,Routine,310,310,False
3493,prchunk_377e8e7f50c11134dfab,prdoc_f9310419769fdcfd1234,pallets/flask,5336,PR identity,Routine,271,271,False
3494,prchunk_719fc6133a92fa98e5f1,prdoc_f9310419769fdcfd1234,pallets/flask,5336,PR description,Routine,907,907,False
3495,prchunk_51d2388e271c08540c4d,prdoc_f9310419769fdcfd1234,pallets/flask,5336,Change evidence,Routine,403,403,False
3496,prchunk_e5f98b38c61eb823f1fa,prdoc_f9310419769fdcfd1234,pallets/flask,5336,Predictive intelligence,Routine,414,414,False
3497,prchunk_d681f77e81333c947b40,prdoc_f9310419769fdcfd1234,pallets/flask,5336,Deterministic policy intelligence,Routine,320,320,False
3498,prchunk_c12b0c4c11c68e9dcd70,prdoc_f9310419769fdcfd1234,pallets/flask,5336,Unified review priority,Routine,310,310,False
3499,prchunk_11e87b0c1fdf585a62a2,prdoc_39482013b9a10445af5b,pallets/flask,5425,PR identity,Routine,311,311,False
3500,prchunk_bd3b060fd5eec64b1391,prdoc_39482013b9a10445af5b,pallets/flask,5425,PR description,Routine,1753,1753,False
3501,prchunk_84625dfef97ba8e0fed1,prdoc_39482013b9a10445af5b,pallets/flask,5425,PR description,Routine,2679,2619,True
3502,prchunk_eddfa2accf890210d77c,prdoc_39482013b9a10445af5b,pallets/flask,5425,PR description,Routine,3485,3475,True
3503,prchunk_482e7875bfcaca3e7ec5,prdoc_39482013b9a10445af5b,pallets/flask,5425,PR description,Routine,2331,2328,True
3504,prchunk_7a357fd93194e099cfbe,prdoc_39482013b9a10445af5b,pallets/flask,5425,PR description,Routine,3009,3006,True
3505,prchunk_ed3bf63249c68a4dc720,prdoc_39482013b9a10445af5b,pallets/flask,5425,PR description,Routine,2567,2561,True
3506,prchunk_dd34a65760e8ac602e25,prdoc_39482013b9a10445af5b,pallets/flask,5425,PR description,Routine,3630,3630,False
3507,prchunk_acc5b508fbfe540c996e,prdoc_39482013b9a10445af5b,pallets/flask,5425,PR description,Routine,2847,2847,False
3508,prchunk_b15be966a64677b7adf7,prdoc_39482013b9a10445af5b,pallets/flask,5425,PR description,Routine,3720,3720,False
3509,prchunk_d54c6beedf5390db697e,prdoc_39482013b9a10445af5b,pallets/flask,5425,PR description,Routine,3194,3194,False
3510,prchunk_537172b513607411022a,prdoc_39482013b9a10445af5b,pallets/flask,5425,PR description,Routine,3478,3452,True
3511,prchunk_647096bd1cc9acb10498,prdoc_39482013b9a10445af5b,pallets/flask,5425,PR description,Routine,3158,3138,True
3512,prchunk_011662e5d0e20f652d3c,prdoc_39482013b9a10445af5b,pallets/flask,5425,PR description,Routine,3440,3420,True
3513,prchunk_5dc83dae2140e7761a90,prdoc_39482013b9a10445af5b,pallets/flask,5425,PR description,Routine,1831,1821,True
3514,prchunk_a7ae85ab9a428983d741,prdoc_39482013b9a10445af5b,pallets/flask,5425,PR description,Routine,1186,1186,False
3515,prchunk_bb2a8359003f177af1e9,prdoc_39482013b9a10445af5b,pallets/flask,5425,PR description,Routine,351,351,False
3516,prchunk_333fcbdc7d58246f524a,prdoc_39482013b9a10445af5b,pallets/flask,5425,Change evidence,Routine,407,407,False
3517,prchunk_0580d9dd2a1f470165ee,prdoc_39482013b9a10445af5b,pallets/flask,5425,Predictive intelligence,Routine,470,470,False
3518,prchunk_0cd7782f4d1796b5b673,prdoc_39482013b9a10445af5b,pallets/flask,5425,Deterministic policy intelligence,Routine,328,328,False
3519,prchunk_7ee649441d9cbd66411a,prdoc_39482013b9a10445af5b,pallets/flask,5425,Unified review priority,Routine,310,310,False
3520,prchunk_096abc7d1576e6ae0943,prdoc_388f6977f4a7aff25541,pallets/flask,3790,PR identity,Routine,284,284,False
3521,prchunk_f13ea755e7919cec7ae7,prdoc_388f6977f4a7aff25541,pallets/flask,3790,PR description,Routine,1854,1854,False
3522,prchunk_b794b47c797724e82231,prdoc_388f6977f4a7aff25541,pallets/flask,3790,PR description,Routine,1837,1837,False
3523,prchunk_89e21d1e7518e92bba72,prdoc_388f6977f4a7aff25541,pallets/flask,3790,PR description,Routine,3416,3378,True
3524,prchunk_3e5423a7cddcf589ace9,prdoc_388f6977f4a7aff25541,pallets/flask,3790,PR description,Routine,2080,2080,False
3525,prchunk_7f325ea34949e8998a7d,prdoc_388f6977f4a7aff25541,pallets/flask,3790,PR description,Routine,1064,1064,False
3526,prchunk_cd5c5572150b930ef646,prdoc_388f6977f4a7aff25541,pallets/flask,3790,PR description,Routine,922,922,False
3527,prchunk_b7c32e2c294784789b93,prdoc_388f6977f4a7aff25541,pallets/flask,3790,Change evidence,Routine,404,404,False
3528,prchunk_92011c1b1c44d2c6bbd4,prdoc_388f6977f4a7aff25541,pallets/flask,3790,Predictive intelligence,Routine,413,413,False
3529,prchunk_81625f6fa072dbe63efb,prdoc_388f6977f4a7aff25541,pallets/flask,3790,Deterministic policy intelligence,Routine,328,328,False
3530,prchunk_15bdf5a236a976fee40c,prdoc_388f6977f4a7aff25541,pallets/flask,3790,Unified review priority,Routine,310,310,False
3531,prchunk_1459034ab363a6b813ae,prdoc_ee610e4772cb3fd62670,pallets/flask,3267,PR identity,Routine,288,288,False
3532,prchunk_89e3648cd920ea7d7363,prdoc_ee610e4772cb3fd62670,pallets/flask,3267,PR description,Routine,527,527,False
3533,prchunk_0757bc60d94119be8a42,prdoc_ee610e4772cb3fd62670,pallets/flask,3267,Change evidence,Routine,403,403,False
3534,prchunk_8670b1932670c8af765d,prdoc_ee610e4772cb3fd62670,pallets/flask,3267,Predictive intelligence,Routine,474,474,False
3535,prchunk_8e310218fda57b3562ea,prdoc_ee610e4772cb3fd62670,pallets/flask,3267,Deterministic policy intelligence,Routine,320,320,False
3536,prchunk_d9c9addc6a26e251a6d8,prdoc_ee610e4772cb3fd62670,pallets/flask,3267,Unified review priority,Routine,314,314,False
3537,prchunk_7f2e1ab58ec2b9d395c1,prdoc_42a0545b4b4aedfb83bb,pallets/flask,3492,PR identity,Routine,273,273,False
3538,prchunk_feec99cf67e6cda05fe2,prdoc_42a0545b4b4aedfb83bb,pallets/flask,3492,PR description,Routine,279,279,False
3539,prchunk_3a0c4dfa4ba9adb26701,prdoc_42a0545b4b4aedfb83bb,pallets/flask,3492,Change evidence,Routine,404,404,False
3540,prchunk_5c7121f2ae5e76bd9081,prdoc_42a0545b4b4aedfb83bb,pallets/flask,3492,Predictive intelligence,Routine,414,414,False
3541,prchunk_6df07812b0535a5fcb06,prdoc_42a0545b4b4aedfb83bb,pallets/flask,3492,Deterministic policy intelligence,Routine,321,321,False
3542,prchunk_13c4ce49efbc977bdb8f,prdoc_42a0545b4b4aedfb83bb,pallets/flask,3492,Unified review priority,Routine,310,310,False
3543,prchunk_d1268cc1dc025428ede3,prdoc_f722ff94e3f429d66591,pallets/flask,3548,PR identity,Routine,261,261,False
3544,prchunk_c7be625619b4f14553d0,prdoc_f722ff94e3f429d66591,pallets/flask,3548,PR description,Routine,738,318,True
3545,prchunk_66cc85521bf838f966ea,prdoc_f722ff94e3f429d66591,pallets/flask,3548,Change evidence,Routine,403,403,False
3546,prchunk_84662e8426d6c1d22f82,prdoc_f722ff94e3f429d66591,pallets/flask,3548,Predictive intelligence,Routine,474,474,False
3547,prchunk_527f83f8601086aa4d30,prdoc_f722ff94e3f429d66591,pallets/flask,3548,Deterministic policy intelligence,Routine,320,320,False
3548,prchunk_77d3d07a0ff6c0a715b5,prdoc_f722ff94e3f429d66591,pallets/flask,3548,Unified review priority,Routine,314,314,False
3549,prchunk_7e07f0d598544353f7c0,prdoc_66ad9698ddf91ffafcd9,pallets/flask,2930,PR identity,Routine,310,310,False
3550,prchunk_51da209dfaf6a9ad3e8e,prdoc_66ad9698ddf91ffafcd9,pallets/flask,2930,PR description,Routine,625,625,False
3551,prchunk_088857ec4d60be938aad,prdoc_66ad9698ddf91ffafcd9,pallets/flask,2930,Change evidence,Routine,404,404,False
3552,prchunk_aeb90720e66d0b0907b4,prdoc_66ad9698ddf91ffafcd9,pallets/flask,2930,Predictive intelligence,Routine,474,474,False
3553,prchunk_4465058dbeeab0e0fb2b,prdoc_66ad9698ddf91ffafcd9,pallets/flask,2930,Deterministic policy intelligence,Routine,320,320,False
3554,prchunk_b583275b355e246e5c00,prdoc_66ad9698ddf91ffafcd9,pallets/flask,2930,Unified review priority,Routine,314,314,False
3555,prchunk_7faea2c677abd27a05f5,prdoc_4375ea7c8ad7810ab896,pallets/flask,3773,PR identity,Routine,288,288,False
3556,prchunk_320d97dcfa202f161426,prdoc_4375ea7c8ad7810ab896,pallets/flask,3773,PR description,Routine,3284,3284,False
3557,prchunk_3400218e164504db0799,prdoc_4375ea7c8ad7810ab896,pallets/flask,3773,PR description,Routine,1130,1130,False
3558,prchunk_c10ab359368bcc298efe,prdoc_4375ea7c8ad7810ab896,pallets/flask,3773,PR description,Routine,1054,1054,False
3559,prchunk_9ac3cb9e16a8bc386246,prdoc_4375ea7c8ad7810ab896,pallets/flask,3773,PR description,Routine,630,630,False
3560,prchunk_39e18e6fd204048d7fbf,prdoc_4375ea7c8ad7810ab896,pallets/flask,3773,Change evidence,Routine,404,404,False
3561,prchunk_dc3a2a5f88567c21b3cc,prdoc_4375ea7c8ad7810ab896,pallets/flask,3773,Predictive intelligence,Routine,413,413,False
3562,prchunk_8cf9f43227f0c164db55,prdoc_4375ea7c8ad7810ab896,pallets/flask,3773,Deterministic policy intelligence,Routine,328,328,False
3563,prchunk_2a1d7c80920f723546eb,prdoc_4375ea7c8ad7810ab896,pallets/flask,3773,Unified review priority,Routine,310,310,False
3564,prchunk_b46379f74f8f8e471c85,prdoc_aa1bdc07c306aaa47609,pallets/flask,4254,PR identity,Routine,275,275,False
3565,prchunk_527c2054e1d7c464c4d0,prdoc_aa1bdc07c306aaa47609,pallets/flask,4254,PR description,Routine,2394,2376,True
3566,prchunk_5435acf73f024a39c12a,prdoc_aa1bdc07c306aaa47609,pallets/flask,4254,PR description,Routine,3047,3047,False
3567,prchunk_035ac78af148e3ef0204,prdoc_aa1bdc07c306aaa47609,pallets/flask,4254,PR description,Routine,1063,1063,False
3568,prchunk_590b31f9ce9c74f67811,prdoc_aa1bdc07c306aaa47609,pallets/flask,4254,Change evidence,Routine,404,404,False
3569,prchunk_7fdbcb383dbc86ba3a79,prdoc_aa1bdc07c306aaa47609,pallets/flask,4254,Predictive intelligence,Routine,414,414,False
3570,prchunk_da5f0e5a59d993a3f6b9,prdoc_aa1bdc07c306aaa47609,pallets/flask,4254,Deterministic policy intelligence,Routine,328,328,False
3571,prchunk_6ab8109f18e193412df5,prdoc_aa1bdc07c306aaa47609,pallets/flask,4254,Unified review priority,Routine,310,310,False
3572,prchunk_b21e21d32b6c45f98a66,prdoc_627d39b8a7baa31b310b,pallets/flask,5701,PR identity,Routine,274,274,False
3573,prchunk_199518348ef88d7cddb2,prdoc_627d39b8a7baa31b310b,pallets/flask,5701,PR description,Routine,187,187,False
3574,prchunk_71c13ac2897d8c036f98,prdoc_627d39b8a7baa31b310b,pallets/flask,5701,Change evidence,Routine,403,403,False
3575,prchunk_c2737cded6483e8f40a9,prdoc_627d39b8a7baa31b310b,pallets/flask,5701,Predictive intelligence,Routine,414,414,False
3576,prchunk_44fecf831a8d1087229b,prdoc_627d39b8a7baa31b310b,pallets/flask,5701,Deterministic policy intelligence,Routine,321,321,False
3577,prchunk_cb9b232a5862b3da7d05,prdoc_627d39b8a7baa31b310b,pallets/flask,5701,Unified review priority,Routine,310,310,False
3578,prchunk_a036abe706674b0069ac,prdoc_9604f425e126f85cba0d,pallets/flask,3544,PR identity,Routine,263,263,False
3579,prchunk_fcaeb2dcf032b6254682,prdoc_9604f425e126f85cba0d,pallets/flask,3544,PR description,Routine,676,256,True
3580,prchunk_4054f57f6d812d2ce823,prdoc_9604f425e126f85cba0d,pallets/flask,3544,Change evidence,Routine,403,403,False
3581,prchunk_112c2df52e0746cfe878,prdoc_9604f425e126f85cba0d,pallets/flask,3544,Predictive intelligence,Routine,414,414,False
3582,prchunk_eb8387fb6706fea210dc,prdoc_9604f425e126f85cba0d,pallets/flask,3544,Deterministic policy intelligence,Routine,320,320,False
3583,prchunk_8e7689d331ed92a7a744,prdoc_9604f425e126f85cba0d,pallets/flask,3544,Unified review priority,Routine,310,310,False
3584,prchunk_dfae309da40ceec3ed6c,prdoc_f63828b69473b968bf21,pallets/flask,3381,PR identity,Routine,270,270,False
3585,prchunk_1b2ad92b9b3cf2535ee3,prdoc_f63828b69473b968bf21,pallets/flask,3381,PR description,Routine,647,227,True
3586,prchunk_4df95c585e9bf2c8bead,prdoc_f63828b69473b968bf21,pallets/flask,3381,Change evidence,Routine,403,403,False
3587,prchunk_326740f2cfc690512a00,prdoc_f63828b69473b968bf21,pallets/flask,3381,Predictive intelligence,Routine,414,414,False
3588,prchunk_05d503209231314258bf,prdoc_f63828b69473b968bf21,pallets/flask,3381,Deterministic policy intelligence,Routine,320,320,False
3589,prchunk_db9649fcd7731984b39e,prdoc_f63828b69473b968bf21,pallets/flask,3381,Unified review priority,Routine,310,310,False
3590,prchunk_237fff2f5df9a19761c6,prdoc_4a9348f6bec352708a6c,pallets/flask,4955,PR identity,Routine,292,292,False
3591,prchunk_73d5a92b53cf61ff1987,prdoc_4a9348f6bec352708a6c,pallets/flask,4955,PR description,Routine,648,648,False
3592,prchunk_fef40538de506f919cf9,prdoc_4a9348f6bec352708a6c,pallets/flask,4955,Change evidence,Routine,405,405,False
3593,prchunk_e64706e6be35a8363ef7,prdoc_4a9348f6bec352708a6c,pallets/flask,4955,Predictive intelligence,Routine,474,474,False
3594,prchunk_1abd1e4d29bd859d3347,prdoc_4a9348f6bec352708a6c,pallets/flask,4955,Deterministic policy intelligence,Routine,320,320,False
3595,prchunk_f1687e1ee6e4bd9f4c1c,prdoc_4a9348f6bec352708a6c,pallets/flask,4955,Unified review priority,Routine,314,314,False
3596,prchunk_8b2846d5681270191a56,prdoc_18fe73d9d2e8c5229c98,pallets/flask,3425,PR identity,Routine,286,286,False
3597,prchunk_bd74d7b26fde7ada7c35,prdoc_18fe73d9d2e8c5229c98,pallets/flask,3425,PR description,Routine,359,359,False
3598,prchunk_555af4a0b762fcb2a5e4,prdoc_18fe73d9d2e8c5229c98,pallets/flask,3425,Change evidence,Routine,404,404,False
3599,prchunk_9369672fb75f0abc7625,prdoc_18fe73d9d2e8c5229c98,pallets/flask,3425,Predictive intelligence,Routine,414,414,False
3600,prchunk_4b1d0ffeceae4b70b1b3,prdoc_18fe73d9d2e8c5229c98,pallets/flask,3425,Deterministic policy intelligence,Routine,321,321,False
3601,prchunk_61865b92e312bd2cd3b5,prdoc_18fe73d9d2e8c5229c98,pallets/flask,3425,Unified review priority,Routine,310,310,False
3602,prchunk_2453672785810747b4b6,prdoc_e9073dfc4ef56ad0020e,pallets/flask,4675,PR identity,Routine,285,285,False
3603,prchunk_e72143e08a601aaaa4bd,prdoc_e9073dfc4ef56ad0020e,pallets/flask,4675,PR description,Routine,325,325,False
3604,prchunk_a2dc1a13e2d898310961,prdoc_e9073dfc4ef56ad0020e,pallets/flask,4675,Change evidence,Routine,403,403,False
3605,prchunk_c8af32de891540591f18,prdoc_e9073dfc4ef56ad0020e,pallets/flask,4675,Predictive intelligence,Routine,413,413,False
3606,prchunk_1234b2e0fa1815657a1c,prdoc_e9073dfc4ef56ad0020e,pallets/flask,4675,Deterministic policy intelligence,Routine,321,321,False
3607,prchunk_531d9c846867f3044ef7,prdoc_e9073dfc4ef56ad0020e,pallets/flask,4675,Unified review priority,Routine,310,310,False
3608,prchunk_fc36d25249c792adc880,prdoc_8f6bbe3cf6676fc6ddf9,pallets/flask,5514,PR identity,Routine,311,311,False
3609,prchunk_1b0a414d94aaac96fbf9,prdoc_8f6bbe3cf6676fc6ddf9,pallets/flask,5514,PR description,Routine,1915,1915,False
3610,prchunk_d8deb025752e700f8a43,prdoc_8f6bbe3cf6676fc6ddf9,pallets/flask,5514,PR description,Routine,1714,1714,False
3611,prchunk_12944ac47219f4fbc08d,prdoc_8f6bbe3cf6676fc6ddf9,pallets/flask,5514,PR description,Routine,2934,2908,True
3612,prchunk_c15e32ae51b924757386,prdoc_8f6bbe3cf6676fc6ddf9,pallets/flask,5514,PR description,Routine,2441,2431,True
3613,prchunk_a4d8075abc701fc5cdb4,prdoc_8f6bbe3cf6676fc6ddf9,pallets/flask,5514,PR description,Routine,3457,3421,True
3614,prchunk_1dafede928dc7d825ef1,prdoc_8f6bbe3cf6676fc6ddf9,pallets/flask,5514,PR description,Routine,3774,3774,False
3615,prchunk_164ec29f8ac733bcd2c5,prdoc_8f6bbe3cf6676fc6ddf9,pallets/flask,5514,PR description,Routine,1804,1804,False
3616,prchunk_4ab8dca67b90850fa24a,prdoc_8f6bbe3cf6676fc6ddf9,pallets/flask,5514,PR description,Routine,1184,1184,False
3617,prchunk_0aa1b5a51c828e66b8af,prdoc_8f6bbe3cf6676fc6ddf9,pallets/flask,5514,PR description,Routine,368,368,False
3618,prchunk_78e21659e5e5f9522204,prdoc_8f6bbe3cf6676fc6ddf9,pallets/flask,5514,Change evidence,Routine,407,407,False
3619,prchunk_0ce3b100e6cafa2d2fc9,prdoc_8f6bbe3cf6676fc6ddf9,pallets/flask,5514,Predictive intelligence,Routine,414,414,False
3620,prchunk_bc46e4b2c2293a811692,prdoc_8f6bbe3cf6676fc6ddf9,pallets/flask,5514,Deterministic policy intelligence,Routine,328,328,False
3621,prchunk_3d4b1dbbccc52c7d5f94,prdoc_8f6bbe3cf6676fc6ddf9,pallets/flask,5514,Unified review priority,Routine,310,310,False
3622,prchunk_88bd21673af47b607e68,prdoc_f5f9a17529b4b1b25f8b,pallets/flask,3282,PR identity,Routine,269,269,False
3623,prchunk_bcb59cdbad98a9e68c25,prdoc_f5f9a17529b4b1b25f8b,pallets/flask,3282,PR description,Routine,1001,1001,False
3624,prchunk_79ceb54f1b62c151a135,prdoc_f5f9a17529b4b1b25f8b,pallets/flask,3282,Change evidence,Routine,405,405,False
3625,prchunk_6c6f12db4a3b5e4ad409,prdoc_f5f9a17529b4b1b25f8b,pallets/flask,3282,Predictive intelligence,Routine,414,414,False
3626,prchunk_3ab21effaedb877b7789,prdoc_f5f9a17529b4b1b25f8b,pallets/flask,3282,Deterministic policy intelligence,Routine,328,328,False
3627,prchunk_5caadc06509ee76683e5,prdoc_f5f9a17529b4b1b25f8b,pallets/flask,3282,Unified review priority,Routine,310,310,False
3628,prchunk_95611ccfdef0dcf8e3d6,prdoc_2c8049bbada27e7f0ccc,pallets/flask,3677,PR identity,Routine,284,284,False
3629,prchunk_fe7030e8b552b2772b42,prdoc_2c8049bbada27e7f0ccc,pallets/flask,3677,PR description,Routine,2052,2052,False
3630,prchunk_9a98d53fc7b254b65be4,prdoc_2c8049bbada27e7f0ccc,pallets/flask,3677,PR description,Routine,3562,3522,True
3631,prchunk_a4285c9bf57a8683a4c8,prdoc_2c8049bbada27e7f0ccc,pallets/flask,3677,PR description,Routine,1428,1428,False
3632,prchunk_ab82ea3022cac231de2d,prdoc_2c8049bbada27e7f0ccc,pallets/flask,3677,PR description,Routine,1049,1049,False
3633,prchunk_b13e1853e3148106d513,prdoc_2c8049bbada27e7f0ccc,pallets/flask,3677,PR description,Routine,696,696,False
3634,prchunk_34e1d7081857b5ff8a89,prdoc_2c8049bbada27e7f0ccc,pallets/flask,3677,Change evidence,Routine,404,404,False
3635,prchunk_bff50a41f9eae81bdd99,prdoc_2c8049bbada27e7f0ccc,pallets/flask,3677,Predictive intelligence,Routine,413,413,False
3636,prchunk_e28716152f8c47d8716f,prdoc_2c8049bbada27e7f0ccc,pallets/flask,3677,Deterministic policy intelligence,Routine,328,328,False
3637,prchunk_2b8167ab82798647db0b,prdoc_2c8049bbada27e7f0ccc,pallets/flask,3677,Unified review priority,Routine,310,310,False
3638,prchunk_1ab5a1af4941b61d053f,prdoc_0d1a68a93d9380c77192,pallets/flask,4913,PR identity,Routine,283,283,False
3639,prchunk_0049b570ac00583a970a,prdoc_0d1a68a93d9380c77192,pallets/flask,4913,PR description,Routine,249,249,False
3640,prchunk_84c9b16e326a570260de,prdoc_0d1a68a93d9380c77192,pallets/flask,4913,Change evidence,Routine,403,403,False
3641,prchunk_cadd3ce66ffa53ebf92b,prdoc_0d1a68a93d9380c77192,pallets/flask,4913,Predictive intelligence,Routine,414,414,False
3642,prchunk_f8e5cd130bc1f2936629,prdoc_0d1a68a93d9380c77192,pallets/flask,4913,Deterministic policy intelligence,Routine,321,321,False
3643,prchunk_86996caa195f3b104353,prdoc_0d1a68a93d9380c77192,pallets/flask,4913,Unified review priority,Routine,310,310,False
3644,prchunk_f2efcf9d4f18be2be51e,prdoc_eea7ad0920b797994217,pallets/flask,4250,PR identity,Routine,278,278,False
3645,prchunk_8e6a2966c551c2179204,prdoc_eea7ad0920b797994217,pallets/flask,4250,PR description,Routine,493,493,False
3646,prchunk_0d385675d398dab7ef17,prdoc_eea7ad0920b797994217,pallets/flask,4250,Change evidence,Routine,405,405,False
3647,prchunk_2357ebdcf6905bd58202,prdoc_eea7ad0920b797994217,pallets/flask,4250,Predictive intelligence,Routine,474,474,False
3648,prchunk_119f278e123f5dde0d8b,prdoc_eea7ad0920b797994217,pallets/flask,4250,Deterministic policy intelligence,Routine,320,320,False
3649,prchunk_56b6377e8b18aa5c9a8e,prdoc_eea7ad0920b797994217,pallets/flask,4250,Unified review priority,Routine,314,314,False
3650,prchunk_dd3e63f397473b36a5f7,prdoc_4cd3346b11ac2c353914,pallets/flask,5532,PR identity,Routine,298,298,False
3651,prchunk_c7d287e1109e7827dc6c,prdoc_4cd3346b11ac2c353914,pallets/flask,5532,PR description,Routine,877,877,False
3652,prchunk_58c6e7c2eee1183779cb,prdoc_4cd3346b11ac2c353914,pallets/flask,5532,Change evidence,Routine,403,403,False
3653,prchunk_2a6f0daf351963c6b137,prdoc_4cd3346b11ac2c353914,pallets/flask,5532,Predictive intelligence,Routine,474,474,False
3654,prchunk_d43ce592c5b34ba8a7db,prdoc_4cd3346b11ac2c353914,pallets/flask,5532,Deterministic policy intelligence,Routine,320,320,False
3655,prchunk_df3c3fc20cb6e6febe92,prdoc_4cd3346b11ac2c353914,pallets/flask,5532,Unified review priority,Routine,314,314,False
3656,prchunk_377801c3f3d717822eaf,prdoc_a51983c1ef3a7263bfdf,pallets/flask,3299,PR identity,Routine,264,264,False
3657,prchunk_06f0b245d44ad56dd744,prdoc_a51983c1ef3a7263bfdf,pallets/flask,3299,PR description,Routine,226,226,False
3658,prchunk_7aca522c9f00ccfb66ec,prdoc_a51983c1ef3a7263bfdf,pallets/flask,3299,Change evidence,Routine,405,405,False
3659,prchunk_3a49d492666939def2c4,prdoc_a51983c1ef3a7263bfdf,pallets/flask,3299,Predictive intelligence,Routine,414,414,False
3660,prchunk_aea83212f62022cfb560,prdoc_a51983c1ef3a7263bfdf,pallets/flask,3299,Deterministic policy intelligence,Routine,321,321,False
3661,prchunk_8ffa8b45d3c25ed7c320,prdoc_a51983c1ef3a7263bfdf,pallets/flask,3299,Unified review priority,Routine,310,310,False
3662,prchunk_06b495e9e164e4a4e81b,prdoc_6e18e5e1f36b777bbb4b,pallets/flask,5374,PR identity,Routine,311,311,False
3663,prchunk_f25f7ac163137f4a8566,prdoc_6e18e5e1f36b777bbb4b,pallets/flask,5374,PR description,Routine,2582,2549,True
3664,prchunk_3f71e812fe855b928a26,prdoc_6e18e5e1f36b777bbb4b,pallets/flask,5374,PR description,Routine,3437,3437,False
3665,prchunk_2ec319d52da2309d3aa8,prdoc_6e18e5e1f36b777bbb4b,pallets/flask,5374,PR description,Routine,2004,2004,False
3666,prchunk_3ec2a88614ee9feedf7e,prdoc_6e18e5e1f36b777bbb4b,pallets/flask,5374,PR description,Routine,2239,2239,False
3667,prchunk_c51f075bac3df7a9baaa,prdoc_6e18e5e1f36b777bbb4b,pallets/flask,5374,PR description,Routine,3105,3079,True
3668,prchunk_d5a2aae5050dc9878469,prdoc_6e18e5e1f36b777bbb4b,pallets/flask,5374,PR description,Routine,3124,3121,True
3669,prchunk_5ddb4310397299a2bd36,prdoc_6e18e5e1f36b777bbb4b,pallets/flask,5374,PR description,Routine,3742,3739,True
3670,prchunk_882b23011bfdec12de48,prdoc_6e18e5e1f36b777bbb4b,pallets/flask,5374,PR description,Routine,1145,1145,False
3671,prchunk_c570297624810de281ac,prdoc_6e18e5e1f36b777bbb4b,pallets/flask,5374,PR description,Routine,1057,1057,False
3672,prchunk_f012db737c6e7d21ea22,prdoc_6e18e5e1f36b777bbb4b,pallets/flask,5374,Change evidence,Routine,405,405,False
3673,prchunk_727bb375eba0b7683169,prdoc_6e18e5e1f36b777bbb4b,pallets/flask,5374,Predictive intelligence,Routine,414,414,False
3674,prchunk_39092deb8a83f0bde916,prdoc_6e18e5e1f36b777bbb4b,pallets/flask,5374,Deterministic policy intelligence,Routine,328,328,False
3675,prchunk_452a0214ead39a92b236,prdoc_6e18e5e1f36b777bbb4b,pallets/flask,5374,Unified review priority,Routine,310,310,False
3676,prchunk_465ecd3b3d4ea6cb092d,prdoc_4f193bd1afb811383f52,pallets/flask,5903,PR identity,Routine,283,283,False
3677,prchunk_46241e7942345680f3b5,prdoc_4f193bd1afb811383f52,pallets/flask,5903,PR description,Routine,431,431,False
3678,prchunk_cd45774e219ead336831,prdoc_4f193bd1afb811383f52,pallets/flask,5903,Change evidence,Routine,404,404,False
3679,prchunk_9f065522264f8dc29497,prdoc_4f193bd1afb811383f52,pallets/flask,5903,Predictive intelligence,Routine,413,413,False
3680,prchunk_877d1c9c4690bdf7e472,prdoc_4f193bd1afb811383f52,pallets/flask,5903,Deterministic policy intelligence,Routine,321,321,False
3681,prchunk_3681bfe7e902362fcda1,prdoc_4f193bd1afb811383f52,pallets/flask,5903,Unified review priority,Routine,310,310,False
3682,prchunk_7e9ad7e86aaf80290ece,prdoc_5f7c4dd11aada5f28f0e,pallets/flask,5899,PR identity,Routine,269,269,False
3683,prchunk_2dee11b9505c885819c2,prdoc_5f7c4dd11aada5f28f0e,pallets/flask,5899,PR description,Routine,183,183,False
3684,prchunk_385dee81854c9532681e,prdoc_5f7c4dd11aada5f28f0e,pallets/flask,5899,Change evidence,Routine,405,405,False
3685,prchunk_fef30fa929c55f492398,prdoc_5f7c4dd11aada5f28f0e,pallets/flask,5899,Predictive intelligence,Routine,413,413,False
3686,prchunk_dc91b23027b5ce919c74,prdoc_5f7c4dd11aada5f28f0e,pallets/flask,5899,Deterministic policy intelligence,Routine,321,321,False
3687,prchunk_2eb48f4f8be2f669e75a,prdoc_5f7c4dd11aada5f28f0e,pallets/flask,5899,Unified review priority,Routine,310,310,False
3688,prchunk_de51d132abeadc9de38d,prdoc_01054d1b98a55842ab47,pallets/flask,3932,PR identity,Routine,281,281,False
3689,prchunk_6ecaa247633db36d7371,prdoc_01054d1b98a55842ab47,pallets/flask,3932,PR description,Routine,701,701,False
3690,prchunk_71a66983ad91d44c8de9,prdoc_01054d1b98a55842ab47,pallets/flask,3932,Change evidence,Routine,404,404,False
3691,prchunk_d3ec9b13322ff3d8323f,prdoc_01054d1b98a55842ab47,pallets/flask,3932,Predictive intelligence,Routine,414,414,False
3692,prchunk_72ba6a5fc497a979af65,prdoc_01054d1b98a55842ab47,pallets/flask,3932,Deterministic policy intelligence,Routine,320,320,False
3693,prchunk_3a229dffb87536b34385,prdoc_01054d1b98a55842ab47,pallets/flask,3932,Unified review priority,Routine,310,310,False
3694,prchunk_731a034b7fadaaba0159,prdoc_b0def0563855ca38b58a,pallets/flask,3819,PR identity,Routine,283,283,False
3695,prchunk_dcad857d9afa2ada3c5f,prdoc_b0def0563855ca38b58a,pallets/flask,3819,PR description,Routine,3230,3227,True
3696,prchunk_a783282c314ba840cffd,prdoc_b0def0563855ca38b58a,pallets/flask,3819,PR description,Routine,1514,1514,False
3697,prchunk_6efee8a6c653bfb277d9,prdoc_b0def0563855ca38b58a,pallets/flask,3819,PR description,Routine,1059,1059,False
3698,prchunk_fbdb34e0a87a89d172b5,prdoc_b0def0563855ca38b58a,pallets/flask,3819,PR description,Routine,770,770,False
3699,prchunk_985c27a03a399697571e,prdoc_b0def0563855ca38b58a,pallets/flask,3819,Change evidence,Routine,404,404,False
3700,prchunk_102499b3f1b35afd5c99,prdoc_b0def0563855ca38b58a,pallets/flask,3819,Predictive intelligence,Routine,414,414,False
3701,prchunk_ef346653ae827310e4f5,prdoc_b0def0563855ca38b58a,pallets/flask,3819,Deterministic policy intelligence,Routine,328,328,False
3702,prchunk_122e873e778c2f572b21,prdoc_b0def0563855ca38b58a,pallets/flask,3819,Unified review priority,Routine,310,310,False
3703,prchunk_361dd650e74a617c41f6,prdoc_f6ac3ed16bfeb9f42543,pallets/flask,5546,PR identity,Routine,297,297,False
3704,prchunk_a61250240ba3a253e037,prdoc_f6ac3ed16bfeb9f42543,pallets/flask,5546,PR description,Routine,261,261,False
3705,prchunk_43a74c17dae0e37cadd5,prdoc_f6ac3ed16bfeb9f42543,pallets/flask,5546,Change evidence,Routine,403,403,False
3706,prchunk_08663ee809fd0dbd8584,prdoc_f6ac3ed16bfeb9f42543,pallets/flask,5546,Predictive intelligence,Routine,470,470,False
3707,prchunk_f5bd3bbf69eac9ca3832,prdoc_f6ac3ed16bfeb9f42543,pallets/flask,5546,Deterministic policy intelligence,Routine,321,321,False
3708,prchunk_3fe91cee5e537b55a311,prdoc_f6ac3ed16bfeb9f42543,pallets/flask,5546,Unified review priority,Routine,310,310,False
3709,prchunk_455a91f76df03c8f7452,prdoc_f34ea3a6bdce72662344,pallets/flask,2577,PR identity,Routine,266,266,False
3710,prchunk_f5ee96120e53adcda745,prdoc_f34ea3a6bdce72662344,pallets/flask,2577,PR description,Routine,500,500,False
3711,prchunk_f68225a8851f371dfcf8,prdoc_f34ea3a6bdce72662344,pallets/flask,2577,Change evidence,Routine,404,404,False
3712,prchunk_f437af162a164b5c71d9,prdoc_f34ea3a6bdce72662344,pallets/flask,2577,Predictive intelligence,Routine,414,414,False
3713,prchunk_7866530f42bf34904418,prdoc_f34ea3a6bdce72662344,pallets/flask,2577,Deterministic policy intelligence,Routine,320,320,False
3714,prchunk_4d7f070e4000d83c0703,prdoc_f34ea3a6bdce72662344,pallets/flask,2577,Unified review priority,Routine,310,310,False
3715,prchunk_864ca30db6c2fbab52b3,prdoc_547ca6e3b2363104a756,pallets/flask,5672,PR identity,Routine,263,263,False
3716,prchunk_39762e1548fb253321b1,prdoc_547ca6e3b2363104a756,pallets/flask,5672,PR description,Routine,189,189,False
3717,prchunk_dacf85fac45b99549e2b,prdoc_547ca6e3b2363104a756,pallets/flask,5672,Change evidence,Routine,404,404,False
3718,prchunk_56568af8e384aa0df219,prdoc_547ca6e3b2363104a756,pallets/flask,5672,Predictive intelligence,Routine,470,470,False
3719,prchunk_58a2fd9b8fa153b95c80,prdoc_547ca6e3b2363104a756,pallets/flask,5672,Deterministic policy intelligence,Routine,321,321,False
3720,prchunk_d1be60bb82e67aa5c94a,prdoc_547ca6e3b2363104a756,pallets/flask,5672,Unified review priority,Routine,310,310,False
3721,prchunk_7fe07a4436b3db4505de,prdoc_9dfbcac74e3937c47199,pallets/flask,3244,PR identity,Routine,309,309,False
3722,prchunk_419186a3085ad4268140,prdoc_9dfbcac74e3937c47199,pallets/flask,3244,PR description,Routine,289,289,False
3723,prchunk_2635fce61ac25cc3c52f,prdoc_9dfbcac74e3937c47199,pallets/flask,3244,Change evidence,Routine,403,403,False
3724,prchunk_04a7f6a4d5a113ceda81,prdoc_9dfbcac74e3937c47199,pallets/flask,3244,Predictive intelligence,Routine,414,414,False
3725,prchunk_f031c3c2121d6596a651,prdoc_9dfbcac74e3937c47199,pallets/flask,3244,Deterministic policy intelligence,Routine,321,321,False
3726,prchunk_9b7a424ae879b5daff70,prdoc_9dfbcac74e3937c47199,pallets/flask,3244,Unified review priority,Routine,310,310,False
3727,prchunk_14473f388a83aa38a09d,prdoc_bbdb2e8d03ac6d3e84be,pallets/flask,3636,PR identity,Routine,284,284,False
3728,prchunk_ab9a4c817ad0f6d751cf,prdoc_bbdb2e8d03ac6d3e84be,pallets/flask,3636,PR description,Routine,2880,2880,False
3729,prchunk_2e37659505c2be847705,prdoc_bbdb2e8d03ac6d3e84be,pallets/flask,3636,PR description,Routine,3276,3276,False
3730,prchunk_89bf27dc70ada4809f55,prdoc_bbdb2e8d03ac6d3e84be,pallets/flask,3636,PR description,Routine,1054,1054,False
3731,prchunk_e9e346cd3a0421c21d87,prdoc_bbdb2e8d03ac6d3e84be,pallets/flask,3636,PR description,Routine,1115,1115,False
3732,prchunk_37f48120ff2247e43710,prdoc_bbdb2e8d03ac6d3e84be,pallets/flask,3636,PR description,Routine,246,246,False
3733,prchunk_ce0f0aab5c8ffd759c66,prdoc_bbdb2e8d03ac6d3e84be,pallets/flask,3636,Change evidence,Routine,404,404,False
3734,prchunk_fabcc8f73b643b5d7429,prdoc_bbdb2e8d03ac6d3e84be,pallets/flask,3636,Predictive intelligence,Routine,413,413,False
3735,prchunk_4350db7209107a9c9e0d,prdoc_bbdb2e8d03ac6d3e84be,pallets/flask,3636,Deterministic policy intelligence,Routine,328,328,False
3736,prchunk_477296a9e11958d2e152,prdoc_bbdb2e8d03ac6d3e84be,pallets/flask,3636,Unified review priority,Routine,310,310,False
3737,prchunk_0ad7eb8a46ad274f011a,prdoc_364ebc8cad76717e0ae1,pallets/flask,5338,PR identity,Routine,280,280,False
3738,prchunk_1167bf01ef0d081767ae,prdoc_364ebc8cad76717e0ae1,pallets/flask,5338,PR description,Routine,781,618,True
3739,prchunk_f39bff04e4041dc75915,prdoc_364ebc8cad76717e0ae1,pallets/flask,5338,Change evidence,Routine,403,403,False
3740,prchunk_56c8e43242dfa47022ed,prdoc_364ebc8cad76717e0ae1,pallets/flask,5338,Predictive intelligence,Routine,470,470,False
3741,prchunk_6d59b2aad1f896f1488f,prdoc_364ebc8cad76717e0ae1,pallets/flask,5338,Deterministic policy intelligence,Routine,320,320,False
3742,prchunk_43f2246a97d7a0d1f6d7,prdoc_364ebc8cad76717e0ae1,pallets/flask,5338,Unified review priority,Routine,310,310,False
3743,prchunk_fdf4c14c160eee686825,prdoc_930ae4d47260e0fb007d,pallets/flask,5923,PR identity,Routine,302,302,False
3744,prchunk_e1e84c3f520ee5d9763b,prdoc_930ae4d47260e0fb007d,pallets/flask,5923,PR description,Routine,788,788,False
3745,prchunk_39df1d99315dc07bf61e,prdoc_930ae4d47260e0fb007d,pallets/flask,5923,Change evidence,Routine,405,405,False
3746,prchunk_c24a2647fc9920c158c2,prdoc_930ae4d47260e0fb007d,pallets/flask,5923,Predictive intelligence,Routine,470,470,False
3747,prchunk_6369e32dc54d09582e0e,prdoc_930ae4d47260e0fb007d,pallets/flask,5923,Deterministic policy intelligence,Routine,320,320,False
3748,prchunk_22578f713652f1d0bc64,prdoc_930ae4d47260e0fb007d,pallets/flask,5923,Unified review priority,Routine,310,310,False
3749,prchunk_d37848c06c29cab49e65,prdoc_c87ae31d38661cd35dfa,pallets/flask,4181,PR identity,Routine,279,279,False
3750,prchunk_fbcad3e4355d745acb8f,prdoc_c87ae31d38661cd35dfa,pallets/flask,4181,PR description,Routine,3253,3250,True
3751,prchunk_26571932a9e85d6fd8e0,prdoc_c87ae31d38661cd35dfa,pallets/flask,4181,PR description,Routine,3744,3741,True
3752,prchunk_695bf37fe849751daf11,prdoc_c87ae31d38661cd35dfa,pallets/flask,4181,PR description,Routine,3899,3899,False
3753,prchunk_2bd21838f832459b2f3f,prdoc_c87ae31d38661cd35dfa,pallets/flask,4181,PR description,Routine,1071,1071,False
3754,prchunk_1e384e5ba6434cc62341,prdoc_c87ae31d38661cd35dfa,pallets/flask,4181,PR description,Routine,289,289,False
3755,prchunk_f6b5751f3e00ea308e80,prdoc_c87ae31d38661cd35dfa,pallets/flask,4181,Change evidence,Routine,404,404,False
3756,prchunk_800882c96636cd96dced,prdoc_c87ae31d38661cd35dfa,pallets/flask,4181,Predictive intelligence,Routine,413,413,False
3757,prchunk_c061b43b23fd646e79fa,prdoc_c87ae31d38661cd35dfa,pallets/flask,4181,Deterministic policy intelligence,Routine,328,328,False
3758,prchunk_34a635da5c63772c1897,prdoc_c87ae31d38661cd35dfa,pallets/flask,4181,Unified review priority,Routine,310,310,False
3759,prchunk_66ae32401e2e7604d5b0,prdoc_aef365d21070adb0ab7b,pallets/flask,4276,PR identity,Routine,279,279,False
3760,prchunk_26e8265386b356dfc2d1,prdoc_aef365d21070adb0ab7b,pallets/flask,4276,PR description,Routine,3148,3148,False
3761,prchunk_5853ec16b491a84e57c8,prdoc_aef365d21070adb0ab7b,pallets/flask,4276,PR description,Routine,3707,3707,False
3762,prchunk_a0e43012ad1cb292abb8,prdoc_aef365d21070adb0ab7b,pallets/flask,4276,PR description,Routine,1063,1063,False
3763,prchunk_834442cfed2640b97241,prdoc_aef365d21070adb0ab7b,pallets/flask,4276,PR description,Routine,251,251,False
3764,prchunk_454d355d50b58a6683f7,prdoc_aef365d21070adb0ab7b,pallets/flask,4276,Change evidence,Routine,404,404,False
3765,prchunk_61b4273e16a1b45ea59f,prdoc_aef365d21070adb0ab7b,pallets/flask,4276,Predictive intelligence,Routine,470,470,False
3766,prchunk_30d12a7b14cefd31ca45,prdoc_aef365d21070adb0ab7b,pallets/flask,4276,Deterministic policy intelligence,Routine,328,328,False
3767,prchunk_58d34b83c9d852b9bc51,prdoc_aef365d21070adb0ab7b,pallets/flask,4276,Unified review priority,Routine,310,310,False
3768,prchunk_e4bbab30a4966ed60d01,prdoc_b325c3a9253f6b15bb81,pallets/flask,4221,PR identity,Routine,290,290,False
3769,prchunk_9b29d7e493bb6eecf5e3,prdoc_b325c3a9253f6b15bb81,pallets/flask,4221,PR description,Routine,350,350,False
3770,prchunk_16ba7000cac0fa32f6b5,prdoc_b325c3a9253f6b15bb81,pallets/flask,4221,Change evidence,Routine,403,403,False
3771,prchunk_b6fba15fea0a53114bf8,prdoc_b325c3a9253f6b15bb81,pallets/flask,4221,Predictive intelligence,Routine,414,414,False
3772,prchunk_0a40ca7e5ef1816b9a05,prdoc_b325c3a9253f6b15bb81,pallets/flask,4221,Deterministic policy intelligence,Routine,321,321,False
3773,prchunk_c642ec3ca664c4f96843,prdoc_b325c3a9253f6b15bb81,pallets/flask,4221,Unified review priority,Routine,310,310,False
3774,prchunk_21a89f9828f372e93941,prdoc_aa5bbdde5c8ec3593479,pallets/flask,4821,PR identity,Routine,274,274,False
3775,prchunk_4b420c6ffbdd92a9c403,prdoc_aa5bbdde5c8ec3593479,pallets/flask,4821,PR description,Routine,196,196,False
3776,prchunk_190de8c4c29c841c59ec,prdoc_aa5bbdde5c8ec3593479,pallets/flask,4821,Change evidence,Routine,404,404,False
3777,prchunk_b0f2be4d4527f40331a7,prdoc_aa5bbdde5c8ec3593479,pallets/flask,4821,Predictive intelligence,Routine,414,414,False
3778,prchunk_21db515d2433be6b10fb,prdoc_aa5bbdde5c8ec3593479,pallets/flask,4821,Deterministic policy intelligence,Routine,321,321,False
3779,prchunk_942062b828022023ab35,prdoc_aa5bbdde5c8ec3593479,pallets/flask,4821,Unified review priority,Routine,310,310,False
3780,prchunk_88c40037b5a9de3fbf1a,prdoc_512b6fe2c4347f740958,pallets/flask,4926,PR identity,Routine,283,283,False
3781,prchunk_03af0699b23937541a56,prdoc_512b6fe2c4347f740958,pallets/flask,4926,PR description,Routine,200,200,False
3782,prchunk_2ce5215388a2cd77dc3c,prdoc_512b6fe2c4347f740958,pallets/flask,4926,Change evidence,Routine,403,403,False
3783,prchunk_57c60e42c26399901c9f,prdoc_512b6fe2c4347f740958,pallets/flask,4926,Predictive intelligence,Routine,414,414,False
3784,prchunk_494ecdb92eaf1da165f3,prdoc_512b6fe2c4347f740958,pallets/flask,4926,Deterministic policy intelligence,Routine,321,321,False
3785,prchunk_ada9f505473dd768adcf,prdoc_512b6fe2c4347f740958,pallets/flask,4926,Unified review priority,Routine,310,310,False
3786,prchunk_301ff3c7e0fe2da48f23,prdoc_0733ce1c73a59a43234e,pallets/flask,4209,PR identity,Routine,276,276,False
3787,prchunk_daa5ab7911e499a72041,prdoc_0733ce1c73a59a43234e,pallets/flask,4209,PR description,Routine,2030,2020,True
3788,prchunk_dddd554201ca6dc7d695,prdoc_0733ce1c73a59a43234e,pallets/flask,4209,PR description,Routine,3753,3707,True
3789,prchunk_5bd9799ac8c2ab0e216d,prdoc_0733ce1c73a59a43234e,pallets/flask,4209,PR description,Routine,2248,2248,False
3790,prchunk_8a0bb72b255edb75eb4a,prdoc_0733ce1c73a59a43234e,pallets/flask,4209,PR description,Routine,814,814,False
3791,prchunk_c66dbb6625b1094bef4e,prdoc_0733ce1c73a59a43234e,pallets/flask,4209,Change evidence,Routine,405,405,False
3792,prchunk_c0dcacf518a203d7a149,prdoc_0733ce1c73a59a43234e,pallets/flask,4209,Predictive intelligence,Routine,413,413,False
3793,prchunk_d81acb2566d5c690b2a3,prdoc_0733ce1c73a59a43234e,pallets/flask,4209,Deterministic policy intelligence,Routine,328,328,False
3794,prchunk_07994d1ad4e97593f2cc,prdoc_0733ce1c73a59a43234e,pallets/flask,4209,Unified review priority,Routine,310,310,False
3795,prchunk_c73dd50061ca6072af50,prdoc_23f55fd2d320355f2ada,pallets/flask,4972,PR identity,Routine,282,282,False
3796,prchunk_f3f2175dd7c4a46ee0c6,prdoc_23f55fd2d320355f2ada,pallets/flask,4972,PR description,Routine,195,195,False
3797,prchunk_038064371f53547ada08,prdoc_23f55fd2d320355f2ada,pallets/flask,4972,Change evidence,Routine,403,403,False
3798,prchunk_e4c498c9f84232d23533,prdoc_23f55fd2d320355f2ada,pallets/flask,4972,Predictive intelligence,Routine,414,414,False
3799,prchunk_53c058f15a647ffd2d68,prdoc_23f55fd2d320355f2ada,pallets/flask,4972,Deterministic policy intelligence,Routine,321,321,False
3800,prchunk_d0eed057097f74b9868b,prdoc_23f55fd2d320355f2ada,pallets/flask,4972,Unified review priority,Routine,310,310,False
3801,prchunk_f1fdd3ed98c568cd192a,prdoc_ff918916c675ff9dfca0,pallets/flask,5037,PR identity,Routine,278,278,False
3802,prchunk_0b5d0b7ad8306e307e2a,prdoc_ff918916c675ff9dfca0,pallets/flask,5037,PR description,Routine,214,214,False
3803,prchunk_c1812987071f4e13aedc,prdoc_ff918916c675ff9dfca0,pallets/flask,5037,Change evidence,Routine,403,403,False
3804,prchunk_7c68b0e8a42efd83b744,prdoc_ff918916c675ff9dfca0,pallets/flask,5037,Predictive intelligence,Routine,414,414,False
3805,prchunk_89d3f394da71c1345465,prdoc_ff918916c675ff9dfca0,pallets/flask,5037,Deterministic policy intelligence,Routine,321,321,False
3806,prchunk_211baa8348ae179593fe,prdoc_ff918916c675ff9dfca0,pallets/flask,5037,Unified review priority,Routine,310,310,False
3807,prchunk_73cc263ca53b9b38521b,prdoc_e7110678c13381da5fb0,pallets/flask,3100,PR identity,Routine,270,270,False
3808,prchunk_2b9c943bdbf0351bea8a,prdoc_e7110678c13381da5fb0,pallets/flask,3100,PR description,Routine,493,493,False
3809,prchunk_196f4880f005f40bc29a,prdoc_e7110678c13381da5fb0,pallets/flask,3100,Change evidence,Routine,403,403,False
3810,prchunk_6038653c705329fb45f3,prdoc_e7110678c13381da5fb0,pallets/flask,3100,Predictive intelligence,Routine,470,470,False
3811,prchunk_c259030388950429b9e1,prdoc_e7110678c13381da5fb0,pallets/flask,3100,Deterministic policy intelligence,Routine,320,320,False
3812,prchunk_334b66961a2d26789430,prdoc_e7110678c13381da5fb0,pallets/flask,3100,Unified review priority,Routine,310,310,False
3813,prchunk_b6582820526eabeec192,prdoc_8d3d6a9baa9b2621c087,pallets/flask,3624,PR identity,Routine,284,284,False
3814,prchunk_bc564f9d8c90465cb231,prdoc_8d3d6a9baa9b2621c087,pallets/flask,3624,PR description,Routine,3196,3196,False
3815,prchunk_4f408fa3f571bfe4ba2c,prdoc_8d3d6a9baa9b2621c087,pallets/flask,3624,PR description,Routine,2393,2393,False
3816,prchunk_0b64349ed77d20b83fb8,prdoc_8d3d6a9baa9b2621c087,pallets/flask,3624,PR description,Routine,1056,1056,False
3817,prchunk_72decbc5c32856dba367,prdoc_8d3d6a9baa9b2621c087,pallets/flask,3624,PR description,Routine,1081,1081,False
3818,prchunk_e5a1a90842b6653d8396,prdoc_8d3d6a9baa9b2621c087,pallets/flask,3624,PR description,Routine,224,224,False
3819,prchunk_5161188879fae467de06,prdoc_8d3d6a9baa9b2621c087,pallets/flask,3624,Change evidence,Routine,404,404,False
3820,prchunk_0fa093542a3fd2d978b6,prdoc_8d3d6a9baa9b2621c087,pallets/flask,3624,Predictive intelligence,Routine,413,413,False
3821,prchunk_980343c4d439d9b90f1f,prdoc_8d3d6a9baa9b2621c087,pallets/flask,3624,Deterministic policy intelligence,Routine,328,328,False
3822,prchunk_ca647fc66d97654e8fd8,prdoc_8d3d6a9baa9b2621c087,pallets/flask,3624,Unified review priority,Routine,310,310,False
3823,prchunk_b0d6c28b714c009250b2,prdoc_85f895c6ceb4667c5ed9,pallets/flask,4011,PR identity,Routine,272,272,False
3824,prchunk_e7bbf80e4c8841f3b826,prdoc_85f895c6ceb4667c5ed9,pallets/flask,4011,PR description,Routine,229,229,False
3825,prchunk_d1ad1bcaa482130916a5,prdoc_85f895c6ceb4667c5ed9,pallets/flask,4011,Change evidence,Routine,406,406,False
3826,prchunk_190ee0122a951fb6dc43,prdoc_85f895c6ceb4667c5ed9,pallets/flask,4011,Predictive intelligence,Routine,413,413,False
3827,prchunk_9631d4ab6de98acead73,prdoc_85f895c6ceb4667c5ed9,pallets/flask,4011,Deterministic policy intelligence,Routine,321,321,False
3828,prchunk_bcaea62198a4d7741bfb,prdoc_85f895c6ceb4667c5ed9,pallets/flask,4011,Unified review priority,Routine,310,310,False
3829,prchunk_30fa7f8e36724704e9f7,prdoc_0a2d8a9c45a5ce3d68bd,pallets/flask,4511,PR identity,Routine,259,259,False
3830,prchunk_2dd1293c74b6c48fced8,prdoc_0a2d8a9c45a5ce3d68bd,pallets/flask,4511,PR description,Routine,175,175,False
3831,prchunk_d574694aac46150e83a8,prdoc_0a2d8a9c45a5ce3d68bd,pallets/flask,4511,Change evidence,Routine,404,404,False
3832,prchunk_1c3c9847ac86ee10b805,prdoc_0a2d8a9c45a5ce3d68bd,pallets/flask,4511,Predictive intelligence,Routine,413,413,False
3833,prchunk_fd43b0b6c8eaaae0dcb1,prdoc_0a2d8a9c45a5ce3d68bd,pallets/flask,4511,Deterministic policy intelligence,Routine,321,321,False
3834,prchunk_3909a144b5b2944403ec,prdoc_0a2d8a9c45a5ce3d68bd,pallets/flask,4511,Unified review priority,Routine,310,310,False
3835,prchunk_dd2efd995a4bf2f42f98,prdoc_e6328109df5310398d16,pallets/flask,3756,PR identity,Routine,284,284,False
3836,prchunk_b6c757f928e752a17629,prdoc_e6328109df5310398d16,pallets/flask,3756,PR description,Routine,3056,3056,False
3837,prchunk_7e1900096febdee98af3,prdoc_e6328109df5310398d16,pallets/flask,3756,PR description,Routine,3005,3005,False
3838,prchunk_e9b81de4291e0f5b0f7a,prdoc_e6328109df5310398d16,pallets/flask,3756,PR description,Routine,1040,1040,False
3839,prchunk_a5f12841f23b9af27878,prdoc_e6328109df5310398d16,pallets/flask,3756,PR description,Routine,1133,1133,False
3840,prchunk_54bf3f61e9294e84bd01,prdoc_e6328109df5310398d16,pallets/flask,3756,Change evidence,Routine,404,404,False
3841,prchunk_e6821aeec9834c3cc3d4,prdoc_e6328109df5310398d16,pallets/flask,3756,Predictive intelligence,Routine,413,413,False
3842,prchunk_70c6533d3dc9327747f9,prdoc_e6328109df5310398d16,pallets/flask,3756,Deterministic policy intelligence,Routine,328,328,False
3843,prchunk_9276b47c07ae21e36d87,prdoc_e6328109df5310398d16,pallets/flask,3756,Unified review priority,Routine,310,310,False
3844,prchunk_8144cece3afa76e3c348,prdoc_226198e1081ee0991b0b,pallets/flask,3648,PR identity,Routine,287,287,False
3845,prchunk_ef2b73bac26347ee6426,prdoc_226198e1081ee0991b0b,pallets/flask,3648,PR description,Routine,2656,2656,False
3846,prchunk_e7c27c8f2b1bf8766ab5,prdoc_226198e1081ee0991b0b,pallets/flask,3648,PR description,Routine,1139,1139,False
3847,prchunk_204effb31219cdd0bc1b,prdoc_226198e1081ee0991b0b,pallets/flask,3648,PR description,Routine,1040,1040,False
3848,prchunk_e53ab1e5385b74a20df6,prdoc_226198e1081ee0991b0b,pallets/flask,3648,PR description,Routine,609,609,False
3849,prchunk_9250159b05156506cf99,prdoc_226198e1081ee0991b0b,pallets/flask,3648,Change evidence,Routine,404,404,False
3850,prchunk_148b8cbedcb611304ef5,prdoc_226198e1081ee0991b0b,pallets/flask,3648,Predictive intelligence,Routine,414,414,False
3851,prchunk_3e09928897efa57d0244,prdoc_226198e1081ee0991b0b,pallets/flask,3648,Deterministic policy intelligence,Routine,328,328,False
3852,prchunk_225a39c0f5a6622f4821,prdoc_226198e1081ee0991b0b,pallets/flask,3648,Unified review priority,Routine,310,310,False
3853,prchunk_7439e44a4f2fd0f384cc,prdoc_9635425e563fe8c7765b,pallets/flask,5108,PR identity,Routine,266,266,False
3854,prchunk_1767531181040f090a67,prdoc_9635425e563fe8c7765b,pallets/flask,5108,PR description,Routine,179,179,False
3855,prchunk_8c61cb6cc6cbfb29e8b1,prdoc_9635425e563fe8c7765b,pallets/flask,5108,Change evidence,Routine,405,405,False
3856,prchunk_e966f6af433414a1aff3,prdoc_9635425e563fe8c7765b,pallets/flask,5108,Predictive intelligence,Routine,413,413,False
3857,prchunk_845fd2efa7ae6b221764,prdoc_9635425e563fe8c7765b,pallets/flask,5108,Deterministic policy intelligence,Routine,321,321,False
3858,prchunk_5c66cdf47df53681f622,prdoc_9635425e563fe8c7765b,pallets/flask,5108,Unified review priority,Routine,310,310,False
3859,prchunk_4a6dbde833178e0a697d,prdoc_b6ef714f0fc95c2103f4,pallets/flask,3859,PR identity,Routine,285,285,False
3860,prchunk_a502aca02d8b07d81489,prdoc_b6ef714f0fc95c2103f4,pallets/flask,3859,PR description,Routine,1584,1532,True
3861,prchunk_0e37696160aa8828bae5,prdoc_b6ef714f0fc95c2103f4,pallets/flask,3859,PR description,Routine,2837,2811,True
3862,prchunk_f06f2df25d1190fed978,prdoc_b6ef714f0fc95c2103f4,pallets/flask,3859,PR description,Routine,1968,1968,False
3863,prchunk_abf4fddea00d8e6d19c6,prdoc_b6ef714f0fc95c2103f4,pallets/flask,3859,PR description,Routine,1065,1065,False
3864,prchunk_22f90b23d2179a76d160,prdoc_b6ef714f0fc95c2103f4,pallets/flask,3859,PR description,Routine,877,877,False
3865,prchunk_cb648afc5d10dd249b34,prdoc_b6ef714f0fc95c2103f4,pallets/flask,3859,Change evidence,Routine,405,405,False
3866,prchunk_03bb282e6df8462b6d22,prdoc_b6ef714f0fc95c2103f4,pallets/flask,3859,Predictive intelligence,Routine,413,413,False
3867,prchunk_b6a99e0e461c4e1c8114,prdoc_b6ef714f0fc95c2103f4,pallets/flask,3859,Deterministic policy intelligence,Routine,328,328,False
3868,prchunk_ff4c4a6cd56d5b7edc4a,prdoc_b6ef714f0fc95c2103f4,pallets/flask,3859,Unified review priority,Routine,309,309,False
3869,prchunk_f950dd59cc9dc165c712,prdoc_9f2eaf8dc21c67f9e68d,pallets/flask,3479,PR identity,Routine,286,286,False
3870,prchunk_b3d33159bf24d8751be0,prdoc_9f2eaf8dc21c67f9e68d,pallets/flask,3479,PR description,Routine,603,183,True
3871,prchunk_70579f73f34e1455f822,prdoc_9f2eaf8dc21c67f9e68d,pallets/flask,3479,Change evidence,Routine,403,403,False
3872,prchunk_636a05d0de0c070e2cb8,prdoc_9f2eaf8dc21c67f9e68d,pallets/flask,3479,Predictive intelligence,Routine,414,414,False
3873,prchunk_931f34456defa0b814e4,prdoc_9f2eaf8dc21c67f9e68d,pallets/flask,3479,Deterministic policy intelligence,Routine,320,320,False
3874,prchunk_f663ed62ccaaccea89fc,prdoc_9f2eaf8dc21c67f9e68d,pallets/flask,3479,Unified review priority,Routine,309,309,False
3875,prchunk_4857e7fdb9959f3c78a2,prdoc_68cc6f949b939fa959c9,pallets/flask,3742,PR identity,Routine,288,288,False
3876,prchunk_3310b65655f3ae491aa7,prdoc_68cc6f949b939fa959c9,pallets/flask,3742,PR description,Routine,2680,2680,False
3877,prchunk_931576b41408b96dcf5e,prdoc_68cc6f949b939fa959c9,pallets/flask,3742,PR description,Routine,2844,2844,False
3878,prchunk_21ba22674983a6f071a0,prdoc_68cc6f949b939fa959c9,pallets/flask,3742,PR description,Routine,3935,3935,False
3879,prchunk_0e5439d669f82663dc43,prdoc_68cc6f949b939fa959c9,pallets/flask,3742,PR description,Routine,1430,1430,False
3880,prchunk_41fc3e5af70e70e8563c,prdoc_68cc6f949b939fa959c9,pallets/flask,3742,PR description,Routine,1054,1054,False
3881,prchunk_26e49866b0102b957c4e,prdoc_68cc6f949b939fa959c9,pallets/flask,3742,PR description,Routine,707,707,False
3882,prchunk_bff5965adc8e40937b48,prdoc_68cc6f949b939fa959c9,pallets/flask,3742,Change evidence,Routine,404,404,False
3883,prchunk_4465dbbb0a274b597297,prdoc_68cc6f949b939fa959c9,pallets/flask,3742,Predictive intelligence,Routine,413,413,False
3884,prchunk_010c2844565a2d0a99c4,prdoc_68cc6f949b939fa959c9,pallets/flask,3742,Deterministic policy intelligence,Routine,328,328,False
3885,prchunk_97a922bbf24e957ebdfb,prdoc_68cc6f949b939fa959c9,pallets/flask,3742,Unified review priority,Routine,309,309,False
3886,prchunk_8400e4e15d176111a75c,prdoc_6fa215c689c002fb170f,pallets/flask,3771,PR identity,Routine,274,274,False
3887,prchunk_610e5f9554ec58cfd770,prdoc_6fa215c689c002fb170f,pallets/flask,3771,PR description,Routine,222,222,False
3888,prchunk_f1fb6badeed690a5e0a4,prdoc_6fa215c689c002fb170f,pallets/flask,3771,Change evidence,Routine,403,403,False
3889,prchunk_32fc594fb4bca0a38608,prdoc_6fa215c689c002fb170f,pallets/flask,3771,Predictive intelligence,Routine,414,414,False
3890,prchunk_bf3c5e3821e822e9da21,prdoc_6fa215c689c002fb170f,pallets/flask,3771,Deterministic policy intelligence,Routine,321,321,False
3891,prchunk_edd4981c37e828df0319,prdoc_6fa215c689c002fb170f,pallets/flask,3771,Unified review priority,Routine,309,309,False
3892,prchunk_b6f8f48dfe1b7fe1ff86,prdoc_14598290304a63b113dd,pallets/flask,3671,PR identity,Routine,288,288,False
3893,prchunk_b949ba242fbfc1aa7ff1,prdoc_14598290304a63b113dd,pallets/flask,3671,PR description,Routine,2570,2570,False
3894,prchunk_55cb22d02b5c972019b2,prdoc_14598290304a63b113dd,pallets/flask,3671,PR description,Routine,3456,3456,False
3895,prchunk_6b4049ded006440ec48a,prdoc_14598290304a63b113dd,pallets/flask,3671,PR description,Routine,1133,1133,False
3896,prchunk_7af722ff242521d3a648,prdoc_14598290304a63b113dd,pallets/flask,3671,PR description,Routine,1042,1042,False
3897,prchunk_e0d299731646ffd7d629,prdoc_14598290304a63b113dd,pallets/flask,3671,PR description,Routine,617,617,False
3898,prchunk_8ba662d052e628e6b2f8,prdoc_14598290304a63b113dd,pallets/flask,3671,Change evidence,Routine,404,404,False
3899,prchunk_0d253380d74e446684cb,prdoc_14598290304a63b113dd,pallets/flask,3671,Predictive intelligence,Routine,413,413,False
3900,prchunk_b833c886a031e201594d,prdoc_14598290304a63b113dd,pallets/flask,3671,Deterministic policy intelligence,Routine,328,328,False
3901,prchunk_ae6a4f5aa1f04a0d9eed,prdoc_14598290304a63b113dd,pallets/flask,3671,Unified review priority,Routine,309,309,False
3902,prchunk_6ed1aa76b09f3c8e7cd7,prdoc_6827c96273e8ad588395,pallets/flask,4271,PR identity,Routine,274,274,False
3903,prchunk_35af922ebab67b5c38a0,prdoc_6827c96273e8ad588395,pallets/flask,4271,PR description,Routine,292,292,False
3904,prchunk_898ef4f9349490c66f97,prdoc_6827c96273e8ad588395,pallets/flask,4271,Change evidence,Routine,403,403,False
3905,prchunk_a51c1fd78d2fc946ba9e,prdoc_6827c96273e8ad588395,pallets/flask,4271,Predictive intelligence,Routine,414,414,False
3906,prchunk_6ae3daf53c3ca2bfa56c,prdoc_6827c96273e8ad588395,pallets/flask,4271,Deterministic policy intelligence,Routine,321,321,False
3907,prchunk_97015c72f5453aebfd35,prdoc_6827c96273e8ad588395,pallets/flask,4271,Unified review priority,Routine,309,309,False
3908,prchunk_0cadde1ae09178e07496,prdoc_03d02d35470183151ebd,pallets/flask,3686,PR identity,Routine,283,283,False
3909,prchunk_1fbeb5398fa0d65cf767,prdoc_03d02d35470183151ebd,pallets/flask,3686,PR description,Routine,2587,2587,False
3910,prchunk_1cffecbf4550e5a19834,prdoc_03d02d35470183151ebd,pallets/flask,3686,PR description,Routine,1770,1770,False
3911,prchunk_d2f885e14acd88bcd47d,prdoc_03d02d35470183151ebd,pallets/flask,3686,PR description,Routine,1059,1059,False
3912,prchunk_dab772a6d6b51f9a8e96,prdoc_03d02d35470183151ebd,pallets/flask,3686,PR description,Routine,839,839,False
3913,prchunk_2de7e945434ffd6fc709,prdoc_03d02d35470183151ebd,pallets/flask,3686,Change evidence,Routine,404,404,False
3914,prchunk_bd07f6ae31436010d8e8,prdoc_03d02d35470183151ebd,pallets/flask,3686,Predictive intelligence,Routine,414,414,False
3915,prchunk_a9aede51b9c3a390ba10,prdoc_03d02d35470183151ebd,pallets/flask,3686,Deterministic policy intelligence,Routine,328,328,False
3916,prchunk_8770119f1b8326178b02,prdoc_03d02d35470183151ebd,pallets/flask,3686,Unified review priority,Routine,309,309,False
3917,prchunk_b0eff6b4e800205ef06b,prdoc_d3d549f31f462070f446,pallets/flask,3112,PR identity,Routine,270,270,False
3918,prchunk_184c3018296efb55b56a,prdoc_d3d549f31f462070f446,pallets/flask,3112,PR description,Routine,683,263,True
3919,prchunk_94c1497ef0f2a2de2947,prdoc_d3d549f31f462070f446,pallets/flask,3112,Change evidence,Routine,403,403,False
3920,prchunk_0a5233ebbc06e53891dc,prdoc_d3d549f31f462070f446,pallets/flask,3112,Predictive intelligence,Routine,470,470,False
3921,prchunk_f26db11ec2386d45768d,prdoc_d3d549f31f462070f446,pallets/flask,3112,Deterministic policy intelligence,Routine,320,320,False
3922,prchunk_02acf8fd9c6215dcbe82,prdoc_d3d549f31f462070f446,pallets/flask,3112,Unified review priority,Routine,309,309,False
3923,prchunk_a5d0c0eb290fdd0db937,prdoc_5aa6119d8fd101a3a4a2,pallets/flask,2872,PR identity,Routine,258,258,False
3924,prchunk_d091cd0a4dfdf9a6ca44,prdoc_5aa6119d8fd101a3a4a2,pallets/flask,2872,PR description,Routine,188,188,False
3925,prchunk_2d0906add9312dbe67e6,prdoc_5aa6119d8fd101a3a4a2,pallets/flask,2872,Change evidence,Routine,403,403,False
3926,prchunk_2a63821f5878127e7281,prdoc_5aa6119d8fd101a3a4a2,pallets/flask,2872,Predictive intelligence,Routine,413,413,False
3927,prchunk_2f85369666ac8771f5e2,prdoc_5aa6119d8fd101a3a4a2,pallets/flask,2872,Deterministic policy intelligence,Routine,321,321,False
3928,prchunk_de768cfcbe215d2f6ea7,prdoc_5aa6119d8fd101a3a4a2,pallets/flask,2872,Unified review priority,Routine,309,309,False
3929,prchunk_06623bb05be4e7ba75ef,prdoc_f6262fd41c9d92735627,pallets/flask,3395,PR identity,Routine,256,256,False
3930,prchunk_631fb5de4f525a55ebf7,prdoc_f6262fd41c9d92735627,pallets/flask,3395,PR description,Routine,189,189,False
3931,prchunk_e896789ea57149f07008,prdoc_f6262fd41c9d92735627,pallets/flask,3395,Change evidence,Routine,403,403,False
3932,prchunk_3aeabb0c881029d40a50,prdoc_f6262fd41c9d92735627,pallets/flask,3395,Predictive intelligence,Routine,413,413,False
3933,prchunk_22c500d03a271716a0f5,prdoc_f6262fd41c9d92735627,pallets/flask,3395,Deterministic policy intelligence,Routine,321,321,False
3934,prchunk_30fd9ce4645480a4298a,prdoc_f6262fd41c9d92735627,pallets/flask,3395,Unified review priority,Routine,309,309,False
3935,prchunk_5335a66513f75ffa317f,prdoc_c838480e36561ee80385,pallets/flask,4491,PR identity,Routine,270,270,False
3936,prchunk_91dc993761d3b204c5d1,prdoc_c838480e36561ee80385,pallets/flask,4491,PR description,Routine,198,198,False
3937,prchunk_35b0c6a5a12a9f75f18e,prdoc_c838480e36561ee80385,pallets/flask,4491,Change evidence,Routine,403,403,False
3938,prchunk_61ae736639444e621aff,prdoc_c838480e36561ee80385,pallets/flask,4491,Predictive intelligence,Routine,414,414,False
3939,prchunk_d89e03a1f6d0883632ff,prdoc_c838480e36561ee80385,pallets/flask,4491,Deterministic policy intelligence,Routine,321,321,False
3940,prchunk_46d2f97836264396a504,prdoc_c838480e36561ee80385,pallets/flask,4491,Unified review priority,Routine,309,309,False
3941,prchunk_248adbbb6193628c17a7,prdoc_20b07c04a48524234299,pallets/flask,3644,PR identity,Routine,283,283,False
3942,prchunk_563127b65c73d245da2f,prdoc_20b07c04a48524234299,pallets/flask,3644,PR description,Routine,2729,2729,False
3943,prchunk_b95e6e2d59aaf946c00e,prdoc_20b07c04a48524234299,pallets/flask,3644,PR description,Routine,1682,1682,False
3944,prchunk_b56c7eea39505d5a1541,prdoc_20b07c04a48524234299,pallets/flask,3644,PR description,Routine,1055,1055,False
3945,prchunk_f12ad63c210dddff34f1,prdoc_20b07c04a48524234299,pallets/flask,3644,PR description,Routine,740,740,False
3946,prchunk_a1339d10725945237f5b,prdoc_20b07c04a48524234299,pallets/flask,3644,Change evidence,Routine,404,404,False
3947,prchunk_f626aa02632aa4e84b12,prdoc_20b07c04a48524234299,pallets/flask,3644,Predictive intelligence,Routine,413,413,False
3948,prchunk_19c1fea86f36b395008d,prdoc_20b07c04a48524234299,pallets/flask,3644,Deterministic policy intelligence,Routine,328,328,False
3949,prchunk_f20f3e12c4faf6c3e414,prdoc_20b07c04a48524234299,pallets/flask,3644,Unified review priority,Routine,309,309,False
3950,prchunk_225b1773465abf380e4d,prdoc_9b828f9593ee70aa2f8d,pallets/flask,3887,PR identity,Routine,285,285,False
3951,prchunk_2c5abc9b82e2b4135ef3,prdoc_9b828f9593ee70aa2f8d,pallets/flask,3887,PR description,Routine,3010,3000,True
3952,prchunk_b1b6561e46cd430f0f09,prdoc_9b828f9593ee70aa2f8d,pallets/flask,3887,PR description,Routine,1879,1879,False
3953,prchunk_eaf5d7b5372b56091209,prdoc_9b828f9593ee70aa2f8d,pallets/flask,3887,PR description,Routine,1061,1061,False
3954,prchunk_428bada3cfac1dca84ad,prdoc_9b828f9593ee70aa2f8d,pallets/flask,3887,PR description,Routine,843,843,False
3955,prchunk_0e53bd51990f3b907784,prdoc_9b828f9593ee70aa2f8d,pallets/flask,3887,Change evidence,Routine,404,404,False
3956,prchunk_8a6830f9e004ec193a5f,prdoc_9b828f9593ee70aa2f8d,pallets/flask,3887,Predictive intelligence,Routine,413,413,False
3957,prchunk_2b8caf092f58408ba390,prdoc_9b828f9593ee70aa2f8d,pallets/flask,3887,Deterministic policy intelligence,Routine,328,328,False
3958,prchunk_dd6641788cfa6a3a2ceb,prdoc_9b828f9593ee70aa2f8d,pallets/flask,3887,Unified review priority,Routine,309,309,False
3959,prchunk_2de5618a7d5741092652,prdoc_ea65135b48fc3905f5e0,pallets/flask,3716,PR identity,Routine,287,287,False
3960,prchunk_6d6f48cac60ceaf814f1,prdoc_ea65135b48fc3905f5e0,pallets/flask,3716,PR description,Routine,2866,2866,False
3961,prchunk_f2d96c47ef68714d94a1,prdoc_ea65135b48fc3905f5e0,pallets/flask,3716,PR description,Routine,1429,1429,False
3962,prchunk_849cccae8e9bbb88759f,prdoc_ea65135b48fc3905f5e0,pallets/flask,3716,PR description,Routine,1062,1062,False
3963,prchunk_b1a7c336f0bf5bcf0d2d,prdoc_ea65135b48fc3905f5e0,pallets/flask,3716,PR description,Routine,719,719,False
3964,prchunk_59f97cded6bcfc0e1c7e,prdoc_ea65135b48fc3905f5e0,pallets/flask,3716,Change evidence,Routine,404,404,False
3965,prchunk_49f587d661ce8181c337,prdoc_ea65135b48fc3905f5e0,pallets/flask,3716,Predictive intelligence,Routine,413,413,False
3966,prchunk_a61bff5f1753758d6160,prdoc_ea65135b48fc3905f5e0,pallets/flask,3716,Deterministic policy intelligence,Routine,328,328,False
3967,prchunk_a7e88247d1c0e3931cce,prdoc_ea65135b48fc3905f5e0,pallets/flask,3716,Unified review priority,Routine,309,309,False
3968,prchunk_40b257c79b79baef895d,prdoc_5261367512b31ef25605,pallets/flask,3067,PR identity,Routine,286,286,False
3969,prchunk_8fdb89a0cd51004b8b0b,prdoc_5261367512b31ef25605,pallets/flask,3067,PR description,Routine,200,200,False
3970,prchunk_be4f1de78d2bf5a9f1ad,prdoc_5261367512b31ef25605,pallets/flask,3067,Change evidence,Routine,403,403,False
3971,prchunk_586bff40e6c8b665585e,prdoc_5261367512b31ef25605,pallets/flask,3067,Predictive intelligence,Routine,414,414,False
3972,prchunk_9037662a4c2f3c0a2ecb,prdoc_5261367512b31ef25605,pallets/flask,3067,Deterministic policy intelligence,Routine,321,321,False
3973,prchunk_263dd7f86eccd20285c2,prdoc_5261367512b31ef25605,pallets/flask,3067,Unified review priority,Routine,309,309,False
3974,prchunk_4d5dc55ca3b502174418,prdoc_274e526fb32652d5b140,pallets/flask,3880,PR identity,Routine,282,282,False
3975,prchunk_d80e8b883523f61cdb59,prdoc_274e526fb32652d5b140,pallets/flask,3880,PR description,Routine,568,568,False
3976,prchunk_54898c0b41e799fe917f,prdoc_274e526fb32652d5b140,pallets/flask,3880,Change evidence,Routine,403,403,False
3977,prchunk_8b77b61ded67ad7e6cec,prdoc_274e526fb32652d5b140,pallets/flask,3880,Predictive intelligence,Routine,414,414,False
3978,prchunk_a75c69f47af130524a91,prdoc_274e526fb32652d5b140,pallets/flask,3880,Deterministic policy intelligence,Routine,320,320,False
3979,prchunk_b6e935bd1e6eb5bbeceb,prdoc_274e526fb32652d5b140,pallets/flask,3880,Unified review priority,Routine,309,309,False
3980,prchunk_1fecdde4513fc0742ca8,prdoc_181410b24fca8a2d7fb3,pallets/flask,4758,PR identity,Routine,275,275,False
3981,prchunk_67dfe694ebf4f586c3f9,prdoc_181410b24fca8a2d7fb3,pallets/flask,4758,PR description,Routine,192,192,False
3982,prchunk_4d9c1187a50146af9fb0,prdoc_181410b24fca8a2d7fb3,pallets/flask,4758,Change evidence,Routine,403,403,False
3983,prchunk_3256c77c713a3647ba06,prdoc_181410b24fca8a2d7fb3,pallets/flask,4758,Predictive intelligence,Routine,413,413,False
3984,prchunk_4ced8be9056fe5cc5eee,prdoc_181410b24fca8a2d7fb3,pallets/flask,4758,Deterministic policy intelligence,Routine,321,321,False
3985,prchunk_24a1f528bad8bb60089a,prdoc_181410b24fca8a2d7fb3,pallets/flask,4758,Unified review priority,Routine,309,309,False
