pr_number,was_merged,split,draft,additions,deletions,total_changes,changed_files,commit_count,title_length,body_length,body_word_count,label_count,requested_reviewer_count,file_records_returned,test_files_changed,documentation_files_changed,configuration_files_changed,security_sensitive_files_changed,files_added,files_modified,files_removed,files_renamed,has_test_changes,has_documentation_changes,has_configuration_changes,has_security_sensitive_changes,commit_count_iqr_outlier,configuration_files_changed_iqr_outlier,test_files_changed_iqr_outlier,deletions_iqr_outlier,files_modified_iqr_outlier,additions_iqr_outlier,total_changes_iqr_outlier,body_length_iqr_outlier,body_word_count_iqr_outlier,files_added_iqr_outlier,changed_files_iqr_outlier,documentation_files_changed_iqr_outlier,security_sensitive_files_changed_iqr_outlier,files_removed_iqr_outlier,files_renamed_iqr_outlier,title_length_iqr_outlier,requested_reviewer_count_iqr_outlier,iqr_outlier_feature_count,has_any_iqr_outlier,log1p_body_length,log1p_body_word_count,log1p_additions,log1p_deletions,log1p_total_changes,log1p_changed_files,log1p_commit_count,has_description,has_detailed_description,short_title,very_long_description,change_density_per_file,deletion_ratio,has_zero_code_change,has_multiple_commits,created_day_of_week,created_hour_utc,created_on_weekend
2575,False,train,0.0,1.0,0.0,1.0,1.0,1.0,44.0,842.0,119.0,0.0,0.0,1.0,0.0,1.0,0.0,0.0,0.0,1.0,0.0,0.0,0.0,1.0,0.0,0.0,0.0,0.0,0.0,0.0,0.0,0.0,0.0,0.0,0.0,0.0,0.0,0.0,0.0,0.0,0.0,0.0,0.0,0.0,0.0,6.736966958001855,4.787491742782046,0.6931471805599453,0.0,0.6931471805599453,0.6931471805599453,0.6931471805599453,1.0,1.0,0.0,0.0,1.0,0.0,0.0,0.0,2.0,10.0,0.0
2577,True,train,0.0,1.0,1.0,2.0,1.0,1.0,28.0,335.0,54.0,0.0,0.0,1.0,0.0,0.0,0.0,0.0,0.0,1.0,0.0,0.0,0.0,0.0,0.0,0.0,0.0,0.0,0.0,0.0,0.0,0.0,0.0,0.0,0.0,0.0,0.0,0.0,0.0,0.0,0.0,0.0,0.0,0.0,0.0,5.817111159963204,4.007333185232471,0.6931471805599453,0.6931471805599453,1.0986122886681098,0.6931471805599453,0.6931471805599453,1.0,1.0,0.0,0.0,2.0,0.5,0.0,0.0,2.0,21.0,0.0
2579,False,train,0.0,58.0,28.0,86.0,3.0,1.0,45.0,199.0,35.0,1.0,0.0,3.0,1.0,0.0,0.0,1.0,0.0,3.0,0.0,0.0,1.0,0.0,0.0,1.0,0.0,0.0,1.0,1.0,0.0,1.0,1.0,0.0,0.0,0.0,0.0,0.0,1.0,0.0,0.0,0.0,0.0,5.0,1.0,5.298317366548036,3.58351893845611,4.07753744390572,3.367295829986474,4.465908118654584,1.3862943611198906,0.6931471805599453,1.0,0.0,0.0,0.0,28.666666666666668,0.3255813953488372,0.0,0.0,3.0,16.0,0.0
2582,True,train,0.0,3.0,16.0,19.0,2.0,1.0,23.0,90.0,16.0,0.0,1.0,2.0,0.0,0.0,0.0,0.0,0.0,2.0,0.0,0.0,0.0,0.0,0.0,0.0,0.0,0.0,0.0,0.0,0.0,0.0,0.0,0.0,0.0,0.0,0.0,0.0,0.0,0.0,0.0,0.0,1.0,1.0,1.0,4.51085950651685,2.833213344056216,1.3862943611198906,2.833213344056216,2.995732273553991,1.0986122886681098,0.6931471805599453,1.0,0.0,0.0,0.0,9.5,0.8421052631578947,0.0,0.0,5.0,9.0,1.0
2588,False,train,0.0,15.0,0.0,15.0,3.0,2.0,62.0,1153.0,172.0,0.0,0.0,3.0,2.0,0.0,0.0,0.0,1.0,2.0,0.0,0.0,1.0,0.0,0.0,0.0,1.0,0.0,1.0,0.0,0.0,0.0,0.0,0.0,0.0,1.0,0.0,0.0,0.0,0.0,0.0,0.0,0.0,3.0,1.0,7.050989447068045,5.153291594497779,2.772588722239781,0.0,2.772588722239781,1.3862943611198906,1.0986122886681098,1.0,1.0,0.0,0.0,5.0,0.0,0.0,1.0,0.0,19.0,0.0
2592,True,train,0.0,43.0,18.0,61.0,2.0,1.0,37.0,267.0,48.0,1.0,0.0,2.0,2.0,0.0,0.0,0.0,0.0,2.0,0.0,0.0,1.0,0.0,0.0,0.0,0.0,0.0,1.0,0.0,0.0,0.0,0.0,0.0,0.0,0.0,0.0,0.0,0.0,0.0,0.0,0.0,0.0,1.0,1.0,5.5909869805108565,3.8918202981106265,3.784189633918261,2.9444389791664403,4.127134385045092,1.0986122886681098,0.6931471805599453,1.0,0.0,0.0,0.0,30.5,0.2950819672131147,0.0,0.0,2.0,21.0,0.0
2600,False,train,0.0,180.0,2.0,182.0,5.0,6.0,10.0,0.0,0.0,0.0,0.0,5.0,0.0,0.0,0.0,0.0,2.0,3.0,0.0,0.0,0.0,0.0,0.0,0.0,1.0,0.0,0.0,0.0,0.0,1.0,1.0,0.0,0.0,1.0,0.0,0.0,0.0,0.0,0.0,0.0,0.0,4.0,1.0,0.0,0.0,5.198497031265826,1.0986122886681098,5.209486152841421,1.791759469228055,1.9459101490553128,0.0,0.0,1.0,0.0,36.4,0.0109890109890109,0.0,1.0,2.0,8.0,0.0
2603,True,train,0.0,3.0,3.0,6.0,1.0,1.0,29.0,85.0,14.0,0.0,0.0,1.0,0.0,0.0,0.0,0.0,0.0,1.0,0.0,0.0,0.0,0.0,0.0,0.0,0.0,0.0,0.0,0.0,0.0,0.0,0.0,0.0,0.0,0.0,0.0,0.0,0.0,0.0,0.0,0.0,0.0,0.0,0.0,4.454347296253507,2.70805020110221,1.3862943611198906,1.3862943611198906,1.9459101490553128,0.6931471805599453,0.6931471805599453,1.0,0.0,0.0,0.0,6.0,0.5,0.0,0.0,0.0,3.0,0.0
2609,True,train,0.0,3.0,0.0,3.0,1.0,1.0,31.0,111.0,16.0,1.0,0.0,1.0,0.0,0.0,1.0,0.0,0.0,1.0,0.0,0.0,0.0,0.0,1.0,0.0,0.0,1.0,0.0,0.0,0.0,0.0,0.0,0.0,0.0,0.0,0.0,0.0,0.0,0.0,0.0,0.0,0.0,1.0,1.0,4.718498871295094,2.833213344056216,1.3862943611198906,0.0,1.3862943611198906,0.6931471805599453,0.6931471805599453,1.0,0.0,0.0,0.0,3.0,0.0,0.0,0.0,6.0,20.0,1.0
2614,False,train,0.0,4.0,3.0,7.0,1.0,6.0,26.0,230.0,41.0,0.0,0.0,1.0,0.0,0.0,0.0,0.0,0.0,1.0,0.0,0.0,0.0,0.0,0.0,0.0,1.0,0.0,0.0,0.0,0.0,0.0,0.0,0.0,0.0,0.0,0.0,0.0,0.0,0.0,0.0,0.0,0.0,1.0,1.0,5.442417710521793,3.737669618283368,1.6094379124341005,1.3862943611198906,2.079441541679836,0.6931471805599453,1.9459101490553128,1.0,0.0,0.0,0.0,7.0,0.4285714285714285,0.0,1.0,2.0,10.0,0.0
2619,False,train,0.0,1.0,1.0,2.0,1.0,1.0,21.0,51.0,9.0,0.0,0.0,1.0,0.0,0.0,0.0,0.0,0.0,1.0,0.0,0.0,0.0,0.0,0.0,0.0,0.0,0.0,0.0,0.0,0.0,0.0,0.0,0.0,0.0,0.0,0.0,0.0,0.0,0.0,0.0,0.0,0.0,0.0,0.0,3.951243718581428,2.302585092994046,0.6931471805599453,0.6931471805599453,1.0986122886681098,0.6931471805599453,0.6931471805599453,1.0,0.0,0.0,0.0,2.0,0.5,0.0,0.0,3.0,22.0,0.0
2622,True,train,0.0,29.0,32.0,61.0,4.0,1.0,24.0,12.0,2.0,1.0,0.0,4.0,0.0,1.0,2.0,0.0,0.0,4.0,0.0,0.0,0.0,1.0,1.0,0.0,0.0,1.0,0.0,1.0,1.0,0.0,0.0,0.0,0.0,0.0,0.0,0.0,0.0,0.0,0.0,0.0,0.0,3.0,1.0,2.5649493574615367,1.0986122886681098,3.4011973816621555,3.49650756146648,4.127134385045092,1.6094379124341005,0.6931471805599453,1.0,0.0,0.0,0.0,15.25,0.5245901639344263,0.0,0.0,1.0,16.0,0.0
2630,True,train,0.0,2.0,2.0,4.0,1.0,1.0,33.0,241.0,37.0,0.0,0.0,1.0,0.0,0.0,0.0,0.0,0.0,1.0,0.0,0.0,0.0,0.0,0.0,0.0,0.0,0.0,0.0,0.0,0.0,0.0,0.0,0.0,0.0,0.0,0.0,0.0,0.0,0.0,0.0,0.0,0.0,0.0,0.0,5.488937726156687,3.6375861597263857,1.0986122886681098,1.0986122886681098,1.6094379124341005,0.6931471805599453,0.6931471805599453,1.0,0.0,0.0,0.0,4.0,0.5,0.0,0.0,0.0,22.0,0.0
2633,False,train,0.0,1.0,1.0,2.0,1.0,1.0,54.0,590.0,93.0,0.0,0.0,1.0,0.0,0.0,0.0,0.0,0.0,1.0,0.0,0.0,0.0,0.0,0.0,0.0,0.0,0.0,0.0,0.0,0.0,0.0,0.0,0.0,0.0,0.0,0.0,0.0,0.0,0.0,0.0,0.0,0.0,0.0,0.0,6.3818160174060985,4.543294782270004,0.6931471805599453,0.6931471805599453,1.0986122886681098,0.6931471805599453,0.6931471805599453,1.0,1.0,0.0,0.0,2.0,0.5,0.0,0.0,6.0,8.0,1.0
2637,True,train,0.0,13.0,14.0,27.0,1.0,1.0,38.0,12.0,2.0,1.0,0.0,1.0,0.0,1.0,0.0,0.0,0.0,1.0,0.0,0.0,0.0,1.0,0.0,0.0,0.0,0.0,0.0,0.0,0.0,0.0,0.0,0.0,0.0,0.0,0.0,0.0,0.0,0.0,0.0,0.0,0.0,0.0,0.0,2.5649493574615367,1.0986122886681098,2.6390573296152584,2.70805020110221,3.332204510175204,0.6931471805599453,0.6931471805599453,1.0,0.0,0.0,0.0,27.0,0.5185185185185185,0.0,0.0,5.0,16.0,1.0
2641,False,train,0.0,20.0,24.0,44.0,5.0,1.0,42.0,279.0,41.0,0.0,0.0,5.0,5.0,0.0,0.0,0.0,0.0,5.0,0.0,0.0,1.0,0.0,0.0,0.0,0.0,0.0,1.0,1.0,1.0,0.0,0.0,0.0,0.0,0.0,0.0,0.0,0.0,0.0,0.0,0.0,0.0,3.0,1.0,5.634789603169249,3.737669618283368,3.044522437723423,3.218875824868201,3.80666248977032,1.791759469228055,0.6931471805599453,1.0,0.0,0.0,0.0,8.8,0.5454545454545454,0.0,0.0,0.0,7.0,0.0
2650,False,train,0.0,4.0,0.0,4.0,1.0,1.0,43.0,0.0,0.0,0.0,0.0,1.0,0.0,1.0,0.0,0.0,0.0,1.0,0.0,0.0,0.0,1.0,0.0,0.0,0.0,0.0,0.0,0.0,0.0,0.0,0.0,0.0,0.0,0.0,0.0,0.0,0.0,0.0,0.0,0.0,0.0,0.0,0.0,0.0,0.0,1.6094379124341005,0.0,1.6094379124341005,0.6931471805599453,0.6931471805599453,0.0,0.0,0.0,0.0,4.0,0.0,0.0,0.0,0.0,9.0,0.0
2652,True,train,0.0,1.0,0.0,1.0,1.0,1.0,32.0,0.0,0.0,0.0,0.0,1.0,0.0,1.0,0.0,0.0,0.0,1.0,0.0,0.0,0.0,1.0,0.0,0.0,0.0,0.0,0.0,0.0,0.0,0.0,0.0,0.0,0.0,0.0,0.0,0.0,0.0,0.0,0.0,0.0,0.0,0.0,0.0,0.0,0.0,0.6931471805599453,0.0,0.6931471805599453,0.6931471805599453,0.6931471805599453,0.0,0.0,0.0,0.0,1.0,0.0,0.0,0.0,0.0,23.0,0.0
2672,False,train,0.0,54.0,62.0,116.0,2.0,4.0,21.0,75.0,10.0,0.0,0.0,2.0,1.0,0.0,0.0,0.0,0.0,2.0,0.0,0.0,1.0,0.0,0.0,0.0,1.0,0.0,1.0,1.0,0.0,1.0,1.0,0.0,0.0,0.0,0.0,0.0,0.0,0.0,0.0,0.0,0.0,5.0,1.0,4.330733340286331,2.3978952727983707,4.007333185232471,4.143134726391533,4.762173934797756,1.0986122886681098,1.6094379124341005,1.0,0.0,0.0,0.0,58.0,0.5344827586206896,0.0,1.0,0.0,19.0,0.0
2676,True,train,0.0,3340.0,2237.0,5577.0,103.0,1.0,33.0,1599.0,261.0,1.0,0.0,103.0,10.0,32.0,8.0,8.0,35.0,10.0,57.0,1.0,1.0,1.0,1.0,1.0,0.0,1.0,1.0,1.0,1.0,1.0,1.0,0.0,0.0,1.0,1.0,1.0,1.0,1.0,1.0,0.0,0.0,13.0,1.0,7.377758908227872,5.568344503761097,8.114025442356757,7.71333788887187,8.626585568187433,4.6443908991413725,0.6931471805599453,1.0,1.0,0.0,0.0,54.14563106796116,0.4011117088040165,0.0,0.0,3.0,20.0,0.0
2682,False,train,0.0,0.0,0.0,0.0,0.0,1.0,41.0,553.0,86.0,0.0,0.0,0.0,0.0,0.0,0.0,0.0,0.0,0.0,0.0,0.0,0.0,0.0,0.0,0.0,0.0,0.0,0.0,0.0,0.0,0.0,0.0,0.0,0.0,0.0,0.0,0.0,0.0,0.0,0.0,0.0,0.0,0.0,0.0,6.317164686747284,4.465908118654584,0.0,0.0,0.0,0.0,0.6931471805599453,1.0,1.0,0.0,0.0,0.0,0.0,1.0,0.0,4.0,9.0,0.0
2685,True,train,0.0,542.0,375.0,917.0,7.0,1.0,19.0,710.0,115.0,1.0,0.0,7.0,0.0,3.0,0.0,0.0,0.0,7.0,0.0,0.0,0.0,1.0,0.0,0.0,0.0,0.0,0.0,1.0,1.0,1.0,1.0,0.0,0.0,0.0,1.0,1.0,0.0,0.0,0.0,0.0,0.0,6.0,1.0,6.566672429803241,4.7535901911063645,6.297109319933935,5.929589143389895,6.822197390620491,2.079441541679836,0.6931471805599453,1.0,1.0,0.0,0.0,131.0,0.4089422028353326,0.0,0.0,0.0,7.0,0.0
2699,True,train,0.0,341.0,13.0,354.0,21.0,1.0,27.0,205.0,30.0,0.0,0.0,21.0,2.0,4.0,5.0,1.0,14.0,7.0,0.0,0.0,1.0,1.0,1.0,1.0,0.0,1.0,1.0,0.0,1.0,1.0,1.0,0.0,0.0,1.0,1.0,1.0,1.0,0.0,0.0,0.0,0.0,9.0,1.0,5.327876168789581,3.4339872044851463,5.834810737062605,2.6390573296152584,5.872117789475416,3.091042453358316,0.6931471805599453,1.0,0.0,0.0,0.0,16.857142857142858,0.0367231638418079,0.0,0.0,3.0,18.0,0.0
2719,True,train,0.0,1.0,1.0,2.0,1.0,1.0,16.0,34.0,3.0,0.0,0.0,1.0,0.0,1.0,0.0,0.0,0.0,1.0,0.0,0.0,0.0,1.0,0.0,0.0,0.0,0.0,0.0,0.0,0.0,0.0,0.0,0.0,0.0,0.0,0.0,0.0,0.0,0.0,0.0,0.0,0.0,0.0,0.0,3.555348061489413,1.3862943611198906,0.6931471805599453,0.6931471805599453,1.0986122886681098,0.6931471805599453,0.6931471805599453,1.0,0.0,0.0,0.0,2.0,0.5,0.0,0.0,1.0,0.0,0.0
2730,True,train,0.0,5.0,1.0,6.0,3.0,1.0,42.0,0.0,0.0,1.0,0.0,3.0,1.0,1.0,0.0,0.0,0.0,3.0,0.0,0.0,1.0,1.0,0.0,0.0,0.0,0.0,1.0,0.0,0.0,0.0,0.0,0.0,0.0,0.0,0.0,0.0,0.0,0.0,0.0,0.0,0.0,1.0,1.0,0.0,0.0,1.791759469228055,0.6931471805599453,1.9459101490553128,1.3862943611198906,0.6931471805599453,0.0,0.0,0.0,0.0,2.0,0.1666666666666666,0.0,0.0,4.0,11.0,0.0
2740,False,train,0.0,11.0,0.0,11.0,1.0,1.0,38.0,87.0,14.0,1.0,0.0,1.0,0.0,1.0,0.0,0.0,0.0,1.0,0.0,0.0,0.0,1.0,0.0,0.0,0.0,0.0,0.0,0.0,0.0,0.0,0.0,0.0,0.0,0.0,0.0,0.0,0.0,0.0,0.0,0.0,0.0,0.0,0.0,4.477336814478207,2.70805020110221,2.4849066497880004,0.0,2.4849066497880004,0.6931471805599453,0.6931471805599453,1.0,0.0,0.0,0.0,11.0,0.0,0.0,0.0,5.0,14.0,1.0
2746,True,train,0.0,1.0,1.0,2.0,1.0,1.0,48.0,197.0,29.0,1.0,0.0,1.0,0.0,0.0,0.0,0.0,0.0,1.0,0.0,0.0,0.0,0.0,0.0,0.0,0.0,0.0,0.0,0.0,0.0,0.0,0.0,0.0,0.0,0.0,0.0,0.0,0.0,0.0,0.0,0.0,0.0,0.0,0.0,5.288267030694535,3.4011973816621555,0.6931471805599453,0.6931471805599453,1.0986122886681098,0.6931471805599453,0.6931471805599453,1.0,0.0,0.0,0.0,2.0,0.5,0.0,0.0,6.0,22.0,1.0
2753,False,train,0.0,1.0,1.0,2.0,1.0,1.0,20.0,101.0,18.0,0.0,0.0,1.0,0.0,1.0,0.0,0.0,0.0,1.0,0.0,0.0,0.0,1.0,0.0,0.0,0.0,0.0,0.0,0.0,0.0,0.0,0.0,0.0,0.0,0.0,0.0,0.0,0.0,0.0,0.0,0.0,0.0,1.0,1.0,4.624972813284271,2.9444389791664403,0.6931471805599453,0.6931471805599453,1.0986122886681098,0.6931471805599453,0.6931471805599453,1.0,0.0,0.0,0.0,2.0,0.5,0.0,0.0,2.0,15.0,0.0
2765,True,train,0.0,39.0,9.0,48.0,3.0,1.0,45.0,270.0,48.0,1.0,1.0,3.0,1.0,1.0,0.0,0.0,0.0,3.0,0.0,0.0,1.0,1.0,0.0,0.0,0.0,0.0,1.0,0.0,0.0,0.0,0.0,0.0,0.0,0.0,0.0,0.0,0.0,0.0,0.0,0.0,1.0,3.0,1.0,5.602118820879701,3.8918202981106265,3.688879454113936,2.302585092994046,3.8918202981106265,1.3862943611198906,0.6931471805599453,1.0,0.0,0.0,0.0,16.0,0.1875,0.0,0.0,1.0,16.0,0.0
2775,False,train,0.0,69.0,76.0,145.0,2.0,17.0,41.0,563.0,92.0,0.0,0.0,2.0,0.0,2.0,0.0,0.0,1.0,0.0,1.0,0.0,0.0,1.0,0.0,0.0,1.0,0.0,0.0,1.0,0.0,1.0,1.0,0.0,0.0,1.0,0.0,0.0,0.0,1.0,0.0,0.0,0.0,6.0,1.0,6.335054251498059,4.532599493153256,4.248495242049359,4.343805421853684,4.983606621708336,1.0986122886681098,2.8903717578961645,1.0,1.0,0.0,0.0,72.5,0.5241379310344828,0.0,1.0,5.0,14.0,1.0
2781,False,train,0.0,64.0,4.0,68.0,2.0,1.0,47.0,1457.0,226.0,0.0,0.0,2.0,0.0,0.0,0.0,0.0,0.0,2.0,0.0,0.0,0.0,0.0,0.0,0.0,0.0,0.0,0.0,0.0,0.0,1.0,0.0,0.0,0.0,0.0,0.0,0.0,0.0,0.0,0.0,0.0,0.0,2.0,1.0,7.284820912568604,5.424950017481403,4.174387269895637,1.6094379124341005,4.23410650459726,1.0986122886681098,0.6931471805599453,1.0,1.0,0.0,0.0,34.0,0.0588235294117647,0.0,0.0,6.0,20.0,1.0
2783,False,train,0.0,8.0,7.0,15.0,1.0,2.0,39.0,103.0,17.0,0.0,0.0,1.0,0.0,0.0,0.0,0.0,0.0,1.0,0.0,0.0,0.0,0.0,0.0,0.0,1.0,0.0,0.0,0.0,0.0,0.0,0.0,0.0,0.0,0.0,0.0,0.0,0.0,0.0,0.0,0.0,0.0,2.0,1.0,4.6443908991413725,2.8903717578961645,2.19722457733622,2.079441541679836,2.772588722239781,0.6931471805599453,1.0986122886681098,1.0,0.0,0.0,0.0,15.0,0.4666666666666667,0.0,1.0,0.0,18.0,0.0
2793,True,train,0.0,1.0,1.0,2.0,1.0,1.0,32.0,108.0,16.0,0.0,0.0,1.0,0.0,1.0,0.0,0.0,0.0,1.0,0.0,0.0,0.0,1.0,0.0,0.0,0.0,0.0,0.0,0.0,0.0,0.0,0.0,0.0,0.0,0.0,0.0,0.0,0.0,0.0,0.0,0.0,0.0,0.0,0.0,4.691347882229144,2.833213344056216,0.6931471805599453,0.6931471805599453,1.0986122886681098,0.6931471805599453,0.6931471805599453,1.0,0.0,0.0,0.0,2.0,0.5,0.0,0.0,0.0,6.0,0.0
2797,False,train,0.0,1.0,1.0,2.0,1.0,1.0,13.0,35.0,5.0,0.0,0.0,1.0,0.0,0.0,0.0,0.0,0.0,1.0,0.0,0.0,0.0,0.0,0.0,0.0,0.0,0.0,0.0,0.0,0.0,0.0,0.0,0.0,0.0,0.0,0.0,0.0,0.0,0.0,0.0,0.0,0.0,0.0,0.0,3.58351893845611,1.791759469228055,0.6931471805599453,0.6931471805599453,1.0986122886681098,0.6931471805599453,0.6931471805599453,1.0,0.0,1.0,0.0,2.0,0.5,0.0,0.0,2.0,3.0,0.0
2808,True,train,0.0,1.0,1.0,2.0,1.0,1.0,27.0,0.0,0.0,0.0,0.0,1.0,0.0,1.0,0.0,0.0,0.0,1.0,0.0,0.0,0.0,1.0,0.0,0.0,0.0,0.0,0.0,0.0,0.0,0.0,0.0,0.0,0.0,0.0,0.0,0.0,0.0,0.0,0.0,0.0,0.0,0.0,0.0,0.0,0.0,0.6931471805599453,0.6931471805599453,1.0986122886681098,0.6931471805599453,0.6931471805599453,0.0,0.0,0.0,0.0,2.0,0.5,0.0,0.0,1.0,17.0,0.0
2809,False,train,0.0,11.0,0.0,11.0,1.0,1.0,40.0,63.0,13.0,0.0,0.0,1.0,1.0,0.0,0.0,0.0,0.0,1.0,0.0,0.0,1.0,0.0,0.0,0.0,0.0,0.0,1.0,0.0,0.0,0.0,0.0,0.0,0.0,0.0,0.0,0.0,0.0,0.0,0.0,0.0,0.0,2.0,1.0,4.158883083359672,2.6390573296152584,2.4849066497880004,0.0,2.4849066497880004,0.6931471805599453,0.6931471805599453,1.0,0.0,0.0,0.0,11.0,0.0,0.0,0.0,2.0,1.0,0.0
2834,True,train,0.0,1.0,1.0,2.0,1.0,1.0,42.0,205.0,26.0,0.0,0.0,1.0,0.0,1.0,0.0,0.0,0.0,1.0,0.0,0.0,0.0,1.0,0.0,0.0,0.0,0.0,0.0,0.0,0.0,0.0,0.0,0.0,0.0,0.0,0.0,0.0,0.0,0.0,0.0,0.0,0.0,0.0,0.0,5.327876168789581,3.295836866004329,0.6931471805599453,0.6931471805599453,1.0986122886681098,0.6931471805599453,0.6931471805599453,1.0,0.0,0.0,0.0,2.0,0.5,0.0,0.0,6.0,4.0,1.0
2835,False,train,0.0,1.0,0.0,1.0,1.0,1.0,28.0,50.0,8.0,0.0,0.0,1.0,0.0,0.0,0.0,0.0,0.0,1.0,0.0,0.0,0.0,0.0,0.0,0.0,0.0,0.0,0.0,0.0,0.0,0.0,0.0,0.0,0.0,0.0,0.0,0.0,0.0,0.0,0.0,0.0,0.0,0.0,0.0,3.9318256327243257,2.19722457733622,0.6931471805599453,0.0,0.6931471805599453,0.6931471805599453,0.6931471805599453,1.0,0.0,0.0,0.0,1.0,0.0,0.0,0.0,0.0,21.0,0.0
2849,False,train,0.0,13.0,20.0,33.0,1.0,3.0,28.0,942.0,141.0,0.0,0.0,1.0,0.0,0.0,0.0,0.0,0.0,1.0,0.0,0.0,0.0,0.0,0.0,0.0,1.0,0.0,0.0,1.0,0.0,0.0,0.0,0.0,0.0,0.0,0.0,0.0,0.0,0.0,0.0,0.0,0.0,2.0,1.0,6.849066282633458,4.955827057601261,2.6390573296152584,3.044522437723423,3.5263605246161616,0.6931471805599453,1.3862943611198906,1.0,1.0,0.0,0.0,33.0,0.6060606060606061,0.0,1.0,4.0,4.0,0.0
2850,True,train,0.0,1.0,1.0,2.0,1.0,1.0,49.0,99.0,15.0,0.0,0.0,1.0,0.0,1.0,0.0,0.0,0.0,1.0,0.0,0.0,0.0,1.0,0.0,0.0,0.0,0.0,0.0,0.0,0.0,0.0,0.0,0.0,0.0,0.0,0.0,0.0,0.0,0.0,0.0,0.0,0.0,0.0,0.0,4.605170185988092,2.772588722239781,0.6931471805599453,0.6931471805599453,1.0986122886681098,0.6931471805599453,0.6931471805599453,1.0,0.0,0.0,0.0,2.0,0.5,0.0,0.0,4.0,19.0,0.0
2854,True,train,0.0,42.0,0.0,42.0,2.0,1.0,60.0,642.0,99.0,1.0,0.0,2.0,0.0,1.0,0.0,0.0,0.0,2.0,0.0,0.0,0.0,1.0,0.0,0.0,0.0,0.0,0.0,0.0,0.0,0.0,0.0,0.0,0.0,0.0,0.0,0.0,0.0,0.0,0.0,0.0,0.0,1.0,1.0,6.466144724237619,4.605170185988092,3.7612001156935615,0.0,3.7612001156935615,1.0986122886681098,0.6931471805599453,1.0,1.0,0.0,0.0,21.0,0.0,0.0,0.0,4.0,20.0,0.0
2855,False,train,0.0,8.0,2.0,10.0,1.0,1.0,30.0,61.0,11.0,0.0,0.0,1.0,0.0,0.0,0.0,0.0,0.0,1.0,0.0,0.0,0.0,0.0,0.0,0.0,0.0,0.0,0.0,0.0,0.0,0.0,0.0,0.0,0.0,0.0,0.0,0.0,0.0,0.0,0.0,0.0,0.0,0.0,0.0,4.127134385045092,2.4849066497880004,2.19722457733622,1.0986122886681098,2.3978952727983707,0.6931471805599453,0.6931471805599453,1.0,0.0,0.0,0.0,10.0,0.2,0.0,0.0,6.0,3.0,1.0
2858,False,train,0.0,7.0,9.0,16.0,3.0,3.0,47.0,689.0,88.0,0.0,0.0,3.0,0.0,1.0,0.0,0.0,0.0,3.0,0.0,0.0,0.0,1.0,0.0,0.0,1.0,0.0,0.0,0.0,0.0,0.0,0.0,0.0,0.0,0.0,0.0,0.0,0.0,0.0,0.0,0.0,0.0,1.0,1.0,6.536691597591305,4.48863636973214,2.079441541679836,2.302585092994046,2.833213344056216,1.3862943611198906,1.3862943611198906,1.0,1.0,0.0,0.0,5.333333333333333,0.5625,0.0,1.0,1.0,21.0,0.0
2859,False,train,0.0,15.0,15.0,30.0,2.0,3.0,45.0,200.0,27.0,0.0,0.0,2.0,0.0,2.0,0.0,0.0,0.0,2.0,0.0,0.0,0.0,1.0,0.0,0.0,1.0,0.0,0.0,0.0,0.0,0.0,0.0,0.0,0.0,0.0,0.0,0.0,0.0,0.0,0.0,0.0,0.0,1.0,1.0,5.303304908059076,3.332204510175204,2.772588722239781,2.772588722239781,3.4339872044851463,1.0986122886681098,1.3862943611198906,1.0,0.0,0.0,0.0,15.0,0.5,0.0,1.0,2.0,5.0,0.0
2861,True,train,0.0,26.0,17.0,43.0,4.0,2.0,73.0,1591.0,262.0,1.0,0.0,4.0,0.0,4.0,0.0,0.0,0.0,4.0,0.0,0.0,0.0,1.0,0.0,0.0,1.0,0.0,0.0,0.0,1.0,0.0,0.0,0.0,0.0,0.0,0.0,1.0,0.0,0.0,0.0,0.0,0.0,4.0,1.0,7.372746366404328,5.572154032177765,3.295836866004329,2.8903717578961645,3.784189633918261,1.6094379124341005,1.0986122886681098,1.0,1.0,0.0,0.0,10.75,0.3953488372093023,0.0,1.0,2.0,14.0,0.0
2862,False,train,0.0,17.0,5.0,22.0,2.0,2.0,44.0,276.0,44.0,0.0,0.0,2.0,1.0,0.0,0.0,0.0,0.0,2.0,0.0,0.0,1.0,0.0,0.0,0.0,1.0,0.0,1.0,0.0,0.0,0.0,0.0,0.0,0.0,0.0,0.0,0.0,0.0,0.0,0.0,0.0,0.0,2.0,1.0,5.6240175061873385,3.80666248977032,2.8903717578961645,1.791759469228055,3.1354942159291497,1.0986122886681098,1.0986122886681098,1.0,0.0,0.0,0.0,11.0,0.2272727272727272,0.0,1.0,3.0,3.0,0.0
2871,False,train,0.0,15.0,15.0,30.0,1.0,2.0,62.0,46.0,6.0,0.0,0.0,1.0,0.0,1.0,0.0,0.0,0.0,1.0,0.0,0.0,0.0,1.0,0.0,0.0,1.0,0.0,0.0,0.0,0.0,0.0,0.0,0.0,0.0,0.0,0.0,0.0,0.0,0.0,0.0,0.0,0.0,1.0,1.0,3.8501476017100575,1.9459101490553128,2.772588722239781,2.772588722239781,3.4339872044851463,0.6931471805599453,1.0986122886681098,1.0,0.0,0.0,0.0,30.0,0.5,0.0,1.0,1.0,6.0,0.0
2872,True,train,0.0,1.0,1.0,2.0,1.0,1.0,21.0,27.0,4.0,0.0,0.0,1.0,0.0,1.0,0.0,0.0,0.0,1.0,0.0,0.0,0.0,1.0,0.0,0.0,0.0,0.0,0.0,0.0,0.0,0.0,0.0,0.0,0.0,0.0,0.0,0.0,0.0,0.0,0.0,0.0,0.0,0.0,0.0,3.332204510175204,1.6094379124341005,0.6931471805599453,0.6931471805599453,1.0986122886681098,0.6931471805599453,0.6931471805599453,1.0,0.0,0.0,0.0,2.0,0.5,0.0,0.0,1.0,18.0,0.0
2874,False,train,0.0,1.0,1.0,2.0,1.0,1.0,41.0,191.0,33.0,0.0,0.0,1.0,0.0,0.0,0.0,0.0,0.0,1.0,0.0,0.0,0.0,0.0,0.0,0.0,0.0,0.0,0.0,0.0,0.0,0.0,0.0,0.0,0.0,0.0,0.0,0.0,0.0,0.0,0.0,0.0,0.0,0.0,0.0,5.2574953720277815,3.5263605246161616,0.6931471805599453,0.6931471805599453,1.0986122886681098,0.6931471805599453,0.6931471805599453,1.0,0.0,0.0,0.0,2.0,0.5,0.0,0.0,3.0,16.0,0.0
2877,True,train,0.0,112.0,112.0,224.0,19.0,2.0,44.0,190.0,32.0,0.0,0.0,19.0,0.0,19.0,0.0,0.0,0.0,19.0,0.0,0.0,0.0,1.0,0.0,0.0,1.0,0.0,0.0,1.0,1.0,1.0,1.0,0.0,0.0,0.0,1.0,1.0,0.0,0.0,0.0,0.0,0.0,8.0,1.0,5.25227342804663,3.49650756146648,4.727387818712341,4.727387818712341,5.41610040220442,2.995732273553991,1.0986122886681098,1.0,0.0,0.0,0.0,11.789473684210526,0.5,0.0,1.0,6.0,2.0,1.0
2889,False,train,0.0,1.0,1.0,2.0,1.0,1.0,41.0,755.0,68.0,0.0,0.0,1.0,0.0,1.0,0.0,0.0,0.0,1.0,0.0,0.0,0.0,1.0,0.0,0.0,0.0,0.0,0.0,0.0,0.0,0.0,0.0,0.0,0.0,0.0,0.0,0.0,0.0,0.0,0.0,0.0,0.0,0.0,0.0,6.628041376179533,4.23410650459726,0.6931471805599453,0.6931471805599453,1.0986122886681098,0.6931471805599453,0.6931471805599453,1.0,1.0,0.0,0.0,2.0,0.5,0.0,0.0,0.0,14.0,0.0
2898,True,train,0.0,47.0,2.0,49.0,3.0,2.0,55.0,673.0,84.0,1.0,0.0,3.0,0.0,2.0,0.0,0.0,0.0,3.0,0.0,0.0,0.0,1.0,0.0,0.0,1.0,0.0,0.0,0.0,0.0,0.0,0.0,0.0,0.0,0.0,0.0,0.0,0.0,0.0,0.0,0.0,0.0,2.0,1.0,6.513230110912307,4.442651256490317,3.871201010907891,1.0986122886681098,3.912023005428146,1.3862943611198906,1.0986122886681098,1.0,1.0,0.0,0.0,16.333333333333332,0.0408163265306122,0.0,1.0,4.0,22.0,0.0
2904,False,train,0.0,32.0,0.0,32.0,1.0,1.0,20.0,402.0,67.0,0.0,0.0,1.0,0.0,1.0,0.0,0.0,0.0,1.0,0.0,0.0,0.0,1.0,0.0,0.0,0.0,0.0,0.0,0.0,0.0,0.0,0.0,0.0,0.0,0.0,0.0,0.0,0.0,0.0,0.0,0.0,0.0,0.0,0.0,5.998936561946683,4.219507705176107,3.49650756146648,0.0,3.49650756146648,0.6931471805599453,0.6931471805599453,1.0,1.0,0.0,0.0,32.0,0.0,0.0,0.0,1.0,9.0,0.0
2910,True,train,0.0,2.0,6.0,8.0,1.0,2.0,39.0,747.0,104.0,0.0,0.0,1.0,0.0,1.0,0.0,0.0,0.0,1.0,0.0,0.0,0.0,1.0,0.0,0.0,1.0,0.0,0.0,0.0,0.0,0.0,0.0,0.0,0.0,0.0,0.0,0.0,0.0,0.0,0.0,0.0,0.0,1.0,1.0,6.617402977974478,4.653960350157523,1.0986122886681098,1.9459101490553128,2.19722457733622,0.6931471805599453,1.0986122886681098,1.0,1.0,0.0,0.0,8.0,0.75,0.0,1.0,0.0,8.0,0.0
2913,True,train,0.0,1.0,1.0,2.0,1.0,1.0,41.0,208.0,23.0,2.0,0.0,1.0,0.0,0.0,0.0,0.0,0.0,1.0,0.0,0.0,0.0,0.0,0.0,0.0,0.0,0.0,0.0,0.0,0.0,0.0,0.0,0.0,0.0,0.0,0.0,0.0,0.0,0.0,0.0,0.0,0.0,1.0,1.0,5.342334251964811,3.1780538303479458,0.6931471805599453,0.6931471805599453,1.0986122886681098,0.6931471805599453,0.6931471805599453,1.0,0.0,0.0,0.0,2.0,0.5,0.0,0.0,1.0,7.0,0.0
2915,True,train,0.0,1.0,1.0,2.0,1.0,1.0,43.0,203.0,23.0,0.0,0.0,1.0,0.0,1.0,0.0,0.0,0.0,1.0,0.0,0.0,0.0,1.0,0.0,0.0,0.0,0.0,0.0,0.0,0.0,0.0,0.0,0.0,0.0,0.0,0.0,0.0,0.0,0.0,0.0,0.0,0.0,0.0,0.0,5.318119993844216,3.1780538303479458,0.6931471805599453,0.6931471805599453,1.0986122886681098,0.6931471805599453,0.6931471805599453,1.0,0.0,0.0,0.0,2.0,0.5,0.0,0.0,2.0,16.0,0.0
2917,True,train,0.0,4.0,9.0,13.0,1.0,1.0,42.0,235.0,40.0,1.0,0.0,1.0,0.0,1.0,0.0,0.0,0.0,1.0,0.0,0.0,0.0,1.0,0.0,0.0,0.0,0.0,0.0,0.0,0.0,0.0,0.0,0.0,0.0,0.0,0.0,0.0,0.0,0.0,0.0,0.0,0.0,1.0,1.0,5.4638318050256105,3.713572066704308,1.6094379124341005,2.302585092994046,2.6390573296152584,0.6931471805599453,0.6931471805599453,1.0,0.0,0.0,0.0,13.0,0.6923076923076923,0.0,0.0,4.0,5.0,0.0
2921,False,train,0.0,9.0,3.0,12.0,1.0,1.0,82.0,313.0,51.0,0.0,0.0,1.0,0.0,0.0,0.0,0.0,0.0,1.0,0.0,0.0,0.0,0.0,0.0,0.0,0.0,0.0,0.0,0.0,0.0,0.0,0.0,0.0,0.0,0.0,0.0,0.0,0.0,0.0,0.0,1.0,0.0,1.0,1.0,5.749392985908253,3.951243718581428,2.302585092994046,1.3862943611198906,2.5649493574615367,0.6931471805599453,0.6931471805599453,1.0,1.0,0.0,0.0,12.0,0.25,0.0,0.0,6.0,10.0,1.0
2928,True,train,0.0,14.0,8.0,22.0,3.0,1.0,68.0,214.0,34.0,0.0,0.0,3.0,1.0,1.0,0.0,0.0,0.0,3.0,0.0,0.0,1.0,1.0,0.0,0.0,0.0,0.0,1.0,0.0,0.0,0.0,0.0,0.0,0.0,0.0,0.0,0.0,0.0,0.0,0.0,0.0,0.0,2.0,1.0,5.3706380281276624,3.555348061489413,2.70805020110221,2.19722457733622,3.1354942159291497,1.3862943611198906,0.6931471805599453,1.0,0.0,0.0,0.0,7.333333333333333,0.3636363636363636,0.0,0.0,4.0,20.0,0.0
2929,False,train,0.0,12.0,17.0,29.0,2.0,1.0,30.0,532.0,85.0,0.0,0.0,2.0,0.0,2.0,1.0,0.0,1.0,1.0,0.0,0.0,0.0,1.0,1.0,0.0,0.0,1.0,0.0,0.0,0.0,0.0,0.0,0.0,0.0,1.0,0.0,0.0,0.0,0.0,0.0,0.0,0.0,2.0,1.0,6.278521424165844,4.454347296253507,2.5649493574615367,2.8903717578961645,3.4011973816621555,1.0986122886681098,0.6931471805599453,1.0,1.0,0.0,0.0,14.5,0.5862068965517241,0.0,0.0,6.0,5.0,1.0
2930,False,train,0.0,8.0,4.0,12.0,2.0,1.0,72.0,419.0,58.0,0.0,0.0,2.0,0.0,1.0,0.0,0.0,0.0,2.0,0.0,0.0,0.0,1.0,0.0,0.0,0.0,0.0,0.0,0.0,0.0,0.0,0.0,0.0,0.0,0.0,0.0,0.0,0.0,0.0,0.0,0.0,0.0,0.0,0.0,6.040254711277414,4.07753744390572,2.19722457733622,1.6094379124341005,2.5649493574615367,1.0986122886681098,0.6931471805599453,1.0,1.0,0.0,0.0,6.0,0.3333333333333333,0.0,0.0,0.0,20.0,0.0
2934,True,train,0.0,10.0,1.0,11.0,3.0,1.0,64.0,664.0,78.0,0.0,0.0,3.0,1.0,1.0,0.0,0.0,0.0,3.0,0.0,0.0,1.0,1.0,0.0,0.0,0.0,0.0,1.0,0.0,0.0,0.0,0.0,0.0,0.0,0.0,0.0,0.0,0.0,0.0,0.0,0.0,0.0,2.0,1.0,6.499787040655854,4.3694478524670215,2.3978952727983707,0.6931471805599453,2.4849066497880004,1.3862943611198906,0.6931471805599453,1.0,1.0,0.0,0.0,3.6666666666666665,0.0909090909090909,0.0,0.0,3.0,12.0,0.0
2940,True,train,0.0,1.0,1.0,2.0,1.0,3.0,20.0,557.0,87.0,0.0,0.0,1.0,0.0,0.0,0.0,0.0,0.0,1.0,0.0,0.0,0.0,0.0,0.0,0.0,1.0,0.0,0.0,0.0,0.0,0.0,0.0,0.0,0.0,0.0,0.0,0.0,0.0,0.0,0.0,0.0,0.0,1.0,1.0,6.324358962381311,4.477336814478207,0.6931471805599453,0.6931471805599453,1.0986122886681098,0.6931471805599453,1.3862943611198906,1.0,1.0,0.0,0.0,2.0,0.5,0.0,1.0,5.0,17.0,1.0
2944,False,train,0.0,10.0,0.0,10.0,1.0,1.0,85.0,379.0,56.0,0.0,0.0,1.0,0.0,1.0,0.0,0.0,0.0,1.0,0.0,0.0,0.0,1.0,0.0,0.0,0.0,0.0,0.0,0.0,0.0,0.0,0.0,0.0,0.0,0.0,0.0,0.0,0.0,0.0,0.0,1.0,0.0,1.0,1.0,5.940171252720432,4.04305126783455,2.3978952727983707,0.0,2.3978952727983707,0.6931471805599453,0.6931471805599453,1.0,1.0,0.0,0.0,10.0,0.0,0.0,0.0,0.0,14.0,0.0
2955,False,train,0.0,1.0,0.0,1.0,1.0,1.0,9.0,532.0,85.0,1.0,0.0,1.0,0.0,0.0,0.0,0.0,0.0,1.0,0.0,0.0,0.0,0.0,0.0,0.0,0.0,0.0,0.0,0.0,0.0,0.0,0.0,0.0,0.0,0.0,0.0,0.0,0.0,0.0,0.0,0.0,0.0,0.0,0.0,6.278521424165844,4.454347296253507,0.6931471805599453,0.0,0.6931471805599453,0.6931471805599453,0.6931471805599453,1.0,1.0,1.0,0.0,1.0,0.0,0.0,0.0,4.0,14.0,0.0
2963,True,train,0.0,17.0,4.0,21.0,2.0,1.0,67.0,463.0,75.0,0.0,0.0,2.0,1.0,0.0,0.0,0.0,0.0,2.0,0.0,0.0,1.0,0.0,0.0,0.0,0.0,0.0,1.0,0.0,0.0,0.0,0.0,0.0,0.0,0.0,0.0,0.0,0.0,0.0,0.0,0.0,0.0,1.0,1.0,6.139884552226255,4.330733340286331,2.8903717578961645,1.6094379124341005,3.091042453358316,1.0986122886681098,0.6931471805599453,1.0,1.0,0.0,0.0,10.5,0.1904761904761904,0.0,0.0,2.0,15.0,0.0
2969,True,train,0.0,17.0,17.0,34.0,13.0,1.0,46.0,157.0,25.0,0.0,0.0,13.0,0.0,13.0,0.0,0.0,0.0,13.0,0.0,0.0,0.0,1.0,0.0,0.0,0.0,0.0,0.0,0.0,1.0,0.0,0.0,0.0,0.0,0.0,1.0,1.0,0.0,0.0,0.0,0.0,0.0,3.0,1.0,5.062595033026967,3.258096538021482,2.8903717578961645,2.8903717578961645,3.555348061489413,2.6390573296152584,0.6931471805599453,1.0,0.0,0.0,0.0,2.6153846153846154,0.5,0.0,0.0,5.0,12.0,1.0
2973,False,train,0.0,3.0,3.0,6.0,1.0,1.0,51.0,48.0,9.0,1.0,0.0,1.0,0.0,1.0,0.0,0.0,0.0,1.0,0.0,0.0,0.0,1.0,0.0,0.0,0.0,0.0,0.0,0.0,0.0,0.0,0.0,0.0,0.0,0.0,0.0,0.0,0.0,0.0,0.0,0.0,0.0,1.0,1.0,3.8918202981106265,2.302585092994046,1.3862943611198906,1.3862943611198906,1.9459101490553128,0.6931471805599453,0.6931471805599453,1.0,0.0,0.0,0.0,6.0,0.5,0.0,0.0,6.0,0.0,1.0
2983,False,train,0.0,37.0,16.0,53.0,2.0,2.0,55.0,170.0,11.0,0.0,0.0,2.0,1.0,0.0,0.0,0.0,0.0,2.0,0.0,0.0,1.0,0.0,0.0,0.0,1.0,0.0,1.0,0.0,0.0,0.0,0.0,0.0,0.0,0.0,0.0,0.0,0.0,0.0,0.0,0.0,0.0,3.0,1.0,5.14166355650266,2.4849066497880004,3.6375861597263857,2.833213344056216,3.9889840465642745,1.0986122886681098,1.0986122886681098,1.0,0.0,0.0,0.0,26.5,0.3018867924528302,0.0,1.0,3.0,18.0,0.0
2986,True,train,0.0,29.0,3.0,32.0,3.0,2.0,55.0,50.0,2.0,0.0,0.0,3.0,1.0,1.0,0.0,0.0,0.0,3.0,0.0,0.0,1.0,1.0,0.0,0.0,1.0,0.0,1.0,0.0,0.0,0.0,0.0,0.0,0.0,0.0,0.0,0.0,0.0,0.0,0.0,0.0,0.0,3.0,1.0,3.9318256327243257,1.0986122886681098,3.4011973816621555,1.3862943611198906,3.49650756146648,1.3862943611198906,1.0986122886681098,1.0,0.0,0.0,0.0,10.666666666666666,0.09375,0.0,1.0,3.0,20.0,0.0
2993,True,train,0.0,4.0,55.0,59.0,1.0,1.0,77.0,247.0,27.0,1.0,0.0,1.0,0.0,1.0,0.0,0.0,0.0,1.0,0.0,0.0,0.0,1.0,0.0,0.0,0.0,0.0,0.0,1.0,0.0,0.0,0.0,0.0,0.0,0.0,0.0,0.0,0.0,0.0,0.0,0.0,0.0,1.0,1.0,5.513428746164983,3.332204510175204,1.6094379124341005,4.02535169073515,4.0943445622221,0.6931471805599453,0.6931471805599453,1.0,0.0,0.0,0.0,59.0,0.9322033898305084,0.0,0.0,0.0,20.0,0.0
3001,False,train,0.0,23.0,60.0,83.0,5.0,7.0,15.0,487.0,57.0,0.0,0.0,5.0,1.0,3.0,0.0,0.0,0.0,5.0,0.0,0.0,1.0,1.0,0.0,0.0,1.0,0.0,1.0,1.0,1.0,0.0,1.0,0.0,0.0,0.0,0.0,1.0,0.0,0.0,0.0,0.0,0.0,6.0,1.0,6.190315405853148,4.060443010546419,3.1780538303479458,4.110873864173311,4.430816798843313,1.791759469228055,2.079441541679836,1.0,1.0,0.0,0.0,16.6,0.7228915662650602,0.0,1.0,0.0,15.0,0.0
3011,True,train,0.0,3.0,3.0,6.0,1.0,1.0,38.0,25.0,4.0,0.0,0.0,1.0,0.0,0.0,0.0,0.0,0.0,1.0,0.0,0.0,0.0,0.0,0.0,0.0,0.0,0.0,0.0,0.0,0.0,0.0,0.0,0.0,0.0,0.0,0.0,0.0,0.0,0.0,0.0,0.0,0.0,1.0,1.0,3.258096538021482,1.6094379124341005,1.3862943611198906,1.3862943611198906,1.9459101490553128,0.6931471805599453,0.6931471805599453,1.0,0.0,0.0,0.0,6.0,0.5,0.0,0.0,5.0,1.0,1.0
3015,False,train,0.0,10.0,4.0,14.0,1.0,2.0,42.0,693.0,110.0,0.0,0.0,1.0,0.0,1.0,0.0,0.0,0.0,1.0,0.0,0.0,0.0,1.0,0.0,0.0,1.0,0.0,0.0,0.0,0.0,0.0,0.0,0.0,0.0,0.0,0.0,0.0,0.0,0.0,0.0,0.0,0.0,1.0,1.0,6.542471960506805,4.709530201312334,2.3978952727983707,1.6094379124341005,2.70805020110221,0.6931471805599453,1.0986122886681098,1.0,1.0,0.0,0.0,14.0,0.2857142857142857,0.0,1.0,2.0,5.0,0.0
3030,False,train,0.0,8.0,3.0,11.0,1.0,1.0,46.0,121.0,19.0,0.0,0.0,1.0,0.0,1.0,0.0,0.0,0.0,1.0,0.0,0.0,0.0,1.0,0.0,0.0,0.0,0.0,0.0,0.0,0.0,0.0,0.0,0.0,0.0,0.0,0.0,0.0,0.0,0.0,0.0,0.0,0.0,0.0,0.0,4.804021044733257,2.995732273553991,2.19722457733622,1.3862943611198906,2.4849066497880004,0.6931471805599453,0.6931471805599453,1.0,0.0,0.0,0.0,11.0,0.2727272727272727,0.0,0.0,4.0,17.0,0.0
3031,True,train,0.0,2.0,2.0,4.0,2.0,1.0,51.0,49.0,7.0,0.0,0.0,2.0,0.0,2.0,0.0,0.0,0.0,2.0,0.0,0.0,0.0,1.0,0.0,0.0,0.0,0.0,0.0,0.0,0.0,0.0,0.0,0.0,0.0,0.0,0.0,0.0,0.0,0.0,0.0,0.0,0.0,1.0,1.0,3.912023005428146,2.079441541679836,1.0986122886681098,1.0986122886681098,1.6094379124341005,1.0986122886681098,0.6931471805599453,1.0,0.0,0.0,0.0,2.0,0.5,0.0,0.0,4.0,17.0,0.0
3042,False,train,0.0,1.0,0.0,1.0,1.0,1.0,6.0,10.0,2.0,0.0,0.0,1.0,1.0,0.0,0.0,0.0,0.0,1.0,0.0,0.0,1.0,0.0,0.0,0.0,0.0,0.0,1.0,0.0,0.0,0.0,0.0,0.0,0.0,0.0,0.0,0.0,0.0,0.0,0.0,0.0,0.0,1.0,1.0,2.3978952727983707,1.0986122886681098,0.6931471805599453,0.0,0.6931471805599453,0.6931471805599453,0.6931471805599453,1.0,0.0,1.0,0.0,1.0,0.0,0.0,0.0,4.0,17.0,0.0
3049,True,train,0.0,1.0,1.0,2.0,1.0,1.0,66.0,0.0,0.0,1.0,0.0,1.0,0.0,0.0,0.0,0.0,0.0,1.0,0.0,0.0,0.0,0.0,0.0,0.0,0.0,0.0,0.0,0.0,0.0,0.0,0.0,0.0,0.0,0.0,0.0,0.0,0.0,0.0,0.0,0.0,0.0,1.0,1.0,0.0,0.0,0.6931471805599453,0.6931471805599453,1.0986122886681098,0.6931471805599453,0.6931471805599453,0.0,0.0,0.0,0.0,2.0,0.5,0.0,0.0,3.0,8.0,0.0
3052,False,train,0.0,13.0,18.0,31.0,2.0,2.0,42.0,232.0,43.0,0.0,0.0,2.0,0.0,0.0,0.0,0.0,0.0,2.0,0.0,0.0,0.0,0.0,0.0,0.0,1.0,0.0,0.0,0.0,0.0,0.0,0.0,0.0,0.0,0.0,0.0,0.0,0.0,0.0,0.0,0.0,0.0,2.0,1.0,5.4510384535657,3.784189633918261,2.6390573296152584,2.9444389791664403,3.4657359027997265,1.0986122886681098,1.0986122886681098,1.0,0.0,0.0,0.0,15.5,0.5806451612903226,0.0,1.0,4.0,23.0,0.0
3056,True,train,0.0,9.0,8.0,17.0,1.0,1.0,31.0,429.0,52.0,1.0,0.0,1.0,0.0,0.0,0.0,0.0,0.0,1.0,0.0,0.0,0.0,0.0,0.0,0.0,0.0,0.0,0.0,0.0,0.0,0.0,0.0,0.0,0.0,0.0,0.0,0.0,0.0,0.0,0.0,0.0,0.0,0.0,0.0,6.063785208687608,3.970291913552122,2.302585092994046,2.19722457733622,2.8903717578961645,0.6931471805599453,0.6931471805599453,1.0,1.0,0.0,0.0,17.0,0.4705882352941176,0.0,0.0,0.0,8.0,0.0
3058,False,train,0.0,15.0,0.0,15.0,1.0,1.0,66.0,353.0,57.0,1.0,0.0,1.0,0.0,1.0,0.0,0.0,0.0,1.0,0.0,0.0,0.0,1.0,0.0,0.0,0.0,0.0,0.0,0.0,0.0,0.0,0.0,0.0,0.0,0.0,0.0,0.0,0.0,0.0,0.0,0.0,0.0,1.0,1.0,5.869296913133774,4.060443010546419,2.772588722239781,0.0,2.772588722239781,0.6931471805599453,0.6931471805599453,1.0,1.0,0.0,0.0,15.0,0.0,0.0,0.0,3.0,5.0,0.0
3059,True,train,0.0,62.0,5.0,67.0,4.0,1.0,55.0,205.0,27.0,0.0,0.0,4.0,1.0,1.0,0.0,0.0,0.0,4.0,0.0,0.0,1.0,1.0,0.0,0.0,0.0,0.0,1.0,0.0,1.0,1.0,0.0,0.0,0.0,0.0,0.0,0.0,0.0,0.0,0.0,0.0,0.0,3.0,1.0,5.327876168789581,3.332204510175204,4.143134726391533,1.791759469228055,4.219507705176107,1.6094379124341005,0.6931471805599453,1.0,0.0,0.0,0.0,16.75,0.0746268656716417,0.0,0.0,4.0,1.0,0.0
3060,False,train,0.0,1.0,1.0,2.0,1.0,1.0,65.0,208.0,25.0,0.0,0.0,1.0,0.0,0.0,0.0,0.0,0.0,1.0,0.0,0.0,0.0,0.0,0.0,0.0,0.0,0.0,0.0,0.0,0.0,0.0,0.0,0.0,0.0,0.0,0.0,0.0,0.0,0.0,0.0,0.0,0.0,0.0,0.0,5.342334251964811,3.258096538021482,0.6931471805599453,0.6931471805599453,1.0986122886681098,0.6931471805599453,0.6931471805599453,1.0,0.0,0.0,0.0,2.0,0.5,0.0,0.0,4.0,7.0,0.0
3063,True,train,0.0,12.0,11.0,23.0,2.0,1.0,46.0,271.0,40.0,0.0,0.0,2.0,1.0,0.0,0.0,0.0,0.0,2.0,0.0,0.0,1.0,0.0,0.0,0.0,0.0,0.0,1.0,0.0,0.0,0.0,0.0,0.0,0.0,0.0,0.0,0.0,0.0,0.0,0.0,0.0,0.0,1.0,1.0,5.605802066295998,3.713572066704308,2.5649493574615367,2.4849066497880004,3.1780538303479458,1.0986122886681098,0.6931471805599453,1.0,0.0,0.0,0.0,11.5,0.4782608695652174,0.0,0.0,5.0,20.0,1.0
3065,True,train,0.0,3.0,3.0,6.0,1.0,1.0,39.0,214.0,31.0,1.0,0.0,1.0,0.0,1.0,0.0,0.0,0.0,1.0,0.0,0.0,0.0,1.0,0.0,0.0,0.0,0.0,0.0,0.0,0.0,0.0,0.0,0.0,0.0,0.0,0.0,0.0,0.0,0.0,0.0,0.0,0.0,0.0,0.0,5.3706380281276624,3.4657359027997265,1.3862943611198906,1.3862943611198906,1.9459101490553128,0.6931471805599453,0.6931471805599453,1.0,0.0,0.0,0.0,6.0,0.5,0.0,0.0,6.0,18.0,1.0
3067,True,train,0.0,4.0,2.0,6.0,2.0,1.0,48.0,12.0,2.0,1.0,0.0,2.0,0.0,2.0,0.0,0.0,0.0,2.0,0.0,0.0,0.0,1.0,0.0,0.0,0.0,0.0,0.0,0.0,0.0,0.0,0.0,0.0,0.0,0.0,0.0,0.0,0.0,0.0,0.0,0.0,0.0,0.0,0.0,2.5649493574615367,1.0986122886681098,1.6094379124341005,1.0986122886681098,1.9459101490553128,1.0986122886681098,0.6931471805599453,1.0,0.0,0.0,0.0,3.0,0.3333333333333333,0.0,0.0,6.0,23.0,1.0
3069,True,train,0.0,9.0,1.0,10.0,2.0,1.0,31.0,427.0,64.0,0.0,0.0,2.0,0.0,1.0,0.0,0.0,0.0,2.0,0.0,0.0,0.0,1.0,0.0,0.0,0.0,0.0,0.0,0.0,0.0,0.0,0.0,0.0,0.0,0.0,0.0,0.0,0.0,0.0,0.0,0.0,0.0,1.0,1.0,6.059123195581797,4.174387269895637,2.302585092994046,0.6931471805599453,2.3978952727983707,1.0986122886681098,0.6931471805599453,1.0,1.0,0.0,0.0,5.0,0.1,0.0,0.0,1.0,8.0,0.0
3073,False,train,0.0,1.0,0.0,1.0,1.0,1.0,29.0,238.0,31.0,1.0,0.0,1.0,0.0,1.0,0.0,0.0,0.0,1.0,0.0,0.0,0.0,1.0,0.0,0.0,0.0,0.0,0.0,0.0,0.0,0.0,0.0,0.0,0.0,0.0,0.0,0.0,0.0,0.0,0.0,0.0,0.0,1.0,1.0,5.476463551931511,3.4657359027997265,0.6931471805599453,0.0,0.6931471805599453,0.6931471805599453,0.6931471805599453,1.0,0.0,0.0,0.0,1.0,0.0,0.0,0.0,5.0,17.0,1.0
3075,False,train,0.0,19.0,0.0,19.0,1.0,1.0,75.0,560.0,65.0,1.0,0.0,1.0,0.0,1.0,0.0,0.0,0.0,1.0,0.0,0.0,0.0,1.0,0.0,0.0,0.0,0.0,0.0,0.0,0.0,0.0,0.0,0.0,0.0,0.0,0.0,0.0,0.0,0.0,0.0,0.0,0.0,1.0,1.0,6.329720905522696,4.189654742026425,2.995732273553991,0.0,2.995732273553991,0.6931471805599453,0.6931471805599453,1.0,1.0,0.0,0.0,19.0,0.0,0.0,0.0,1.0,14.0,0.0
3079,False,train,0.0,6.0,7.0,13.0,2.0,3.0,15.0,532.0,85.0,0.0,0.0,2.0,0.0,2.0,0.0,0.0,0.0,2.0,0.0,0.0,0.0,1.0,0.0,0.0,1.0,0.0,0.0,0.0,0.0,0.0,0.0,0.0,0.0,0.0,0.0,0.0,0.0,0.0,0.0,0.0,0.0,1.0,1.0,6.278521424165844,4.454347296253507,1.9459101490553128,2.079441541679836,2.6390573296152584,1.0986122886681098,1.3862943611198906,1.0,1.0,0.0,0.0,6.5,0.5384615384615384,0.0,1.0,5.0,2.0,1.0
3082,True,train,0.0,6.0,6.0,12.0,1.0,1.0,62.0,1544.0,191.0,0.0,0.0,1.0,0.0,0.0,0.0,0.0,0.0,1.0,0.0,0.0,0.0,0.0,0.0,0.0,0.0,0.0,0.0,0.0,0.0,0.0,0.0,0.0,0.0,0.0,0.0,0.0,0.0,0.0,0.0,0.0,0.0,0.0,0.0,7.342779189331845,5.2574953720277815,1.9459101490553128,1.9459101490553128,2.5649493574615367,0.6931471805599453,0.6931471805599453,1.0,1.0,0.0,0.0,12.0,0.5,0.0,0.0,4.0,8.0,0.0
3100,False,train,0.0,3.0,1.0,4.0,1.0,1.0,34.0,338.0,57.0,1.0,0.0,1.0,0.0,1.0,0.0,0.0,0.0,1.0,0.0,0.0,0.0,1.0,0.0,0.0,0.0,0.0,0.0,0.0,0.0,0.0,0.0,0.0,0.0,0.0,0.0,0.0,0.0,0.0,0.0,0.0,0.0,1.0,1.0,5.82600010738045,4.060443010546419,1.3862943611198906,0.6931471805599453,1.6094379124341005,0.6931471805599453,0.6931471805599453,1.0,1.0,0.0,0.0,4.0,0.25,0.0,0.0,3.0,16.0,0.0
3101,True,train,0.0,4.0,4.0,8.0,1.0,1.0,40.0,135.0,21.0,0.0,0.0,1.0,0.0,1.0,0.0,0.0,0.0,1.0,0.0,0.0,0.0,1.0,0.0,0.0,0.0,0.0,0.0,0.0,0.0,0.0,0.0,0.0,0.0,0.0,0.0,0.0,0.0,0.0,0.0,0.0,0.0,0.0,0.0,4.912654885736052,3.091042453358316,1.6094379124341005,1.6094379124341005,2.19722457733622,0.6931471805599453,0.6931471805599453,1.0,0.0,0.0,0.0,8.0,0.5,0.0,0.0,5.0,0.0,1.0
3104,True,train,0.0,52.0,26.0,78.0,5.0,2.0,68.0,140.0,16.0,0.0,0.0,5.0,3.0,1.0,0.0,0.0,1.0,4.0,0.0,0.0,1.0,1.0,0.0,0.0,1.0,0.0,1.0,1.0,1.0,0.0,0.0,0.0,0.0,1.0,0.0,0.0,0.0,0.0,0.0,0.0,0.0,6.0,1.0,4.948759890378168,2.833213344056216,3.970291913552122,3.295836866004329,4.3694478524670215,1.791759469228055,1.0986122886681098,1.0,0.0,0.0,0.0,15.6,0.3333333333333333,0.0,1.0,6.0,22.0,1.0
3109,False,train,0.0,4.0,4.0,8.0,1.0,1.0,21.0,83.0,18.0,0.0,0.0,1.0,0.0,0.0,0.0,0.0,0.0,1.0,0.0,0.0,0.0,0.0,0.0,0.0,0.0,0.0,0.0,0.0,0.0,0.0,0.0,0.0,0.0,0.0,0.0,0.0,0.0,0.0,0.0,0.0,0.0,0.0,0.0,4.430816798843313,2.9444389791664403,1.6094379124341005,1.6094379124341005,2.19722457733622,0.6931471805599453,0.6931471805599453,1.0,0.0,0.0,0.0,8.0,0.5,0.0,0.0,5.0,1.0,1.0
3112,False,train,0.0,1.0,1.0,2.0,1.0,1.0,30.0,532.0,85.0,0.0,0.0,1.0,0.0,1.0,0.0,0.0,0.0,1.0,0.0,0.0,0.0,1.0,0.0,0.0,0.0,0.0,0.0,0.0,0.0,0.0,0.0,0.0,0.0,0.0,0.0,0.0,0.0,0.0,0.0,0.0,0.0,0.0,0.0,6.278521424165844,4.454347296253507,0.6931471805599453,0.6931471805599453,1.0986122886681098,0.6931471805599453,0.6931471805599453,1.0,1.0,0.0,0.0,2.0,0.5,0.0,0.0,1.0,22.0,0.0
3113,True,train,0.0,4.0,4.0,8.0,1.0,1.0,57.0,74.0,11.0,0.0,0.0,1.0,0.0,1.0,0.0,0.0,0.0,1.0,0.0,0.0,0.0,1.0,0.0,0.0,0.0,0.0,0.0,0.0,0.0,0.0,0.0,0.0,0.0,0.0,0.0,0.0,0.0,0.0,0.0,0.0,0.0,0.0,0.0,4.31748811353631,2.4849066497880004,1.6094379124341005,1.6094379124341005,2.19722457733622,0.6931471805599453,0.6931471805599453,1.0,0.0,0.0,0.0,8.0,0.5,0.0,0.0,2.0,2.0,0.0
3121,False,train,0.0,4.0,0.0,4.0,1.0,1.0,31.0,523.0,74.0,0.0,0.0,1.0,0.0,1.0,0.0,0.0,0.0,1.0,0.0,0.0,0.0,1.0,0.0,0.0,0.0,0.0,0.0,0.0,0.0,0.0,0.0,0.0,0.0,0.0,0.0,0.0,0.0,0.0,0.0,0.0,0.0,1.0,1.0,6.261491684321042,4.31748811353631,1.6094379124341005,0.0,1.6094379124341005,0.6931471805599453,0.6931471805599453,1.0,1.0,0.0,0.0,4.0,0.0,0.0,0.0,1.0,11.0,0.0
3128,False,train,0.0,2.0,2.0,4.0,1.0,1.0,19.0,0.0,0.0,0.0,0.0,1.0,0.0,1.0,0.0,0.0,0.0,1.0,0.0,0.0,0.0,1.0,0.0,0.0,0.0,0.0,0.0,0.0,0.0,0.0,0.0,0.0,0.0,0.0,0.0,0.0,0.0,0.0,0.0,0.0,0.0,0.0,0.0,0.0,0.0,1.0986122886681098,1.0986122886681098,1.6094379124341005,0.6931471805599453,0.6931471805599453,0.0,0.0,0.0,0.0,4.0,0.5,0.0,0.0,5.0,16.0,1.0
3129,True,train,0.0,4.0,4.0,8.0,1.0,1.0,41.0,103.0,19.0,1.0,0.0,1.0,0.0,1.0,0.0,0.0,0.0,1.0,0.0,0.0,0.0,1.0,0.0,0.0,0.0,0.0,0.0,0.0,0.0,0.0,0.0,0.0,0.0,0.0,0.0,0.0,0.0,0.0,0.0,0.0,0.0,1.0,1.0,4.6443908991413725,2.995732273553991,1.6094379124341005,1.6094379124341005,2.19722457733622,0.6931471805599453,0.6931471805599453,1.0,0.0,0.0,0.0,8.0,0.5,0.0,0.0,5.0,23.0,1.0
3136,False,train,0.0,8.0,8.0,16.0,1.0,1.0,23.0,0.0,0.0,0.0,0.0,1.0,0.0,0.0,0.0,0.0,0.0,1.0,0.0,0.0,0.0,0.0,0.0,0.0,0.0,0.0,0.0,0.0,0.0,0.0,0.0,0.0,0.0,0.0,0.0,0.0,0.0,0.0,0.0,0.0,0.0,0.0,0.0,0.0,0.0,2.19722457733622,2.19722457733622,2.833213344056216,0.6931471805599453,0.6931471805599453,0.0,0.0,0.0,0.0,16.0,0.5,0.0,0.0,2.0,8.0,0.0
3137,True,train,0.0,3.0,2.0,5.0,1.0,2.0,49.0,532.0,85.0,1.0,0.0,1.0,0.0,1.0,0.0,0.0,0.0,1.0,0.0,0.0,0.0,1.0,0.0,0.0,1.0,0.0,0.0,0.0,0.0,0.0,0.0,0.0,0.0,0.0,0.0,0.0,0.0,0.0,0.0,0.0,0.0,2.0,1.0,6.278521424165844,4.454347296253507,1.3862943611198906,1.0986122886681098,1.791759469228055,0.6931471805599453,1.0986122886681098,1.0,1.0,0.0,0.0,5.0,0.4,0.0,1.0,2.0,8.0,0.0
3149,False,train,0.0,3.0,1.0,4.0,1.0,1.0,22.0,337.0,41.0,0.0,0.0,1.0,0.0,1.0,0.0,0.0,0.0,1.0,0.0,0.0,0.0,1.0,0.0,0.0,0.0,0.0,0.0,0.0,0.0,0.0,0.0,0.0,0.0,0.0,0.0,0.0,0.0,0.0,0.0,0.0,0.0,1.0,1.0,5.823045895483019,3.737669618283368,1.3862943611198906,0.6931471805599453,1.6094379124341005,0.6931471805599453,0.6931471805599453,1.0,0.0,0.0,0.0,4.0,0.25,0.0,0.0,3.0,15.0,0.0
3156,False,train,0.0,1.0,1.0,2.0,1.0,1.0,57.0,177.0,19.0,0.0,0.0,1.0,0.0,0.0,1.0,0.0,0.0,1.0,0.0,0.0,0.0,0.0,1.0,0.0,0.0,1.0,0.0,0.0,0.0,0.0,0.0,0.0,0.0,0.0,0.0,0.0,0.0,0.0,0.0,0.0,0.0,1.0,1.0,5.181783550292085,2.995732273553991,0.6931471805599453,0.6931471805599453,1.0986122886681098,0.6931471805599453,0.6931471805599453,1.0,0.0,0.0,0.0,2.0,0.5,0.0,0.0,0.0,18.0,0.0
3159,True,train,0.0,15.0,3.0,18.0,1.0,2.0,25.0,0.0,0.0,1.0,0.0,1.0,0.0,1.0,0.0,0.0,0.0,1.0,0.0,0.0,0.0,1.0,0.0,0.0,1.0,0.0,0.0,0.0,0.0,0.0,0.0,0.0,0.0,0.0,0.0,0.0,0.0,0.0,0.0,0.0,0.0,2.0,1.0,0.0,0.0,2.772588722239781,1.3862943611198906,2.9444389791664403,0.6931471805599453,1.0986122886681098,0.0,0.0,0.0,0.0,18.0,0.1666666666666666,0.0,1.0,1.0,17.0,0.0
3173,True,train,0.0,1.0,0.0,1.0,1.0,1.0,40.0,79.0,14.0,0.0,0.0,1.0,0.0,1.0,0.0,0.0,0.0,1.0,0.0,0.0,0.0,1.0,0.0,0.0,0.0,0.0,0.0,0.0,0.0,0.0,0.0,0.0,0.0,0.0,0.0,0.0,0.0,0.0,0.0,0.0,0.0,0.0,0.0,4.382026634673881,2.70805020110221,0.6931471805599453,0.0,0.6931471805599453,0.6931471805599453,0.6931471805599453,1.0,0.0,0.0,0.0,1.0,0.0,0.0,0.0,0.0,13.0,0.0
3177,False,train,0.0,68.0,62.0,130.0,1.0,1.0,63.0,824.0,137.0,0.0,0.0,1.0,0.0,1.0,0.0,0.0,0.0,1.0,0.0,0.0,0.0,1.0,0.0,0.0,0.0,0.0,0.0,1.0,0.0,1.0,1.0,0.0,0.0,0.0,0.0,0.0,0.0,0.0,0.0,0.0,0.0,3.0,1.0,6.715383386334681,4.927253685157205,4.23410650459726,4.143134726391533,4.875197323201151,0.6931471805599453,0.6931471805599453,1.0,1.0,0.0,0.0,130.0,0.4769230769230769,0.0,0.0,0.0,16.0,0.0
3183,True,train,0.0,3798.0,3463.0,7261.0,65.0,2.0,17.0,66.0,4.0,0.0,0.0,65.0,34.0,0.0,5.0,3.0,1.0,64.0,0.0,0.0,1.0,0.0,1.0,1.0,1.0,1.0,1.0,1.0,1.0,1.0,1.0,0.0,0.0,1.0,1.0,0.0,1.0,0.0,0.0,0.0,0.0,10.0,1.0,4.204692619390966,1.6094379124341005,8.242493153187626,8.150179269682326,8.89041055197428,4.189654742026425,1.0986122886681098,1.0,0.0,0.0,0.0,111.70769230769233,0.4769315521278061,0.0,1.0,0.0,19.0,0.0
3184,False,train,0.0,10.0,3.0,13.0,2.0,2.0,39.0,168.0,12.0,0.0,0.0,2.0,0.0,0.0,2.0,0.0,0.0,2.0,0.0,0.0,0.0,0.0,1.0,0.0,1.0,1.0,0.0,0.0,0.0,0.0,0.0,0.0,0.0,0.0,0.0,0.0,0.0,0.0,0.0,0.0,0.0,3.0,1.0,5.1298987149230735,2.5649493574615367,2.3978952727983707,1.3862943611198906,2.6390573296152584,1.0986122886681098,1.0986122886681098,1.0,0.0,0.0,0.0,6.5,0.2307692307692307,0.0,1.0,0.0,19.0,0.0
3192,False,train,0.0,2.0,2.0,4.0,1.0,1.0,18.0,108.0,18.0,0.0,0.0,1.0,0.0,0.0,0.0,0.0,0.0,1.0,0.0,0.0,0.0,0.0,0.0,0.0,0.0,0.0,0.0,0.0,0.0,0.0,0.0,0.0,0.0,0.0,0.0,0.0,0.0,0.0,0.0,0.0,0.0,0.0,0.0,4.691347882229144,2.9444389791664403,1.0986122886681098,1.0986122886681098,1.6094379124341005,0.6931471805599453,0.6931471805599453,1.0,0.0,0.0,0.0,4.0,0.5,0.0,0.0,3.0,14.0,0.0
3199,True,train,0.0,14.0,14.0,28.0,9.0,1.0,34.0,309.0,46.0,1.0,0.0,9.0,0.0,9.0,0.0,0.0,0.0,9.0,0.0,0.0,0.0,1.0,0.0,0.0,0.0,0.0,0.0,0.0,1.0,0.0,0.0,0.0,0.0,0.0,1.0,1.0,0.0,0.0,0.0,0.0,0.0,3.0,1.0,5.736572297479192,3.8501476017100575,2.70805020110221,2.70805020110221,3.367295829986474,2.302585092994046,0.6931471805599453,1.0,0.0,0.0,0.0,3.111111111111111,0.5,0.0,0.0,1.0,20.0,0.0
3200,False,train,0.0,0.0,1.0,1.0,1.0,1.0,57.0,113.0,10.0,0.0,0.0,1.0,0.0,0.0,0.0,0.0,0.0,1.0,0.0,0.0,0.0,0.0,0.0,0.0,0.0,0.0,0.0,0.0,0.0,0.0,0.0,0.0,0.0,0.0,0.0,0.0,0.0,0.0,0.0,0.0,0.0,0.0,0.0,4.736198448394496,2.3978952727983707,0.0,0.6931471805599453,0.6931471805599453,0.6931471805599453,0.6931471805599453,1.0,0.0,0.0,0.0,1.0,1.0,0.0,0.0,1.0,23.0,0.0
3205,False,train,0.0,25.0,10.0,35.0,1.0,1.0,62.0,532.0,85.0,0.0,0.0,1.0,0.0,0.0,0.0,0.0,0.0,1.0,0.0,0.0,0.0,0.0,0.0,0.0,0.0,0.0,0.0,0.0,0.0,0.0,0.0,0.0,0.0,0.0,0.0,0.0,0.0,0.0,0.0,0.0,0.0,0.0,0.0,6.278521424165844,4.454347296253507,3.258096538021482,2.3978952727983707,3.58351893845611,0.6931471805599453,0.6931471805599453,1.0,1.0,0.0,0.0,35.0,0.2857142857142857,0.0,0.0,4.0,0.0,0.0
3230,True,train,0.0,3.0,0.0,3.0,1.0,1.0,58.0,0.0,0.0,0.0,0.0,1.0,0.0,0.0,1.0,0.0,0.0,1.0,0.0,0.0,0.0,0.0,1.0,0.0,0.0,1.0,0.0,0.0,0.0,0.0,0.0,0.0,0.0,0.0,0.0,0.0,0.0,0.0,0.0,0.0,0.0,1.0,1.0,0.0,0.0,1.3862943611198906,0.0,1.3862943611198906,0.6931471805599453,0.6931471805599453,0.0,0.0,0.0,0.0,3.0,0.0,0.0,0.0,4.0,12.0,0.0
3236,True,train,0.0,12.0,0.0,12.0,2.0,1.0,47.0,104.0,18.0,1.0,0.0,2.0,1.0,0.0,0.0,0.0,0.0,2.0,0.0,0.0,1.0,0.0,0.0,0.0,0.0,0.0,1.0,0.0,0.0,0.0,0.0,0.0,0.0,0.0,0.0,0.0,0.0,0.0,0.0,0.0,0.0,1.0,1.0,4.653960350157523,2.9444389791664403,2.5649493574615367,0.0,2.5649493574615367,1.0986122886681098,0.6931471805599453,1.0,0.0,0.0,0.0,6.0,0.0,0.0,0.0,4.0,15.0,0.0
3238,False,train,0.0,1.0,1.0,2.0,1.0,1.0,28.0,48.0,6.0,0.0,0.0,1.0,0.0,0.0,0.0,0.0,0.0,1.0,0.0,0.0,0.0,0.0,0.0,0.0,0.0,0.0,0.0,0.0,0.0,0.0,0.0,0.0,0.0,0.0,0.0,0.0,0.0,0.0,0.0,0.0,0.0,0.0,0.0,3.8918202981106265,1.9459101490553128,0.6931471805599453,0.6931471805599453,1.0986122886681098,0.6931471805599453,0.6931471805599453,1.0,0.0,0.0,0.0,2.0,0.5,0.0,0.0,4.0,15.0,0.0
3244,True,train,0.0,7.0,1.0,8.0,2.0,1.0,73.0,75.0,12.0,1.0,0.0,2.0,0.0,1.0,0.0,0.0,0.0,2.0,0.0,0.0,0.0,1.0,0.0,0.0,0.0,0.0,0.0,0.0,0.0,0.0,0.0,0.0,0.0,0.0,0.0,0.0,0.0,0.0,0.0,0.0,0.0,0.0,0.0,4.330733340286331,2.5649493574615367,2.079441541679836,0.6931471805599453,2.19722457733622,1.0986122886681098,0.6931471805599453,1.0,0.0,0.0,0.0,4.0,0.125,0.0,0.0,4.0,19.0,0.0
3260,True,train,0.0,26.0,0.0,26.0,1.0,2.0,48.0,737.0,122.0,1.0,0.0,1.0,0.0,1.0,0.0,0.0,0.0,1.0,0.0,0.0,0.0,1.0,0.0,0.0,1.0,0.0,0.0,0.0,0.0,0.0,0.0,0.0,0.0,0.0,0.0,0.0,0.0,0.0,0.0,0.0,0.0,1.0,1.0,6.6039438246004725,4.812184355372417,3.295836866004329,0.0,3.295836866004329,0.6931471805599453,1.0986122886681098,1.0,1.0,0.0,0.0,26.0,0.0,0.0,1.0,2.0,13.0,0.0
3267,False,train,0.0,3.0,3.0,6.0,3.0,1.0,44.0,350.0,51.0,0.0,0.0,3.0,0.0,3.0,0.0,0.0,0.0,3.0,0.0,0.0,0.0,1.0,0.0,0.0,0.0,0.0,0.0,0.0,0.0,0.0,0.0,0.0,0.0,0.0,0.0,1.0,0.0,0.0,0.0,0.0,0.0,1.0,1.0,5.860786223465865,3.951243718581428,1.3862943611198906,1.3862943611198906,1.9459101490553128,1.3862943611198906,0.6931471805599453,1.0,1.0,0.0,0.0,2.0,0.5,0.0,0.0,3.0,7.0,0.0
3274,True,train,0.0,1.0,1.0,2.0,1.0,1.0,8.0,0.0,0.0,1.0,0.0,1.0,0.0,0.0,0.0,0.0,0.0,1.0,0.0,0.0,0.0,0.0,0.0,0.0,0.0,0.0,0.0,0.0,0.0,0.0,0.0,0.0,0.0,0.0,0.0,0.0,0.0,0.0,0.0,0.0,0.0,0.0,0.0,0.0,0.0,0.6931471805599453,0.6931471805599453,1.0986122886681098,0.6931471805599453,0.6931471805599453,0.0,0.0,1.0,0.0,2.0,0.5,0.0,0.0,6.0,9.0,1.0
3276,False,train,0.0,4.0,4.0,8.0,1.0,1.0,37.0,131.0,23.0,0.0,0.0,1.0,0.0,0.0,0.0,0.0,0.0,1.0,0.0,0.0,0.0,0.0,0.0,0.0,0.0,0.0,0.0,0.0,0.0,0.0,0.0,0.0,0.0,0.0,0.0,0.0,0.0,0.0,0.0,0.0,0.0,0.0,0.0,4.882801922586371,3.1780538303479458,1.6094379124341005,1.6094379124341005,2.19722457733622,0.6931471805599453,0.6931471805599453,1.0,0.0,0.0,0.0,8.0,0.5,0.0,0.0,0.0,13.0,0.0
3278,True,train,0.0,57.0,25.0,82.0,6.0,1.0,46.0,213.0,33.0,0.0,0.0,6.0,3.0,2.0,0.0,0.0,0.0,6.0,0.0,0.0,1.0,1.0,0.0,0.0,0.0,0.0,1.0,1.0,1.0,1.0,0.0,0.0,0.0,0.0,0.0,0.0,0.0,0.0,0.0,0.0,0.0,4.0,1.0,5.365976015021851,3.5263605246161616,4.060443010546419,3.258096538021482,4.418840607796598,1.9459101490553128,0.6931471805599453,1.0,0.0,0.0,0.0,13.666666666666666,0.3048780487804878,0.0,0.0,0.0,14.0,0.0
3280,False,train,0.0,1.0,1.0,2.0,1.0,1.0,11.0,116.0,10.0,0.0,0.0,1.0,1.0,0.0,0.0,0.0,0.0,1.0,0.0,0.0,1.0,0.0,0.0,0.0,0.0,0.0,1.0,0.0,0.0,0.0,0.0,0.0,0.0,0.0,0.0,0.0,0.0,0.0,0.0,0.0,0.0,1.0,1.0,4.762173934797756,2.3978952727983707,0.6931471805599453,0.6931471805599453,1.0986122886681098,0.6931471805599453,0.6931471805599453,1.0,0.0,1.0,0.0,2.0,0.5,0.0,0.0,0.0,14.0,0.0
3282,True,train,0.0,40.0,25.0,65.0,8.0,1.0,31.0,841.0,131.0,1.0,0.0,8.0,2.0,4.0,0.0,0.0,0.0,8.0,0.0,0.0,1.0,1.0,0.0,0.0,0.0,0.0,1.0,1.0,1.0,0.0,0.0,0.0,0.0,0.0,1.0,1.0,0.0,0.0,0.0,0.0,0.0,5.0,1.0,6.735780014242327,4.882801922586371,3.713572066704308,3.258096538021482,4.189654742026425,2.19722457733622,0.6931471805599453,1.0,1.0,0.0,0.0,8.125,0.3846153846153846,0.0,0.0,0.0,22.0,0.0
3290,True,train,0.0,8.0,10.0,18.0,1.0,2.0,79.0,122.0,22.0,0.0,0.0,1.0,0.0,1.0,0.0,0.0,0.0,1.0,0.0,0.0,0.0,1.0,0.0,0.0,1.0,0.0,0.0,0.0,0.0,0.0,0.0,0.0,0.0,0.0,0.0,0.0,0.0,0.0,0.0,1.0,0.0,2.0,1.0,4.812184355372417,3.1354942159291497,2.19722457733622,2.3978952727983707,2.9444389791664403,0.6931471805599453,1.0986122886681098,1.0,0.0,0.0,0.0,18.0,0.5555555555555556,0.0,1.0,6.0,19.0,1.0
3296,False,train,0.0,7.0,7.0,14.0,1.0,1.0,53.0,288.0,40.0,0.0,0.0,1.0,0.0,1.0,0.0,0.0,0.0,1.0,0.0,0.0,0.0,1.0,0.0,0.0,0.0,0.0,0.0,0.0,0.0,0.0,0.0,0.0,0.0,0.0,0.0,0.0,0.0,0.0,0.0,0.0,0.0,0.0,0.0,5.666426688112432,3.713572066704308,2.079441541679836,2.079441541679836,2.70805020110221,0.6931471805599453,0.6931471805599453,1.0,0.0,0.0,0.0,14.0,0.5,0.0,0.0,2.0,15.0,0.0
3299,True,train,0.0,12.0,2.0,14.0,3.0,1.0,26.0,64.0,9.0,2.0,0.0,3.0,0.0,1.0,0.0,0.0,0.0,3.0,0.0,0.0,0.0,1.0,0.0,0.0,0.0,0.0,0.0,0.0,0.0,0.0,0.0,0.0,0.0,0.0,0.0,0.0,0.0,0.0,0.0,0.0,0.0,0.0,0.0,4.174387269895637,2.302585092994046,2.5649493574615367,1.0986122886681098,2.70805020110221,1.3862943611198906,0.6931471805599453,1.0,0.0,0.0,0.0,4.666666666666667,0.1428571428571428,0.0,0.0,2.0,18.0,0.0
3308,True,train,0.0,1.0,1.0,2.0,1.0,1.0,74.0,617.0,91.0,0.0,0.0,1.0,0.0,1.0,0.0,0.0,0.0,1.0,0.0,0.0,0.0,1.0,0.0,0.0,0.0,0.0,0.0,0.0,0.0,0.0,0.0,0.0,0.0,0.0,0.0,0.0,0.0,0.0,0.0,0.0,0.0,0.0,0.0,6.42648845745769,4.5217885770490405,0.6931471805599453,0.6931471805599453,1.0986122886681098,0.6931471805599453,0.6931471805599453,1.0,1.0,0.0,0.0,2.0,0.5,0.0,0.0,6.0,13.0,1.0
3309,False,train,0.0,16.0,0.0,16.0,1.0,1.0,31.0,532.0,85.0,0.0,0.0,1.0,0.0,0.0,0.0,0.0,1.0,0.0,0.0,0.0,0.0,0.0,0.0,0.0,0.0,0.0,0.0,0.0,0.0,0.0,0.0,0.0,0.0,1.0,0.0,0.0,0.0,0.0,0.0,0.0,0.0,1.0,1.0,6.278521424165844,4.454347296253507,2.833213344056216,0.0,2.833213344056216,0.6931471805599453,0.6931471805599453,1.0,1.0,0.0,0.0,16.0,0.0,0.0,0.0,0.0,7.0,0.0
3321,True,train,0.0,3.0,1.0,4.0,1.0,1.0,34.0,85.0,12.0,0.0,0.0,1.0,0.0,1.0,0.0,0.0,0.0,1.0,0.0,0.0,0.0,1.0,0.0,0.0,0.0,0.0,0.0,0.0,0.0,0.0,0.0,0.0,0.0,0.0,0.0,0.0,0.0,0.0,0.0,0.0,0.0,0.0,0.0,4.454347296253507,2.5649493574615367,1.3862943611198906,0.6931471805599453,1.6094379124341005,0.6931471805599453,0.6931471805599453,1.0,0.0,0.0,0.0,4.0,0.25,0.0,0.0,3.0,14.0,0.0
3324,False,train,0.0,6.0,0.0,6.0,1.0,1.0,66.0,1476.0,238.0,0.0,0.0,1.0,0.0,0.0,0.0,0.0,0.0,1.0,0.0,0.0,0.0,0.0,0.0,0.0,0.0,0.0,0.0,0.0,0.0,0.0,0.0,0.0,0.0,0.0,0.0,0.0,0.0,0.0,0.0,0.0,0.0,1.0,1.0,7.29776828253138,5.476463551931511,1.9459101490553128,0.0,1.9459101490553128,0.6931471805599453,0.6931471805599453,1.0,1.0,0.0,0.0,6.0,0.0,0.0,0.0,2.0,21.0,0.0
3333,False,train,0.0,6.0,0.0,6.0,1.0,1.0,41.0,288.0,52.0,0.0,0.0,1.0,0.0,1.0,0.0,0.0,0.0,1.0,0.0,0.0,0.0,1.0,0.0,0.0,0.0,0.0,0.0,0.0,0.0,0.0,0.0,0.0,0.0,0.0,0.0,0.0,0.0,0.0,0.0,0.0,0.0,0.0,0.0,5.666426688112432,3.970291913552122,1.9459101490553128,0.0,1.9459101490553128,0.6931471805599453,0.6931471805599453,1.0,1.0,0.0,0.0,6.0,0.0,0.0,0.0,1.0,14.0,0.0
3336,True,train,0.0,1.0,1.0,2.0,1.0,1.0,29.0,493.0,79.0,0.0,0.0,1.0,0.0,0.0,0.0,0.0,0.0,1.0,0.0,0.0,0.0,0.0,0.0,0.0,0.0,0.0,0.0,0.0,0.0,0.0,0.0,0.0,0.0,0.0,0.0,0.0,0.0,0.0,0.0,0.0,0.0,0.0,0.0,6.202535517187923,4.382026634673881,0.6931471805599453,0.6931471805599453,1.0986122886681098,0.6931471805599453,0.6931471805599453,1.0,1.0,0.0,0.0,2.0,0.5,0.0,0.0,4.0,1.0,0.0
3337,False,train,0.0,12.0,0.0,12.0,1.0,1.0,43.0,854.0,146.0,0.0,0.0,1.0,0.0,1.0,0.0,0.0,0.0,1.0,0.0,0.0,0.0,1.0,0.0,0.0,0.0,0.0,0.0,0.0,0.0,0.0,0.0,0.0,0.0,0.0,0.0,0.0,0.0,0.0,0.0,0.0,0.0,0.0,0.0,6.75110146893676,4.990432586778736,2.5649493574615367,0.0,2.5649493574615367,0.6931471805599453,0.6931471805599453,1.0,1.0,0.0,0.0,12.0,0.0,0.0,0.0,4.0,2.0,0.0
3338,False,train,0.0,1.0,0.0,1.0,1.0,1.0,28.0,68.0,7.0,0.0,0.0,1.0,0.0,1.0,0.0,0.0,0.0,1.0,0.0,0.0,0.0,1.0,0.0,0.0,0.0,0.0,0.0,0.0,0.0,0.0,0.0,0.0,0.0,0.0,0.0,0.0,0.0,0.0,0.0,0.0,0.0,0.0,0.0,4.23410650459726,2.079441541679836,0.6931471805599453,0.0,0.6931471805599453,0.6931471805599453,0.6931471805599453,1.0,0.0,0.0,0.0,1.0,0.0,0.0,0.0,5.0,0.0,1.0
3344,True,train,0.0,3.0,1.0,4.0,1.0,1.0,24.0,482.0,87.0,1.0,0.0,1.0,0.0,1.0,0.0,0.0,0.0,1.0,0.0,0.0,0.0,1.0,0.0,0.0,0.0,0.0,0.0,0.0,0.0,0.0,0.0,0.0,0.0,0.0,0.0,0.0,0.0,0.0,0.0,0.0,0.0,1.0,1.0,6.180016653652572,4.477336814478207,1.3862943611198906,0.6931471805599453,1.6094379124341005,0.6931471805599453,0.6931471805599453,1.0,1.0,0.0,0.0,4.0,0.25,0.0,0.0,2.0,22.0,0.0
3360,False,train,0.0,68.0,0.0,68.0,3.0,1.0,46.0,227.0,42.0,0.0,0.0,3.0,1.0,1.0,0.0,0.0,0.0,3.0,0.0,0.0,1.0,1.0,0.0,0.0,0.0,0.0,1.0,0.0,0.0,1.0,0.0,0.0,0.0,0.0,0.0,0.0,0.0,0.0,0.0,0.0,0.0,2.0,1.0,5.429345628954441,3.7612001156935615,4.23410650459726,0.0,4.23410650459726,1.3862943611198906,0.6931471805599453,1.0,0.0,0.0,0.0,22.666666666666668,0.0,0.0,0.0,1.0,13.0,0.0
3369,True,train,0.0,73.0,5.0,78.0,3.0,1.0,89.0,1703.0,232.0,0.0,0.0,3.0,1.0,1.0,0.0,1.0,0.0,3.0,0.0,0.0,1.0,1.0,0.0,1.0,0.0,0.0,1.0,0.0,0.0,1.0,0.0,0.0,0.0,0.0,0.0,0.0,1.0,0.0,0.0,1.0,0.0,5.0,1.0,7.440733707389261,5.4510384535657,4.30406509320417,1.791759469228055,4.3694478524670215,1.3862943611198906,0.6931471805599453,1.0,1.0,0.0,0.0,26.0,0.0641025641025641,0.0,0.0,6.0,11.0,1.0
3376,True,train,0.0,65.0,135.0,200.0,15.0,1.0,25.0,116.0,23.0,1.0,0.0,15.0,0.0,15.0,1.0,0.0,4.0,7.0,4.0,0.0,0.0,1.0,1.0,0.0,0.0,1.0,0.0,1.0,1.0,1.0,1.0,0.0,0.0,1.0,1.0,1.0,0.0,1.0,0.0,0.0,0.0,9.0,1.0,4.762173934797756,3.1780538303479458,4.189654742026425,4.912654885736052,5.303304908059076,2.772588722239781,0.6931471805599453,1.0,0.0,0.0,0.0,13.333333333333334,0.675,0.0,0.0,1.0,13.0,0.0
3378,False,train,0.0,3.0,0.0,3.0,1.0,1.0,12.0,711.0,116.0,1.0,0.0,1.0,0.0,1.0,0.0,0.0,0.0,1.0,0.0,0.0,0.0,1.0,0.0,0.0,0.0,0.0,0.0,0.0,0.0,0.0,0.0,0.0,0.0,0.0,0.0,0.0,0.0,0.0,0.0,0.0,0.0,1.0,1.0,6.568077911411976,4.762173934797756,1.3862943611198906,0.0,1.3862943611198906,0.6931471805599453,0.6931471805599453,1.0,1.0,1.0,0.0,3.0,0.0,0.0,0.0,1.0,14.0,0.0
3381,True,train,0.0,2.0,2.0,4.0,1.0,1.0,32.0,491.0,77.0,1.0,0.0,1.0,0.0,1.0,0.0,0.0,0.0,1.0,0.0,0.0,0.0,1.0,0.0,0.0,0.0,0.0,0.0,0.0,0.0,0.0,0.0,0.0,0.0,0.0,0.0,0.0,0.0,0.0,0.0,0.0,0.0,0.0,0.0,6.198478716492308,4.356708826689592,1.0986122886681098,1.0986122886681098,1.6094379124341005,0.6931471805599453,0.6931471805599453,1.0,1.0,0.0,0.0,4.0,0.5,0.0,0.0,5.0,22.0,1.0
3382,True,train,0.0,2.0,2.0,4.0,1.0,4.0,55.0,91.0,11.0,0.0,0.0,1.0,0.0,1.0,0.0,0.0,0.0,1.0,0.0,0.0,0.0,1.0,0.0,0.0,1.0,0.0,0.0,0.0,0.0,0.0,0.0,0.0,0.0,0.0,0.0,0.0,0.0,0.0,0.0,0.0,0.0,1.0,1.0,4.5217885770490405,2.4849066497880004,1.0986122886681098,1.0986122886681098,1.6094379124341005,0.6931471805599453,1.6094379124341005,1.0,0.0,0.0,0.0,4.0,0.5,0.0,1.0,6.0,17.0,1.0
3386,False,train,0.0,41.0,0.0,41.0,5.0,1.0,45.0,481.0,70.0,0.0,0.0,5.0,2.0,0.0,3.0,0.0,1.0,4.0,0.0,0.0,1.0,0.0,1.0,0.0,0.0,1.0,1.0,0.0,1.0,0.0,0.0,0.0,0.0,1.0,0.0,0.0,0.0,0.0,0.0,0.0,0.0,4.0,1.0,6.1779441140506,4.262679877041316,3.737669618283368,0.0,3.737669618283368,1.791759469228055,0.6931471805599453,1.0,1.0,0.0,0.0,8.2,0.0,0.0,0.0,4.0,11.0,0.0
3390,False,train,0.0,2.0,0.0,2.0,2.0,1.0,12.0,532.0,85.0,1.0,0.0,2.0,0.0,2.0,0.0,0.0,0.0,2.0,0.0,0.0,0.0,1.0,0.0,0.0,0.0,0.0,0.0,0.0,0.0,0.0,0.0,0.0,0.0,0.0,0.0,0.0,0.0,0.0,0.0,0.0,0.0,0.0,0.0,6.278521424165844,4.454347296253507,1.0986122886681098,0.0,1.0986122886681098,1.0986122886681098,0.6931471805599453,1.0,1.0,1.0,0.0,1.0,0.0,0.0,0.0,5.0,23.0,1.0
3395,True,train,0.0,1.0,1.0,2.0,1.0,1.0,21.0,28.0,4.0,0.0,0.0,1.0,0.0,1.0,0.0,0.0,0.0,1.0,0.0,0.0,0.0,1.0,0.0,0.0,0.0,0.0,0.0,0.0,0.0,0.0,0.0,0.0,0.0,0.0,0.0,0.0,0.0,0.0,0.0,0.0,0.0,0.0,0.0,3.367295829986474,1.6094379124341005,0.6931471805599453,0.6931471805599453,1.0986122886681098,0.6931471805599453,0.6931471805599453,1.0,0.0,0.0,0.0,2.0,0.5,0.0,0.0,0.0,20.0,0.0
3397,False,train,0.0,12.0,1.0,13.0,1.0,2.0,16.0,62.0,10.0,0.0,0.0,1.0,0.0,1.0,0.0,0.0,0.0,1.0,0.0,0.0,0.0,1.0,0.0,0.0,1.0,0.0,0.0,0.0,0.0,0.0,0.0,0.0,0.0,0.0,0.0,0.0,0.0,0.0,0.0,0.0,0.0,1.0,1.0,4.143134726391533,2.3978952727983707,2.5649493574615367,0.6931471805599453,2.6390573296152584,0.6931471805599453,1.0986122886681098,1.0,0.0,0.0,0.0,13.0,0.0769230769230769,0.0,1.0,1.0,10.0,0.0
3401,True,train,0.0,34.0,33.0,67.0,4.0,2.0,30.0,359.0,35.0,0.0,0.0,4.0,0.0,1.0,3.0,0.0,0.0,4.0,0.0,0.0,0.0,1.0,1.0,0.0,1.0,1.0,0.0,1.0,1.0,0.0,0.0,0.0,0.0,0.0,0.0,0.0,0.0,0.0,0.0,0.0,0.0,5.0,1.0,5.886104031450156,3.58351893845611,3.555348061489413,3.5263605246161616,4.219507705176107,1.6094379124341005,1.0986122886681098,1.0,0.0,0.0,0.0,16.75,0.4925373134328358,0.0,1.0,4.0,23.0,0.0
3405,False,train,0.0,54.0,0.0,54.0,4.0,6.0,62.0,919.0,151.0,0.0,0.0,4.0,1.0,2.0,0.0,0.0,0.0,4.0,0.0,0.0,1.0,1.0,0.0,0.0,1.0,0.0,1.0,0.0,1.0,1.0,0.0,0.0,0.0,0.0,0.0,0.0,0.0,0.0,0.0,0.0,0.0,5.0,1.0,6.824373670043086,5.0238805208462765,4.007333185232471,0.0,4.007333185232471,1.6094379124341005,1.9459101490553128,1.0,1.0,0.0,0.0,13.5,0.0,0.0,1.0,4.0,21.0,0.0
3407,False,train,0.0,38.0,0.0,38.0,2.0,1.0,22.0,304.0,48.0,1.0,0.0,2.0,0.0,0.0,0.0,0.0,0.0,2.0,0.0,0.0,0.0,0.0,0.0,0.0,0.0,0.0,0.0,0.0,0.0,0.0,0.0,0.0,0.0,0.0,0.0,0.0,0.0,0.0,0.0,0.0,0.0,0.0,0.0,5.720311776607412,3.8918202981106265,3.6635616461296463,0.0,3.6635616461296463,1.0986122886681098,0.6931471805599453,1.0,0.0,0.0,0.0,19.0,0.0,0.0,0.0,6.0,1.0,1.0
3408,True,train,0.0,1.0,0.0,1.0,1.0,1.0,41.0,492.0,62.0,1.0,0.0,1.0,0.0,1.0,0.0,0.0,0.0,1.0,0.0,0.0,0.0,1.0,0.0,0.0,0.0,0.0,0.0,0.0,0.0,0.0,0.0,0.0,0.0,0.0,0.0,0.0,0.0,0.0,0.0,0.0,0.0,0.0,0.0,6.20050917404269,4.143134726391533,0.6931471805599453,0.0,0.6931471805599453,0.6931471805599453,0.6931471805599453,1.0,1.0,0.0,0.0,1.0,0.0,0.0,0.0,0.0,9.0,0.0
3412,True,train,0.0,380.0,23.0,403.0,13.0,5.0,19.0,1269.0,208.0,1.0,0.0,13.0,1.0,4.0,2.0,0.0,2.0,11.0,0.0,0.0,1.0,1.0,1.0,0.0,1.0,1.0,1.0,1.0,1.0,1.0,1.0,0.0,0.0,1.0,1.0,1.0,0.0,0.0,0.0,0.0,0.0,11.0,1.0,7.146772179452637,5.342334251964811,5.942799375126701,3.1780538303479458,6.001414877961151,2.6390573296152584,1.791759469228055,1.0,1.0,0.0,0.0,31.0,0.0570719602977667,0.0,1.0,4.0,11.0,0.0
3419,False,train,0.0,7.0,1.0,8.0,1.0,1.0,14.0,11.0,2.0,0.0,0.0,1.0,0.0,0.0,0.0,0.0,0.0,1.0,0.0,0.0,0.0,0.0,0.0,0.0,0.0,0.0,0.0,0.0,0.0,0.0,0.0,0.0,0.0,0.0,0.0,0.0,0.0,0.0,0.0,0.0,0.0,1.0,1.0,2.4849066497880004,1.0986122886681098,2.079441541679836,0.6931471805599453,2.19722457733622,0.6931471805599453,0.6931471805599453,1.0,0.0,1.0,0.0,8.0,0.125,0.0,0.0,3.0,18.0,0.0
3421,False,train,0.0,11.0,3.0,14.0,1.0,6.0,53.0,237.0,30.0,0.0,1.0,1.0,0.0,1.0,0.0,0.0,0.0,1.0,0.0,0.0,0.0,1.0,0.0,0.0,1.0,0.0,0.0,0.0,0.0,0.0,0.0,0.0,0.0,0.0,0.0,0.0,0.0,0.0,0.0,0.0,1.0,3.0,1.0,5.472270673671475,3.4339872044851463,2.4849066497880004,1.3862943611198906,2.70805020110221,0.6931471805599453,1.9459101490553128,1.0,0.0,0.0,0.0,14.0,0.2142857142857142,0.0,1.0,0.0,22.0,0.0
3425,True,train,0.0,1.0,1.0,2.0,1.0,1.0,44.0,174.0,20.0,1.0,0.0,1.0,0.0,0.0,0.0,0.0,0.0,1.0,0.0,0.0,0.0,0.0,0.0,0.0,0.0,0.0,0.0,0.0,0.0,0.0,0.0,0.0,0.0,0.0,0.0,0.0,0.0,0.0,0.0,0.0,0.0,0.0,0.0,5.1647859739235145,3.044522437723423,0.6931471805599453,0.6931471805599453,1.0986122886681098,0.6931471805599453,0.6931471805599453,1.0,0.0,0.0,0.0,2.0,0.5,0.0,0.0,2.0,22.0,0.0
3426,False,train,0.0,2.0,2.0,4.0,2.0,2.0,39.0,61.0,8.0,0.0,0.0,2.0,1.0,0.0,0.0,0.0,0.0,2.0,0.0,0.0,1.0,0.0,0.0,0.0,1.0,0.0,1.0,0.0,0.0,0.0,0.0,0.0,0.0,0.0,0.0,0.0,0.0,0.0,0.0,0.0,0.0,2.0,1.0,4.127134385045092,2.19722457733622,1.0986122886681098,1.0986122886681098,1.6094379124341005,1.0986122886681098,1.0986122886681098,1.0,0.0,0.0,0.0,2.0,0.5,0.0,1.0,3.0,2.0,0.0
3432,False,train,0.0,16.0,0.0,16.0,1.0,1.0,53.0,48.0,2.0,0.0,0.0,1.0,0.0,1.0,0.0,0.0,0.0,1.0,0.0,0.0,0.0,1.0,0.0,0.0,0.0,0.0,0.0,0.0,0.0,0.0,0.0,0.0,0.0,0.0,0.0,0.0,0.0,0.0,0.0,0.0,0.0,0.0,0.0,3.8918202981106265,1.0986122886681098,2.833213344056216,0.0,2.833213344056216,0.6931471805599453,0.6931471805599453,1.0,0.0,0.0,0.0,16.0,0.0,0.0,0.0,0.0,16.0,0.0
3434,True,train,0.0,72.0,41.0,113.0,4.0,2.0,28.0,308.0,52.0,2.0,0.0,4.0,0.0,3.0,0.0,0.0,0.0,4.0,0.0,0.0,0.0,1.0,0.0,0.0,1.0,0.0,0.0,1.0,1.0,1.0,1.0,0.0,0.0,0.0,0.0,1.0,0.0,0.0,0.0,0.0,0.0,6.0,1.0,5.733341276897746,3.970291913552122,4.290459441148391,3.737669618283368,4.736198448394496,1.6094379124341005,1.0986122886681098,1.0,1.0,0.0,0.0,28.25,0.3628318584070796,0.0,1.0,0.0,20.0,0.0
3437,True,train,0.0,2.0,4.0,6.0,1.0,1.0,22.0,129.0,26.0,0.0,0.0,1.0,0.0,1.0,0.0,0.0,0.0,1.0,0.0,0.0,0.0,1.0,0.0,0.0,0.0,0.0,0.0,0.0,0.0,0.0,0.0,0.0,0.0,0.0,0.0,0.0,0.0,0.0,0.0,0.0,0.0,1.0,1.0,4.867534450455582,3.295836866004329,1.0986122886681098,1.6094379124341005,1.9459101490553128,0.6931471805599453,0.6931471805599453,1.0,0.0,0.0,0.0,6.0,0.6666666666666666,0.0,0.0,4.0,16.0,0.0
3456,True,train,0.0,15.0,0.0,15.0,3.0,2.0,62.0,573.0,91.0,0.0,0.0,3.0,1.0,1.0,0.0,0.0,0.0,3.0,0.0,0.0,1.0,1.0,0.0,0.0,1.0,0.0,1.0,0.0,0.0,0.0,0.0,0.0,0.0,0.0,0.0,0.0,0.0,0.0,0.0,0.0,0.0,3.0,1.0,6.352629396319567,4.5217885770490405,2.772588722239781,0.0,2.772588722239781,1.3862943611198906,1.0986122886681098,1.0,1.0,0.0,0.0,5.0,0.0,0.0,1.0,3.0,1.0,0.0
3458,False,train,0.0,5.0,1.0,6.0,2.0,1.0,82.0,531.0,83.0,0.0,0.0,2.0,1.0,0.0,0.0,0.0,0.0,2.0,0.0,0.0,1.0,0.0,0.0,0.0,0.0,0.0,1.0,0.0,0.0,0.0,0.0,0.0,0.0,0.0,0.0,0.0,0.0,0.0,0.0,1.0,0.0,2.0,1.0,6.2766434893416445,4.430816798843313,1.791759469228055,0.6931471805599453,1.9459101490553128,1.0986122886681098,0.6931471805599453,1.0,1.0,0.0,0.0,3.0,0.1666666666666666,0.0,0.0,6.0,14.0,1.0
3460,True,train,0.0,1.0,1.0,2.0,1.0,1.0,50.0,506.0,78.0,1.0,0.0,1.0,0.0,1.0,0.0,0.0,0.0,1.0,0.0,0.0,0.0,1.0,0.0,0.0,0.0,0.0,0.0,0.0,0.0,0.0,0.0,0.0,0.0,0.0,0.0,0.0,0.0,0.0,0.0,0.0,0.0,1.0,1.0,6.228511003591184,4.3694478524670215,0.6931471805599453,0.6931471805599453,1.0986122886681098,0.6931471805599453,0.6931471805599453,1.0,1.0,0.0,0.0,2.0,0.5,0.0,0.0,4.0,7.0,0.0
3461,False,train,0.0,0.0,0.0,0.0,0.0,1.0,41.0,550.0,87.0,0.0,0.0,0.0,0.0,0.0,0.0,0.0,0.0,0.0,0.0,0.0,0.0,0.0,0.0,0.0,0.0,0.0,0.0,0.0,0.0,0.0,0.0,0.0,0.0,0.0,0.0,0.0,0.0,0.0,0.0,0.0,0.0,0.0,0.0,6.311734809152915,4.477336814478207,0.0,0.0,0.0,0.0,0.6931471805599453,1.0,1.0,0.0,0.0,0.0,0.0,1.0,0.0,4.0,14.0,0.0
3467,False,train,0.0,0.0,0.0,0.0,0.0,1.0,41.0,550.0,87.0,0.0,0.0,0.0,0.0,0.0,0.0,0.0,0.0,0.0,0.0,0.0,0.0,0.0,0.0,0.0,0.0,0.0,0.0,0.0,0.0,0.0,0.0,0.0,0.0,0.0,0.0,0.0,0.0,0.0,0.0,0.0,0.0,0.0,0.0,6.311734809152915,4.477336814478207,0.0,0.0,0.0,0.0,0.6931471805599453,1.0,1.0,0.0,0.0,0.0,0.0,1.0,0.0,1.0,2.0,0.0
3473,True,train,0.0,8.0,4.0,12.0,1.0,1.0,36.0,197.0,19.0,1.0,0.0,1.0,0.0,1.0,0.0,0.0,0.0,1.0,0.0,0.0,0.0,1.0,0.0,0.0,0.0,0.0,0.0,0.0,0.0,0.0,0.0,0.0,0.0,0.0,0.0,0.0,0.0,0.0,0.0,0.0,0.0,1.0,1.0,5.288267030694535,2.995732273553991,2.19722457733622,1.6094379124341005,2.5649493574615367,0.6931471805599453,0.6931471805599453,1.0,0.0,0.0,0.0,12.0,0.3333333333333333,0.0,0.0,2.0,15.0,0.0
3479,True,train,0.0,1.0,1.0,2.0,1.0,1.0,44.0,432.0,68.0,1.0,0.0,1.0,0.0,1.0,0.0,0.0,0.0,1.0,0.0,0.0,0.0,1.0,0.0,0.0,0.0,0.0,0.0,0.0,0.0,0.0,0.0,0.0,0.0,0.0,0.0,0.0,0.0,0.0,0.0,0.0,0.0,0.0,0.0,6.07073772800249,4.23410650459726,0.6931471805599453,0.6931471805599453,1.0986122886681098,0.6931471805599453,0.6931471805599453,1.0,1.0,0.0,0.0,2.0,0.5,0.0,0.0,3.0,20.0,0.0
3483,False,train,0.0,3.0,0.0,3.0,1.0,1.0,18.0,276.0,50.0,0.0,0.0,1.0,0.0,1.0,0.0,0.0,0.0,1.0,0.0,0.0,0.0,1.0,0.0,0.0,0.0,0.0,0.0,0.0,0.0,0.0,0.0,0.0,0.0,0.0,0.0,0.0,0.0,0.0,0.0,0.0,0.0,0.0,0.0,5.6240175061873385,3.9318256327243257,1.3862943611198906,0.0,1.3862943611198906,0.6931471805599453,0.6931471805599453,1.0,1.0,0.0,0.0,3.0,0.0,0.0,0.0,3.0,23.0,0.0
3487,False,train,0.0,1.0,1.0,2.0,1.0,1.0,46.0,63.0,11.0,0.0,0.0,1.0,0.0,0.0,1.0,0.0,0.0,1.0,0.0,0.0,0.0,0.0,1.0,0.0,0.0,1.0,0.0,0.0,0.0,0.0,0.0,0.0,0.0,0.0,0.0,0.0,0.0,0.0,0.0,0.0,0.0,1.0,1.0,4.158883083359672,2.4849066497880004,0.6931471805599453,0.6931471805599453,1.0986122886681098,0.6931471805599453,0.6931471805599453,1.0,0.0,0.0,0.0,2.0,0.5,0.0,0.0,4.0,11.0,0.0
3488,False,train,0.0,1.0,1.0,2.0,1.0,1.0,61.0,287.0,48.0,0.0,0.0,1.0,0.0,0.0,1.0,0.0,0.0,1.0,0.0,0.0,0.0,0.0,1.0,0.0,0.0,1.0,0.0,0.0,0.0,0.0,0.0,0.0,0.0,0.0,0.0,0.0,0.0,0.0,0.0,0.0,0.0,1.0,1.0,5.662960480135946,3.8918202981106265,0.6931471805599453,0.6931471805599453,1.0986122886681098,0.6931471805599453,0.6931471805599453,1.0,0.0,0.0,0.0,2.0,0.5,0.0,0.0,4.0,12.0,0.0
3489,False,train,0.0,1.0,1.0,2.0,1.0,1.0,22.0,1152.0,134.0,0.0,1.0,1.0,0.0,0.0,1.0,0.0,0.0,1.0,0.0,0.0,0.0,0.0,1.0,0.0,0.0,1.0,0.0,0.0,0.0,0.0,0.0,0.0,0.0,0.0,0.0,0.0,0.0,0.0,0.0,0.0,1.0,2.0,1.0,7.050122520269059,4.90527477843843,0.6931471805599453,0.6931471805599453,1.0986122886681098,0.6931471805599453,0.6931471805599453,1.0,1.0,0.0,0.0,2.0,0.5,0.0,0.0,4.0,12.0,0.0
3491,False,train,0.0,1.0,1.0,2.0,1.0,2.0,42.0,586.0,94.0,0.0,1.0,1.0,0.0,0.0,1.0,0.0,0.0,1.0,0.0,0.0,0.0,0.0,1.0,0.0,1.0,1.0,0.0,0.0,0.0,0.0,0.0,0.0,0.0,0.0,0.0,0.0,0.0,0.0,0.0,0.0,1.0,3.0,1.0,6.375024819828097,4.553876891600541,0.6931471805599453,0.6931471805599453,1.0986122886681098,0.6931471805599453,1.0986122886681098,1.0,1.0,0.0,0.0,2.0,0.5,0.0,1.0,5.0,10.0,1.0
3492,True,train,0.0,11.0,7.0,18.0,3.0,1.0,35.0,103.0,17.0,1.0,0.0,3.0,1.0,1.0,0.0,0.0,0.0,3.0,0.0,0.0,1.0,1.0,0.0,0.0,0.0,0.0,1.0,0.0,0.0,0.0,0.0,0.0,0.0,0.0,0.0,0.0,0.0,0.0,0.0,0.0,0.0,1.0,1.0,4.6443908991413725,2.8903717578961645,2.4849066497880004,2.079441541679836,2.9444389791664403,1.3862943611198906,0.6931471805599453,1.0,0.0,0.0,0.0,6.0,0.3888888888888889,0.0,0.0,0.0,0.0,0.0
3497,True,train,0.0,1.0,1.0,2.0,1.0,1.0,27.0,38.0,6.0,0.0,0.0,1.0,0.0,0.0,1.0,0.0,0.0,1.0,0.0,0.0,0.0,0.0,1.0,0.0,0.0,1.0,0.0,0.0,0.0,0.0,0.0,0.0,0.0,0.0,0.0,0.0,0.0,0.0,0.0,0.0,0.0,1.0,1.0,3.6635616461296463,1.9459101490553128,0.6931471805599453,0.6931471805599453,1.0986122886681098,0.6931471805599453,0.6931471805599453,1.0,0.0,0.0,0.0,2.0,0.5,0.0,0.0,0.0,19.0,0.0
3507,False,train,0.0,0.0,54.0,54.0,2.0,1.0,36.0,405.0,47.0,1.0,0.0,2.0,0.0,2.0,0.0,0.0,0.0,1.0,1.0,0.0,0.0,1.0,0.0,0.0,0.0,0.0,0.0,1.0,0.0,0.0,0.0,0.0,0.0,0.0,0.0,0.0,0.0,1.0,0.0,0.0,0.0,3.0,1.0,6.0063531596017325,3.871201010907891,0.0,4.007333185232471,4.007333185232471,1.0986122886681098,0.6931471805599453,1.0,0.0,0.0,0.0,27.0,1.0,0.0,0.0,1.0,6.0,0.0
3510,False,train,0.0,11.0,11.0,22.0,1.0,1.0,21.0,532.0,85.0,0.0,0.0,1.0,1.0,0.0,0.0,0.0,0.0,1.0,0.0,0.0,1.0,0.0,0.0,0.0,0.0,0.0,1.0,0.0,0.0,0.0,0.0,0.0,0.0,0.0,0.0,0.0,0.0,0.0,0.0,0.0,0.0,1.0,1.0,6.278521424165844,4.454347296253507,2.4849066497880004,2.4849066497880004,3.1354942159291497,0.6931471805599453,0.6931471805599453,1.0,1.0,0.0,0.0,22.0,0.5,0.0,0.0,3.0,19.0,0.0
3517,True,train,0.0,1.0,1.0,2.0,1.0,1.0,8.0,532.0,85.0,0.0,0.0,1.0,0.0,1.0,0.0,0.0,0.0,1.0,0.0,0.0,0.0,1.0,0.0,0.0,0.0,0.0,0.0,0.0,0.0,0.0,0.0,0.0,0.0,0.0,0.0,0.0,0.0,0.0,0.0,0.0,0.0,0.0,0.0,6.278521424165844,4.454347296253507,0.6931471805599453,0.6931471805599453,1.0986122886681098,0.6931471805599453,0.6931471805599453,1.0,1.0,1.0,0.0,2.0,0.5,0.0,0.0,3.0,22.0,0.0
3524,True,train,0.0,0.0,3.0,3.0,1.0,1.0,39.0,987.0,120.0,0.0,0.0,1.0,0.0,0.0,1.0,0.0,0.0,1.0,0.0,0.0,0.0,0.0,1.0,0.0,0.0,1.0,0.0,0.0,0.0,0.0,0.0,0.0,0.0,0.0,0.0,0.0,0.0,0.0,0.0,0.0,0.0,2.0,1.0,6.895682697747868,4.795790545596741,0.0,1.3862943611198906,1.3862943611198906,0.6931471805599453,0.6931471805599453,1.0,1.0,0.0,0.0,3.0,1.0,0.0,0.0,0.0,18.0,0.0
3530,True,train,0.0,2.0,2.0,4.0,1.0,1.0,44.0,44.0,6.0,1.0,0.0,1.0,0.0,1.0,0.0,0.0,0.0,1.0,0.0,0.0,0.0,1.0,0.0,0.0,0.0,0.0,0.0,0.0,0.0,0.0,0.0,0.0,0.0,0.0,0.0,0.0,0.0,0.0,0.0,0.0,0.0,1.0,1.0,3.80666248977032,1.9459101490553128,1.0986122886681098,1.0986122886681098,1.6094379124341005,0.6931471805599453,0.6931471805599453,1.0,0.0,0.0,0.0,4.0,0.5,0.0,0.0,3.0,10.0,0.0
3537,True,train,0.0,1.0,1.0,2.0,1.0,1.0,38.0,0.0,0.0,1.0,0.0,1.0,0.0,0.0,0.0,0.0,0.0,1.0,0.0,0.0,0.0,0.0,0.0,0.0,0.0,0.0,0.0,0.0,0.0,0.0,0.0,0.0,0.0,0.0,0.0,0.0,0.0,0.0,0.0,0.0,0.0,1.0,1.0,0.0,0.0,0.6931471805599453,0.6931471805599453,1.0986122886681098,0.6931471805599453,0.6931471805599453,0.0,0.0,0.0,0.0,2.0,0.5,0.0,0.0,2.0,7.0,0.0
3544,True,train,0.0,1.0,1.0,2.0,1.0,1.0,23.0,532.0,85.0,0.0,0.0,1.0,0.0,1.0,0.0,0.0,0.0,1.0,0.0,0.0,0.0,1.0,0.0,0.0,0.0,0.0,0.0,0.0,0.0,0.0,0.0,0.0,0.0,0.0,0.0,0.0,0.0,0.0,0.0,0.0,0.0,0.0,0.0,6.278521424165844,4.454347296253507,0.6931471805599453,0.6931471805599453,1.0986122886681098,0.6931471805599453,0.6931471805599453,1.0,1.0,0.0,0.0,2.0,0.5,0.0,0.0,2.0,14.0,0.0
3548,False,train,0.0,1.0,1.0,2.0,1.0,1.0,26.0,588.0,95.0,0.0,0.0,1.0,0.0,1.0,0.0,0.0,0.0,1.0,0.0,0.0,0.0,1.0,0.0,0.0,0.0,0.0,0.0,0.0,0.0,0.0,0.0,0.0,0.0,0.0,0.0,0.0,0.0,0.0,0.0,0.0,0.0,0.0,0.0,6.3784261836515865,4.564348191467836,0.6931471805599453,0.6931471805599453,1.0986122886681098,0.6931471805599453,0.6931471805599453,1.0,1.0,0.0,0.0,2.0,0.5,0.0,0.0,5.0,17.0,1.0
3554,True,train,0.0,586.0,2052.0,2638.0,84.0,7.0,13.0,194.0,25.0,0.0,0.0,84.0,27.0,26.0,7.0,2.0,0.0,78.0,6.0,0.0,1.0,1.0,1.0,1.0,1.0,1.0,1.0,1.0,1.0,1.0,1.0,0.0,0.0,0.0,1.0,1.0,1.0,1.0,0.0,0.0,0.0,11.0,1.0,5.272999558563747,3.258096538021482,6.375024819828097,7.627057417018934,7.878155336503324,4.442651256490317,2.079441541679836,1.0,0.0,1.0,0.0,31.404761904761905,0.7778620166793025,0.0,1.0,5.0,18.0,1.0
3563,True,train,0.0,45.0,38.0,83.0,5.0,1.0,40.0,12.0,2.0,1.0,0.0,5.0,2.0,2.0,0.0,0.0,0.0,5.0,0.0,0.0,1.0,1.0,0.0,0.0,0.0,0.0,1.0,1.0,1.0,0.0,1.0,0.0,0.0,0.0,0.0,0.0,0.0,0.0,0.0,0.0,0.0,4.0,1.0,2.5649493574615367,1.0986122886681098,3.828641396489095,3.6635616461296463,4.430816798843313,1.791759469228055,0.6931471805599453,1.0,0.0,0.0,0.0,16.6,0.4578313253012048,0.0,0.0,1.0,22.0,0.0
3567,False,train,0.0,1.0,1.0,2.0,1.0,1.0,46.0,810.0,96.0,0.0,0.0,1.0,0.0,0.0,1.0,0.0,0.0,1.0,0.0,0.0,0.0,0.0,1.0,0.0,0.0,1.0,0.0,0.0,0.0,0.0,0.0,0.0,0.0,0.0,0.0,0.0,0.0,0.0,0.0,0.0,0.0,1.0,1.0,6.698268054115413,4.574710978503383,0.6931471805599453,0.6931471805599453,1.0986122886681098,0.6931471805599453,0.6931471805599453,1.0,1.0,0.0,0.0,2.0,0.5,0.0,0.0,4.0,6.0,0.0
3579,True,train,0.0,20.0,1.0,21.0,3.0,1.0,56.0,850.0,125.0,0.0,1.0,3.0,1.0,1.0,0.0,0.0,0.0,3.0,0.0,0.0,1.0,1.0,0.0,0.0,0.0,0.0,1.0,0.0,0.0,0.0,0.0,0.0,0.0,0.0,0.0,0.0,0.0,0.0,0.0,0.0,1.0,3.0,1.0,6.746412128573375,4.836281906951478,3.044522437723423,0.6931471805599453,3.091042453358316,1.3862943611198906,0.6931471805599453,1.0,1.0,0.0,0.0,7.0,0.0476190476190476,0.0,0.0,0.0,19.0,0.0
3581,False,train,0.0,6.0,2.0,8.0,1.0,2.0,40.0,601.0,94.0,0.0,0.0,1.0,0.0,1.0,0.0,0.0,0.0,1.0,0.0,0.0,0.0,1.0,0.0,0.0,1.0,0.0,0.0,0.0,0.0,0.0,0.0,0.0,0.0,0.0,0.0,0.0,0.0,0.0,0.0,0.0,0.0,1.0,1.0,6.400257445308821,4.553876891600541,1.9459101490553128,1.0986122886681098,2.19722457733622,0.6931471805599453,1.0986122886681098,1.0,1.0,0.0,0.0,8.0,0.25,0.0,1.0,2.0,0.0,0.0
3587,False,train,0.0,61.0,17.0,78.0,3.0,2.0,54.0,969.0,165.0,0.0,0.0,3.0,0.0,2.0,0.0,0.0,0.0,3.0,0.0,0.0,0.0,1.0,0.0,0.0,1.0,0.0,0.0,0.0,0.0,1.0,0.0,0.0,0.0,0.0,0.0,0.0,0.0,0.0,0.0,0.0,0.0,2.0,1.0,6.877296071497429,5.111987788356544,4.127134385045092,2.8903717578961645,4.3694478524670215,1.3862943611198906,1.0986122886681098,1.0,1.0,0.0,0.0,26.0,0.2179487179487179,0.0,1.0,4.0,9.0,0.0
3601,False,train,0.0,2.0,2.0,4.0,1.0,1.0,28.0,809.0,119.0,0.0,0.0,1.0,0.0,1.0,0.0,0.0,0.0,1.0,0.0,0.0,0.0,1.0,0.0,0.0,0.0,0.0,0.0,0.0,0.0,0.0,0.0,0.0,0.0,0.0,0.0,0.0,0.0,0.0,0.0,0.0,0.0,0.0,0.0,6.697034247666484,4.787491742782046,1.0986122886681098,1.0986122886681098,1.6094379124341005,0.6931471805599453,0.6931471805599453,1.0,1.0,0.0,0.0,4.0,0.5,0.0,0.0,3.0,4.0,0.0
3605,False,train,0.0,4.0,4.0,8.0,1.0,1.0,32.0,115.0,21.0,0.0,0.0,1.0,0.0,0.0,0.0,0.0,0.0,1.0,0.0,0.0,0.0,0.0,0.0,0.0,0.0,0.0,0.0,0.0,0.0,0.0,0.0,0.0,0.0,0.0,0.0,0.0,0.0,0.0,0.0,0.0,0.0,0.0,0.0,4.7535901911063645,3.091042453358316,1.6094379124341005,1.6094379124341005,2.19722457733622,0.6931471805599453,0.6931471805599453,1.0,0.0,0.0,0.0,8.0,0.5,0.0,0.0,5.0,13.0,1.0
3616,True,train,0.0,8.0,0.0,8.0,1.0,1.0,22.0,0.0,0.0,0.0,0.0,1.0,0.0,0.0,1.0,0.0,1.0,0.0,0.0,0.0,0.0,0.0,1.0,0.0,0.0,1.0,0.0,0.0,0.0,0.0,0.0,0.0,0.0,1.0,0.0,0.0,0.0,0.0,0.0,0.0,0.0,2.0,1.0,0.0,0.0,2.19722457733622,0.0,2.19722457733622,0.6931471805599453,0.6931471805599453,0.0,0.0,0.0,0.0,8.0,0.0,0.0,0.0,0.0,21.0,0.0
3622,False,train,0.0,5.0,0.0,5.0,1.0,1.0,19.0,427.0,46.0,0.0,0.0,1.0,0.0,0.0,0.0,0.0,0.0,1.0,0.0,0.0,0.0,0.0,0.0,0.0,0.0,0.0,0.0,0.0,0.0,0.0,0.0,0.0,0.0,0.0,0.0,0.0,0.0,0.0,0.0,0.0,0.0,0.0,0.0,6.059123195581797,3.8501476017100575,1.791759469228055,0.0,1.791759469228055,0.6931471805599453,0.6931471805599453,1.0,0.0,0.0,0.0,5.0,0.0,0.0,0.0,0.0,5.0,0.0
3624,True,train,0.0,2.0,2.0,4.0,2.0,1.0,31.0,6663.0,629.0,1.0,0.0,2.0,0.0,0.0,0.0,0.0,0.0,2.0,0.0,0.0,0.0,0.0,0.0,0.0,0.0,0.0,0.0,0.0,0.0,0.0,0.0,1.0,1.0,0.0,0.0,0.0,0.0,0.0,0.0,0.0,0.0,2.0,1.0,8.804475183846678,6.4457198193855785,1.0986122886681098,1.0986122886681098,1.6094379124341005,1.0986122886681098,0.6931471805599453,1.0,1.0,0.0,1.0,2.0,0.5,0.0,0.0,2.0,8.0,0.0
3636,True,train,0.0,2.0,2.0,4.0,2.0,1.0,31.0,7221.0,626.0,1.0,0.0,2.0,0.0,0.0,0.0,0.0,0.0,2.0,0.0,0.0,0.0,0.0,0.0,0.0,0.0,0.0,0.0,0.0,0.0,0.0,0.0,1.0,1.0,0.0,0.0,0.0,0.0,0.0,0.0,0.0,0.0,2.0,1.0,8.884887201837403,6.440946540632921,1.0986122886681098,1.0986122886681098,1.6094379124341005,1.0986122886681098,0.6931471805599453,1.0,1.0,0.0,1.0,2.0,0.5,0.0,0.0,2.0,8.0,0.0
3643,False,train,0.0,13.0,19.0,32.0,5.0,9.0,58.0,532.0,85.0,0.0,0.0,5.0,1.0,1.0,1.0,0.0,0.0,5.0,0.0,0.0,1.0,1.0,1.0,0.0,1.0,1.0,1.0,0.0,1.0,0.0,0.0,0.0,0.0,0.0,0.0,0.0,0.0,0.0,0.0,0.0,0.0,4.0,1.0,6.278521424165844,4.454347296253507,2.6390573296152584,2.995732273553991,3.49650756146648,1.791759469228055,2.302585092994046,1.0,1.0,0.0,0.0,6.4,0.59375,0.0,1.0,0.0,4.0,0.0
3644,True,train,0.0,1.0,1.0,2.0,1.0,1.0,30.0,5046.0,551.0,1.0,0.0,1.0,0.0,0.0,0.0,0.0,0.0,1.0,0.0,0.0,0.0,0.0,0.0,0.0,0.0,0.0,0.0,0.0,0.0,0.0,0.0,1.0,1.0,0.0,0.0,0.0,0.0,0.0,0.0,0.0,0.0,2.0,1.0,8.526549286340263,6.313548046277095,0.6931471805599453,0.6931471805599453,1.0986122886681098,0.6931471805599453,0.6931471805599453,1.0,1.0,0.0,1.0,2.0,0.5,0.0,0.0,0.0,8.0,0.0
3648,True,train,0.0,1.0,1.0,2.0,1.0,1.0,34.0,4830.0,529.0,1.0,0.0,1.0,0.0,0.0,0.0,0.0,0.0,1.0,0.0,0.0,0.0,0.0,0.0,0.0,0.0,0.0,0.0,0.0,0.0,0.0,0.0,1.0,1.0,0.0,0.0,0.0,0.0,0.0,0.0,0.0,0.0,2.0,1.0,8.482808764554406,6.272877006546167,0.6931471805599453,0.6931471805599453,1.0986122886681098,0.6931471805599453,0.6931471805599453,1.0,1.0,0.0,1.0,2.0,0.5,0.0,0.0,2.0,8.0,0.0
3652,False,train,0.0,29.0,23.0,52.0,1.0,1.0,31.0,32.0,5.0,0.0,0.0,1.0,0.0,1.0,0.0,0.0,0.0,1.0,0.0,0.0,0.0,1.0,0.0,0.0,0.0,0.0,0.0,1.0,0.0,0.0,0.0,0.0,0.0,0.0,0.0,0.0,0.0,0.0,0.0,0.0,0.0,1.0,1.0,3.49650756146648,1.791759469228055,3.4011973816621555,3.1780538303479458,3.970291913552122,0.6931471805599453,0.6931471805599453,1.0,0.0,0.0,0.0,52.0,0.4423076923076923,0.0,0.0,0.0,10.0,0.0
3657,False,train,0.0,36.0,36.0,72.0,1.0,1.0,13.0,52.0,16.0,0.0,0.0,1.0,0.0,0.0,0.0,0.0,0.0,1.0,0.0,0.0,0.0,0.0,0.0,0.0,0.0,0.0,0.0,1.0,0.0,0.0,0.0,0.0,0.0,0.0,0.0,0.0,0.0,0.0,0.0,0.0,0.0,1.0,1.0,3.970291913552122,2.833213344056216,3.610917912644224,3.610917912644224,4.290459441148391,0.6931471805599453,0.6931471805599453,1.0,0.0,1.0,0.0,72.0,0.5,0.0,0.0,2.0,23.0,0.0
3659,True,train,0.0,4.0,8.0,12.0,1.0,1.0,49.0,138.0,21.0,1.0,0.0,1.0,0.0,1.0,0.0,0.0,0.0,1.0,0.0,0.0,0.0,1.0,0.0,0.0,0.0,0.0,0.0,0.0,0.0,0.0,0.0,0.0,0.0,0.0,0.0,0.0,0.0,0.0,0.0,0.0,0.0,0.0,0.0,4.934473933130692,3.091042453358316,1.6094379124341005,2.19722457733622,2.5649493574615367,0.6931471805599453,0.6931471805599453,1.0,0.0,0.0,0.0,12.0,0.6666666666666666,0.0,0.0,3.0,3.0,0.0
3669,True,train,0.0,397.0,430.0,827.0,5.0,6.0,33.0,590.0,91.0,1.0,0.0,5.0,0.0,5.0,0.0,0.0,1.0,4.0,0.0,0.0,0.0,1.0,0.0,0.0,1.0,0.0,0.0,1.0,1.0,1.0,1.0,0.0,0.0,1.0,0.0,1.0,0.0,0.0,0.0,0.0,0.0,8.0,1.0,6.3818160174060985,4.5217885770490405,5.986452005284438,6.066108090103747,6.71901315438526,1.791759469228055,1.9459101490553128,1.0,1.0,0.0,0.0,165.4,0.5199516324062878,0.0,1.0,1.0,17.0,0.0
3670,False,train,0.0,2286.0,3761.0,6047.0,146.0,184.0,33.0,592.0,91.0,0.0,0.0,146.0,27.0,72.0,12.0,3.0,11.0,122.0,13.0,0.0,1.0,1.0,1.0,1.0,1.0,1.0,1.0,1.0,1.0,1.0,1.0,0.0,0.0,1.0,1.0,1.0,1.0,1.0,0.0,0.0,0.0,13.0,1.0,6.385194398997726,4.5217885770490405,7.734996194022781,8.232706009860976,8.70748291785937,4.990432586778736,5.220355825078324,1.0,1.0,0.0,0.0,41.417808219178085,0.6219613031255168,0.0,1.0,1.0,17.0,0.0
3671,True,train,0.0,1.0,1.0,2.0,1.0,1.0,35.0,7897.0,685.0,1.0,0.0,1.0,0.0,0.0,0.0,0.0,0.0,1.0,0.0,0.0,0.0,0.0,0.0,0.0,0.0,0.0,0.0,0.0,0.0,0.0,0.0,1.0,1.0,0.0,0.0,0.0,0.0,0.0,0.0,0.0,0.0,2.0,1.0,8.974364841846596,6.530877627725885,0.6931471805599453,0.6931471805599453,1.0986122886681098,0.6931471805599453,0.6931471805599453,1.0,1.0,0.0,1.0,2.0,0.5,0.0,0.0,3.0,8.0,0.0
3677,True,train,0.0,2.0,2.0,4.0,2.0,1.0,31.0,7679.0,699.0,1.0,0.0,2.0,0.0,0.0,0.0,0.0,0.0,2.0,0.0,0.0,0.0,0.0,0.0,0.0,0.0,0.0,0.0,0.0,0.0,0.0,0.0,1.0,1.0,0.0,0.0,0.0,0.0,0.0,0.0,0.0,0.0,2.0,1.0,8.946374826141717,6.551080335043404,1.0986122886681098,1.0986122886681098,1.6094379124341005,1.0986122886681098,0.6931471805599453,1.0,1.0,0.0,1.0,2.0,0.5,0.0,0.0,0.0,8.0,0.0
3683,False,train,0.0,12.0,13.0,25.0,1.0,3.0,50.0,442.0,59.0,0.0,0.0,1.0,0.0,1.0,0.0,0.0,0.0,1.0,0.0,0.0,0.0,1.0,0.0,0.0,1.0,0.0,0.0,0.0,0.0,0.0,0.0,0.0,0.0,0.0,0.0,0.0,0.0,0.0,0.0,0.0,0.0,1.0,1.0,6.093569770045136,4.0943445622221,2.5649493574615367,2.6390573296152584,3.258096538021482,0.6931471805599453,1.3862943611198906,1.0,1.0,0.0,0.0,25.0,0.52,0.0,1.0,3.0,18.0,0.0
3686,True,train,0.0,1.0,1.0,2.0,1.0,1.0,30.0,5298.0,568.0,1.0,0.0,1.0,0.0,0.0,0.0,0.0,0.0,1.0,0.0,0.0,0.0,0.0,0.0,0.0,0.0,0.0,0.0,0.0,0.0,0.0,0.0,1.0,1.0,0.0,0.0,0.0,0.0,0.0,0.0,0.0,0.0,2.0,1.0,8.575273402492762,6.343880434126331,0.6931471805599453,0.6931471805599453,1.0986122886681098,0.6931471805599453,0.6931471805599453,1.0,1.0,0.0,1.0,2.0,0.5,0.0,0.0,2.0,8.0,0.0
3690,False,train,0.0,35.0,1.0,36.0,3.0,2.0,37.0,170.0,25.0,0.0,0.0,3.0,1.0,1.0,0.0,0.0,0.0,3.0,0.0,0.0,1.0,1.0,0.0,0.0,1.0,0.0,1.0,0.0,0.0,0.0,0.0,0.0,0.0,0.0,0.0,0.0,0.0,0.0,0.0,0.0,0.0,2.0,1.0,5.14166355650266,3.258096538021482,3.58351893845611,0.6931471805599453,3.610917912644224,1.3862943611198906,1.0986122886681098,1.0,0.0,0.0,0.0,12.0,0.0277777777777777,0.0,1.0,1.0,3.0,0.0
3698,False,train,0.0,1.0,0.0,1.0,1.0,1.0,49.0,618.0,97.0,0.0,0.0,1.0,0.0,1.0,0.0,0.0,0.0,1.0,0.0,0.0,0.0,1.0,0.0,0.0,0.0,0.0,0.0,0.0,0.0,0.0,0.0,0.0,0.0,0.0,0.0,0.0,0.0,0.0,0.0,0.0,0.0,0.0,0.0,6.428105272684596,4.584967478670572,0.6931471805599453,0.0,0.6931471805599453,0.6931471805599453,0.6931471805599453,1.0,1.0,0.0,0.0,1.0,0.0,0.0,0.0,6.0,7.0,1.0
3699,True,train,0.0,0.0,13.0,13.0,2.0,1.0,40.0,109.0,19.0,1.0,0.0,2.0,2.0,0.0,0.0,0.0,0.0,2.0,0.0,0.0,1.0,0.0,0.0,0.0,0.0,0.0,1.0,0.0,0.0,0.0,0.0,0.0,0.0,0.0,0.0,0.0,0.0,0.0,0.0,0.0,0.0,1.0,1.0,4.700480365792417,2.995732273553991,0.0,2.6390573296152584,2.6390573296152584,1.0986122886681098,0.6931471805599453,1.0,0.0,0.0,0.0,6.5,1.0,0.0,0.0,6.0,13.0,1.0
3703,False,train,0.0,1.0,1.0,2.0,1.0,1.0,11.0,87.0,15.0,0.0,0.0,1.0,0.0,1.0,0.0,0.0,0.0,1.0,0.0,0.0,0.0,1.0,0.0,0.0,0.0,0.0,0.0,0.0,0.0,0.0,0.0,0.0,0.0,0.0,0.0,0.0,0.0,0.0,0.0,0.0,0.0,0.0,0.0,4.477336814478207,2.772588722239781,0.6931471805599453,0.6931471805599453,1.0986122886681098,0.6931471805599453,0.6931471805599453,1.0,0.0,1.0,0.0,2.0,0.5,0.0,0.0,1.0,10.0,0.0
3709,True,train,0.0,473.0,495.0,968.0,5.0,1.0,36.0,14.0,2.0,0.0,0.0,5.0,0.0,1.0,0.0,0.0,1.0,4.0,0.0,0.0,0.0,1.0,0.0,0.0,0.0,0.0,0.0,1.0,1.0,1.0,1.0,0.0,0.0,1.0,0.0,0.0,0.0,0.0,0.0,0.0,0.0,5.0,1.0,2.70805020110221,1.0986122886681098,6.161207321695077,6.206575926724928,6.876264611890766,1.791759469228055,0.6931471805599453,1.0,0.0,0.0,0.0,193.6,0.5113636363636364,0.0,0.0,3.0,19.0,0.0
3716,True,train,0.0,1.0,1.0,2.0,1.0,1.0,34.0,5186.0,548.0,1.0,0.0,1.0,0.0,0.0,0.0,0.0,0.0,1.0,0.0,0.0,0.0,0.0,0.0,0.0,0.0,0.0,0.0,0.0,0.0,0.0,0.0,1.0,1.0,0.0,0.0,0.0,0.0,0.0,0.0,0.0,0.0,2.0,1.0,8.553910774351401,6.3080984415095305,0.6931471805599453,0.6931471805599453,1.0986122886681098,0.6931471805599453,0.6931471805599453,1.0,1.0,0.0,1.0,2.0,0.5,0.0,0.0,0.0,9.0,0.0
3728,True,train,0.0,1.0,1.0,2.0,1.0,1.0,38.0,369.0,49.0,0.0,0.0,1.0,0.0,0.0,0.0,0.0,0.0,1.0,0.0,0.0,0.0,0.0,0.0,0.0,0.0,0.0,0.0,0.0,0.0,0.0,0.0,0.0,0.0,0.0,0.0,0.0,0.0,0.0,0.0,0.0,0.0,1.0,1.0,5.91350300563827,3.912023005428146,0.6931471805599453,0.6931471805599453,1.0986122886681098,0.6931471805599453,0.6931471805599453,1.0,0.0,0.0,0.0,2.0,0.5,0.0,0.0,3.0,8.0,0.0
3732,False,train,0.0,2.0,0.0,2.0,1.0,1.0,40.0,502.0,87.0,1.0,0.0,1.0,0.0,1.0,0.0,0.0,0.0,1.0,0.0,0.0,0.0,1.0,0.0,0.0,0.0,0.0,0.0,0.0,0.0,0.0,0.0,0.0,0.0,0.0,0.0,0.0,0.0,0.0,0.0,0.0,0.0,1.0,1.0,6.220590170099739,4.477336814478207,1.0986122886681098,0.0,1.0986122886681098,0.6931471805599453,0.6931471805599453,1.0,1.0,0.0,0.0,2.0,0.0,0.0,0.0,6.0,7.0,1.0
3733,False,train,0.0,6.0,6.0,12.0,4.0,1.0,51.0,213.0,31.0,0.0,0.0,4.0,0.0,0.0,0.0,2.0,0.0,4.0,0.0,0.0,0.0,0.0,0.0,1.0,0.0,0.0,0.0,0.0,1.0,0.0,0.0,0.0,0.0,0.0,0.0,0.0,1.0,0.0,0.0,0.0,0.0,2.0,1.0,5.365976015021851,3.4657359027997265,1.9459101490553128,1.9459101490553128,2.5649493574615367,1.6094379124341005,0.6931471805599453,1.0,0.0,0.0,0.0,3.0,0.5,0.0,0.0,0.0,7.0,0.0
3737,False,train,0.0,4.0,1.0,5.0,1.0,1.0,70.0,423.0,60.0,0.0,0.0,1.0,0.0,0.0,0.0,1.0,0.0,1.0,0.0,0.0,0.0,0.0,0.0,1.0,0.0,0.0,0.0,0.0,0.0,0.0,0.0,0.0,0.0,0.0,0.0,0.0,1.0,0.0,0.0,0.0,0.0,1.0,1.0,6.049733455231958,4.110873864173311,1.6094379124341005,0.6931471805599453,1.791759469228055,0.6931471805599453,0.6931471805599453,1.0,1.0,0.0,0.0,5.0,0.2,0.0,0.0,5.0,18.0,1.0
3742,True,train,0.0,1.0,1.0,2.0,1.0,1.0,35.0,10857.0,856.0,1.0,0.0,1.0,0.0,0.0,0.0,0.0,0.0,1.0,0.0,0.0,0.0,0.0,0.0,0.0,0.0,0.0,0.0,0.0,0.0,0.0,0.0,1.0,1.0,0.0,0.0,0.0,0.0,0.0,0.0,0.0,0.0,2.0,1.0,9.292657414465396,6.75343791859778,0.6931471805599453,0.6931471805599453,1.0986122886681098,0.6931471805599453,0.6931471805599453,1.0,1.0,0.0,1.0,2.0,0.5,0.0,0.0,0.0,8.0,0.0
3748,False,train,0.0,6.0,8.0,14.0,1.0,1.0,15.0,532.0,85.0,0.0,0.0,1.0,0.0,0.0,1.0,0.0,0.0,1.0,0.0,0.0,0.0,0.0,1.0,0.0,0.0,1.0,0.0,0.0,0.0,0.0,0.0,0.0,0.0,0.0,0.0,0.0,0.0,0.0,0.0,0.0,0.0,1.0,1.0,6.278521424165844,4.454347296253507,1.9459101490553128,2.19722457733622,2.70805020110221,0.6931471805599453,0.6931471805599453,1.0,1.0,0.0,0.0,14.0,0.5714285714285714,0.0,0.0,6.0,5.0,1.0
3756,True,train,0.0,2.0,2.0,4.0,2.0,1.0,31.0,7037.0,618.0,1.0,0.0,2.0,0.0,0.0,0.0,0.0,0.0,2.0,0.0,0.0,0.0,0.0,0.0,0.0,0.0,0.0,0.0,0.0,0.0,0.0,0.0,1.0,1.0,0.0,0.0,0.0,0.0,0.0,0.0,0.0,0.0,2.0,1.0,8.85907931788153,6.428105272684596,1.0986122886681098,1.0986122886681098,1.6094379124341005,1.0986122886681098,0.6931471805599453,1.0,1.0,0.0,1.0,2.0,0.5,0.0,0.0,0.0,8.0,0.0
3757,False,train,0.0,3.0,5.0,8.0,1.0,1.0,34.0,48.0,7.0,1.0,0.0,1.0,0.0,1.0,0.0,0.0,0.0,1.0,0.0,0.0,0.0,1.0,0.0,0.0,0.0,0.0,0.0,0.0,0.0,0.0,0.0,0.0,0.0,0.0,0.0,0.0,0.0,0.0,0.0,0.0,0.0,0.0,0.0,3.8918202981106265,2.079441541679836,1.3862943611198906,1.791759469228055,2.19722457733622,0.6931471805599453,0.6931471805599453,1.0,0.0,0.0,0.0,8.0,0.625,0.0,0.0,0.0,11.0,0.0
3771,True,train,0.0,1.0,1.0,2.0,1.0,1.0,36.0,45.0,10.0,1.0,0.0,1.0,0.0,1.0,0.0,0.0,0.0,1.0,0.0,0.0,0.0,1.0,0.0,0.0,0.0,0.0,0.0,0.0,0.0,0.0,0.0,0.0,0.0,0.0,0.0,0.0,0.0,0.0,0.0,0.0,0.0,0.0,0.0,3.828641396489095,2.3978952727983707,0.6931471805599453,0.6931471805599453,1.0986122886681098,0.6931471805599453,0.6931471805599453,1.0,0.0,0.0,0.0,2.0,0.5,0.0,0.0,0.0,14.0,0.0
3772,False,train,0.0,15.0,2.0,17.0,1.0,1.0,39.0,532.0,85.0,1.0,0.0,1.0,0.0,1.0,0.0,0.0,0.0,1.0,0.0,0.0,0.0,1.0,0.0,0.0,0.0,0.0,0.0,0.0,0.0,0.0,0.0,0.0,0.0,0.0,0.0,0.0,0.0,0.0,0.0,0.0,0.0,0.0,0.0,6.278521424165844,4.454347296253507,2.772588722239781,1.0986122886681098,2.8903717578961645,0.6931471805599453,0.6931471805599453,1.0,1.0,0.0,0.0,17.0,0.1176470588235294,0.0,0.0,2.0,18.0,0.0
3773,True,train,0.0,2.0,2.0,4.0,2.0,1.0,35.0,5485.0,533.0,1.0,0.0,2.0,0.0,0.0,0.0,0.0,0.0,2.0,0.0,0.0,0.0,0.0,0.0,0.0,0.0,0.0,0.0,0.0,0.0,0.0,0.0,1.0,1.0,0.0,0.0,0.0,0.0,0.0,0.0,0.0,0.0,2.0,1.0,8.60995467149755,6.280395838960195,1.0986122886681098,1.0986122886681098,1.6094379124341005,1.0986122886681098,0.6931471805599453,1.0,1.0,0.0,1.0,2.0,0.5,0.0,0.0,3.0,8.0,0.0
3774,False,train,0.0,2.0,4.0,6.0,2.0,1.0,31.0,9515.0,889.0,1.0,0.0,2.0,0.0,0.0,0.0,0.0,0.0,2.0,0.0,0.0,0.0,0.0,0.0,0.0,0.0,0.0,0.0,0.0,0.0,0.0,0.0,1.0,1.0,0.0,0.0,0.0,0.0,0.0,0.0,0.0,0.0,3.0,1.0,9.160729871422848,6.7912214627261855,1.0986122886681098,1.6094379124341005,1.9459101490553128,1.0986122886681098,0.6931471805599453,1.0,1.0,0.0,1.0,3.0,0.6666666666666666,0.0,0.0,3.0,8.0,0.0
3778,False,train,0.0,4.0,0.0,4.0,1.0,1.0,31.0,1574.0,192.0,0.0,0.0,1.0,0.0,0.0,0.0,0.0,0.0,1.0,0.0,0.0,0.0,0.0,0.0,0.0,0.0,0.0,0.0,0.0,0.0,0.0,0.0,0.0,0.0,0.0,0.0,0.0,0.0,0.0,0.0,0.0,0.0,0.0,0.0,7.362010551259734,5.262690188904886,1.6094379124341005,0.0,1.6094379124341005,0.6931471805599453,0.6931471805599453,1.0,1.0,0.0,0.0,4.0,0.0,0.0,0.0,1.0,9.0,0.0
3784,False,train,0.0,20.0,0.0,20.0,1.0,1.0,9.0,532.0,85.0,1.0,0.0,1.0,0.0,0.0,0.0,0.0,0.0,1.0,0.0,0.0,0.0,0.0,0.0,0.0,0.0,0.0,0.0,0.0,0.0,0.0,0.0,0.0,0.0,0.0,0.0,0.0,0.0,0.0,0.0,0.0,0.0,0.0,0.0,6.278521424165844,4.454347296253507,3.044522437723423,0.0,3.044522437723423,0.6931471805599453,0.6931471805599453,1.0,1.0,1.0,0.0,20.0,0.0,0.0,0.0,4.0,14.0,0.0
3785,True,train,0.0,8.0,8.0,16.0,3.0,3.0,21.0,153.0,21.0,0.0,0.0,3.0,0.0,0.0,2.0,0.0,0.0,3.0,0.0,0.0,0.0,0.0,1.0,0.0,1.0,1.0,0.0,0.0,0.0,0.0,0.0,0.0,0.0,0.0,0.0,0.0,0.0,0.0,0.0,0.0,0.0,3.0,1.0,5.0369526024136295,3.091042453358316,2.19722457733622,2.19722457733622,2.833213344056216,1.3862943611198906,1.3862943611198906,1.0,0.0,0.0,0.0,5.333333333333333,0.5,0.0,1.0,5.0,5.0,1.0
3790,True,train,0.0,2.0,4.0,6.0,2.0,1.0,31.0,9547.0,891.0,1.0,0.0,2.0,0.0,0.0,0.0,0.0,0.0,2.0,0.0,0.0,0.0,0.0,0.0,0.0,0.0,0.0,0.0,0.0,0.0,0.0,0.0,1.0,1.0,0.0,0.0,0.0,0.0,0.0,0.0,0.0,0.0,2.0,1.0,9.16408698745872,6.79346613258001,1.0986122886681098,1.6094379124341005,1.9459101490553128,1.0986122886681098,0.6931471805599453,1.0,1.0,0.0,1.0,3.0,0.6666666666666666,0.0,0.0,3.0,21.0,0.0
3793,False,train,0.0,18.0,15.0,33.0,2.0,2.0,32.0,1039.0,105.0,0.0,0.0,2.0,0.0,2.0,0.0,0.0,0.0,2.0,0.0,0.0,0.0,1.0,0.0,0.0,1.0,0.0,0.0,0.0,0.0,0.0,0.0,0.0,0.0,0.0,0.0,0.0,0.0,0.0,0.0,0.0,0.0,1.0,1.0,6.946975992135418,4.663439094112067,2.9444389791664403,2.772588722239781,3.5263605246161616,1.0986122886681098,1.0986122886681098,1.0,1.0,0.0,0.0,16.5,0.4545454545454545,0.0,1.0,4.0,21.0,0.0
3798,False,train,0.0,1.0,1.0,2.0,1.0,1.0,34.0,85.0,14.0,0.0,0.0,1.0,0.0,1.0,0.0,0.0,0.0,1.0,0.0,0.0,0.0,1.0,0.0,0.0,0.0,0.0,0.0,0.0,0.0,0.0,0.0,0.0,0.0,0.0,0.0,0.0,0.0,0.0,0.0,0.0,0.0,0.0,0.0,4.454347296253507,2.70805020110221,0.6931471805599453,0.6931471805599453,1.0986122886681098,0.6931471805599453,0.6931471805599453,1.0,0.0,0.0,0.0,2.0,0.5,0.0,0.0,0.0,9.0,0.0
3802,True,train,0.0,2.0,3.0,5.0,1.0,5.0,69.0,204.0,36.0,1.0,0.0,1.0,0.0,1.0,0.0,0.0,0.0,1.0,0.0,0.0,0.0,1.0,0.0,0.0,1.0,0.0,0.0,0.0,0.0,0.0,0.0,0.0,0.0,0.0,0.0,0.0,0.0,0.0,0.0,0.0,0.0,1.0,1.0,5.3230099791384085,3.610917912644224,1.0986122886681098,1.3862943611198906,1.791759469228055,0.6931471805599453,1.791759469228055,1.0,0.0,0.0,0.0,5.0,0.6,0.0,1.0,2.0,20.0,0.0
3804,False,train,0.0,3.0,3.0,6.0,1.0,1.0,37.0,532.0,85.0,0.0,0.0,1.0,0.0,1.0,0.0,0.0,0.0,1.0,0.0,0.0,0.0,1.0,0.0,0.0,0.0,0.0,0.0,0.0,0.0,0.0,0.0,0.0,0.0,0.0,0.0,0.0,0.0,0.0,0.0,0.0,0.0,0.0,0.0,6.278521424165844,4.454347296253507,1.3862943611198906,1.3862943611198906,1.9459101490553128,0.6931471805599453,0.6931471805599453,1.0,1.0,0.0,0.0,6.0,0.5,0.0,0.0,4.0,14.0,0.0
3807,False,train,0.0,7.0,8.0,15.0,1.0,1.0,37.0,103.0,17.0,0.0,0.0,1.0,0.0,1.0,0.0,0.0,0.0,1.0,0.0,0.0,0.0,1.0,0.0,0.0,0.0,0.0,0.0,0.0,0.0,0.0,0.0,0.0,0.0,0.0,0.0,0.0,0.0,0.0,0.0,0.0,0.0,0.0,0.0,4.6443908991413725,2.8903717578961645,2.079441541679836,2.19722457733622,2.772588722239781,0.6931471805599453,0.6931471805599453,1.0,0.0,0.0,0.0,15.0,0.5333333333333333,0.0,0.0,6.0,11.0,1.0
3812,False,train,0.0,45.0,4.0,49.0,3.0,1.0,46.0,803.0,128.0,0.0,0.0,3.0,0.0,2.0,1.0,0.0,2.0,0.0,0.0,1.0,0.0,1.0,1.0,0.0,0.0,1.0,0.0,0.0,0.0,0.0,0.0,0.0,0.0,1.0,0.0,0.0,0.0,0.0,1.0,0.0,0.0,3.0,1.0,6.689599269178967,4.859812404361672,3.828641396489095,1.6094379124341005,3.912023005428146,1.3862943611198906,0.6931471805599453,1.0,1.0,0.0,0.0,16.333333333333332,0.0816326530612244,0.0,0.0,0.0,22.0,0.0
3816,True,train,0.0,1.0,1.0,2.0,1.0,1.0,49.0,328.0,28.0,1.0,0.0,1.0,0.0,0.0,0.0,0.0,0.0,1.0,0.0,0.0,0.0,0.0,0.0,0.0,0.0,0.0,0.0,0.0,0.0,0.0,0.0,0.0,0.0,0.0,0.0,0.0,0.0,0.0,0.0,0.0,0.0,0.0,0.0,5.796057750765372,3.367295829986474,0.6931471805599453,0.6931471805599453,1.0986122886681098,0.6931471805599453,0.6931471805599453,1.0,0.0,0.0,0.0,2.0,0.5,0.0,0.0,3.0,15.0,0.0
3819,True,train,0.0,4.0,3.0,7.0,1.0,1.0,30.0,5600.0,556.0,1.0,0.0,1.0,0.0,0.0,0.0,0.0,0.0,1.0,0.0,0.0,0.0,0.0,0.0,0.0,0.0,0.0,0.0,0.0,0.0,0.0,0.0,1.0,1.0,0.0,0.0,0.0,0.0,0.0,0.0,0.0,0.0,2.0,1.0,8.630700432209832,6.322565239927284,1.6094379124341005,1.3862943611198906,2.079441541679836,0.6931471805599453,0.6931471805599453,1.0,1.0,0.0,1.0,7.0,0.4285714285714285,0.0,0.0,6.0,9.0,1.0
3823,True,train,0.0,33.0,35.0,68.0,7.0,1.0,19.0,0.0,0.0,0.0,0.0,7.0,1.0,0.0,1.0,0.0,0.0,7.0,0.0,0.0,1.0,0.0,1.0,0.0,0.0,1.0,1.0,1.0,1.0,0.0,0.0,0.0,0.0,0.0,1.0,0.0,0.0,0.0,0.0,0.0,0.0,5.0,1.0,0.0,0.0,3.5263605246161616,3.58351893845611,4.23410650459726,2.079441541679836,0.6931471805599453,0.0,0.0,0.0,0.0,9.714285714285714,0.5147058823529411,0.0,0.0,6.0,13.0,1.0
3824,False,train,0.0,1.0,0.0,1.0,1.0,1.0,45.0,981.0,142.0,0.0,0.0,1.0,0.0,1.0,0.0,0.0,0.0,1.0,0.0,0.0,0.0,1.0,0.0,0.0,0.0,0.0,0.0,0.0,0.0,0.0,0.0,0.0,0.0,0.0,0.0,0.0,0.0,0.0,0.0,0.0,0.0,1.0,1.0,6.889591308354466,4.962844630259907,0.6931471805599453,0.0,0.6931471805599453,0.6931471805599453,0.6931471805599453,1.0,1.0,0.0,0.0,1.0,0.0,0.0,0.0,0.0,12.0,0.0
3828,True,train,0.0,259.0,653.0,912.0,8.0,1.0,50.0,810.0,94.0,0.0,0.0,8.0,3.0,3.0,0.0,0.0,0.0,8.0,0.0,0.0,1.0,1.0,0.0,0.0,0.0,0.0,1.0,1.0,1.0,1.0,1.0,0.0,0.0,0.0,1.0,1.0,0.0,0.0,0.0,0.0,0.0,7.0,1.0,6.698268054115413,4.553876891600541,5.560681631015528,6.483107351457199,6.816735880594968,2.19722457733622,0.6931471805599453,1.0,1.0,0.0,0.0,114.0,0.7160087719298246,0.0,0.0,3.0,17.0,0.0
3836,True,train,0.0,1.0,1.0,2.0,1.0,1.0,33.0,357.0,60.0,0.0,0.0,1.0,0.0,0.0,1.0,0.0,0.0,1.0,0.0,0.0,0.0,0.0,1.0,0.0,0.0,1.0,0.0,0.0,0.0,0.0,0.0,0.0,0.0,0.0,0.0,0.0,0.0,0.0,0.0,0.0,0.0,1.0,1.0,5.8805329864007,4.110873864173311,0.6931471805599453,0.6931471805599453,1.0986122886681098,0.6931471805599453,0.6931471805599453,1.0,1.0,0.0,0.0,2.0,0.5,0.0,0.0,1.0,17.0,0.0
3850,False,train,0.0,1.0,0.0,1.0,1.0,1.0,36.0,699.0,114.0,0.0,0.0,1.0,0.0,1.0,0.0,0.0,0.0,1.0,0.0,0.0,0.0,1.0,0.0,0.0,0.0,0.0,0.0,0.0,0.0,0.0,0.0,0.0,0.0,0.0,0.0,0.0,0.0,0.0,0.0,0.0,0.0,0.0,0.0,6.551080335043404,4.74493212836325,0.6931471805599453,0.0,0.6931471805599453,0.6931471805599453,0.6931471805599453,1.0,1.0,0.0,0.0,1.0,0.0,0.0,0.0,2.0,6.0,0.0
3854,True,train,0.0,1.0,1.0,2.0,1.0,1.0,37.0,0.0,0.0,0.0,0.0,1.0,0.0,0.0,1.0,0.0,0.0,1.0,0.0,0.0,0.0,0.0,1.0,0.0,0.0,1.0,0.0,0.0,0.0,0.0,0.0,0.0,0.0,0.0,0.0,0.0,0.0,0.0,0.0,0.0,0.0,1.0,1.0,0.0,0.0,0.6931471805599453,0.6931471805599453,1.0986122886681098,0.6931471805599453,0.6931471805599453,0.0,0.0,0.0,0.0,2.0,0.5,0.0,0.0,0.0,16.0,0.0
3855,True,train,0.0,2.0,2.0,4.0,2.0,1.0,31.0,8793.0,719.0,1.0,0.0,2.0,0.0,0.0,0.0,0.0,0.0,2.0,0.0,0.0,0.0,0.0,0.0,0.0,0.0,0.0,0.0,0.0,0.0,0.0,0.0,1.0,1.0,0.0,0.0,0.0,0.0,0.0,0.0,0.0,0.0,2.0,1.0,9.081824949740756,6.579251212010101,1.0986122886681098,1.0986122886681098,1.6094379124341005,1.0986122886681098,0.6931471805599453,1.0,1.0,0.0,1.0,2.0,0.5,0.0,0.0,4.0,9.0,0.0
3858,False,train,0.0,2.0,2.0,4.0,2.0,1.0,31.0,8446.0,741.0,1.0,0.0,2.0,0.0,0.0,0.0,0.0,0.0,2.0,0.0,0.0,0.0,0.0,0.0,0.0,0.0,0.0,0.0,0.0,0.0,0.0,0.0,1.0,1.0,0.0,0.0,0.0,0.0,0.0,0.0,0.0,0.0,2.0,1.0,9.041566627727496,6.60934924316738,1.0986122886681098,1.0986122886681098,1.6094379124341005,1.0986122886681098,0.6931471805599453,1.0,1.0,0.0,1.0,2.0,0.5,0.0,0.0,4.0,9.0,0.0
3859,True,train,0.0,4.0,6.0,10.0,3.0,1.0,32.0,7080.0,730.0,1.0,0.0,3.0,0.0,0.0,0.0,0.0,0.0,3.0,0.0,0.0,0.0,0.0,0.0,0.0,0.0,0.0,0.0,0.0,0.0,0.0,0.0,1.0,1.0,0.0,0.0,0.0,0.0,0.0,0.0,0.0,0.0,2.0,1.0,8.865170419651774,6.594413459749778,1.6094379124341005,1.9459101490553128,2.3978952727983707,1.3862943611198906,0.6931471805599453,1.0,1.0,0.0,1.0,3.333333333333333,0.6,0.0,0.0,4.0,9.0,0.0
3868,False,train,0.0,2.0,2.0,4.0,1.0,1.0,44.0,65.0,10.0,0.0,0.0,1.0,0.0,1.0,0.0,0.0,0.0,1.0,0.0,0.0,0.0,1.0,0.0,0.0,0.0,0.0,0.0,0.0,0.0,0.0,0.0,0.0,0.0,0.0,0.0,0.0,0.0,0.0,0.0,0.0,0.0,0.0,0.0,4.189654742026425,2.3978952727983707,1.0986122886681098,1.0986122886681098,1.6094379124341005,0.6931471805599453,0.6931471805599453,1.0,0.0,0.0,0.0,4.0,0.5,0.0,0.0,4.0,16.0,0.0
3876,False,train,0.0,4056.0,5492.0,9548.0,153.0,285.0,34.0,89.0,13.0,0.0,0.0,153.0,28.0,76.0,13.0,3.0,15.0,125.0,13.0,0.0,1.0,1.0,1.0,1.0,1.0,1.0,1.0,1.0,1.0,1.0,1.0,0.0,0.0,1.0,1.0,1.0,1.0,1.0,0.0,0.0,0.0,12.0,1.0,4.499809670330265,2.6390573296152584,8.308199063206446,8.61122983334262,9.164191715950205,5.0369526024136295,5.655991810819852,1.0,0.0,0.0,0.0,62.40522875816993,0.5751989945538333,0.0,1.0,4.0,8.0,0.0
3880,True,train,0.0,1.0,1.0,2.0,1.0,1.0,40.0,399.0,69.0,1.0,0.0,1.0,0.0,1.0,0.0,0.0,0.0,1.0,0.0,0.0,0.0,1.0,0.0,0.0,0.0,0.0,0.0,0.0,0.0,0.0,0.0,0.0,0.0,0.0,0.0,0.0,0.0,0.0,0.0,0.0,0.0,0.0,0.0,5.991464547107982,4.248495242049359,0.6931471805599453,0.6931471805599453,1.0986122886681098,0.6931471805599453,0.6931471805599453,1.0,1.0,0.0,0.0,2.0,0.5,0.0,0.0,2.0,17.0,0.0
3887,True,train,0.0,3.0,3.0,6.0,3.0,1.0,32.0,5737.0,569.0,1.0,0.0,3.0,0.0,0.0,0.0,0.0,0.0,3.0,0.0,0.0,0.0,0.0,0.0,0.0,0.0,0.0,0.0,0.0,0.0,0.0,0.0,1.0,1.0,0.0,0.0,0.0,0.0,0.0,0.0,0.0,0.0,2.0,1.0,8.65486599654131,6.345636360828596,1.3862943611198906,1.3862943611198906,1.9459101490553128,1.3862943611198906,0.6931471805599453,1.0,1.0,0.0,1.0,2.0,0.5,0.0,0.0,0.0,11.0,0.0
3891,True,train,0.0,23.0,12.0,35.0,2.0,1.0,34.0,8642.0,891.0,1.0,0.0,2.0,0.0,0.0,0.0,0.0,0.0,2.0,0.0,0.0,0.0,0.0,0.0,0.0,0.0,0.0,0.0,0.0,0.0,0.0,0.0,1.0,1.0,0.0,0.0,0.0,0.0,0.0,0.0,0.0,0.0,2.0,1.0,9.064505023752638,6.79346613258001,3.1780538303479458,2.5649493574615367,3.58351893845611,1.0986122886681098,0.6931471805599453,1.0,1.0,0.0,1.0,17.5,0.3428571428571428,0.0,0.0,0.0,11.0,0.0
3895,True,train,0.0,28.0,88.0,116.0,7.0,1.0,25.0,521.0,69.0,1.0,0.0,7.0,1.0,4.0,0.0,0.0,0.0,7.0,0.0,0.0,1.0,1.0,0.0,0.0,0.0,0.0,1.0,1.0,1.0,0.0,1.0,0.0,0.0,0.0,1.0,1.0,0.0,0.0,0.0,0.0,0.0,6.0,1.0,6.257667587882639,4.248495242049359,3.367295829986474,4.48863636973214,4.762173934797756,2.079441541679836,0.6931471805599453,1.0,1.0,0.0,0.0,16.571428571428573,0.7586206896551724,0.0,0.0,1.0,6.0,0.0
3896,False,train,0.0,1.0,0.0,1.0,1.0,3.0,33.0,620.0,98.0,0.0,0.0,1.0,0.0,1.0,0.0,0.0,0.0,1.0,0.0,0.0,0.0,1.0,0.0,0.0,1.0,0.0,0.0,0.0,0.0,0.0,0.0,0.0,0.0,0.0,0.0,0.0,0.0,0.0,0.0,0.0,0.0,1.0,1.0,6.431331081933479,4.59511985013459,0.6931471805599453,0.0,0.6931471805599453,0.6931471805599453,1.3862943611198906,1.0,1.0,0.0,0.0,1.0,0.0,0.0,1.0,1.0,10.0,0.0
3897,False,train,0.0,0.0,0.0,0.0,0.0,2.0,39.0,103.0,18.0,0.0,0.0,0.0,0.0,0.0,0.0,0.0,0.0,0.0,0.0,0.0,0.0,0.0,0.0,0.0,1.0,0.0,0.0,0.0,0.0,0.0,0.0,0.0,0.0,0.0,0.0,0.0,0.0,0.0,0.0,0.0,0.0,1.0,1.0,4.6443908991413725,2.9444389791664403,0.0,0.0,0.0,0.0,1.0986122886681098,1.0,0.0,0.0,0.0,0.0,0.0,1.0,1.0,1.0,19.0,0.0
3907,True,train,0.0,61.0,0.0,61.0,3.0,1.0,41.0,1137.0,190.0,0.0,0.0,3.0,1.0,1.0,0.0,0.0,0.0,3.0,0.0,0.0,1.0,1.0,0.0,0.0,0.0,0.0,1.0,0.0,0.0,1.0,0.0,0.0,0.0,0.0,0.0,0.0,0.0,0.0,0.0,0.0,0.0,3.0,1.0,7.037027614686276,5.25227342804663,4.127134385045092,0.0,4.127134385045092,1.3862943611198906,0.6931471805599453,1.0,1.0,0.0,0.0,20.33333333333333,0.0,0.0,0.0,6.0,11.0,1.0
3910,False,train,0.0,20.0,1.0,21.0,2.0,1.0,38.0,869.0,143.0,0.0,0.0,2.0,1.0,0.0,0.0,0.0,0.0,2.0,0.0,0.0,1.0,0.0,0.0,0.0,0.0,0.0,1.0,0.0,0.0,0.0,0.0,0.0,0.0,0.0,0.0,0.0,0.0,0.0,0.0,0.0,0.0,2.0,1.0,6.76849321164863,4.969813299576001,3.044522437723423,0.6931471805599453,3.091042453358316,1.0986122886681098,0.6931471805599453,1.0,1.0,0.0,0.0,10.5,0.0476190476190476,0.0,0.0,1.0,8.0,0.0
3920,False,train,0.0,1.0,1.0,2.0,1.0,1.0,21.0,148.0,26.0,0.0,0.0,1.0,0.0,1.0,0.0,0.0,0.0,1.0,0.0,0.0,0.0,1.0,0.0,0.0,0.0,0.0,0.0,0.0,0.0,0.0,0.0,0.0,0.0,0.0,0.0,0.0,0.0,0.0,0.0,0.0,0.0,0.0,0.0,5.003946305945459,3.295836866004329,0.6931471805599453,0.6931471805599453,1.0986122886681098,0.6931471805599453,0.6931471805599453,1.0,0.0,0.0,0.0,2.0,0.5,0.0,0.0,0.0,21.0,0.0
3922,True,train,0.0,40.0,31.0,71.0,10.0,4.0,48.0,0.0,0.0,0.0,0.0,10.0,0.0,5.0,4.0,0.0,0.0,9.0,0.0,1.0,0.0,1.0,1.0,0.0,1.0,1.0,0.0,1.0,1.0,0.0,0.0,0.0,0.0,0.0,1.0,1.0,0.0,0.0,1.0,0.0,0.0,7.0,1.0,0.0,0.0,3.713572066704308,3.4657359027997265,4.276666119016055,2.3978952727983707,1.6094379124341005,0.0,0.0,0.0,0.0,7.1,0.4366197183098591,0.0,1.0,2.0,18.0,0.0
3924,False,train,0.0,1.0,1.0,2.0,1.0,1.0,52.0,1415.0,239.0,0.0,0.0,1.0,0.0,1.0,0.0,0.0,0.0,1.0,0.0,0.0,0.0,1.0,0.0,0.0,0.0,0.0,0.0,0.0,0.0,0.0,0.0,0.0,0.0,0.0,0.0,0.0,0.0,0.0,0.0,0.0,0.0,0.0,0.0,7.255591274253665,5.480638923341991,0.6931471805599453,0.6931471805599453,1.0986122886681098,0.6931471805599453,0.6931471805599453,1.0,1.0,0.0,0.0,2.0,0.5,0.0,0.0,6.0,22.0,1.0
3932,True,train,0.0,9.0,4.0,13.0,3.0,1.0,45.0,531.0,91.0,0.0,0.0,3.0,2.0,0.0,0.0,0.0,0.0,3.0,0.0,0.0,1.0,0.0,0.0,0.0,0.0,0.0,1.0,0.0,0.0,0.0,0.0,0.0,0.0,0.0,0.0,0.0,0.0,0.0,0.0,0.0,0.0,1.0,1.0,6.2766434893416445,4.5217885770490405,2.302585092994046,1.6094379124341005,2.6390573296152584,1.3862943611198906,0.6931471805599453,1.0,1.0,0.0,0.0,4.333333333333333,0.3076923076923077,0.0,0.0,2.0,13.0,0.0
3940,False,train,0.0,1.0,1.0,2.0,1.0,1.0,19.0,106.0,8.0,0.0,0.0,1.0,0.0,1.0,0.0,0.0,0.0,1.0,0.0,0.0,0.0,1.0,0.0,0.0,0.0,0.0,0.0,0.0,0.0,0.0,0.0,0.0,0.0,0.0,0.0,0.0,0.0,0.0,0.0,0.0,0.0,0.0,0.0,4.672828834461906,2.19722457733622,0.6931471805599453,0.6931471805599453,1.0986122886681098,0.6931471805599453,0.6931471805599453,1.0,0.0,0.0,0.0,2.0,0.5,0.0,0.0,1.0,20.0,0.0
3943,True,train,0.0,1.0,1.0,2.0,1.0,1.0,37.0,0.0,0.0,0.0,0.0,1.0,0.0,0.0,1.0,0.0,0.0,1.0,0.0,0.0,0.0,0.0,1.0,0.0,0.0,1.0,0.0,0.0,0.0,0.0,0.0,0.0,0.0,0.0,0.0,0.0,0.0,0.0,0.0,0.0,0.0,1.0,1.0,0.0,0.0,0.6931471805599453,0.6931471805599453,1.0986122886681098,0.6931471805599453,0.6931471805599453,0.0,0.0,0.0,0.0,2.0,0.5,0.0,0.0,0.0,17.0,0.0
3946,False,train,0.0,2.0,1.0,3.0,1.0,1.0,35.0,66.0,12.0,1.0,0.0,1.0,0.0,1.0,0.0,0.0,0.0,1.0,0.0,0.0,0.0,1.0,0.0,0.0,0.0,0.0,0.0,0.0,0.0,0.0,0.0,0.0,0.0,0.0,0.0,0.0,0.0,0.0,0.0,0.0,0.0,1.0,1.0,4.204692619390966,2.5649493574615367,1.0986122886681098,0.6931471805599453,1.3862943611198906,0.6931471805599453,0.6931471805599453,1.0,0.0,0.0,0.0,3.0,0.3333333333333333,0.0,0.0,5.0,15.0,1.0
3951,False,train,0.0,30.0,3.0,33.0,4.0,3.0,37.0,544.0,92.0,0.0,0.0,4.0,1.0,2.0,0.0,0.0,0.0,4.0,0.0,0.0,1.0,1.0,0.0,0.0,1.0,0.0,1.0,0.0,1.0,0.0,0.0,0.0,0.0,0.0,0.0,0.0,0.0,0.0,0.0,0.0,0.0,3.0,1.0,6.300785794663244,4.532599493153256,3.4339872044851463,1.3862943611198906,3.5263605246161616,1.6094379124341005,1.3862943611198906,1.0,1.0,0.0,0.0,8.25,0.0909090909090909,0.0,1.0,0.0,9.0,0.0
3952,True,train,0.0,1.0,1.0,2.0,1.0,1.0,37.0,0.0,0.0,0.0,0.0,1.0,0.0,0.0,1.0,0.0,0.0,1.0,0.0,0.0,0.0,0.0,1.0,0.0,0.0,1.0,0.0,0.0,0.0,0.0,0.0,0.0,0.0,0.0,0.0,0.0,0.0,0.0,0.0,0.0,0.0,1.0,1.0,0.0,0.0,0.6931471805599453,0.6931471805599453,1.0986122886681098,0.6931471805599453,0.6931471805599453,0.0,0.0,0.0,0.0,2.0,0.5,0.0,0.0,0.0,17.0,0.0
3971,True,train,0.0,52.0,49.0,101.0,2.0,1.0,40.0,166.0,12.0,0.0,0.0,2.0,0.0,0.0,0.0,0.0,0.0,2.0,0.0,0.0,0.0,0.0,0.0,0.0,0.0,0.0,0.0,1.0,0.0,0.0,1.0,0.0,0.0,0.0,0.0,0.0,0.0,0.0,0.0,0.0,0.0,2.0,1.0,5.117993812416755,2.5649493574615367,3.970291913552122,3.912023005428146,4.624972813284271,1.0986122886681098,0.6931471805599453,1.0,0.0,0.0,0.0,50.5,0.4851485148514851,0.0,0.0,5.0,16.0,1.0
3975,False,train,0.0,134.0,6.0,140.0,7.0,2.0,49.0,1111.0,140.0,0.0,0.0,7.0,1.0,2.0,0.0,0.0,0.0,7.0,0.0,0.0,1.0,1.0,0.0,0.0,1.0,0.0,1.0,0.0,1.0,1.0,1.0,0.0,0.0,0.0,1.0,0.0,0.0,0.0,0.0,0.0,0.0,7.0,1.0,7.013915474810528,4.948759890378168,4.90527477843843,1.9459101490553128,4.948759890378168,2.079441541679836,1.0986122886681098,1.0,1.0,0.0,0.0,20.0,0.0428571428571428,0.0,1.0,2.0,5.0,0.0
3982,False,train,0.0,2.0,0.0,2.0,1.0,1.0,11.0,19.0,3.0,0.0,0.0,1.0,0.0,1.0,0.0,0.0,0.0,1.0,0.0,0.0,0.0,1.0,0.0,0.0,0.0,0.0,0.0,0.0,0.0,0.0,0.0,0.0,0.0,0.0,0.0,0.0,0.0,0.0,0.0,0.0,0.0,0.0,0.0,2.995732273553991,1.3862943611198906,1.0986122886681098,0.0,1.0986122886681098,0.6931471805599453,0.6931471805599453,1.0,0.0,1.0,0.0,2.0,0.0,0.0,0.0,2.0,16.0,0.0
3989,True,train,0.0,74.0,108.0,182.0,6.0,3.0,18.0,426.0,76.0,1.0,0.0,6.0,1.0,1.0,0.0,0.0,0.0,6.0,0.0,0.0,1.0,1.0,0.0,0.0,1.0,0.0,1.0,1.0,1.0,1.0,1.0,0.0,0.0,0.0,0.0,0.0,0.0,0.0,0.0,0.0,0.0,6.0,1.0,6.056784013228625,4.343805421853684,4.31748811353631,4.691347882229144,5.209486152841421,1.9459101490553128,1.3862943611198906,1.0,1.0,0.0,0.0,30.33333333333333,0.5934065934065934,0.0,1.0,6.0,19.0,1.0
4011,True,train,0.0,9.0,13.0,22.0,3.0,1.0,31.0,58.0,8.0,0.0,0.0,3.0,0.0,0.0,0.0,0.0,0.0,3.0,0.0,0.0,0.0,0.0,0.0,0.0,0.0,0.0,0.0,0.0,0.0,0.0,0.0,0.0,0.0,0.0,0.0,0.0,0.0,0.0,0.0,0.0,0.0,0.0,0.0,4.07753744390572,2.19722457733622,2.302585092994046,2.6390573296152584,3.1354942159291497,1.3862943611198906,0.6931471805599453,1.0,0.0,0.0,0.0,7.333333333333333,0.5909090909090909,0.0,0.0,1.0,22.0,0.0
4013,False,train,0.0,12.0,4.0,16.0,4.0,6.0,42.0,92.0,13.0,0.0,0.0,4.0,0.0,2.0,1.0,0.0,0.0,4.0,0.0,0.0,0.0,1.0,1.0,0.0,1.0,1.0,0.0,0.0,1.0,0.0,0.0,0.0,0.0,0.0,0.0,0.0,0.0,0.0,0.0,0.0,0.0,3.0,1.0,4.532599493153256,2.6390573296152584,2.5649493574615367,1.6094379124341005,2.833213344056216,1.6094379124341005,1.9459101490553128,1.0,0.0,0.0,0.0,4.0,0.25,0.0,1.0,2.0,5.0,0.0
4033,False,train,0.0,0.0,0.0,0.0,0.0,0.0,22.0,82.0,3.0,1.0,0.0,0.0,0.0,0.0,0.0,0.0,0.0,0.0,0.0,0.0,0.0,0.0,0.0,0.0,1.0,0.0,0.0,0.0,0.0,0.0,0.0,0.0,0.0,0.0,0.0,0.0,0.0,0.0,0.0,0.0,0.0,1.0,1.0,4.418840607796598,1.3862943611198906,0.0,0.0,0.0,0.0,0.0,1.0,0.0,0.0,0.0,0.0,0.0,1.0,0.0,3.0,6.0,0.0
4047,True,train,0.0,11.0,9.0,20.0,3.0,1.0,58.0,598.0,94.0,0.0,0.0,3.0,0.0,1.0,1.0,0.0,0.0,3.0,0.0,0.0,0.0,1.0,1.0,0.0,0.0,1.0,0.0,0.0,0.0,0.0,0.0,0.0,0.0,0.0,0.0,0.0,0.0,0.0,0.0,0.0,0.0,1.0,1.0,6.395261598115449,4.553876891600541,2.4849066497880004,2.302585092994046,3.044522437723423,1.3862943611198906,0.6931471805599453,1.0,1.0,0.0,0.0,6.666666666666667,0.45,0.0,0.0,3.0,23.0,0.0
4070,False,train,0.0,56.0,2.0,58.0,2.0,1.0,43.0,1088.0,184.0,0.0,0.0,2.0,1.0,0.0,0.0,0.0,0.0,2.0,0.0,0.0,1.0,0.0,0.0,0.0,0.0,0.0,1.0,0.0,0.0,1.0,0.0,0.0,0.0,0.0,0.0,0.0,0.0,0.0,0.0,0.0,0.0,2.0,1.0,6.9930151229329605,5.220355825078324,4.04305126783455,1.0986122886681098,4.07753744390572,1.0986122886681098,0.6931471805599453,1.0,1.0,0.0,0.0,29.0,0.0344827586206896,0.0,0.0,0.0,19.0,0.0
4071,True,train,0.0,36.0,11.0,47.0,4.0,4.0,32.0,920.0,149.0,1.0,0.0,4.0,0.0,1.0,0.0,0.0,0.0,4.0,0.0,0.0,0.0,1.0,0.0,0.0,1.0,0.0,0.0,0.0,1.0,0.0,0.0,0.0,0.0,0.0,0.0,0.0,0.0,0.0,0.0,0.0,0.0,2.0,1.0,6.825460036255307,5.010635294096256,3.610917912644224,2.4849066497880004,3.871201010907891,1.6094379124341005,1.6094379124341005,1.0,1.0,0.0,0.0,11.75,0.2340425531914893,0.0,1.0,0.0,21.0,0.0
4100,True,train,0.0,1.0,1.0,2.0,1.0,1.0,35.0,0.0,0.0,1.0,0.0,1.0,0.0,1.0,0.0,0.0,0.0,1.0,0.0,0.0,0.0,1.0,0.0,0.0,0.0,0.0,0.0,0.0,0.0,0.0,0.0,0.0,0.0,0.0,0.0,0.0,0.0,0.0,0.0,0.0,0.0,0.0,0.0,0.0,0.0,0.6931471805599453,0.6931471805599453,1.0986122886681098,0.6931471805599453,0.6931471805599453,0.0,0.0,0.0,0.0,2.0,0.5,0.0,0.0,0.0,8.0,0.0
4111,False,train,0.0,5.0,1.0,6.0,1.0,2.0,35.0,279.0,50.0,0.0,0.0,1.0,0.0,1.0,0.0,0.0,0.0,1.0,0.0,0.0,0.0,1.0,0.0,0.0,1.0,0.0,0.0,0.0,0.0,0.0,0.0,0.0,0.0,0.0,0.0,0.0,0.0,0.0,0.0,0.0,0.0,1.0,1.0,5.634789603169249,3.9318256327243257,1.791759469228055,0.6931471805599453,1.9459101490553128,0.6931471805599453,1.0986122886681098,1.0,1.0,0.0,0.0,6.0,0.1666666666666666,0.0,1.0,3.0,19.0,0.0
4133,False,train,0.0,42.0,0.0,42.0,3.0,3.0,22.0,668.0,119.0,0.0,0.0,3.0,1.0,1.0,0.0,0.0,0.0,3.0,0.0,0.0,1.0,1.0,0.0,0.0,1.0,0.0,1.0,0.0,0.0,0.0,0.0,0.0,0.0,0.0,0.0,0.0,0.0,0.0,0.0,0.0,0.0,2.0,1.0,6.505784060128229,4.787491742782046,3.7612001156935615,0.0,3.7612001156935615,1.3862943611198906,1.3862943611198906,1.0,1.0,0.0,0.0,14.0,0.0,0.0,1.0,5.0,16.0,1.0
4139,True,train,0.0,45.0,41.0,86.0,2.0,1.0,35.0,485.0,82.0,1.0,0.0,2.0,0.0,1.0,0.0,1.0,0.0,2.0,0.0,0.0,0.0,1.0,0.0,1.0,0.0,0.0,0.0,1.0,0.0,0.0,1.0,0.0,0.0,0.0,0.0,0.0,1.0,0.0,0.0,0.0,0.0,4.0,1.0,6.186208623900494,4.418840607796598,3.828641396489095,3.737669618283368,4.465908118654584,1.0986122886681098,0.6931471805599453,1.0,1.0,0.0,0.0,43.0,0.4767441860465116,0.0,0.0,0.0,14.0,0.0
4173,False,train,0.0,2814.0,2050.0,4864.0,23.0,4.0,55.0,9.0,1.0,0.0,0.0,23.0,0.0,0.0,0.0,1.0,3.0,19.0,1.0,0.0,0.0,0.0,0.0,1.0,1.0,0.0,0.0,1.0,1.0,1.0,1.0,0.0,0.0,1.0,1.0,0.0,1.0,1.0,0.0,0.0,0.0,9.0,1.0,2.302585092994046,0.6931471805599453,7.942717540573791,7.62608275807238,8.489821994620105,3.1780538303479458,1.6094379124341005,1.0,0.0,0.0,0.0,211.4782608695652,0.4214638157894737,0.0,1.0,3.0,20.0,0.0
4175,True,train,0.0,2.0,2.0,4.0,1.0,1.0,22.0,173.0,20.0,1.0,0.0,1.0,0.0,1.0,0.0,0.0,0.0,1.0,0.0,0.0,0.0,1.0,0.0,0.0,0.0,0.0,0.0,0.0,0.0,0.0,0.0,0.0,0.0,0.0,0.0,0.0,0.0,0.0,0.0,0.0,0.0,0.0,0.0,5.159055299214529,3.044522437723423,1.0986122886681098,1.0986122886681098,1.6094379124341005,0.6931471805599453,0.6931471805599453,1.0,0.0,0.0,0.0,4.0,0.5,0.0,0.0,5.0,11.0,1.0
4181,True,train,0.0,3.0,1.0,4.0,1.0,1.0,34.0,10638.0,641.0,1.0,0.0,1.0,0.0,0.0,0.0,0.0,0.0,1.0,0.0,0.0,0.0,0.0,0.0,0.0,0.0,0.0,0.0,0.0,0.0,0.0,0.0,1.0,1.0,0.0,0.0,0.0,0.0,0.0,0.0,0.0,0.0,2.0,1.0,9.272281773516363,6.464588303689961,1.3862943611198906,0.6931471805599453,1.6094379124341005,0.6931471805599453,0.6931471805599453,1.0,1.0,0.0,1.0,4.0,0.25,0.0,0.0,3.0,8.0,0.0
4184,True,train,0.0,24.0,24.0,48.0,2.0,1.0,36.0,4298.0,371.0,1.0,0.0,2.0,0.0,0.0,0.0,0.0,0.0,2.0,0.0,0.0,0.0,0.0,0.0,0.0,0.0,0.0,0.0,1.0,0.0,0.0,0.0,1.0,1.0,0.0,0.0,0.0,0.0,0.0,0.0,0.0,0.0,3.0,1.0,8.366137716496281,5.918893854273146,3.218875824868201,3.218875824868201,3.8918202981106265,1.0986122886681098,0.6931471805599453,1.0,1.0,0.0,1.0,24.0,0.5,0.0,0.0,3.0,8.0,0.0
4186,False,train,1.0,16.0,6.0,22.0,2.0,1.0,51.0,991.0,171.0,0.0,0.0,2.0,0.0,1.0,0.0,0.0,0.0,2.0,0.0,0.0,0.0,1.0,0.0,0.0,0.0,0.0,0.0,0.0,0.0,0.0,0.0,0.0,0.0,0.0,0.0,0.0,0.0,0.0,0.0,0.0,0.0,1.0,1.0,6.899723107284872,5.147494476813453,2.833213344056216,1.9459101490553128,3.1354942159291497,1.0986122886681098,0.6931471805599453,1.0,1.0,0.0,0.0,11.0,0.2727272727272727,0.0,0.0,0.0,7.0,0.0
4190,True,train,0.0,4.0,5.0,9.0,2.0,2.0,41.0,193.0,22.0,1.0,0.0,2.0,0.0,2.0,0.0,0.0,0.0,2.0,0.0,0.0,0.0,1.0,0.0,0.0,1.0,0.0,0.0,0.0,0.0,0.0,0.0,0.0,0.0,0.0,0.0,0.0,0.0,0.0,0.0,0.0,0.0,2.0,1.0,5.267858159063328,3.1354942159291497,1.6094379124341005,1.791759469228055,2.302585092994046,1.0986122886681098,1.0986122886681098,1.0,0.0,0.0,0.0,4.5,0.5555555555555556,0.0,1.0,2.0,7.0,0.0
4196,False,train,0.0,3.0,4.0,7.0,1.0,1.0,49.0,252.0,37.0,0.0,0.0,1.0,1.0,0.0,0.0,0.0,0.0,1.0,0.0,0.0,1.0,0.0,0.0,0.0,0.0,0.0,1.0,0.0,0.0,0.0,0.0,0.0,0.0,0.0,0.0,0.0,0.0,0.0,0.0,0.0,0.0,1.0,1.0,5.53338948872752,3.6375861597263857,1.3862943611198906,1.6094379124341005,2.079441541679836,0.6931471805599453,0.6931471805599453,1.0,0.0,0.0,0.0,7.0,0.5714285714285714,0.0,0.0,4.0,16.0,0.0
4200,False,train,0.0,9.0,0.0,9.0,1.0,3.0,18.0,92.0,17.0,0.0,0.0,1.0,0.0,1.0,0.0,0.0,0.0,1.0,0.0,0.0,0.0,1.0,0.0,0.0,1.0,0.0,0.0,0.0,0.0,0.0,0.0,0.0,0.0,0.0,0.0,0.0,0.0,0.0,0.0,0.0,0.0,1.0,1.0,4.532599493153256,2.8903717578961645,2.302585092994046,0.0,2.302585092994046,0.6931471805599453,1.3862943611198906,1.0,0.0,0.0,0.0,9.0,0.0,0.0,1.0,2.0,18.0,0.0
4209,True,train,0.0,6.0,6.0,12.0,2.0,1.0,31.0,7516.0,574.0,1.0,0.0,2.0,0.0,0.0,0.0,0.0,0.0,2.0,0.0,0.0,0.0,0.0,0.0,0.0,0.0,0.0,0.0,0.0,0.0,0.0,0.0,1.0,1.0,0.0,0.0,0.0,0.0,0.0,0.0,0.0,0.0,2.0,1.0,8.924922401177469,6.354370040797351,1.9459101490553128,1.9459101490553128,2.5649493574615367,1.0986122886681098,0.6931471805599453,1.0,1.0,0.0,1.0,6.0,0.5,0.0,0.0,6.0,8.0,1.0
4221,True,train,0.0,1.0,1.0,2.0,1.0,1.0,50.0,159.0,25.0,1.0,0.0,1.0,0.0,1.0,0.0,0.0,0.0,1.0,0.0,0.0,0.0,1.0,0.0,0.0,0.0,0.0,0.0,0.0,0.0,0.0,0.0,0.0,0.0,0.0,0.0,0.0,0.0,0.0,0.0,0.0,0.0,0.0,0.0,5.075173815233827,3.258096538021482,0.6931471805599453,0.6931471805599453,1.0986122886681098,0.6931471805599453,0.6931471805599453,1.0,0.0,0.0,0.0,2.0,0.5,0.0,0.0,3.0,6.0,0.0
4223,False,train,0.0,21.0,0.0,21.0,4.0,3.0,58.0,1705.0,267.0,0.0,0.0,4.0,0.0,2.0,0.0,0.0,0.0,4.0,0.0,0.0,0.0,1.0,0.0,0.0,1.0,0.0,0.0,0.0,1.0,0.0,0.0,0.0,0.0,0.0,0.0,0.0,0.0,0.0,0.0,0.0,0.0,2.0,1.0,7.441906728051625,5.5909869805108565,3.091042453358316,0.0,3.091042453358316,1.6094379124341005,1.3862943611198906,1.0,1.0,0.0,0.0,5.25,0.0,0.0,1.0,3.0,20.0,0.0
4234,True,train,0.0,3.0,4.0,7.0,1.0,1.0,57.0,55.0,10.0,1.0,0.0,1.0,0.0,1.0,0.0,0.0,0.0,1.0,0.0,0.0,0.0,1.0,0.0,0.0,0.0,0.0,0.0,0.0,0.0,0.0,0.0,0.0,0.0,0.0,0.0,0.0,0.0,0.0,0.0,0.0,0.0,0.0,0.0,4.02535169073515,2.3978952727983707,1.3862943611198906,1.6094379124341005,2.079441541679836,0.6931471805599453,0.6931471805599453,1.0,0.0,0.0,0.0,7.0,0.5714285714285714,0.0,0.0,4.0,11.0,0.0
4237,False,train,0.0,16.0,5.0,21.0,2.0,1.0,14.0,1001.0,172.0,0.0,0.0,2.0,0.0,1.0,0.0,0.0,0.0,2.0,0.0,0.0,0.0,1.0,0.0,0.0,0.0,0.0,0.0,0.0,0.0,0.0,0.0,0.0,0.0,0.0,0.0,0.0,0.0,0.0,0.0,0.0,0.0,0.0,0.0,6.90975328164481,5.153291594497779,2.833213344056216,1.791759469228055,3.091042453358316,1.0986122886681098,0.6931471805599453,1.0,1.0,1.0,0.0,10.5,0.238095238095238,0.0,0.0,6.0,9.0,1.0
4250,False,train,0.0,4.0,11.0,15.0,3.0,1.0,35.0,326.0,56.0,0.0,0.0,3.0,0.0,1.0,0.0,0.0,0.0,3.0,0.0,0.0,0.0,1.0,0.0,0.0,0.0,0.0,0.0,0.0,0.0,0.0,0.0,0.0,0.0,0.0,0.0,0.0,0.0,0.0,0.0,0.0,0.0,0.0,0.0,5.7899601708972535,4.04305126783455,1.6094379124341005,2.4849066497880004,2.772588722239781,1.3862943611198906,0.6931471805599453,1.0,1.0,0.0,0.0,5.0,0.7333333333333333,0.0,0.0,6.0,17.0,1.0
4254,True,train,0.0,1.0,1.0,2.0,1.0,1.0,30.0,5688.0,463.0,1.0,0.0,1.0,0.0,0.0,0.0,0.0,0.0,1.0,0.0,0.0,0.0,0.0,0.0,0.0,0.0,0.0,0.0,0.0,0.0,0.0,0.0,1.0,1.0,0.0,0.0,0.0,0.0,0.0,0.0,0.0,0.0,2.0,1.0,8.646289764750648,6.139884552226255,0.6931471805599453,0.6931471805599453,1.0986122886681098,0.6931471805599453,0.6931471805599453,1.0,1.0,0.0,1.0,2.0,0.5,0.0,0.0,2.0,8.0,0.0
4263,False,train,0.0,16.0,9.0,25.0,2.0,5.0,51.0,991.0,170.0,0.0,0.0,2.0,0.0,1.0,0.0,0.0,0.0,2.0,0.0,0.0,0.0,1.0,0.0,0.0,1.0,0.0,0.0,0.0,0.0,0.0,0.0,0.0,0.0,0.0,0.0,0.0,0.0,0.0,0.0,0.0,0.0,2.0,1.0,6.899723107284872,5.14166355650266,2.833213344056216,2.302585092994046,3.258096538021482,1.0986122886681098,1.791759469228055,1.0,1.0,0.0,0.0,12.5,0.36,0.0,1.0,4.0,15.0,0.0
4266,True,train,0.0,1.0,1.0,2.0,1.0,1.0,31.0,66.0,6.0,0.0,0.0,1.0,0.0,1.0,0.0,0.0,0.0,1.0,0.0,0.0,0.0,1.0,0.0,0.0,0.0,0.0,0.0,0.0,0.0,0.0,0.0,0.0,0.0,0.0,0.0,0.0,0.0,0.0,0.0,0.0,0.0,0.0,0.0,4.204692619390966,1.9459101490553128,0.6931471805599453,0.6931471805599453,1.0986122886681098,0.6931471805599453,0.6931471805599453,1.0,0.0,0.0,0.0,2.0,0.5,0.0,0.0,1.0,16.0,0.0
4271,True,train,0.0,1.0,1.0,2.0,1.0,1.0,33.0,121.0,21.0,1.0,0.0,1.0,0.0,1.0,0.0,0.0,0.0,1.0,0.0,0.0,0.0,1.0,0.0,0.0,0.0,0.0,0.0,0.0,0.0,0.0,0.0,0.0,0.0,0.0,0.0,0.0,0.0,0.0,0.0,0.0,0.0,0.0,0.0,4.804021044733257,3.091042453358316,0.6931471805599453,0.6931471805599453,1.0986122886681098,0.6931471805599453,0.6931471805599453,1.0,0.0,0.0,0.0,2.0,0.5,0.0,0.0,0.0,8.0,0.0
4272,False,train,0.0,27207.0,18685.0,45892.0,377.0,2701.0,27.0,504.0,87.0,0.0,0.0,377.0,66.0,132.0,14.0,13.0,148.0,66.0,143.0,20.0,1.0,1.0,1.0,1.0,1.0,1.0,1.0,1.0,1.0,1.0,1.0,0.0,0.0,1.0,1.0,1.0,1.0,1.0,1.0,0.0,0.0,13.0,1.0,6.22455842927536,4.477336814478207,10.211266326687031,9.8355298593529,10.734067878971876,5.934894195619588,7.901747518520144,1.0,1.0,0.0,0.0,121.72944297082228,0.4071515732589558,0.0,1.0,2.0,8.0,0.0
4274,False,train,0.0,18.0,7.0,25.0,6.0,61.0,27.0,54.0,6.0,0.0,0.0,6.0,0.0,2.0,2.0,0.0,0.0,6.0,0.0,0.0,0.0,1.0,1.0,0.0,1.0,1.0,0.0,0.0,1.0,0.0,0.0,0.0,0.0,0.0,0.0,0.0,0.0,0.0,0.0,0.0,0.0,3.0,1.0,4.007333185232471,1.9459101490553128,2.9444389791664403,2.079441541679836,3.258096538021482,1.9459101490553128,4.127134385045092,1.0,0.0,0.0,0.0,4.166666666666667,0.28,0.0,1.0,2.0,12.0,0.0
4276,False,train,0.0,1.0,1.0,2.0,1.0,1.0,34.0,7202.0,480.0,1.0,0.0,1.0,0.0,0.0,0.0,0.0,0.0,1.0,0.0,0.0,0.0,0.0,0.0,0.0,0.0,0.0,0.0,0.0,0.0,0.0,0.0,1.0,1.0,0.0,0.0,0.0,0.0,0.0,0.0,0.0,0.0,2.0,1.0,8.882252884889363,6.175867270105761,0.6931471805599453,0.6931471805599453,1.0986122886681098,0.6931471805599453,0.6931471805599453,1.0,1.0,0.0,1.0,2.0,0.5,0.0,0.0,4.0,8.0,0.0
4281,False,train,0.0,2.0,2.0,4.0,2.0,1.0,43.0,2064.0,262.0,1.0,0.0,2.0,0.0,0.0,0.0,0.0,0.0,2.0,0.0,0.0,0.0,0.0,0.0,0.0,0.0,0.0,0.0,0.0,0.0,0.0,0.0,0.0,0.0,0.0,0.0,0.0,0.0,0.0,0.0,0.0,0.0,0.0,0.0,7.632885505395133,5.572154032177765,1.0986122886681098,1.0986122886681098,1.6094379124341005,1.0986122886681098,0.6931471805599453,1.0,1.0,0.0,0.0,2.0,0.5,0.0,0.0,4.0,8.0,0.0
4283,True,train,0.0,21.0,20.0,41.0,5.0,1.0,22.0,25.0,3.0,0.0,0.0,5.0,0.0,0.0,0.0,0.0,0.0,5.0,0.0,0.0,0.0,0.0,0.0,0.0,0.0,0.0,0.0,1.0,1.0,0.0,0.0,0.0,0.0,0.0,0.0,0.0,0.0,0.0,0.0,0.0,0.0,2.0,1.0,3.258096538021482,1.3862943611198906,3.091042453358316,3.044522437723423,3.737669618283368,1.791759469228055,0.6931471805599453,1.0,0.0,0.0,0.0,8.2,0.4878048780487805,0.0,0.0,4.0,16.0,0.0
4287,True,train,0.0,2.0,2.0,4.0,2.0,1.0,21.0,0.0,0.0,0.0,0.0,2.0,0.0,1.0,0.0,0.0,0.0,2.0,0.0,0.0,0.0,1.0,0.0,0.0,0.0,0.0,0.0,0.0,0.0,0.0,0.0,0.0,0.0,0.0,0.0,0.0,0.0,0.0,0.0,0.0,0.0,0.0,0.0,0.0,0.0,1.0986122886681098,1.0986122886681098,1.6094379124341005,1.0986122886681098,0.6931471805599453,0.0,0.0,0.0,0.0,2.0,0.5,0.0,0.0,0.0,14.0,0.0
4298,True,train,0.0,2.0,8.0,10.0,2.0,1.0,27.0,2609.0,334.0,0.0,0.0,2.0,0.0,1.0,0.0,0.0,0.0,2.0,0.0,0.0,0.0,1.0,0.0,0.0,0.0,0.0,0.0,0.0,0.0,0.0,0.0,1.0,1.0,0.0,0.0,0.0,0.0,0.0,0.0,0.0,0.0,3.0,1.0,7.867105500316739,5.814130531825066,1.0986122886681098,2.19722457733622,2.3978952727983707,1.0986122886681098,0.6931471805599453,1.0,1.0,0.0,1.0,5.0,0.8,0.0,0.0,3.0,13.0,0.0
4304,True,train,0.0,1.0,1.0,2.0,1.0,1.0,57.0,102.0,9.0,0.0,0.0,1.0,0.0,1.0,0.0,0.0,0.0,1.0,0.0,0.0,0.0,1.0,0.0,0.0,0.0,0.0,0.0,0.0,0.0,0.0,0.0,0.0,0.0,0.0,0.0,0.0,0.0,0.0,0.0,0.0,0.0,0.0,0.0,4.634728988229636,2.302585092994046,0.6931471805599453,0.6931471805599453,1.0986122886681098,0.6931471805599453,0.6931471805599453,1.0,0.0,0.0,0.0,2.0,0.5,0.0,0.0,0.0,8.0,0.0
4319,False,train,0.0,2.0,2.0,4.0,2.0,1.0,31.0,5395.0,448.0,1.0,0.0,2.0,0.0,0.0,0.0,0.0,0.0,2.0,0.0,0.0,0.0,0.0,0.0,0.0,0.0,0.0,0.0,0.0,0.0,0.0,0.0,1.0,1.0,0.0,0.0,0.0,0.0,0.0,0.0,0.0,0.0,2.0,1.0,8.593413217327646,6.107022887742255,1.0986122886681098,1.0986122886681098,1.6094379124341005,1.0986122886681098,0.6931471805599453,1.0,1.0,0.0,1.0,2.0,0.5,0.0,0.0,0.0,8.0,0.0
4324,False,train,0.0,2.0,2.0,4.0,2.0,1.0,42.0,2062.0,262.0,1.0,0.0,2.0,0.0,0.0,0.0,0.0,0.0,2.0,0.0,0.0,0.0,0.0,0.0,0.0,0.0,0.0,0.0,0.0,0.0,0.0,0.0,0.0,0.0,0.0,0.0,0.0,0.0,0.0,0.0,0.0,0.0,0.0,0.0,7.631916513071252,5.572154032177765,1.0986122886681098,1.0986122886681098,1.6094379124341005,1.0986122886681098,0.6931471805599453,1.0,1.0,0.0,0.0,2.0,0.5,0.0,0.0,0.0,8.0,0.0
4326,True,train,0.0,37.0,37.0,74.0,5.0,1.0,19.0,0.0,0.0,0.0,0.0,5.0,0.0,0.0,1.0,0.0,0.0,5.0,0.0,0.0,0.0,0.0,1.0,0.0,0.0,1.0,0.0,1.0,1.0,0.0,0.0,0.0,0.0,0.0,0.0,0.0,0.0,0.0,0.0,0.0,0.0,3.0,1.0,0.0,0.0,3.6375861597263857,3.6375861597263857,4.31748811353631,1.791759469228055,0.6931471805599453,0.0,0.0,0.0,0.0,14.8,0.5,0.0,0.0,0.0,19.0,0.0
4335,True,train,0.0,178.0,82.0,260.0,15.0,3.0,15.0,390.0,49.0,0.0,0.0,15.0,2.0,5.0,3.0,0.0,0.0,15.0,0.0,0.0,1.0,1.0,1.0,0.0,1.0,1.0,1.0,1.0,1.0,1.0,1.0,0.0,0.0,0.0,1.0,1.0,0.0,0.0,0.0,0.0,0.0,9.0,1.0,5.968707559985366,3.912023005428146,5.187385805840755,4.418840607796598,5.564520407322694,2.772588722239781,1.3862943611198906,1.0,0.0,0.0,0.0,17.333333333333332,0.3153846153846154,0.0,1.0,4.0,2.0,0.0
4343,True,train,0.0,78.0,22.0,100.0,5.0,2.0,40.0,207.0,34.0,1.0,0.0,5.0,0.0,5.0,0.0,0.0,0.0,5.0,0.0,0.0,0.0,1.0,0.0,0.0,1.0,0.0,0.0,1.0,1.0,1.0,1.0,0.0,0.0,0.0,0.0,1.0,0.0,0.0,0.0,0.0,0.0,6.0,1.0,5.337538079701318,3.555348061489413,4.3694478524670215,3.1354942159291497,4.61512051684126,1.791759469228055,1.0986122886681098,1.0,0.0,0.0,0.0,20.0,0.22,0.0,1.0,1.0,16.0,0.0
4358,False,train,0.0,2.0,2.0,4.0,2.0,1.0,39.0,7827.0,672.0,1.0,0.0,2.0,0.0,0.0,0.0,0.0,0.0,2.0,0.0,0.0,0.0,0.0,0.0,0.0,0.0,0.0,0.0,0.0,0.0,0.0,0.0,1.0,1.0,0.0,0.0,0.0,0.0,0.0,0.0,0.0,0.0,3.0,1.0,8.965462328515967,6.511745329644728,1.0986122886681098,1.0986122886681098,1.6094379124341005,1.0986122886681098,0.6931471805599453,1.0,1.0,0.0,1.0,2.0,0.5,0.0,0.0,2.0,8.0,0.0
4363,False,train,0.0,2.0,2.0,4.0,2.0,1.0,46.0,6108.0,436.0,1.0,0.0,2.0,0.0,0.0,0.0,0.0,0.0,2.0,0.0,0.0,0.0,0.0,0.0,0.0,0.0,0.0,0.0,0.0,0.0,0.0,0.0,1.0,1.0,0.0,0.0,0.0,0.0,0.0,0.0,0.0,0.0,3.0,1.0,8.717518372649767,6.07993319509559,1.0986122886681098,1.0986122886681098,1.6094379124341005,1.0986122886681098,0.6931471805599453,1.0,1.0,0.0,1.0,2.0,0.5,0.0,0.0,2.0,8.0,0.0
4368,False,train,0.0,36.0,36.0,72.0,4.0,1.0,19.0,184.0,26.0,1.0,0.0,4.0,0.0,0.0,0.0,0.0,0.0,4.0,0.0,0.0,0.0,0.0,0.0,0.0,0.0,0.0,0.0,1.0,1.0,0.0,0.0,0.0,0.0,0.0,0.0,0.0,0.0,0.0,0.0,0.0,0.0,2.0,1.0,5.220355825078324,3.295836866004329,3.610917912644224,3.610917912644224,4.290459441148391,1.6094379124341005,0.6931471805599453,1.0,0.0,0.0,0.0,18.0,0.5,0.0,0.0,3.0,2.0,0.0
4374,False,train,0.0,10.0,4.0,14.0,1.0,2.0,23.0,161.0,26.0,0.0,0.0,1.0,0.0,1.0,0.0,0.0,0.0,1.0,0.0,0.0,0.0,1.0,0.0,0.0,1.0,0.0,0.0,0.0,0.0,0.0,0.0,0.0,0.0,0.0,0.0,0.0,0.0,0.0,0.0,0.0,0.0,1.0,1.0,5.087596335232384,3.295836866004329,2.3978952727983707,1.6094379124341005,2.70805020110221,0.6931471805599453,1.0986122886681098,1.0,0.0,0.0,0.0,14.0,0.2857142857142857,0.0,1.0,3.0,3.0,0.0
4382,True,train,0.0,13.0,6.0,19.0,1.0,1.0,57.0,117.0,20.0,1.0,0.0,1.0,0.0,1.0,0.0,0.0,0.0,1.0,0.0,0.0,0.0,1.0,0.0,0.0,0.0,0.0,0.0,0.0,0.0,0.0,0.0,0.0,0.0,0.0,0.0,0.0,0.0,0.0,0.0,0.0,0.0,1.0,1.0,4.770684624465665,3.044522437723423,2.6390573296152584,1.9459101490553128,2.995732273553991,0.6931471805599453,0.6931471805599453,1.0,0.0,0.0,0.0,19.0,0.3157894736842105,0.0,0.0,6.0,4.0,1.0
4394,False,train,0.0,1.0,1.0,2.0,1.0,1.0,45.0,134.0,14.0,0.0,0.0,1.0,0.0,1.0,0.0,0.0,0.0,1.0,0.0,0.0,0.0,1.0,0.0,0.0,0.0,0.0,0.0,0.0,0.0,0.0,0.0,0.0,0.0,0.0,0.0,0.0,0.0,0.0,0.0,0.0,0.0,0.0,0.0,4.90527477843843,2.70805020110221,0.6931471805599453,0.6931471805599453,1.0986122886681098,0.6931471805599453,0.6931471805599453,1.0,0.0,0.0,0.0,2.0,0.5,0.0,0.0,1.0,16.0,0.0
4397,True,train,0.0,0.0,12.0,12.0,1.0,1.0,34.0,548.0,65.0,1.0,0.0,1.0,0.0,1.0,0.0,1.0,0.0,1.0,0.0,0.0,0.0,1.0,0.0,1.0,0.0,0.0,0.0,0.0,0.0,0.0,0.0,0.0,0.0,0.0,0.0,0.0,1.0,0.0,0.0,0.0,0.0,2.0,1.0,6.3080984415095305,4.189654742026425,0.0,2.5649493574615367,2.5649493574615367,0.6931471805599453,0.6931471805599453,1.0,1.0,0.0,0.0,12.0,1.0,0.0,0.0,4.0,5.0,0.0
4399,False,train,0.0,25.0,25.0,50.0,2.0,1.0,60.0,2341.0,306.0,2.0,0.0,2.0,0.0,0.0,0.0,0.0,0.0,2.0,0.0,0.0,0.0,0.0,0.0,0.0,0.0,0.0,0.0,1.0,0.0,0.0,0.0,1.0,0.0,0.0,0.0,0.0,0.0,0.0,0.0,0.0,0.0,3.0,1.0,7.758760544157663,5.726847747587197,3.258096538021482,3.258096538021482,3.9318256327243257,1.0986122886681098,0.6931471805599453,1.0,1.0,0.0,1.0,25.0,0.5,0.0,0.0,5.0,16.0,1.0
4401,False,train,0.0,25.0,25.0,50.0,2.0,1.0,59.0,2062.0,262.0,2.0,0.0,2.0,0.0,0.0,0.0,0.0,0.0,2.0,0.0,0.0,0.0,0.0,0.0,0.0,0.0,0.0,0.0,1.0,0.0,0.0,0.0,0.0,0.0,0.0,0.0,0.0,0.0,0.0,0.0,0.0,0.0,2.0,1.0,7.631916513071252,5.572154032177765,3.258096538021482,3.258096538021482,3.9318256327243257,1.0986122886681098,0.6931471805599453,1.0,1.0,0.0,0.0,25.0,0.5,0.0,0.0,5.0,16.0,1.0
4405,False,train,0.0,2.0,2.0,4.0,1.0,1.0,37.0,310.0,15.0,0.0,0.0,1.0,0.0,0.0,1.0,0.0,0.0,1.0,0.0,0.0,0.0,0.0,1.0,0.0,0.0,1.0,0.0,0.0,0.0,0.0,0.0,0.0,0.0,0.0,0.0,0.0,0.0,0.0,0.0,0.0,0.0,2.0,1.0,5.739792912179234,2.772588722239781,1.0986122886681098,1.0986122886681098,1.6094379124341005,0.6931471805599453,0.6931471805599453,1.0,0.0,0.0,0.0,4.0,0.5,0.0,0.0,0.0,21.0,0.0
4412,True,train,0.0,155.0,0.0,155.0,9.0,1.0,28.0,107.0,8.0,1.0,0.0,9.0,0.0,9.0,0.0,0.0,0.0,9.0,0.0,0.0,0.0,1.0,0.0,0.0,0.0,0.0,0.0,0.0,1.0,1.0,1.0,0.0,0.0,0.0,1.0,1.0,0.0,0.0,0.0,0.0,0.0,5.0,1.0,4.68213122712422,2.19722457733622,5.049856007249537,0.0,5.049856007249537,2.302585092994046,0.6931471805599453,1.0,0.0,0.0,0.0,17.22222222222222,0.0,0.0,0.0,1.0,13.0,0.0
4415,False,train,0.0,2.0,2.0,4.0,1.0,4.0,34.0,1163.0,199.0,0.0,0.0,1.0,0.0,1.0,0.0,1.0,0.0,1.0,0.0,0.0,0.0,1.0,0.0,1.0,1.0,0.0,0.0,0.0,0.0,0.0,0.0,0.0,0.0,0.0,0.0,0.0,1.0,0.0,0.0,0.0,0.0,2.0,1.0,7.059617628291383,5.298317366548036,1.0986122886681098,1.0986122886681098,1.6094379124341005,0.6931471805599453,1.6094379124341005,1.0,1.0,0.0,0.0,4.0,0.5,0.0,1.0,2.0,10.0,0.0
4432,True,train,0.0,2.0,1.0,3.0,1.0,1.0,45.0,587.0,103.0,0.0,0.0,1.0,0.0,0.0,0.0,0.0,0.0,1.0,0.0,0.0,0.0,0.0,0.0,0.0,0.0,0.0,0.0,0.0,0.0,0.0,0.0,0.0,0.0,0.0,0.0,0.0,0.0,0.0,0.0,0.0,0.0,1.0,1.0,6.376726947898627,4.6443908991413725,1.0986122886681098,0.6931471805599453,1.3862943611198906,0.6931471805599453,0.6931471805599453,1.0,1.0,0.0,0.0,3.0,0.3333333333333333,0.0,0.0,3.0,10.0,0.0
4435,False,train,0.0,25.0,25.0,50.0,2.0,1.0,59.0,2062.0,262.0,2.0,0.0,2.0,0.0,0.0,0.0,0.0,0.0,2.0,0.0,0.0,0.0,0.0,0.0,0.0,0.0,0.0,0.0,1.0,0.0,0.0,0.0,0.0,0.0,0.0,0.0,0.0,0.0,0.0,0.0,0.0,0.0,2.0,1.0,7.631916513071252,5.572154032177765,3.258096538021482,3.258096538021482,3.9318256327243257,1.0986122886681098,0.6931471805599453,1.0,1.0,0.0,0.0,25.0,0.5,0.0,0.0,1.0,16.0,0.0
4437,False,train,0.0,25.0,25.0,50.0,2.0,1.0,60.0,2064.0,262.0,2.0,0.0,2.0,0.0,0.0,0.0,0.0,0.0,2.0,0.0,0.0,0.0,0.0,0.0,0.0,0.0,0.0,0.0,1.0,0.0,0.0,0.0,0.0,0.0,0.0,0.0,0.0,0.0,0.0,0.0,0.0,0.0,2.0,1.0,7.632885505395133,5.572154032177765,3.258096538021482,3.258096538021482,3.9318256327243257,1.0986122886681098,0.6931471805599453,1.0,1.0,0.0,0.0,25.0,0.5,0.0,0.0,1.0,16.0,0.0
4439,False,train,0.0,25.0,25.0,50.0,2.0,1.0,49.0,4530.0,407.0,2.0,0.0,2.0,0.0,0.0,0.0,0.0,0.0,2.0,0.0,0.0,0.0,0.0,0.0,0.0,0.0,0.0,0.0,1.0,0.0,0.0,0.0,1.0,1.0,0.0,0.0,0.0,0.0,0.0,0.0,0.0,0.0,4.0,1.0,8.418697944667139,6.0112671744041615,3.258096538021482,3.258096538021482,3.9318256327243257,1.0986122886681098,0.6931471805599453,1.0,1.0,0.0,1.0,25.0,0.5,0.0,0.0,1.0,16.0,0.0
4445,True,train,0.0,33.0,30.0,63.0,2.0,1.0,48.0,633.0,113.0,0.0,0.0,2.0,0.0,1.0,0.0,0.0,0.0,2.0,0.0,0.0,0.0,1.0,0.0,0.0,0.0,0.0,0.0,1.0,0.0,0.0,0.0,0.0,0.0,0.0,0.0,0.0,0.0,0.0,0.0,0.0,0.0,1.0,1.0,6.452048954437226,4.736198448394496,3.5263605246161616,3.4339872044851463,4.158883083359672,1.0986122886681098,0.6931471805599453,1.0,1.0,0.0,0.0,31.5,0.4761904761904761,0.0,0.0,2.0,19.0,0.0
4461,True,train,0.0,11.0,0.0,11.0,2.0,1.0,36.0,384.0,59.0,1.0,0.0,2.0,0.0,1.0,0.0,0.0,0.0,2.0,0.0,0.0,0.0,1.0,0.0,0.0,0.0,0.0,0.0,0.0,0.0,0.0,0.0,0.0,0.0,0.0,0.0,0.0,0.0,0.0,0.0,0.0,0.0,0.0,0.0,5.953243334287785,4.0943445622221,2.4849066497880004,0.0,2.4849066497880004,1.0986122886681098,0.6931471805599453,1.0,1.0,0.0,0.0,5.5,0.0,0.0,0.0,2.0,3.0,0.0
4463,False,train,0.0,22.0,9.0,31.0,1.0,1.0,43.0,656.0,110.0,0.0,0.0,1.0,0.0,1.0,0.0,0.0,0.0,1.0,0.0,0.0,0.0,1.0,0.0,0.0,0.0,0.0,0.0,0.0,0.0,0.0,0.0,0.0,0.0,0.0,0.0,0.0,0.0,0.0,0.0,0.0,0.0,0.0,0.0,6.48768401848461,4.709530201312334,3.1354942159291497,2.302585092994046,3.4657359027997265,0.6931471805599453,0.6931471805599453,1.0,1.0,0.0,0.0,31.0,0.2903225806451613,0.0,0.0,2.0,17.0,0.0
4469,True,train,0.0,3.0,3.0,6.0,1.0,1.0,48.0,145.0,26.0,1.0,0.0,1.0,0.0,1.0,0.0,0.0,0.0,1.0,0.0,0.0,0.0,1.0,0.0,0.0,0.0,0.0,0.0,0.0,0.0,0.0,0.0,0.0,0.0,0.0,0.0,0.0,0.0,0.0,0.0,0.0,0.0,0.0,0.0,4.983606621708336,3.295836866004329,1.3862943611198906,1.3862943611198906,1.9459101490553128,0.6931471805599453,0.6931471805599453,1.0,0.0,0.0,0.0,6.0,0.5,0.0,0.0,6.0,13.0,1.0
4479,True,train,0.0,190.0,30.0,220.0,4.0,3.0,54.0,819.0,138.0,0.0,0.0,4.0,1.0,2.0,0.0,0.0,0.0,4.0,0.0,0.0,1.0,1.0,0.0,0.0,1.0,0.0,1.0,1.0,1.0,1.0,1.0,0.0,0.0,0.0,0.0,0.0,0.0,0.0,0.0,0.0,0.0,7.0,1.0,6.709304340258298,4.934473933130692,5.25227342804663,3.4339872044851463,5.3981627015177525,1.6094379124341005,1.3862943611198906,1.0,1.0,0.0,0.0,55.0,0.1363636363636363,0.0,1.0,1.0,21.0,0.0
4491,True,train,0.0,1.0,1.0,2.0,1.0,1.0,30.0,28.0,7.0,1.0,0.0,1.0,0.0,1.0,0.0,0.0,0.0,1.0,0.0,0.0,0.0,1.0,0.0,0.0,0.0,0.0,0.0,0.0,0.0,0.0,0.0,0.0,0.0,0.0,0.0,0.0,0.0,0.0,0.0,0.0,0.0,0.0,0.0,3.367295829986474,2.079441541679836,0.6931471805599453,0.6931471805599453,1.0986122886681098,0.6931471805599453,0.6931471805599453,1.0,0.0,0.0,0.0,2.0,0.5,0.0,0.0,1.0,9.0,0.0
4497,True,train,0.0,2.0,0.0,2.0,1.0,1.0,45.0,27.0,4.0,0.0,0.0,1.0,0.0,0.0,0.0,0.0,0.0,1.0,0.0,0.0,0.0,0.0,0.0,0.0,0.0,0.0,0.0,0.0,0.0,0.0,0.0,0.0,0.0,0.0,0.0,0.0,0.0,0.0,0.0,0.0,0.0,0.0,0.0,3.332204510175204,1.6094379124341005,1.0986122886681098,0.0,1.0986122886681098,0.6931471805599453,0.6931471805599453,1.0,0.0,0.0,0.0,2.0,0.0,0.0,0.0,5.0,1.0,1.0
4506,False,train,0.0,3.0,3.0,6.0,1.0,1.0,19.0,262.0,19.0,0.0,0.0,1.0,0.0,1.0,0.0,0.0,0.0,1.0,0.0,0.0,0.0,1.0,0.0,0.0,0.0,0.0,0.0,0.0,0.0,0.0,0.0,0.0,0.0,0.0,0.0,0.0,0.0,0.0,0.0,0.0,0.0,0.0,0.0,5.572154032177765,2.995732273553991,1.3862943611198906,1.3862943611198906,1.9459101490553128,0.6931471805599453,0.6931471805599453,1.0,0.0,0.0,0.0,6.0,0.5,0.0,0.0,1.0,18.0,0.0
4511,True,train,0.0,1.0,1.0,2.0,1.0,1.0,21.0,14.0,2.0,0.0,0.0,1.0,0.0,0.0,0.0,0.0,0.0,1.0,0.0,0.0,0.0,0.0,0.0,0.0,0.0,0.0,0.0,0.0,0.0,0.0,0.0,0.0,0.0,0.0,0.0,0.0,0.0,0.0,0.0,0.0,0.0,0.0,0.0,2.70805020110221,1.0986122886681098,0.6931471805599453,0.6931471805599453,1.0986122886681098,0.6931471805599453,0.6931471805599453,1.0,0.0,0.0,0.0,2.0,0.5,0.0,0.0,2.0,21.0,0.0
4513,False,train,0.0,18.0,4.0,22.0,3.0,2.0,39.0,122.0,15.0,0.0,0.0,3.0,0.0,2.0,1.0,0.0,0.0,3.0,0.0,0.0,0.0,1.0,1.0,0.0,1.0,1.0,0.0,0.0,0.0,0.0,0.0,0.0,0.0,0.0,0.0,0.0,0.0,0.0,0.0,0.0,0.0,2.0,1.0,4.812184355372417,2.772588722239781,2.9444389791664403,1.6094379124341005,3.1354942159291497,1.3862943611198906,1.0986122886681098,1.0,0.0,0.0,0.0,7.333333333333333,0.1818181818181818,0.0,1.0,4.0,11.0,0.0
4515,True,train,0.0,1.0,1.0,2.0,1.0,1.0,33.0,8683.0,653.0,1.0,0.0,1.0,0.0,0.0,1.0,0.0,0.0,1.0,0.0,0.0,0.0,0.0,1.0,0.0,0.0,1.0,0.0,0.0,0.0,0.0,0.0,1.0,1.0,0.0,0.0,0.0,0.0,0.0,0.0,0.0,0.0,3.0,1.0,9.069237530998182,6.483107351457199,0.6931471805599453,0.6931471805599453,1.0986122886681098,0.6931471805599453,0.6931471805599453,1.0,1.0,0.0,1.0,2.0,0.5,0.0,0.0,4.0,16.0,0.0
4522,False,train,0.0,2.0,0.0,2.0,2.0,2.0,4.0,999.0,174.0,0.0,0.0,2.0,0.0,0.0,0.0,0.0,2.0,0.0,0.0,0.0,0.0,0.0,0.0,0.0,1.0,0.0,0.0,0.0,0.0,0.0,0.0,0.0,0.0,1.0,0.0,0.0,0.0,0.0,0.0,0.0,0.0,2.0,1.0,6.907755278982137,5.1647859739235145,1.0986122886681098,0.0,1.0986122886681098,1.0986122886681098,1.0986122886681098,1.0,1.0,1.0,0.0,1.0,0.0,0.0,1.0,2.0,9.0,0.0
4534,True,train,0.0,8.0,1.0,9.0,2.0,1.0,79.0,634.0,103.0,0.0,0.0,2.0,0.0,1.0,0.0,0.0,0.0,2.0,0.0,0.0,0.0,1.0,0.0,0.0,0.0,0.0,0.0,0.0,0.0,0.0,0.0,0.0,0.0,0.0,0.0,0.0,0.0,0.0,0.0,1.0,0.0,2.0,1.0,6.453624998892692,4.6443908991413725,2.19722457733622,0.6931471805599453,2.302585092994046,1.0986122886681098,0.6931471805599453,1.0,1.0,0.0,0.0,4.5,0.1111111111111111,0.0,0.0,1.0,16.0,0.0
4540,False,train,1.0,6.0,3.0,9.0,1.0,1.0,37.0,711.0,106.0,0.0,0.0,1.0,0.0,0.0,0.0,0.0,0.0,1.0,0.0,0.0,0.0,0.0,0.0,0.0,0.0,0.0,0.0,0.0,0.0,0.0,0.0,0.0,0.0,0.0,0.0,0.0,0.0,0.0,0.0,0.0,0.0,0.0,0.0,6.568077911411976,4.672828834461906,1.9459101490553128,1.3862943611198906,2.302585092994046,0.6931471805599453,0.6931471805599453,1.0,1.0,0.0,0.0,9.0,0.3333333333333333,0.0,0.0,4.0,1.0,0.0
4560,True,train,0.0,42.0,37.0,79.0,4.0,1.0,46.0,13.0,3.0,0.0,0.0,4.0,2.0,1.0,0.0,0.0,0.0,4.0,0.0,0.0,1.0,1.0,0.0,0.0,0.0,0.0,1.0,1.0,1.0,0.0,0.0,0.0,0.0,0.0,0.0,0.0,0.0,0.0,0.0,0.0,0.0,3.0,1.0,2.6390573296152584,1.3862943611198906,3.7612001156935615,3.6375861597263857,4.382026634673881,1.6094379124341005,0.6931471805599453,1.0,0.0,0.0,0.0,19.75,0.4683544303797468,0.0,0.0,3.0,18.0,0.0
4577,True,train,0.0,102.0,83.0,185.0,5.0,3.0,27.0,1220.0,214.0,0.0,0.0,5.0,1.0,1.0,0.0,0.0,0.0,5.0,0.0,0.0,1.0,1.0,0.0,0.0,1.0,0.0,1.0,1.0,1.0,1.0,1.0,0.0,0.0,0.0,0.0,0.0,0.0,0.0,0.0,0.0,0.0,7.0,1.0,7.107425474110705,5.3706380281276624,4.634728988229636,4.430816798843313,5.225746673713202,1.791759469228055,1.3862943611198906,1.0,1.0,0.0,0.0,37.0,0.4486486486486487,0.0,1.0,0.0,17.0,0.0
4591,True,train,0.0,4.0,112.0,116.0,5.0,1.0,24.0,92.0,13.0,1.0,0.0,5.0,0.0,5.0,0.0,0.0,0.0,4.0,1.0,0.0,0.0,1.0,0.0,0.0,0.0,0.0,0.0,1.0,1.0,0.0,1.0,0.0,0.0,0.0,0.0,1.0,0.0,1.0,0.0,0.0,0.0,5.0,1.0,4.532599493153256,2.6390573296152584,1.6094379124341005,4.727387818712341,4.762173934797756,1.791759469228055,0.6931471805599453,1.0,0.0,0.0,0.0,23.2,0.9655172413793104,0.0,0.0,1.0,6.0,0.0
4598,False,train,0.0,5.0,4.0,9.0,1.0,4.0,39.0,999.0,168.0,0.0,0.0,1.0,0.0,0.0,0.0,0.0,0.0,1.0,0.0,0.0,0.0,0.0,0.0,0.0,1.0,0.0,0.0,0.0,0.0,0.0,0.0,0.0,0.0,0.0,0.0,0.0,0.0,0.0,0.0,0.0,0.0,1.0,1.0,6.907755278982137,5.1298987149230735,1.791759469228055,1.6094379124341005,2.302585092994046,0.6931471805599453,1.6094379124341005,1.0,1.0,0.0,0.0,9.0,0.4444444444444444,0.0,1.0,3.0,3.0,0.0
4610,True,train,0.0,59.0,27.0,86.0,4.0,3.0,40.0,745.0,121.0,0.0,0.0,4.0,1.0,1.0,1.0,0.0,0.0,4.0,0.0,0.0,1.0,1.0,1.0,0.0,1.0,1.0,1.0,1.0,1.0,1.0,1.0,0.0,0.0,0.0,0.0,0.0,0.0,0.0,0.0,0.0,0.0,8.0,1.0,6.61472560020376,4.804021044733257,4.0943445622221,3.332204510175204,4.465908118654584,1.6094379124341005,1.3862943611198906,1.0,1.0,0.0,0.0,21.5,0.313953488372093,0.0,1.0,3.0,19.0,0.0
4623,False,train,0.0,322.0,4.0,326.0,3.0,2.0,10.0,279.0,40.0,0.0,0.0,3.0,0.0,3.0,0.0,0.0,1.0,2.0,0.0,0.0,0.0,1.0,0.0,0.0,1.0,0.0,0.0,0.0,0.0,1.0,1.0,0.0,0.0,1.0,0.0,1.0,0.0,0.0,0.0,0.0,0.0,5.0,1.0,5.634789603169249,3.713572066704308,5.777652323222656,1.6094379124341005,5.7899601708972535,1.3862943611198906,1.0986122886681098,1.0,0.0,1.0,0.0,108.66666666666669,0.0122699386503067,0.0,1.0,0.0,19.0,0.0
4624,True,train,0.0,385.0,251.0,636.0,4.0,3.0,39.0,330.0,44.0,0.0,0.0,4.0,1.0,2.0,0.0,0.0,0.0,4.0,0.0,0.0,1.0,1.0,0.0,0.0,1.0,0.0,1.0,1.0,1.0,1.0,1.0,0.0,0.0,0.0,0.0,0.0,0.0,0.0,0.0,0.0,0.0,6.0,1.0,5.802118375377063,3.80666248977032,5.955837369464831,5.529429087511423,6.456769655572163,1.6094379124341005,1.3862943611198906,1.0,0.0,0.0,0.0,159.0,0.3946540880503145,0.0,1.0,0.0,22.0,0.0
4631,False,train,0.0,7.0,3.0,10.0,4.0,6.0,18.0,17.0,3.0,0.0,0.0,4.0,3.0,1.0,0.0,0.0,0.0,4.0,0.0,0.0,1.0,1.0,0.0,0.0,1.0,0.0,1.0,0.0,1.0,0.0,0.0,0.0,0.0,0.0,0.0,0.0,0.0,0.0,0.0,0.0,0.0,3.0,1.0,2.8903717578961645,1.3862943611198906,2.079441541679836,1.3862943611198906,2.3978952727983707,1.6094379124341005,1.9459101490553128,1.0,0.0,0.0,0.0,2.5,0.3,0.0,1.0,4.0,7.0,0.0
4640,False,train,0.0,3.0,3.0,6.0,1.0,1.0,17.0,320.0,51.0,0.0,0.0,1.0,0.0,1.0,0.0,0.0,0.0,1.0,0.0,0.0,0.0,1.0,0.0,0.0,0.0,0.0,0.0,0.0,0.0,0.0,0.0,0.0,0.0,0.0,0.0,0.0,0.0,0.0,0.0,0.0,0.0,0.0,0.0,5.771441123130016,3.951243718581428,1.3862943611198906,1.3862943611198906,1.9459101490553128,0.6931471805599453,0.6931471805599453,1.0,1.0,0.0,0.0,6.0,0.5,0.0,0.0,1.0,15.0,0.0
4645,True,train,0.0,7.0,3.0,10.0,3.0,1.0,45.0,1396.0,225.0,0.0,0.0,3.0,1.0,1.0,0.0,1.0,0.0,3.0,0.0,0.0,1.0,1.0,0.0,1.0,0.0,0.0,1.0,0.0,0.0,0.0,0.0,0.0,0.0,0.0,0.0,0.0,1.0,0.0,0.0,0.0,0.0,2.0,1.0,7.242082359256962,5.420534999272286,2.079441541679836,1.3862943611198906,2.3978952727983707,1.3862943611198906,0.6931471805599453,1.0,1.0,0.0,0.0,3.333333333333333,0.3,0.0,0.0,4.0,14.0,0.0
4648,False,train,0.0,32.0,5.0,37.0,2.0,2.0,70.0,2450.0,399.0,0.0,0.0,2.0,0.0,0.0,0.0,0.0,0.0,2.0,0.0,0.0,0.0,0.0,0.0,0.0,1.0,0.0,0.0,0.0,0.0,0.0,0.0,1.0,1.0,0.0,0.0,0.0,0.0,0.0,0.0,0.0,0.0,3.0,1.0,7.804251383528112,5.991464547107982,3.49650756146648,1.791759469228055,3.6375861597263857,1.0986122886681098,1.0986122886681098,1.0,1.0,0.0,1.0,18.5,0.1351351351351351,0.0,1.0,5.0,1.0,1.0
4657,False,train,0.0,2.0,2.0,4.0,1.0,1.0,44.0,668.0,113.0,0.0,0.0,1.0,0.0,0.0,1.0,0.0,0.0,1.0,0.0,0.0,0.0,0.0,1.0,0.0,0.0,1.0,0.0,0.0,0.0,0.0,0.0,0.0,0.0,0.0,0.0,0.0,0.0,0.0,0.0,0.0,0.0,1.0,1.0,6.505784060128229,4.736198448394496,1.0986122886681098,1.0986122886681098,1.6094379124341005,0.6931471805599453,0.6931471805599453,1.0,1.0,0.0,0.0,4.0,0.5,0.0,0.0,1.0,15.0,0.0
4662,True,train,0.0,9.0,7.0,16.0,3.0,1.0,46.0,37.0,5.0,1.0,0.0,3.0,1.0,0.0,0.0,0.0,0.0,3.0,0.0,0.0,1.0,0.0,0.0,0.0,0.0,0.0,1.0,0.0,0.0,0.0,0.0,0.0,0.0,0.0,0.0,0.0,0.0,0.0,0.0,0.0,0.0,1.0,1.0,3.6375861597263857,1.791759469228055,2.302585092994046,2.079441541679836,2.833213344056216,1.3862943611198906,0.6931471805599453,1.0,0.0,0.0,0.0,5.333333333333333,0.4375,0.0,0.0,3.0,4.0,0.0
4665,True,train,0.0,1.0,1.0,2.0,1.0,1.0,37.0,8817.0,663.0,1.0,0.0,1.0,0.0,0.0,1.0,0.0,0.0,1.0,0.0,0.0,0.0,0.0,1.0,0.0,0.0,1.0,0.0,0.0,0.0,0.0,0.0,1.0,1.0,0.0,0.0,0.0,0.0,0.0,0.0,0.0,0.0,3.0,1.0,9.084550365917885,6.498282149476434,0.6931471805599453,0.6931471805599453,1.0986122886681098,0.6931471805599453,0.6931471805599453,1.0,1.0,0.0,1.0,2.0,0.5,0.0,0.0,4.0,16.0,0.0
4673,False,train,0.0,1.0,1.0,2.0,1.0,1.0,19.0,0.0,0.0,0.0,0.0,1.0,0.0,1.0,0.0,0.0,0.0,1.0,0.0,0.0,0.0,1.0,0.0,0.0,0.0,0.0,0.0,0.0,0.0,0.0,0.0,0.0,0.0,0.0,0.0,0.0,0.0,0.0,0.0,0.0,0.0,0.0,0.0,0.0,0.0,0.6931471805599453,0.6931471805599453,1.0986122886681098,0.6931471805599453,0.6931471805599453,0.0,0.0,0.0,0.0,2.0,0.5,0.0,0.0,0.0,13.0,0.0
4675,True,train,0.0,2.0,0.0,2.0,2.0,1.0,48.0,136.0,21.0,1.0,0.0,2.0,0.0,1.0,0.0,0.0,0.0,2.0,0.0,0.0,0.0,1.0,0.0,0.0,0.0,0.0,0.0,0.0,0.0,0.0,0.0,0.0,0.0,0.0,0.0,0.0,0.0,0.0,0.0,0.0,0.0,0.0,0.0,4.919980925828125,3.091042453358316,1.0986122886681098,0.0,1.0986122886681098,1.0986122886681098,0.6931471805599453,1.0,0.0,0.0,0.0,1.0,0.0,0.0,0.0,2.0,9.0,0.0
4678,False,train,0.0,72.0,0.0,72.0,1.0,2.0,9.0,999.0,174.0,0.0,0.0,1.0,0.0,0.0,1.0,0.0,1.0,0.0,0.0,0.0,0.0,0.0,1.0,0.0,1.0,1.0,0.0,0.0,0.0,1.0,0.0,0.0,0.0,1.0,0.0,0.0,0.0,0.0,0.0,0.0,0.0,4.0,1.0,6.907755278982137,5.1647859739235145,4.290459441148391,0.0,4.290459441148391,0.6931471805599453,1.0986122886681098,1.0,1.0,1.0,0.0,72.0,0.0,0.0,1.0,2.0,20.0,0.0
4685,True,train,0.0,25.0,25.0,50.0,7.0,1.0,29.0,40.0,8.0,0.0,0.0,7.0,1.0,0.0,0.0,0.0,0.0,7.0,0.0,0.0,1.0,0.0,0.0,0.0,0.0,0.0,1.0,1.0,1.0,0.0,0.0,0.0,0.0,0.0,1.0,0.0,0.0,0.0,0.0,0.0,0.0,4.0,1.0,3.713572066704308,2.19722457733622,3.258096538021482,3.258096538021482,3.9318256327243257,2.079441541679836,0.6931471805599453,1.0,0.0,0.0,0.0,7.142857142857143,0.5,0.0,0.0,5.0,12.0,1.0
4694,True,train,0.0,2.0,2.0,4.0,2.0,1.0,21.0,0.0,0.0,0.0,0.0,2.0,0.0,1.0,0.0,0.0,0.0,2.0,0.0,0.0,0.0,1.0,0.0,0.0,0.0,0.0,0.0,0.0,0.0,0.0,0.0,0.0,0.0,0.0,0.0,0.0,0.0,0.0,0.0,0.0,0.0,0.0,0.0,0.0,0.0,1.0986122886681098,1.0986122886681098,1.6094379124341005,1.0986122886681098,0.6931471805599453,0.0,0.0,0.0,0.0,2.0,0.5,0.0,0.0,2.0,20.0,0.0
4698,False,train,0.0,24.0,1.0,25.0,3.0,2.0,58.0,1089.0,170.0,0.0,0.0,3.0,1.0,1.0,0.0,0.0,0.0,3.0,0.0,0.0,1.0,1.0,0.0,0.0,1.0,0.0,1.0,0.0,0.0,0.0,0.0,0.0,0.0,0.0,0.0,0.0,0.0,0.0,0.0,0.0,0.0,2.0,1.0,6.993932975223189,5.14166355650266,3.218875824868201,0.6931471805599453,3.258096538021482,1.3862943611198906,1.0986122886681098,1.0,1.0,0.0,0.0,8.333333333333334,0.04,0.0,1.0,5.0,16.0,1.0
4721,True,train,0.0,4.0,4.0,8.0,1.0,1.0,37.0,550.0,25.0,0.0,0.0,1.0,0.0,0.0,1.0,0.0,0.0,1.0,0.0,0.0,0.0,0.0,1.0,0.0,0.0,1.0,0.0,0.0,0.0,0.0,0.0,0.0,0.0,0.0,0.0,0.0,0.0,0.0,0.0,0.0,0.0,1.0,1.0,6.311734809152915,3.258096538021482,1.6094379124341005,1.6094379124341005,2.19722457733622,0.6931471805599453,0.6931471805599453,1.0,0.0,0.0,0.0,8.0,0.5,0.0,0.0,0.0,23.0,0.0
4748,True,train,0.0,43.0,681.0,724.0,10.0,5.0,27.0,436.0,73.0,1.0,0.0,10.0,0.0,10.0,0.0,0.0,0.0,5.0,5.0,0.0,0.0,1.0,0.0,0.0,1.0,0.0,0.0,1.0,1.0,0.0,1.0,0.0,0.0,0.0,1.0,1.0,0.0,1.0,0.0,0.0,0.0,7.0,1.0,6.07993319509559,4.30406509320417,3.784189633918261,6.525029657843462,6.586171654854675,2.3978952727983707,1.791759469228055,1.0,1.0,0.0,0.0,72.4,0.9406077348066298,0.0,1.0,4.0,18.0,0.0
4752,False,train,0.0,1.0,1.0,2.0,1.0,1.0,40.0,835.0,135.0,0.0,0.0,1.0,0.0,0.0,0.0,0.0,0.0,1.0,0.0,0.0,0.0,0.0,0.0,0.0,0.0,0.0,0.0,0.0,0.0,0.0,0.0,0.0,0.0,0.0,0.0,0.0,0.0,0.0,0.0,0.0,0.0,0.0,0.0,6.728628613084702,4.912654885736052,0.6931471805599453,0.6931471805599453,1.0986122886681098,0.6931471805599453,0.6931471805599453,1.0,1.0,0.0,0.0,2.0,0.5,0.0,0.0,6.0,17.0,1.0
4758,True,train,0.0,1.0,1.0,2.0,1.0,1.0,40.0,12.0,3.0,0.0,0.0,1.0,0.0,1.0,0.0,0.0,0.0,1.0,0.0,0.0,0.0,1.0,0.0,0.0,0.0,0.0,0.0,0.0,0.0,0.0,0.0,0.0,0.0,0.0,0.0,0.0,0.0,0.0,0.0,0.0,0.0,0.0,0.0,2.5649493574615367,1.3862943611198906,0.6931471805599453,0.6931471805599453,1.0986122886681098,0.6931471805599453,0.6931471805599453,1.0,0.0,0.0,0.0,2.0,0.5,0.0,0.0,1.0,8.0,0.0
4764,False,train,0.0,3.0,1.0,4.0,1.0,1.0,20.0,545.0,96.0,0.0,0.0,1.0,0.0,1.0,0.0,0.0,0.0,1.0,0.0,0.0,0.0,1.0,0.0,0.0,0.0,0.0,0.0,0.0,0.0,0.0,0.0,0.0,0.0,0.0,0.0,0.0,0.0,0.0,0.0,0.0,0.0,0.0,0.0,6.302618975744905,4.574710978503383,1.3862943611198906,0.6931471805599453,1.6094379124341005,0.6931471805599453,0.6931471805599453,1.0,1.0,0.0,0.0,4.0,0.25,0.0,0.0,0.0,4.0,0.0
4768,False,train,0.0,1.0,1.0,2.0,1.0,2.0,44.0,157.0,26.0,0.0,0.0,1.0,0.0,1.0,0.0,0.0,0.0,1.0,0.0,0.0,0.0,1.0,0.0,0.0,1.0,0.0,0.0,0.0,0.0,0.0,0.0,0.0,0.0,0.0,0.0,0.0,0.0,0.0,0.0,0.0,0.0,1.0,1.0,5.062595033026967,3.295836866004329,0.6931471805599453,0.6931471805599453,1.0986122886681098,0.6931471805599453,1.0986122886681098,1.0,0.0,0.0,0.0,2.0,0.5,0.0,1.0,0.0,19.0,0.0
4781,False,train,0.0,2.0,2.0,4.0,1.0,1.0,14.0,999.0,168.0,0.0,0.0,1.0,0.0,0.0,0.0,0.0,0.0,1.0,0.0,0.0,0.0,0.0,0.0,0.0,0.0,0.0,0.0,0.0,0.0,0.0,0.0,0.0,0.0,0.0,0.0,0.0,0.0,0.0,0.0,0.0,0.0,0.0,0.0,6.907755278982137,5.1298987149230735,1.0986122886681098,1.0986122886681098,1.6094379124341005,0.6931471805599453,0.6931471805599453,1.0,1.0,1.0,0.0,4.0,0.5,0.0,0.0,0.0,9.0,0.0
4783,True,train,0.0,0.0,1.0,1.0,1.0,1.0,31.0,291.0,24.0,1.0,0.0,1.0,0.0,1.0,0.0,0.0,0.0,1.0,0.0,0.0,0.0,1.0,0.0,0.0,0.0,0.0,0.0,0.0,0.0,0.0,0.0,0.0,0.0,0.0,0.0,0.0,0.0,0.0,0.0,0.0,0.0,0.0,0.0,5.676753802268282,3.218875824868201,0.0,0.6931471805599453,0.6931471805599453,0.6931471805599453,0.6931471805599453,1.0,0.0,0.0,0.0,1.0,1.0,0.0,0.0,0.0,16.0,0.0
4797,False,train,0.0,8.0,0.0,8.0,2.0,1.0,43.0,902.0,117.0,0.0,0.0,2.0,0.0,0.0,0.0,0.0,0.0,2.0,0.0,0.0,0.0,0.0,0.0,0.0,0.0,0.0,0.0,0.0,0.0,0.0,0.0,0.0,0.0,0.0,0.0,0.0,0.0,0.0,0.0,0.0,0.0,0.0,0.0,6.805722553416985,4.770684624465665,2.19722457733622,0.0,2.19722457733622,1.0986122886681098,0.6931471805599453,1.0,1.0,0.0,0.0,4.0,0.0,0.0,0.0,3.0,6.0,0.0
4809,False,train,0.0,40.0,1.0,41.0,3.0,2.0,30.0,627.0,104.0,0.0,0.0,3.0,1.0,1.0,0.0,0.0,1.0,2.0,0.0,0.0,1.0,1.0,0.0,0.0,1.0,0.0,1.0,0.0,0.0,0.0,0.0,0.0,0.0,1.0,0.0,0.0,0.0,0.0,0.0,0.0,0.0,3.0,1.0,6.442540166468199,4.653960350157523,3.713572066704308,0.6931471805599453,3.737669618283368,1.3862943611198906,1.0986122886681098,1.0,1.0,0.0,0.0,13.666666666666666,0.024390243902439,0.0,1.0,2.0,18.0,0.0
4821,True,train,0.0,1.0,1.0,2.0,1.0,1.0,37.0,19.0,3.0,0.0,0.0,1.0,0.0,0.0,0.0,0.0,0.0,1.0,0.0,0.0,0.0,0.0,0.0,0.0,0.0,0.0,0.0,0.0,0.0,0.0,0.0,0.0,0.0,0.0,0.0,0.0,0.0,0.0,0.0,0.0,0.0,0.0,0.0,2.995732273553991,1.3862943611198906,0.6931471805599453,0.6931471805599453,1.0986122886681098,0.6931471805599453,0.6931471805599453,1.0,0.0,0.0,0.0,2.0,0.5,0.0,0.0,6.0,11.0,1.0
4829,False,train,0.0,2.0,2.0,4.0,1.0,2.0,13.0,1031.0,177.0,1.0,0.0,1.0,0.0,0.0,0.0,0.0,0.0,1.0,0.0,0.0,0.0,0.0,0.0,0.0,1.0,0.0,0.0,0.0,0.0,0.0,0.0,0.0,0.0,0.0,0.0,0.0,0.0,0.0,0.0,0.0,0.0,1.0,1.0,6.939253946041508,5.181783550292085,1.0986122886681098,1.0986122886681098,1.6094379124341005,0.6931471805599453,1.0986122886681098,1.0,1.0,1.0,0.0,4.0,0.5,0.0,1.0,5.0,11.0,1.0
4833,True,train,0.0,2.0,2.0,4.0,1.0,1.0,37.0,318.0,15.0,0.0,0.0,1.0,0.0,0.0,1.0,0.0,0.0,1.0,0.0,0.0,0.0,0.0,1.0,0.0,0.0,1.0,0.0,0.0,0.0,0.0,0.0,0.0,0.0,0.0,0.0,0.0,0.0,0.0,0.0,0.0,0.0,2.0,1.0,5.765191102784844,2.772588722239781,1.0986122886681098,1.0986122886681098,1.6094379124341005,0.6931471805599453,0.6931471805599453,1.0,0.0,0.0,0.0,4.0,0.5,0.0,0.0,0.0,23.0,0.0
4835,True,train,0.0,1.0,1.0,2.0,1.0,1.0,22.0,99.0,16.0,0.0,0.0,1.0,0.0,1.0,0.0,0.0,0.0,1.0,0.0,0.0,0.0,1.0,0.0,0.0,0.0,0.0,0.0,0.0,0.0,0.0,0.0,0.0,0.0,0.0,0.0,0.0,0.0,0.0,0.0,0.0,0.0,0.0,0.0,4.605170185988092,2.833213344056216,0.6931471805599453,0.6931471805599453,1.0986122886681098,0.6931471805599453,0.6931471805599453,1.0,0.0,0.0,0.0,2.0,0.5,0.0,0.0,2.0,1.0,0.0
4843,False,train,0.0,1.0,0.0,1.0,1.0,1.0,26.0,1296.0,212.0,0.0,0.0,1.0,0.0,1.0,0.0,0.0,0.0,1.0,0.0,0.0,0.0,1.0,0.0,0.0,0.0,0.0,0.0,0.0,0.0,0.0,0.0,0.0,0.0,0.0,0.0,0.0,0.0,0.0,0.0,0.0,0.0,0.0,0.0,7.167809184316444,5.3612921657094255,0.6931471805599453,0.0,0.6931471805599453,0.6931471805599453,0.6931471805599453,1.0,1.0,0.0,0.0,1.0,0.0,0.0,0.0,0.0,7.0,0.0
4847,True,train,0.0,45.0,45.0,90.0,1.0,1.0,49.0,116.0,21.0,0.0,0.0,1.0,0.0,1.0,0.0,0.0,0.0,1.0,0.0,0.0,0.0,1.0,0.0,0.0,0.0,0.0,0.0,1.0,0.0,0.0,1.0,0.0,0.0,0.0,0.0,0.0,0.0,0.0,0.0,0.0,0.0,3.0,1.0,4.762173934797756,3.091042453358316,3.828641396489095,3.828641396489095,4.51085950651685,0.6931471805599453,0.6931471805599453,1.0,0.0,0.0,0.0,90.0,0.5,0.0,0.0,5.0,22.0,1.0
4855,False,train,0.0,44.0,6.0,50.0,8.0,16.0,48.0,741.0,125.0,0.0,0.0,8.0,1.0,3.0,1.0,0.0,0.0,8.0,0.0,0.0,1.0,1.0,1.0,0.0,1.0,1.0,1.0,0.0,1.0,0.0,0.0,0.0,0.0,0.0,1.0,1.0,0.0,0.0,0.0,0.0,0.0,6.0,1.0,6.60934924316738,4.836281906951478,3.80666248977032,1.9459101490553128,3.9318256327243257,2.19722457733622,2.833213344056216,1.0,1.0,0.0,0.0,6.25,0.12,0.0,1.0,2.0,10.0,0.0
4859,False,train,0.0,24.0,24.0,48.0,14.0,1.0,27.0,27.0,4.0,1.0,0.0,14.0,1.0,9.0,0.0,1.0,0.0,14.0,0.0,0.0,1.0,1.0,0.0,1.0,0.0,0.0,1.0,1.0,1.0,0.0,0.0,0.0,0.0,0.0,1.0,1.0,1.0,0.0,0.0,0.0,0.0,6.0,1.0,3.332204510175204,1.6094379124341005,3.218875824868201,3.218875824868201,3.8918202981106265,2.70805020110221,0.6931471805599453,1.0,0.0,0.0,0.0,3.4285714285714284,0.5,0.0,0.0,4.0,15.0,0.0
4862,True,train,0.0,1.0,1.0,2.0,1.0,1.0,37.0,194.0,10.0,0.0,0.0,1.0,0.0,0.0,1.0,0.0,0.0,1.0,0.0,0.0,0.0,0.0,1.0,0.0,0.0,1.0,0.0,0.0,0.0,0.0,0.0,0.0,0.0,0.0,0.0,0.0,0.0,0.0,0.0,0.0,0.0,1.0,1.0,5.272999558563747,2.3978952727983707,0.6931471805599453,0.6931471805599453,1.0986122886681098,0.6931471805599453,0.6931471805599453,1.0,0.0,0.0,0.0,2.0,0.5,0.0,0.0,0.0,23.0,0.0
4871,False,train,0.0,1.0,5.0,6.0,1.0,1.0,14.0,999.0,174.0,1.0,0.0,1.0,0.0,0.0,0.0,0.0,0.0,1.0,0.0,0.0,0.0,0.0,0.0,0.0,0.0,0.0,0.0,0.0,0.0,0.0,0.0,0.0,0.0,0.0,0.0,0.0,0.0,0.0,0.0,0.0,0.0,0.0,0.0,6.907755278982137,5.1647859739235145,0.6931471805599453,1.791759469228055,1.9459101490553128,0.6931471805599453,0.6931471805599453,1.0,1.0,1.0,0.0,6.0,0.8333333333333334,0.0,0.0,3.0,7.0,0.0
4882,True,train,0.0,1.0,1.0,2.0,1.0,1.0,27.0,503.0,91.0,0.0,0.0,1.0,0.0,1.0,0.0,0.0,0.0,1.0,0.0,0.0,0.0,1.0,0.0,0.0,0.0,0.0,0.0,0.0,0.0,0.0,0.0,0.0,0.0,0.0,0.0,0.0,0.0,0.0,0.0,0.0,0.0,0.0,0.0,6.222576268071369,4.5217885770490405,0.6931471805599453,0.6931471805599453,1.0986122886681098,0.6931471805599453,0.6931471805599453,1.0,1.0,0.0,0.0,2.0,0.5,0.0,0.0,6.0,9.0,1.0
4889,False,train,0.0,23.0,6.0,29.0,2.0,11.0,24.0,222.0,34.0,0.0,0.0,2.0,0.0,2.0,0.0,0.0,0.0,2.0,0.0,0.0,0.0,1.0,0.0,0.0,1.0,0.0,0.0,0.0,0.0,0.0,0.0,0.0,0.0,0.0,0.0,0.0,0.0,0.0,0.0,0.0,0.0,1.0,1.0,5.407171771460119,3.555348061489413,3.1780538303479458,1.9459101490553128,3.4011973816621555,1.0986122886681098,2.4849066497880004,1.0,0.0,0.0,0.0,14.5,0.2068965517241379,0.0,1.0,3.0,1.0,0.0
4897,False,train,0.0,4.0,3.0,7.0,1.0,1.0,54.0,1167.0,198.0,0.0,0.0,1.0,0.0,0.0,0.0,0.0,0.0,1.0,0.0,0.0,0.0,0.0,0.0,0.0,0.0,0.0,0.0,0.0,0.0,0.0,0.0,0.0,0.0,0.0,0.0,0.0,0.0,0.0,0.0,0.0,0.0,0.0,0.0,7.0630481633881725,5.293304824724492,1.6094379124341005,1.3862943611198906,2.079441541679836,0.6931471805599453,0.6931471805599453,1.0,1.0,0.0,0.0,7.0,0.4285714285714285,0.0,0.0,0.0,15.0,0.0
4899,True,train,0.0,1.0,1.0,2.0,1.0,1.0,37.0,174.0,10.0,0.0,0.0,1.0,0.0,0.0,1.0,0.0,0.0,1.0,0.0,0.0,0.0,0.0,1.0,0.0,0.0,1.0,0.0,0.0,0.0,0.0,0.0,0.0,0.0,0.0,0.0,0.0,0.0,0.0,0.0,0.0,0.0,1.0,1.0,5.1647859739235145,2.3978952727983707,0.6931471805599453,0.6931471805599453,1.0986122886681098,0.6931471805599453,0.6931471805599453,1.0,0.0,0.0,0.0,2.0,0.5,0.0,0.0,1.0,0.0,0.0
4912,False,train,0.0,9.0,0.0,9.0,1.0,2.0,13.0,999.0,174.0,0.0,0.0,1.0,0.0,0.0,0.0,0.0,1.0,0.0,0.0,0.0,0.0,0.0,0.0,0.0,1.0,0.0,0.0,0.0,0.0,0.0,0.0,0.0,0.0,1.0,0.0,0.0,0.0,0.0,0.0,0.0,0.0,2.0,1.0,6.907755278982137,5.1647859739235145,2.302585092994046,0.0,2.302585092994046,0.6931471805599453,1.0986122886681098,1.0,1.0,1.0,0.0,9.0,0.0,0.0,1.0,1.0,5.0,0.0
4913,True,train,0.0,1.0,1.0,2.0,1.0,1.0,45.0,63.0,11.0,1.0,0.0,1.0,0.0,1.0,0.0,0.0,0.0,1.0,0.0,0.0,0.0,1.0,0.0,0.0,0.0,0.0,0.0,0.0,0.0,0.0,0.0,0.0,0.0,0.0,0.0,0.0,0.0,0.0,0.0,0.0,0.0,0.0,0.0,4.158883083359672,2.4849066497880004,0.6931471805599453,0.6931471805599453,1.0986122886681098,0.6931471805599453,0.6931471805599453,1.0,0.0,0.0,0.0,2.0,0.5,0.0,0.0,2.0,3.0,0.0
4921,True,train,0.0,5.0,3.0,8.0,4.0,1.0,38.0,1076.0,180.0,1.0,0.0,4.0,0.0,1.0,0.0,0.0,0.0,4.0,0.0,0.0,0.0,1.0,0.0,0.0,0.0,0.0,0.0,0.0,1.0,0.0,0.0,0.0,0.0,0.0,0.0,0.0,0.0,0.0,0.0,0.0,0.0,1.0,1.0,6.981934677156389,5.198497031265826,1.791759469228055,1.3862943611198906,2.19722457733622,1.6094379124341005,0.6931471805599453,1.0,1.0,0.0,0.0,2.0,0.375,0.0,0.0,3.0,17.0,0.0
4926,True,train,0.0,2.0,2.0,4.0,1.0,1.0,45.0,15.0,2.0,1.0,0.0,1.0,0.0,1.0,0.0,0.0,0.0,1.0,0.0,0.0,0.0,1.0,0.0,0.0,0.0,0.0,0.0,0.0,0.0,0.0,0.0,0.0,0.0,0.0,0.0,0.0,0.0,0.0,0.0,0.0,0.0,0.0,0.0,2.772588722239781,1.0986122886681098,1.0986122886681098,1.0986122886681098,1.6094379124341005,0.6931471805599453,0.6931471805599453,1.0,0.0,0.0,0.0,4.0,0.5,0.0,0.0,5.0,17.0,1.0
4927,False,train,0.0,2.0,2.0,4.0,1.0,1.0,20.0,214.0,36.0,0.0,0.0,1.0,0.0,1.0,0.0,0.0,0.0,1.0,0.0,0.0,0.0,1.0,0.0,0.0,0.0,0.0,0.0,0.0,0.0,0.0,0.0,0.0,0.0,0.0,0.0,0.0,0.0,0.0,0.0,0.0,0.0,0.0,0.0,5.3706380281276624,3.610917912644224,1.0986122886681098,1.0986122886681098,1.6094379124341005,0.6931471805599453,0.6931471805599453,1.0,0.0,0.0,0.0,4.0,0.5,0.0,0.0,0.0,17.0,0.0
4933,True,train,0.0,1.0,1.0,2.0,1.0,1.0,37.0,6305.0,468.0,2.0,0.0,1.0,0.0,0.0,1.0,0.0,0.0,1.0,0.0,0.0,0.0,0.0,1.0,0.0,0.0,1.0,0.0,0.0,0.0,0.0,0.0,1.0,1.0,0.0,0.0,0.0,0.0,0.0,0.0,0.0,0.0,3.0,1.0,8.749256840105007,6.150602768446279,0.6931471805599453,0.6931471805599453,1.0986122886681098,0.6931471805599453,0.6931471805599453,1.0,1.0,0.0,1.0,2.0,0.5,0.0,0.0,6.0,16.0,1.0
4934,False,train,0.0,34.0,34.0,68.0,4.0,1.0,42.0,206.0,16.0,0.0,0.0,4.0,0.0,1.0,0.0,0.0,0.0,4.0,0.0,0.0,0.0,1.0,0.0,0.0,0.0,0.0,0.0,1.0,1.0,0.0,0.0,0.0,0.0,0.0,0.0,0.0,0.0,0.0,0.0,0.0,0.0,2.0,1.0,5.332718793265369,2.833213344056216,3.555348061489413,3.555348061489413,4.23410650459726,1.6094379124341005,0.6931471805599453,1.0,0.0,0.0,0.0,17.0,0.5,0.0,0.0,6.0,21.0,1.0
4936,False,train,0.0,54.0,89.0,143.0,8.0,1.0,13.0,1356.0,187.0,0.0,0.0,8.0,0.0,0.0,0.0,1.0,0.0,8.0,0.0,0.0,0.0,0.0,0.0,1.0,0.0,0.0,0.0,1.0,1.0,1.0,1.0,0.0,0.0,0.0,1.0,0.0,1.0,0.0,0.0,0.0,0.0,6.0,1.0,7.213031659834869,5.236441962829949,4.007333185232471,4.499809670330265,4.969813299576001,2.19722457733622,0.6931471805599453,1.0,1.0,1.0,0.0,17.875,0.6223776223776224,0.0,0.0,2.0,18.0,0.0
4943,True,train,0.0,30.0,38.0,68.0,4.0,1.0,29.0,48.0,10.0,0.0,0.0,4.0,0.0,0.0,2.0,0.0,0.0,2.0,2.0,0.0,0.0,0.0,1.0,0.0,0.0,1.0,0.0,1.0,0.0,0.0,0.0,0.0,0.0,0.0,0.0,0.0,0.0,1.0,0.0,0.0,0.0,3.0,1.0,3.8918202981106265,2.3978952727983707,3.4339872044851463,3.6635616461296463,4.23410650459726,1.6094379124341005,0.6931471805599453,1.0,0.0,0.0,0.0,17.0,0.5588235294117647,0.0,0.0,0.0,18.0,0.0
4955,False,train,0.0,10.0,5.0,15.0,1.0,1.0,53.0,458.0,61.0,1.0,0.0,1.0,0.0,1.0,0.0,0.0,0.0,1.0,0.0,0.0,0.0,1.0,0.0,0.0,0.0,0.0,0.0,0.0,0.0,0.0,0.0,0.0,0.0,0.0,0.0,0.0,0.0,0.0,0.0,0.0,0.0,1.0,1.0,6.129050210060545,4.127134385045092,2.3978952727983707,1.791759469228055,2.772588722239781,0.6931471805599453,0.6931471805599453,1.0,1.0,0.0,0.0,15.0,0.3333333333333333,0.0,0.0,3.0,16.0,0.0
4958,True,train,0.0,2.0,2.0,4.0,2.0,1.0,45.0,3877.0,350.0,2.0,0.0,2.0,0.0,0.0,2.0,0.0,0.0,2.0,0.0,0.0,0.0,0.0,1.0,0.0,0.0,1.0,0.0,0.0,0.0,0.0,0.0,1.0,1.0,0.0,0.0,0.0,0.0,0.0,0.0,0.0,0.0,3.0,1.0,8.263074835802596,5.860786223465865,1.0986122886681098,1.0986122886681098,1.6094379124341005,1.0986122886681098,0.6931471805599453,1.0,1.0,0.0,1.0,2.0,0.5,0.0,0.0,2.0,16.0,0.0
4966,True,train,0.0,2.0,0.0,2.0,1.0,1.0,27.0,68.0,8.0,0.0,0.0,1.0,0.0,1.0,0.0,0.0,0.0,1.0,0.0,0.0,0.0,1.0,0.0,0.0,0.0,0.0,0.0,0.0,0.0,0.0,0.0,0.0,0.0,0.0,0.0,0.0,0.0,0.0,0.0,0.0,0.0,0.0,0.0,4.23410650459726,2.19722457733622,1.0986122886681098,0.0,1.0986122886681098,0.6931471805599453,0.6931471805599453,1.0,0.0,0.0,0.0,2.0,0.0,0.0,0.0,3.0,2.0,0.0
4970,False,train,0.0,6.0,6.0,12.0,2.0,2.0,18.0,1017.0,170.0,0.0,0.0,2.0,0.0,0.0,0.0,0.0,0.0,2.0,0.0,0.0,0.0,0.0,0.0,0.0,1.0,0.0,0.0,0.0,0.0,0.0,0.0,0.0,0.0,0.0,0.0,0.0,0.0,0.0,0.0,0.0,0.0,1.0,1.0,6.925595197110468,5.14166355650266,1.9459101490553128,1.9459101490553128,2.5649493574615367,1.0986122886681098,1.0986122886681098,1.0,1.0,0.0,0.0,6.0,0.5,0.0,1.0,4.0,18.0,0.0
4972,True,train,0.0,3.0,2.0,5.0,1.0,1.0,44.0,11.0,2.0,1.0,0.0,1.0,0.0,1.0,0.0,0.0,0.0,1.0,0.0,0.0,0.0,1.0,0.0,0.0,0.0,0.0,0.0,0.0,0.0,0.0,0.0,0.0,0.0,0.0,0.0,0.0,0.0,0.0,0.0,0.0,0.0,0.0,0.0,2.4849066497880004,1.0986122886681098,1.3862943611198906,1.0986122886681098,1.791759469228055,0.6931471805599453,0.6931471805599453,1.0,0.0,0.0,0.0,5.0,0.4,0.0,0.0,4.0,18.0,0.0
4995,True,train,0.0,81.0,946.0,1027.0,16.0,1.0,33.0,688.0,76.0,0.0,0.0,16.0,5.0,3.0,0.0,0.0,0.0,16.0,0.0,0.0,1.0,1.0,0.0,0.0,0.0,0.0,1.0,1.0,1.0,1.0,1.0,0.0,0.0,0.0,1.0,1.0,0.0,0.0,0.0,0.0,0.0,7.0,1.0,6.535241271013659,4.343805421853684,4.406719247264253,6.853299093186078,6.93537044601511,2.833213344056216,0.6931471805599453,1.0,1.0,0.0,0.0,64.1875,0.9211295034079844,0.0,0.0,3.0,16.0,0.0
4999,False,train,0.0,77.0,155.0,232.0,6.0,35.0,18.0,999.0,174.0,0.0,0.0,6.0,0.0,1.0,5.0,0.0,2.0,1.0,3.0,0.0,0.0,1.0,1.0,0.0,1.0,1.0,0.0,1.0,0.0,1.0,1.0,0.0,0.0,1.0,0.0,0.0,0.0,1.0,0.0,0.0,0.0,7.0,1.0,6.907755278982137,5.1647859739235145,4.356708826689592,5.049856007249537,5.4510384535657,1.9459101490553128,3.58351893845611,1.0,1.0,0.0,0.0,38.66666666666666,0.6681034482758621,0.0,1.0,3.0,20.0,0.0
5000,False,train,0.0,78.0,155.0,233.0,6.0,40.0,5.0,999.0,174.0,0.0,0.0,6.0,0.0,1.0,5.0,0.0,2.0,1.0,3.0,0.0,0.0,1.0,1.0,0.0,1.0,1.0,0.0,1.0,0.0,1.0,1.0,0.0,0.0,1.0,0.0,0.0,0.0,1.0,0.0,0.0,0.0,7.0,1.0,6.907755278982137,5.1647859739235145,4.3694478524670215,5.049856007249537,5.455321115357702,1.9459101490553128,3.713572066704308,1.0,1.0,1.0,0.0,38.833333333333336,0.6652360515021459,0.0,1.0,3.0,22.0,0.0
5005,True,train,0.0,1.0,1.0,2.0,1.0,1.0,61.0,9455.0,655.0,2.0,0.0,1.0,0.0,0.0,1.0,0.0,0.0,1.0,0.0,0.0,0.0,0.0,1.0,0.0,0.0,1.0,0.0,0.0,0.0,0.0,0.0,1.0,1.0,0.0,0.0,0.0,0.0,0.0,0.0,0.0,0.0,3.0,1.0,9.15440473964588,6.486160788944089,0.6931471805599453,0.6931471805599453,1.0986122886681098,0.6931471805599453,0.6931471805599453,1.0,1.0,0.0,1.0,2.0,0.5,0.0,0.0,2.0,16.0,0.0
5008,False,train,0.0,34.0,3.0,37.0,1.0,2.0,59.0,999.0,174.0,0.0,0.0,1.0,0.0,1.0,0.0,0.0,0.0,1.0,0.0,0.0,0.0,1.0,0.0,0.0,1.0,0.0,0.0,0.0,0.0,0.0,0.0,0.0,0.0,0.0,0.0,0.0,0.0,0.0,0.0,0.0,0.0,1.0,1.0,6.907755278982137,5.1647859739235145,3.555348061489413,1.3862943611198906,3.6375861597263857,0.6931471805599453,1.0986122886681098,1.0,1.0,0.0,0.0,37.0,0.081081081081081,0.0,1.0,3.0,21.0,0.0
5017,False,train,0.0,1111.0,0.0,1111.0,8.0,2.0,21.0,999.0,174.0,0.0,0.0,8.0,0.0,0.0,0.0,1.0,8.0,0.0,0.0,0.0,0.0,0.0,0.0,1.0,1.0,0.0,0.0,0.0,0.0,1.0,1.0,0.0,0.0,1.0,1.0,0.0,1.0,0.0,0.0,0.0,0.0,6.0,1.0,6.907755278982137,5.1647859739235145,7.013915474810528,0.0,7.013915474810528,2.19722457733622,1.0986122886681098,1.0,1.0,0.0,0.0,138.875,0.0,0.0,1.0,0.0,17.0,0.0
5024,True,train,0.0,0.0,1.0,1.0,1.0,1.0,18.0,0.0,0.0,1.0,0.0,1.0,0.0,1.0,0.0,0.0,0.0,1.0,0.0,0.0,0.0,1.0,0.0,0.0,0.0,0.0,0.0,0.0,0.0,0.0,0.0,0.0,0.0,0.0,0.0,0.0,0.0,0.0,0.0,0.0,0.0,0.0,0.0,0.0,0.0,0.0,0.6931471805599453,0.6931471805599453,0.6931471805599453,0.6931471805599453,0.0,0.0,0.0,0.0,1.0,1.0,0.0,0.0,5.0,15.0,1.0
5036,False,train,0.0,1.0,1.0,2.0,1.0,1.0,28.0,470.0,72.0,0.0,0.0,1.0,0.0,0.0,1.0,0.0,0.0,1.0,0.0,0.0,0.0,0.0,1.0,0.0,0.0,1.0,0.0,0.0,0.0,0.0,0.0,0.0,0.0,0.0,0.0,0.0,0.0,0.0,0.0,0.0,0.0,1.0,1.0,6.154858094016418,4.290459441148391,0.6931471805599453,0.6931471805599453,1.0986122886681098,0.6931471805599453,0.6931471805599453,1.0,1.0,0.0,0.0,2.0,0.5,0.0,0.0,0.0,10.0,0.0
5037,True,train,0.0,1.0,1.0,2.0,1.0,1.0,39.0,35.0,5.0,0.0,0.0,1.0,0.0,1.0,0.0,0.0,0.0,1.0,0.0,0.0,0.0,1.0,0.0,0.0,0.0,0.0,0.0,0.0,0.0,0.0,0.0,0.0,0.0,0.0,0.0,0.0,0.0,0.0,0.0,0.0,0.0,0.0,0.0,3.58351893845611,1.791759469228055,0.6931471805599453,0.6931471805599453,1.0986122886681098,0.6931471805599453,0.6931471805599453,1.0,0.0,0.0,0.0,2.0,0.5,0.0,0.0,4.0,19.0,0.0
5038,True,train,0.0,2.0,2.0,4.0,1.0,1.0,52.0,8925.0,659.0,2.0,0.0,1.0,0.0,0.0,1.0,0.0,0.0,1.0,0.0,0.0,0.0,0.0,1.0,0.0,0.0,1.0,0.0,0.0,0.0,0.0,0.0,1.0,1.0,0.0,0.0,0.0,0.0,0.0,0.0,0.0,0.0,3.0,1.0,9.096723645189217,6.492239835020471,1.0986122886681098,1.0986122886681098,1.6094379124341005,0.6931471805599453,0.6931471805599453,1.0,1.0,0.0,1.0,4.0,0.5,0.0,0.0,5.0,16.0,1.0
5044,False,train,0.0,32.0,13.0,45.0,1.0,4.0,46.0,157.0,25.0,0.0,0.0,1.0,0.0,0.0,0.0,0.0,0.0,1.0,0.0,0.0,0.0,0.0,0.0,0.0,1.0,0.0,0.0,0.0,0.0,0.0,0.0,0.0,0.0,0.0,0.0,0.0,0.0,0.0,0.0,0.0,0.0,1.0,1.0,5.062595033026967,3.258096538021482,3.49650756146648,2.6390573296152584,3.828641396489095,0.6931471805599453,1.6094379124341005,1.0,0.0,0.0,0.0,45.0,0.2888888888888888,0.0,1.0,4.0,12.0,0.0
5048,False,train,0.0,2.0,2.0,4.0,1.0,1.0,48.0,192.0,21.0,0.0,0.0,1.0,0.0,1.0,0.0,0.0,0.0,1.0,0.0,0.0,0.0,1.0,0.0,0.0,0.0,0.0,0.0,0.0,0.0,0.0,0.0,0.0,0.0,0.0,0.0,0.0,0.0,0.0,0.0,0.0,0.0,0.0,0.0,5.262690188904886,3.091042453358316,1.0986122886681098,1.0986122886681098,1.6094379124341005,0.6931471805599453,0.6931471805599453,1.0,0.0,0.0,0.0,4.0,0.5,0.0,0.0,6.0,0.0,1.0
5053,True,train,0.0,49.0,60.0,109.0,4.0,1.0,44.0,0.0,0.0,0.0,0.0,4.0,3.0,0.0,0.0,0.0,0.0,4.0,0.0,0.0,1.0,0.0,0.0,0.0,0.0,0.0,1.0,1.0,1.0,0.0,1.0,0.0,0.0,0.0,0.0,0.0,0.0,0.0,0.0,0.0,0.0,4.0,1.0,0.0,0.0,3.912023005428146,4.110873864173311,4.700480365792417,1.6094379124341005,0.6931471805599453,0.0,0.0,0.0,0.0,27.25,0.5504587155963303,0.0,0.0,2.0,17.0,0.0
5066,True,train,0.0,20.0,8.0,28.0,1.0,1.0,27.0,11.0,2.0,1.0,0.0,1.0,0.0,1.0,0.0,0.0,0.0,1.0,0.0,0.0,0.0,1.0,0.0,0.0,0.0,0.0,0.0,0.0,0.0,0.0,0.0,0.0,0.0,0.0,0.0,0.0,0.0,0.0,0.0,0.0,0.0,0.0,0.0,2.4849066497880004,1.0986122886681098,3.044522437723423,2.19722457733622,3.367295829986474,0.6931471805599453,0.6931471805599453,1.0,0.0,0.0,0.0,28.0,0.2857142857142857,0.0,0.0,5.0,18.0,1.0
5068,False,train,0.0,26696.0,20429.0,47125.0,334.0,2325.0,23.0,753.0,123.0,0.0,0.0,334.0,57.0,128.0,22.0,13.0,146.0,78.0,107.0,3.0,1.0,1.0,1.0,1.0,1.0,1.0,1.0,1.0,1.0,1.0,1.0,0.0,0.0,1.0,1.0,1.0,1.0,1.0,1.0,0.0,0.0,13.0,1.0,6.625392368007956,4.820281565605037,10.192306478524973,9.924759687811669,10.76058014468432,5.814130531825066,7.75190533307861,1.0,1.0,0.0,0.0,141.09281437125748,0.4335066312997347,0.0,1.0,6.0,10.0,1.0
5075,False,train,0.0,98.0,85.0,183.0,1.0,1.0,16.0,0.0,0.0,0.0,0.0,1.0,0.0,1.0,0.0,0.0,0.0,1.0,0.0,0.0,0.0,1.0,0.0,0.0,0.0,0.0,0.0,1.0,0.0,1.0,1.0,0.0,0.0,0.0,0.0,0.0,0.0,0.0,0.0,0.0,0.0,3.0,1.0,0.0,0.0,4.59511985013459,4.454347296253507,5.214935757608986,0.6931471805599453,0.6931471805599453,0.0,0.0,0.0,0.0,183.0,0.4644808743169399,0.0,0.0,4.0,1.0,0.0
5077,True,train,0.0,1.0,1.0,2.0,1.0,1.0,50.0,155.0,6.0,0.0,0.0,1.0,0.0,1.0,0.0,0.0,0.0,1.0,0.0,0.0,0.0,1.0,0.0,0.0,0.0,0.0,0.0,0.0,0.0,0.0,0.0,0.0,0.0,0.0,0.0,0.0,0.0,0.0,0.0,0.0,0.0,0.0,0.0,5.049856007249537,1.9459101490553128,0.6931471805599453,0.6931471805599453,1.0986122886681098,0.6931471805599453,0.6931471805599453,1.0,0.0,0.0,0.0,2.0,0.5,0.0,0.0,0.0,18.0,0.0
5101,True,train,0.0,10.0,20.0,30.0,3.0,1.0,26.0,302.0,41.0,0.0,0.0,3.0,0.0,1.0,1.0,0.0,0.0,3.0,0.0,0.0,0.0,1.0,1.0,0.0,0.0,1.0,0.0,1.0,0.0,0.0,0.0,0.0,0.0,0.0,0.0,0.0,0.0,0.0,0.0,0.0,0.0,2.0,1.0,5.713732805509369,3.737669618283368,2.3978952727983707,3.044522437723423,3.4339872044851463,1.3862943611198906,0.6931471805599453,1.0,0.0,0.0,0.0,10.0,0.6666666666666666,0.0,0.0,0.0,15.0,0.0
5108,True,train,0.0,16.0,3.0,19.0,2.0,1.0,28.0,11.0,2.0,0.0,0.0,2.0,0.0,1.0,0.0,0.0,0.0,2.0,0.0,0.0,0.0,1.0,0.0,0.0,0.0,0.0,0.0,0.0,0.0,0.0,0.0,0.0,0.0,0.0,0.0,0.0,0.0,0.0,0.0,0.0,0.0,0.0,0.0,2.4849066497880004,1.0986122886681098,2.833213344056216,1.3862943611198906,2.995732273553991,1.0986122886681098,0.6931471805599453,1.0,0.0,0.0,0.0,9.5,0.1578947368421052,0.0,0.0,1.0,14.0,0.0
5120,False,train,0.0,0.0,0.0,0.0,1.0,2.0,11.0,1078.0,171.0,0.0,0.0,1.0,0.0,0.0,0.0,0.0,1.0,0.0,0.0,0.0,0.0,0.0,0.0,0.0,1.0,0.0,0.0,0.0,0.0,0.0,0.0,0.0,0.0,1.0,0.0,0.0,0.0,0.0,0.0,0.0,0.0,2.0,1.0,6.983789965258135,5.147494476813453,0.0,0.0,0.0,0.6931471805599453,1.0986122886681098,1.0,1.0,1.0,0.0,0.0,0.0,1.0,1.0,2.0,2.0,0.0
5125,False,train,0.0,17.0,0.0,17.0,1.0,1.0,36.0,999.0,172.0,0.0,0.0,1.0,0.0,0.0,1.0,0.0,1.0,0.0,0.0,0.0,0.0,0.0,1.0,0.0,0.0,1.0,0.0,0.0,0.0,0.0,0.0,0.0,0.0,1.0,0.0,0.0,0.0,0.0,0.0,0.0,0.0,2.0,1.0,6.907755278982137,5.153291594497779,2.8903717578961645,0.0,2.8903717578961645,0.6931471805599453,0.6931471805599453,1.0,1.0,0.0,0.0,17.0,0.0,0.0,0.0,6.0,13.0,1.0
5127,True,train,0.0,1820.0,1537.0,3357.0,13.0,8.0,52.0,840.0,147.0,0.0,0.0,13.0,0.0,2.0,0.0,0.0,3.0,9.0,0.0,1.0,0.0,1.0,0.0,0.0,1.0,0.0,0.0,1.0,1.0,1.0,1.0,0.0,0.0,1.0,1.0,0.0,0.0,0.0,1.0,0.0,0.0,9.0,1.0,6.734591659972948,4.997212273764115,7.507141079727608,7.338238150065589,8.119100837637486,2.6390573296152584,2.19722457733622,1.0,1.0,0.0,0.0,258.2307692307692,0.4578492701817098,0.0,1.0,0.0,19.0,0.0
5141,False,train,0.0,0.0,0.0,0.0,1.0,1.0,6.0,999.0,174.0,0.0,0.0,1.0,0.0,0.0,0.0,0.0,1.0,0.0,0.0,0.0,0.0,0.0,0.0,0.0,0.0,0.0,0.0,0.0,0.0,0.0,0.0,0.0,0.0,1.0,0.0,0.0,0.0,0.0,0.0,0.0,0.0,1.0,1.0,6.907755278982137,5.1647859739235145,0.0,0.0,0.0,0.6931471805599453,0.6931471805599453,1.0,1.0,1.0,0.0,0.0,0.0,1.0,0.0,2.0,16.0,0.0
5150,True,train,0.0,2.0,2.0,4.0,2.0,1.0,45.0,6276.0,442.0,2.0,0.0,2.0,0.0,0.0,2.0,0.0,0.0,2.0,0.0,0.0,0.0,0.0,1.0,0.0,0.0,1.0,0.0,0.0,0.0,0.0,0.0,1.0,1.0,0.0,0.0,0.0,0.0,0.0,0.0,0.0,0.0,3.0,1.0,8.744647438317532,6.093569770045136,1.0986122886681098,1.0986122886681098,1.6094379124341005,1.0986122886681098,0.6931471805599453,1.0,1.0,0.0,1.0,2.0,0.5,0.0,0.0,3.0,16.0,0.0
5163,False,train,0.0,1.0,1.0,2.0,1.0,1.0,21.0,1149.0,196.0,0.0,0.0,1.0,0.0,1.0,0.0,0.0,0.0,1.0,0.0,0.0,0.0,1.0,0.0,0.0,0.0,0.0,0.0,0.0,0.0,0.0,0.0,0.0,0.0,0.0,0.0,0.0,0.0,0.0,0.0,0.0,0.0,0.0,0.0,7.047517221357296,5.2832037287379885,0.6931471805599453,0.6931471805599453,1.0986122886681098,0.6931471805599453,0.6931471805599453,1.0,1.0,0.0,0.0,2.0,0.5,0.0,0.0,0.0,12.0,0.0
5178,False,train,0.0,55.0,0.0,55.0,1.0,2.0,30.0,999.0,174.0,0.0,0.0,1.0,0.0,0.0,0.0,0.0,1.0,0.0,0.0,0.0,0.0,0.0,0.0,0.0,1.0,0.0,0.0,0.0,0.0,1.0,0.0,0.0,0.0,1.0,0.0,0.0,0.0,0.0,0.0,0.0,0.0,3.0,1.0,6.907755278982137,5.1647859739235145,4.02535169073515,0.0,4.02535169073515,0.6931471805599453,1.0986122886681098,1.0,1.0,0.0,0.0,55.0,0.0,0.0,1.0,2.0,16.0,0.0
5180,True,train,0.0,1.0,1.0,2.0,1.0,1.0,29.0,0.0,0.0,1.0,0.0,1.0,0.0,1.0,0.0,0.0,0.0,1.0,0.0,0.0,0.0,1.0,0.0,0.0,0.0,0.0,0.0,0.0,0.0,0.0,0.0,0.0,0.0,0.0,0.0,0.0,0.0,0.0,0.0,0.0,0.0,0.0,0.0,0.0,0.0,0.6931471805599453,0.6931471805599453,1.0986122886681098,0.6931471805599453,0.6931471805599453,0.0,0.0,0.0,0.0,2.0,0.5,0.0,0.0,4.0,0.0,0.0
5182,True,train,0.0,1.0,0.0,1.0,1.0,1.0,44.0,618.0,100.0,0.0,0.0,1.0,0.0,1.0,0.0,0.0,0.0,1.0,0.0,0.0,0.0,1.0,0.0,0.0,0.0,0.0,0.0,0.0,0.0,0.0,0.0,0.0,0.0,0.0,0.0,0.0,0.0,0.0,0.0,0.0,0.0,0.0,0.0,6.428105272684596,4.61512051684126,0.6931471805599453,0.0,0.6931471805599453,0.6931471805599453,0.6931471805599453,1.0,1.0,0.0,0.0,1.0,0.0,0.0,0.0,5.0,14.0,1.0
5184,True,train,0.0,1.0,1.0,2.0,1.0,1.0,45.0,6444.0,480.0,2.0,0.0,1.0,0.0,0.0,1.0,0.0,0.0,1.0,0.0,0.0,0.0,0.0,1.0,0.0,0.0,1.0,0.0,0.0,0.0,0.0,0.0,1.0,1.0,0.0,0.0,0.0,0.0,0.0,0.0,0.0,0.0,3.0,1.0,8.771059915373288,6.175867270105761,0.6931471805599453,0.6931471805599453,1.0986122886681098,0.6931471805599453,0.6931471805599453,1.0,1.0,0.0,1.0,2.0,0.5,0.0,0.0,5.0,16.0,1.0
5187,True,train,0.0,1.0,1.0,2.0,1.0,1.0,37.0,174.0,10.0,0.0,0.0,1.0,0.0,0.0,1.0,0.0,0.0,1.0,0.0,0.0,0.0,0.0,1.0,0.0,0.0,1.0,0.0,0.0,0.0,0.0,0.0,0.0,0.0,0.0,0.0,0.0,0.0,0.0,0.0,0.0,0.0,1.0,1.0,5.1647859739235145,2.3978952727983707,0.6931471805599453,0.6931471805599453,1.0986122886681098,0.6931471805599453,0.6931471805599453,1.0,0.0,0.0,0.0,2.0,0.5,0.0,0.0,1.0,6.0,0.0
5188,False,train,0.0,3.0,3.0,6.0,1.0,1.0,27.0,1034.0,180.0,0.0,0.0,1.0,0.0,0.0,0.0,0.0,0.0,1.0,0.0,0.0,0.0,0.0,0.0,0.0,0.0,0.0,0.0,0.0,0.0,0.0,0.0,0.0,0.0,0.0,0.0,0.0,0.0,0.0,0.0,0.0,0.0,0.0,0.0,6.942156705699469,5.198497031265826,1.3862943611198906,1.3862943611198906,1.9459101490553128,0.6931471805599453,0.6931471805599453,1.0,1.0,0.0,0.0,6.0,0.5,0.0,0.0,2.0,0.0,0.0
5194,False,train,0.0,8.0,0.0,8.0,1.0,1.0,18.0,1018.0,177.0,0.0,0.0,1.0,0.0,0.0,0.0,0.0,0.0,1.0,0.0,0.0,0.0,0.0,0.0,0.0,0.0,0.0,0.0,0.0,0.0,0.0,0.0,0.0,0.0,0.0,0.0,0.0,0.0,0.0,0.0,0.0,0.0,0.0,0.0,6.926577033222725,5.181783550292085,2.19722457733622,0.0,2.19722457733622,0.6931471805599453,0.6931471805599453,1.0,1.0,0.0,0.0,8.0,0.0,0.0,0.0,5.0,9.0,1.0
5196,False,train,0.0,11.0,11.0,22.0,8.0,1.0,49.0,1078.0,187.0,0.0,0.0,8.0,0.0,8.0,0.0,0.0,0.0,8.0,0.0,0.0,0.0,1.0,0.0,0.0,0.0,0.0,0.0,0.0,1.0,0.0,0.0,0.0,0.0,0.0,1.0,1.0,0.0,0.0,0.0,0.0,0.0,3.0,1.0,6.983789965258135,5.236441962829949,2.4849066497880004,2.4849066497880004,3.1354942159291497,2.19722457733622,0.6931471805599453,1.0,1.0,0.0,0.0,2.75,0.5,0.0,0.0,5.0,13.0,1.0
5202,False,train,0.0,1.0,1.0,2.0,1.0,1.0,17.0,999.0,174.0,0.0,0.0,1.0,0.0,1.0,0.0,0.0,0.0,1.0,0.0,0.0,0.0,1.0,0.0,0.0,0.0,0.0,0.0,0.0,0.0,0.0,0.0,0.0,0.0,0.0,0.0,0.0,0.0,0.0,0.0,0.0,0.0,0.0,0.0,6.907755278982137,5.1647859739235145,0.6931471805599453,0.6931471805599453,1.0986122886681098,0.6931471805599453,0.6931471805599453,1.0,1.0,0.0,0.0,2.0,0.5,0.0,0.0,6.0,17.0,1.0
5205,False,train,0.0,60.0,3.0,63.0,3.0,2.0,49.0,999.0,174.0,0.0,0.0,3.0,0.0,1.0,0.0,0.0,0.0,3.0,0.0,0.0,0.0,1.0,0.0,0.0,1.0,0.0,0.0,0.0,0.0,1.0,0.0,0.0,0.0,0.0,0.0,0.0,0.0,0.0,0.0,0.0,0.0,2.0,1.0,6.907755278982137,5.1647859739235145,4.110873864173311,1.3862943611198906,4.158883083359672,1.3862943611198906,1.0986122886681098,1.0,1.0,0.0,0.0,21.0,0.0476190476190476,0.0,1.0,0.0,11.0,0.0
5212,True,train,0.0,2.0,2.0,4.0,2.0,1.0,45.0,5708.0,426.0,2.0,0.0,2.0,0.0,0.0,2.0,0.0,0.0,2.0,0.0,0.0,0.0,0.0,1.0,0.0,0.0,1.0,0.0,0.0,0.0,0.0,0.0,1.0,1.0,0.0,0.0,0.0,0.0,0.0,0.0,0.0,0.0,3.0,1.0,8.64979915596426,6.056784013228625,1.0986122886681098,1.0986122886681098,1.6094379124341005,1.0986122886681098,0.6931471805599453,1.0,1.0,0.0,1.0,2.0,0.5,0.0,0.0,1.0,16.0,0.0
5216,False,train,0.0,9.0,3.0,12.0,1.0,1.0,34.0,13.0,3.0,0.0,0.0,1.0,0.0,1.0,0.0,0.0,0.0,1.0,0.0,0.0,0.0,1.0,0.0,0.0,0.0,0.0,0.0,0.0,0.0,0.0,0.0,0.0,0.0,0.0,0.0,0.0,0.0,0.0,0.0,0.0,0.0,0.0,0.0,2.6390573296152584,1.3862943611198906,2.302585092994046,1.3862943611198906,2.5649493574615367,0.6931471805599453,0.6931471805599453,1.0,0.0,0.0,0.0,12.0,0.25,0.0,0.0,5.0,10.0,1.0
5217,True,train,0.0,29.0,26.0,55.0,1.0,2.0,31.0,13.0,3.0,1.0,0.0,1.0,0.0,1.0,0.0,0.0,0.0,1.0,0.0,0.0,0.0,1.0,0.0,0.0,1.0,0.0,0.0,1.0,0.0,0.0,0.0,0.0,0.0,0.0,0.0,0.0,0.0,0.0,0.0,0.0,0.0,2.0,1.0,2.6390573296152584,1.3862943611198906,3.4011973816621555,3.295836866004329,4.02535169073515,0.6931471805599453,1.0986122886681098,1.0,0.0,0.0,0.0,55.0,0.4727272727272727,0.0,1.0,5.0,11.0,1.0
5225,False,train,0.0,3.0,3.0,6.0,1.0,1.0,27.0,999.0,174.0,0.0,0.0,1.0,0.0,0.0,0.0,0.0,0.0,1.0,0.0,0.0,0.0,0.0,0.0,0.0,0.0,0.0,0.0,0.0,0.0,0.0,0.0,0.0,0.0,0.0,0.0,0.0,0.0,0.0,0.0,0.0,0.0,0.0,0.0,6.907755278982137,5.1647859739235145,1.3862943611198906,1.3862943611198906,1.9459101490553128,0.6931471805599453,0.6931471805599453,1.0,1.0,0.0,0.0,6.0,0.5,0.0,0.0,3.0,3.0,0.0
5227,False,train,0.0,1.0,1.0,2.0,1.0,2.0,22.0,999.0,174.0,0.0,0.0,1.0,1.0,0.0,0.0,0.0,0.0,1.0,0.0,0.0,1.0,0.0,0.0,0.0,1.0,0.0,1.0,0.0,0.0,0.0,0.0,0.0,0.0,0.0,0.0,0.0,0.0,0.0,0.0,0.0,0.0,2.0,1.0,6.907755278982137,5.1647859739235145,0.6931471805599453,0.6931471805599453,1.0986122886681098,0.6931471805599453,1.0986122886681098,1.0,1.0,0.0,0.0,2.0,0.5,0.0,1.0,3.0,3.0,0.0
5232,True,train,0.0,2.0,2.0,4.0,2.0,1.0,21.0,0.0,0.0,0.0,0.0,2.0,0.0,1.0,0.0,0.0,0.0,2.0,0.0,0.0,0.0,1.0,0.0,0.0,0.0,0.0,0.0,0.0,0.0,0.0,0.0,0.0,0.0,0.0,0.0,0.0,0.0,0.0,0.0,0.0,0.0,0.0,0.0,0.0,0.0,1.0986122886681098,1.0986122886681098,1.6094379124341005,1.0986122886681098,0.6931471805599453,0.0,0.0,0.0,0.0,2.0,0.5,0.0,0.0,0.0,17.0,0.0
5242,True,train,0.0,23.0,2.0,25.0,3.0,1.0,33.0,12.0,2.0,0.0,0.0,3.0,0.0,1.0,1.0,0.0,0.0,3.0,0.0,0.0,0.0,1.0,1.0,0.0,0.0,1.0,0.0,0.0,0.0,0.0,0.0,0.0,0.0,0.0,0.0,0.0,0.0,0.0,0.0,0.0,0.0,1.0,1.0,2.5649493574615367,1.0986122886681098,3.1780538303479458,1.0986122886681098,3.258096538021482,1.3862943611198906,0.6931471805599453,1.0,0.0,0.0,0.0,8.333333333333334,0.08,0.0,0.0,1.0,13.0,0.0
5244,False,train,0.0,25.0,34.0,59.0,3.0,3.0,3.0,999.0,174.0,0.0,0.0,3.0,2.0,0.0,0.0,0.0,2.0,1.0,0.0,0.0,1.0,0.0,0.0,0.0,1.0,0.0,1.0,1.0,0.0,0.0,0.0,0.0,0.0,1.0,0.0,0.0,0.0,0.0,0.0,0.0,0.0,4.0,1.0,6.907755278982137,5.1647859739235145,3.258096538021482,3.555348061489413,4.0943445622221,1.3862943611198906,1.3862943611198906,1.0,1.0,1.0,0.0,19.666666666666668,0.576271186440678,0.0,1.0,3.0,2.0,0.0
5248,True,train,0.0,2.0,2.0,4.0,1.0,1.0,53.0,6357.0,456.0,2.0,0.0,1.0,0.0,0.0,1.0,0.0,0.0,1.0,0.0,0.0,0.0,0.0,1.0,0.0,0.0,1.0,0.0,0.0,0.0,0.0,0.0,1.0,1.0,0.0,0.0,0.0,0.0,0.0,0.0,0.0,0.0,3.0,1.0,8.757469141470748,6.124683390894205,1.0986122886681098,1.0986122886681098,1.6094379124341005,0.6931471805599453,0.6931471805599453,1.0,1.0,0.0,1.0,4.0,0.5,0.0,0.0,4.0,16.0,0.0
5264,True,train,0.0,9.0,0.0,9.0,3.0,1.0,36.0,622.0,104.0,0.0,0.0,3.0,1.0,1.0,0.0,0.0,0.0,3.0,0.0,0.0,1.0,1.0,0.0,0.0,0.0,0.0,1.0,0.0,0.0,0.0,0.0,0.0,0.0,0.0,0.0,0.0,0.0,0.0,0.0,0.0,0.0,1.0,1.0,6.434546518787453,4.653960350157523,2.302585092994046,0.0,2.302585092994046,1.3862943611198906,0.6931471805599453,1.0,1.0,0.0,0.0,3.0,0.0,0.0,0.0,6.0,15.0,1.0
5270,True,validation,0.0,54.0,12.0,66.0,5.0,1.0,50.0,530.0,92.0,0.0,0.0,5.0,0.0,1.0,0.0,0.0,0.0,5.0,0.0,0.0,0.0,1.0,0.0,0.0,0.0,0.0,0.0,0.0,1.0,1.0,0.0,0.0,0.0,0.0,0.0,0.0,0.0,0.0,0.0,0.0,0.0,3.0,1.0,6.274762021241939,4.532599493153256,4.007333185232471,2.5649493574615367,4.204692619390966,1.791759469228055,0.6931471805599453,1.0,1.0,0.0,0.0,13.2,0.1818181818181818,0.0,0.0,6.0,16.0,1.0
5271,False,validation,0.0,1.0,1.0,2.0,1.0,1.0,38.0,9982.0,805.0,2.0,0.0,1.0,0.0,0.0,1.0,0.0,0.0,1.0,0.0,0.0,0.0,0.0,1.0,0.0,0.0,1.0,0.0,0.0,0.0,0.0,0.0,1.0,1.0,0.0,0.0,0.0,0.0,0.0,0.0,0.0,0.0,4.0,1.0,9.208638925336423,6.692083742506628,0.6931471805599453,0.6931471805599453,1.0986122886681098,0.6931471805599453,0.6931471805599453,1.0,1.0,0.0,1.0,2.0,0.5,0.0,0.0,6.0,16.0,1.0
5273,False,validation,0.0,1.0,1.0,2.0,1.0,1.0,48.0,4248.0,358.0,2.0,0.0,1.0,0.0,0.0,1.0,0.0,0.0,1.0,0.0,0.0,0.0,0.0,1.0,0.0,0.0,1.0,0.0,0.0,0.0,0.0,0.0,1.0,1.0,0.0,0.0,0.0,0.0,0.0,0.0,0.0,0.0,4.0,1.0,8.354438940114811,5.883322388488279,0.6931471805599453,0.6931471805599453,1.0986122886681098,0.6931471805599453,0.6931471805599453,1.0,1.0,0.0,1.0,2.0,0.5,0.0,0.0,6.0,16.0,1.0
5287,True,validation,0.0,1.0,1.0,2.0,1.0,1.0,42.0,83.0,14.0,1.0,0.0,1.0,0.0,1.0,0.0,0.0,0.0,1.0,0.0,0.0,0.0,1.0,0.0,0.0,0.0,0.0,0.0,0.0,0.0,0.0,0.0,0.0,0.0,0.0,0.0,0.0,0.0,0.0,0.0,0.0,0.0,0.0,0.0,4.430816798843313,2.70805020110221,0.6931471805599453,0.6931471805599453,1.0986122886681098,0.6931471805599453,0.6931471805599453,1.0,0.0,0.0,0.0,2.0,0.5,0.0,0.0,3.0,14.0,0.0
5289,False,validation,0.0,6.0,5.0,11.0,1.0,1.0,59.0,748.0,121.0,0.0,0.0,1.0,0.0,0.0,1.0,0.0,0.0,1.0,0.0,0.0,0.0,0.0,1.0,0.0,0.0,1.0,0.0,0.0,0.0,0.0,0.0,0.0,0.0,0.0,0.0,0.0,0.0,0.0,0.0,0.0,0.0,1.0,1.0,6.618738983517219,4.804021044733257,1.9459101490553128,1.791759469228055,2.4849066497880004,0.6931471805599453,0.6931471805599453,1.0,1.0,0.0,0.0,11.0,0.4545454545454545,0.0,0.0,3.0,20.0,0.0
5300,False,validation,0.0,1.0,1.0,2.0,1.0,1.0,18.0,114.0,5.0,0.0,0.0,1.0,0.0,1.0,0.0,0.0,0.0,1.0,0.0,0.0,0.0,1.0,0.0,0.0,0.0,0.0,0.0,0.0,0.0,0.0,0.0,0.0,0.0,0.0,0.0,0.0,0.0,0.0,0.0,0.0,0.0,0.0,0.0,4.74493212836325,1.791759469228055,0.6931471805599453,0.6931471805599453,1.0986122886681098,0.6931471805599453,0.6931471805599453,1.0,0.0,0.0,0.0,2.0,0.5,0.0,0.0,2.0,11.0,0.0
5303,True,validation,0.0,1.0,1.0,2.0,1.0,1.0,50.0,0.0,0.0,0.0,0.0,1.0,0.0,1.0,0.0,0.0,0.0,1.0,0.0,0.0,0.0,1.0,0.0,0.0,0.0,0.0,0.0,0.0,0.0,0.0,0.0,0.0,0.0,0.0,0.0,0.0,0.0,0.0,0.0,0.0,0.0,0.0,0.0,0.0,0.0,0.6931471805599453,0.6931471805599453,1.0986122886681098,0.6931471805599453,0.6931471805599453,0.0,0.0,0.0,0.0,2.0,0.5,0.0,0.0,4.0,15.0,0.0
5313,True,validation,0.0,1.0,1.0,2.0,1.0,2.0,24.0,564.0,73.0,0.0,0.0,1.0,0.0,1.0,0.0,0.0,0.0,1.0,0.0,0.0,0.0,1.0,0.0,0.0,1.0,0.0,0.0,0.0,0.0,0.0,0.0,0.0,0.0,0.0,0.0,0.0,0.0,0.0,0.0,0.0,0.0,1.0,1.0,6.336825731146441,4.30406509320417,0.6931471805599453,0.6931471805599453,1.0986122886681098,0.6931471805599453,1.0986122886681098,1.0,1.0,0.0,0.0,2.0,0.5,0.0,1.0,5.0,8.0,1.0
5316,False,validation,0.0,2.0,2.0,4.0,2.0,1.0,45.0,3670.0,344.0,2.0,0.0,2.0,0.0,0.0,2.0,0.0,0.0,2.0,0.0,0.0,0.0,0.0,1.0,0.0,0.0,1.0,0.0,0.0,0.0,0.0,0.0,1.0,1.0,0.0,0.0,0.0,0.0,0.0,0.0,0.0,0.0,4.0,1.0,8.208219383496834,5.84354441703136,1.0986122886681098,1.0986122886681098,1.6094379124341005,1.0986122886681098,0.6931471805599453,1.0,1.0,0.0,1.0,2.0,0.5,0.0,0.0,2.0,16.0,0.0
5330,True,validation,0.0,6.0,6.0,12.0,2.0,1.0,44.0,24395.0,1563.0,2.0,0.0,2.0,0.0,0.0,2.0,0.0,0.0,2.0,0.0,0.0,0.0,0.0,1.0,0.0,0.0,1.0,0.0,0.0,0.0,0.0,0.0,1.0,1.0,0.0,0.0,0.0,0.0,0.0,0.0,0.0,0.0,3.0,1.0,10.102174463416349,7.355001921105257,1.9459101490553128,1.9459101490553128,2.5649493574615367,1.0986122886681098,0.6931471805599453,1.0,1.0,0.0,1.0,6.0,0.5,0.0,0.0,3.0,17.0,0.0
5336,True,validation,0.0,3.0,1.0,4.0,2.0,1.0,33.0,755.0,102.0,1.0,0.0,2.0,0.0,1.0,0.0,0.0,0.0,2.0,0.0,0.0,0.0,1.0,0.0,0.0,0.0,0.0,0.0,0.0,0.0,0.0,0.0,0.0,0.0,0.0,0.0,0.0,0.0,0.0,0.0,0.0,0.0,0.0,0.0,6.628041376179533,4.634728988229636,1.3862943611198906,0.6931471805599453,1.6094379124341005,1.0986122886681098,0.6931471805599453,1.0,1.0,0.0,0.0,2.0,0.25,0.0,0.0,0.0,11.0,0.0
5338,False,validation,0.0,2.0,2.0,4.0,2.0,1.0,45.0,612.0,106.0,0.0,0.0,2.0,1.0,0.0,0.0,0.0,0.0,2.0,0.0,0.0,1.0,0.0,0.0,0.0,0.0,0.0,1.0,0.0,0.0,0.0,0.0,0.0,0.0,0.0,0.0,0.0,0.0,0.0,0.0,0.0,0.0,1.0,1.0,6.418364935936212,4.672828834461906,1.0986122886681098,1.0986122886681098,1.6094379124341005,1.0986122886681098,0.6931471805599453,1.0,1.0,0.0,0.0,2.0,0.5,0.0,0.0,2.0,17.0,0.0
5344,True,validation,0.0,4.0,1.0,5.0,2.0,1.0,42.0,517.0,90.0,1.0,0.0,2.0,0.0,1.0,0.0,0.0,0.0,2.0,0.0,0.0,0.0,1.0,0.0,0.0,0.0,0.0,0.0,0.0,0.0,0.0,0.0,0.0,0.0,0.0,0.0,0.0,0.0,0.0,0.0,0.0,0.0,1.0,1.0,6.249975242259483,4.51085950651685,1.6094379124341005,0.6931471805599453,1.791759469228055,1.0986122886681098,0.6931471805599453,1.0,1.0,0.0,0.0,2.5,0.2,0.0,0.0,4.0,22.0,0.0
5346,False,validation,0.0,20.0,0.0,20.0,1.0,2.0,1.0,999.0,174.0,0.0,0.0,1.0,0.0,0.0,1.0,0.0,1.0,0.0,0.0,0.0,0.0,0.0,1.0,0.0,1.0,1.0,0.0,0.0,0.0,0.0,0.0,0.0,0.0,1.0,0.0,0.0,0.0,0.0,0.0,0.0,0.0,3.0,1.0,6.907755278982137,5.1647859739235145,3.044522437723423,0.0,3.044522437723423,0.6931471805599453,1.0986122886681098,1.0,1.0,1.0,0.0,20.0,0.0,0.0,1.0,6.0,9.0,1.0
5352,True,validation,0.0,3.0,3.0,6.0,2.0,1.0,44.0,11909.0,823.0,2.0,0.0,2.0,0.0,0.0,2.0,0.0,0.0,2.0,0.0,0.0,0.0,0.0,1.0,0.0,0.0,1.0,0.0,0.0,0.0,0.0,0.0,1.0,1.0,0.0,0.0,0.0,0.0,0.0,0.0,0.0,0.0,3.0,1.0,9.385133662349348,6.714170529909472,1.3862943611198906,1.3862943611198906,1.9459101490553128,1.0986122886681098,0.6931471805599453,1.0,1.0,0.0,1.0,3.0,0.5,0.0,0.0,4.0,15.0,0.0
5355,True,validation,0.0,2.0,2.0,4.0,1.0,1.0,52.0,232.0,25.0,1.0,0.0,1.0,0.0,1.0,0.0,0.0,0.0,1.0,0.0,0.0,0.0,1.0,0.0,0.0,0.0,0.0,0.0,0.0,0.0,0.0,0.0,0.0,0.0,0.0,0.0,0.0,0.0,0.0,0.0,0.0,0.0,1.0,1.0,5.4510384535657,3.258096538021482,1.0986122886681098,1.0986122886681098,1.6094379124341005,0.6931471805599453,0.6931471805599453,1.0,0.0,0.0,0.0,4.0,0.5,0.0,0.0,1.0,18.0,0.0
5357,False,validation,0.0,0.0,0.0,0.0,1.0,2.0,10.0,999.0,174.0,0.0,0.0,1.0,0.0,0.0,0.0,0.0,1.0,0.0,0.0,0.0,0.0,0.0,0.0,0.0,1.0,0.0,0.0,0.0,0.0,0.0,0.0,0.0,0.0,1.0,0.0,0.0,0.0,0.0,0.0,0.0,0.0,2.0,1.0,6.907755278982137,5.1647859739235145,0.0,0.0,0.0,0.6931471805599453,1.0986122886681098,1.0,1.0,1.0,0.0,0.0,0.0,1.0,1.0,3.0,3.0,0.0
5370,False,validation,0.0,1.0,1.0,2.0,1.0,1.0,35.0,663.0,85.0,0.0,0.0,1.0,0.0,0.0,1.0,0.0,0.0,1.0,0.0,0.0,0.0,0.0,1.0,0.0,0.0,1.0,0.0,0.0,0.0,0.0,0.0,0.0,0.0,0.0,0.0,0.0,0.0,0.0,0.0,0.0,0.0,1.0,1.0,6.498282149476434,4.454347296253507,0.6931471805599453,0.6931471805599453,1.0986122886681098,0.6931471805599453,0.6931471805599453,1.0,1.0,0.0,0.0,2.0,0.5,0.0,0.0,1.0,12.0,0.0
5374,True,validation,0.0,5.0,5.0,10.0,3.0,1.0,66.0,19606.0,1364.0,2.0,0.0,3.0,0.0,0.0,0.0,0.0,0.0,3.0,0.0,0.0,0.0,0.0,0.0,0.0,0.0,0.0,0.0,0.0,0.0,0.0,0.0,1.0,1.0,0.0,0.0,0.0,0.0,0.0,0.0,0.0,0.0,2.0,1.0,9.88364192431542,7.21890970761906,1.791759469228055,1.791759469228055,2.3978952727983707,1.3862943611198906,0.6931471805599453,1.0,1.0,0.0,1.0,3.333333333333333,0.5,0.0,0.0,0.0,15.0,0.0
5376,False,validation,0.0,5.0,5.0,10.0,2.0,1.0,44.0,16220.0,981.0,2.0,0.0,2.0,0.0,0.0,2.0,0.0,0.0,2.0,0.0,0.0,0.0,0.0,1.0,0.0,0.0,1.0,0.0,0.0,0.0,0.0,0.0,1.0,1.0,0.0,0.0,0.0,0.0,0.0,0.0,0.0,0.0,4.0,1.0,9.694061978050115,6.889591308354466,1.791759469228055,1.791759469228055,2.3978952727983707,1.0986122886681098,0.6931471805599453,1.0,1.0,0.0,1.0,5.0,0.5,0.0,0.0,0.0,15.0,0.0
5377,True,validation,0.0,2.0,2.0,4.0,2.0,2.0,37.0,188.0,10.0,0.0,0.0,2.0,0.0,0.0,1.0,0.0,0.0,2.0,0.0,0.0,0.0,0.0,1.0,0.0,1.0,1.0,0.0,0.0,0.0,0.0,0.0,0.0,0.0,0.0,0.0,0.0,0.0,0.0,0.0,0.0,0.0,3.0,1.0,5.241747015059643,2.3978952727983707,1.0986122886681098,1.0986122886681098,1.6094379124341005,1.0986122886681098,1.0986122886681098,1.0,0.0,0.0,0.0,2.0,0.5,0.0,1.0,0.0,20.0,0.0
5382,True,validation,0.0,16.0,1.0,17.0,2.0,1.0,27.0,94.0,13.0,0.0,0.0,2.0,0.0,1.0,0.0,0.0,0.0,2.0,0.0,0.0,0.0,1.0,0.0,0.0,0.0,0.0,0.0,0.0,0.0,0.0,0.0,0.0,0.0,0.0,0.0,0.0,0.0,0.0,0.0,0.0,0.0,0.0,0.0,4.553876891600541,2.6390573296152584,2.833213344056216,0.6931471805599453,2.8903717578961645,1.0986122886681098,0.6931471805599453,1.0,0.0,0.0,0.0,8.5,0.0588235294117647,0.0,0.0,0.0,15.0,0.0
5384,False,validation,0.0,6.0,6.0,12.0,1.0,1.0,22.0,238.0,23.0,0.0,0.0,1.0,0.0,1.0,0.0,0.0,0.0,1.0,0.0,0.0,0.0,1.0,0.0,0.0,0.0,0.0,0.0,0.0,0.0,0.0,0.0,0.0,0.0,0.0,0.0,0.0,0.0,0.0,0.0,0.0,0.0,1.0,1.0,5.476463551931511,3.1780538303479458,1.9459101490553128,1.9459101490553128,2.5649493574615367,0.6931471805599453,0.6931471805599453,1.0,0.0,0.0,0.0,12.0,0.5,0.0,0.0,3.0,17.0,0.0
5386,True,validation,0.0,2.0,2.0,4.0,2.0,1.0,21.0,0.0,0.0,0.0,0.0,2.0,0.0,1.0,1.0,0.0,0.0,2.0,0.0,0.0,0.0,1.0,1.0,0.0,0.0,1.0,0.0,0.0,0.0,0.0,0.0,0.0,0.0,0.0,0.0,0.0,0.0,0.0,0.0,0.0,0.0,1.0,1.0,0.0,0.0,1.0986122886681098,1.0986122886681098,1.6094379124341005,1.0986122886681098,0.6931471805599453,0.0,0.0,0.0,0.0,2.0,0.5,0.0,0.0,3.0,19.0,0.0
5389,True,validation,0.0,4.0,1.0,5.0,2.0,1.0,25.0,965.0,155.0,0.0,0.0,2.0,0.0,1.0,0.0,0.0,0.0,2.0,0.0,0.0,0.0,1.0,0.0,0.0,0.0,0.0,0.0,0.0,0.0,0.0,0.0,0.0,0.0,0.0,0.0,0.0,0.0,0.0,0.0,0.0,0.0,1.0,1.0,6.873163834212518,5.049856007249537,1.6094379124341005,0.6931471805599453,1.791759469228055,1.0986122886681098,0.6931471805599453,1.0,1.0,0.0,0.0,2.5,0.2,0.0,0.0,1.0,16.0,0.0
5393,True,validation,0.0,10.0,1.0,11.0,3.0,1.0,36.0,1434.0,231.0,0.0,0.0,3.0,1.0,1.0,0.0,0.0,0.0,3.0,0.0,0.0,1.0,1.0,0.0,0.0,0.0,0.0,1.0,0.0,0.0,0.0,0.0,0.0,0.0,0.0,0.0,0.0,0.0,0.0,0.0,0.0,0.0,2.0,1.0,7.268920128193722,5.44673737166631,2.3978952727983707,0.6931471805599453,2.4849066497880004,1.3862943611198906,0.6931471805599453,1.0,1.0,0.0,0.0,3.6666666666666665,0.0909090909090909,0.0,0.0,4.0,2.0,0.0
5401,True,validation,0.0,12.0,12.0,24.0,4.0,1.0,66.0,30481.0,2167.0,2.0,0.0,4.0,0.0,0.0,0.0,0.0,0.0,4.0,0.0,0.0,0.0,0.0,0.0,0.0,0.0,0.0,0.0,0.0,1.0,0.0,0.0,1.0,1.0,0.0,0.0,0.0,0.0,0.0,0.0,0.0,0.0,3.0,1.0,10.324891624445796,7.681560362559537,2.5649493574615367,2.5649493574615367,3.218875824868201,1.6094379124341005,0.6931471805599453,1.0,1.0,0.0,1.0,6.0,0.5,0.0,0.0,3.0,15.0,0.0
5402,False,validation,0.0,2.0,0.0,2.0,1.0,2.0,28.0,227.0,30.0,0.0,0.0,1.0,0.0,1.0,0.0,0.0,0.0,1.0,0.0,0.0,0.0,1.0,0.0,0.0,1.0,0.0,0.0,0.0,0.0,0.0,0.0,0.0,0.0,0.0,0.0,0.0,0.0,0.0,0.0,0.0,0.0,1.0,1.0,5.429345628954441,3.4339872044851463,1.0986122886681098,0.0,1.0986122886681098,0.6931471805599453,1.0986122886681098,1.0,0.0,0.0,0.0,2.0,0.0,0.0,1.0,5.0,11.0,1.0
5403,True,validation,0.0,2.0,2.0,4.0,2.0,1.0,21.0,0.0,0.0,0.0,0.0,2.0,0.0,1.0,1.0,0.0,0.0,2.0,0.0,0.0,0.0,1.0,1.0,0.0,0.0,1.0,0.0,0.0,0.0,0.0,0.0,0.0,0.0,0.0,0.0,0.0,0.0,0.0,0.0,0.0,0.0,1.0,1.0,0.0,0.0,1.0986122886681098,1.0986122886681098,1.6094379124341005,1.0986122886681098,0.6931471805599453,0.0,0.0,0.0,0.0,2.0,0.5,0.0,0.0,5.0,21.0,1.0
5409,False,validation,0.0,0.0,0.0,0.0,1.0,1.0,35.0,999.0,174.0,0.0,0.0,1.0,0.0,1.0,0.0,0.0,0.0,0.0,0.0,1.0,0.0,1.0,0.0,0.0,0.0,0.0,0.0,0.0,0.0,0.0,0.0,0.0,0.0,0.0,0.0,0.0,0.0,0.0,1.0,0.0,0.0,1.0,1.0,6.907755278982137,5.1647859739235145,0.0,0.0,0.0,0.6931471805599453,0.6931471805599453,1.0,1.0,0.0,0.0,0.0,0.0,1.0,0.0,4.0,4.0,0.0
5420,False,validation,0.0,2.0,2.0,4.0,2.0,4.0,51.0,863.0,88.0,0.0,0.0,2.0,0.0,0.0,0.0,0.0,0.0,2.0,0.0,0.0,0.0,0.0,0.0,0.0,1.0,0.0,0.0,0.0,0.0,0.0,0.0,0.0,0.0,0.0,0.0,0.0,0.0,0.0,0.0,0.0,0.0,1.0,1.0,6.761572768804055,4.48863636973214,1.0986122886681098,1.0986122886681098,1.6094379124341005,1.0986122886681098,1.6094379124341005,1.0,1.0,0.0,0.0,2.0,0.5,0.0,1.0,4.0,4.0,0.0
5423,True,validation,0.0,5.0,3.0,8.0,1.0,1.0,61.0,146.0,26.0,0.0,0.0,1.0,0.0,0.0,1.0,0.0,0.0,1.0,0.0,0.0,0.0,0.0,1.0,0.0,0.0,1.0,0.0,0.0,0.0,0.0,0.0,0.0,0.0,0.0,0.0,0.0,0.0,0.0,0.0,0.0,0.0,2.0,1.0,4.990432586778736,3.295836866004329,1.791759469228055,1.3862943611198906,2.19722457733622,0.6931471805599453,0.6931471805599453,1.0,0.0,0.0,0.0,8.0,0.375,0.0,0.0,1.0,0.0,0.0
5425,False,validation,0.0,12.0,10.0,22.0,4.0,1.0,66.0,36849.0,2343.0,2.0,0.0,4.0,0.0,0.0,0.0,0.0,0.0,4.0,0.0,0.0,0.0,0.0,0.0,0.0,0.0,0.0,0.0,0.0,1.0,0.0,0.0,1.0,1.0,0.0,0.0,0.0,0.0,0.0,0.0,0.0,0.0,4.0,1.0,10.514610897617482,7.759614150696903,2.5649493574615367,2.3978952727983707,3.1354942159291497,1.6094379124341005,0.6931471805599453,1.0,1.0,0.0,1.0,5.5,0.4545454545454545,0.0,0.0,4.0,15.0,0.0
5433,False,validation,0.0,42.0,29.0,71.0,13.0,42.0,54.0,0.0,0.0,0.0,0.0,13.0,0.0,4.0,4.0,0.0,0.0,13.0,0.0,0.0,0.0,1.0,1.0,0.0,1.0,1.0,0.0,1.0,1.0,0.0,0.0,0.0,0.0,0.0,1.0,1.0,0.0,0.0,0.0,0.0,0.0,6.0,1.0,0.0,0.0,3.7612001156935615,3.4011973816621555,4.276666119016055,2.6390573296152584,3.7612001156935615,0.0,0.0,0.0,0.0,5.461538461538462,0.4084507042253521,0.0,1.0,4.0,10.0,0.0
5444,False,validation,0.0,1.0,1.0,2.0,1.0,1.0,34.0,1033.0,171.0,0.0,0.0,1.0,0.0,0.0,0.0,0.0,0.0,1.0,0.0,0.0,0.0,0.0,0.0,0.0,0.0,0.0,0.0,0.0,0.0,0.0,0.0,0.0,0.0,0.0,0.0,0.0,0.0,0.0,0.0,0.0,0.0,0.0,0.0,6.941190055068375,5.147494476813453,0.6931471805599453,0.6931471805599453,1.0986122886681098,0.6931471805599453,0.6931471805599453,1.0,1.0,0.0,0.0,2.0,0.5,0.0,0.0,4.0,16.0,0.0
5449,False,validation,0.0,27031.0,21002.0,48033.0,345.0,2571.0,29.0,162.0,28.0,0.0,0.0,345.0,57.0,136.0,22.0,13.0,151.0,77.0,115.0,2.0,1.0,1.0,1.0,1.0,1.0,1.0,1.0,1.0,1.0,1.0,1.0,0.0,0.0,1.0,1.0,1.0,1.0,1.0,1.0,0.0,0.0,13.0,1.0,5.093750200806762,3.367295829986474,10.204776628394123,9.952420563645306,10.77966437247371,5.846438775057725,7.85243908535751,1.0,0.0,0.0,0.0,139.22608695652173,0.4372410634355547,0.0,1.0,5.0,20.0,1.0
5451,False,validation,0.0,8.0,8.0,16.0,2.0,1.0,44.0,33711.0,2119.0,2.0,0.0,2.0,0.0,0.0,2.0,0.0,0.0,2.0,0.0,0.0,0.0,0.0,1.0,0.0,0.0,1.0,0.0,0.0,0.0,0.0,0.0,1.0,1.0,0.0,0.0,0.0,0.0,0.0,0.0,0.0,0.0,3.0,1.0,10.42560913604397,7.659171367666058,2.19722457733622,2.19722457733622,2.833213344056216,1.0986122886681098,0.6931471805599453,1.0,1.0,0.0,1.0,8.0,0.5,0.0,0.0,0.0,15.0,0.0
5452,False,validation,0.0,19.0,17.0,36.0,4.0,1.0,66.0,55207.0,3779.0,2.0,0.0,4.0,0.0,0.0,0.0,0.0,0.0,4.0,0.0,0.0,0.0,0.0,0.0,0.0,0.0,0.0,0.0,0.0,1.0,0.0,0.0,1.0,1.0,0.0,0.0,0.0,0.0,0.0,0.0,0.0,0.0,3.0,1.0,10.918863149300437,8.237479288613633,2.995732273553991,2.8903717578961645,3.610917912644224,1.6094379124341005,0.6931471805599453,1.0,1.0,0.0,1.0,9.0,0.4722222222222222,0.0,0.0,0.0,15.0,0.0
5457,True,validation,0.0,377.0,317.0,694.0,35.0,20.0,20.0,78.0,12.0,0.0,0.0,35.0,2.0,9.0,9.0,2.0,1.0,30.0,2.0,2.0,1.0,1.0,1.0,1.0,1.0,1.0,1.0,1.0,1.0,1.0,1.0,0.0,0.0,1.0,1.0,1.0,1.0,1.0,1.0,0.0,0.0,13.0,1.0,4.3694478524670215,2.5649493574615367,5.934894195619588,5.762051382780177,6.543911845564792,3.58351893845611,3.044522437723423,1.0,0.0,0.0,0.0,19.82857142857143,0.4567723342939481,0.0,1.0,6.0,0.0,1.0
5460,True,validation,0.0,13.0,1.0,14.0,2.0,1.0,33.0,380.0,65.0,0.0,0.0,2.0,0.0,1.0,0.0,1.0,0.0,2.0,0.0,0.0,0.0,1.0,0.0,1.0,0.0,0.0,0.0,0.0,0.0,0.0,0.0,0.0,0.0,0.0,0.0,0.0,1.0,0.0,0.0,0.0,0.0,1.0,1.0,5.942799375126701,4.189654742026425,2.6390573296152584,0.6931471805599453,2.70805020110221,1.0986122886681098,0.6931471805599453,1.0,1.0,0.0,0.0,7.0,0.0714285714285714,0.0,0.0,6.0,18.0,1.0
5463,False,validation,0.0,1.0,1.0,2.0,1.0,1.0,13.0,845.0,137.0,0.0,0.0,1.0,0.0,1.0,0.0,0.0,0.0,1.0,0.0,0.0,0.0,1.0,0.0,0.0,0.0,0.0,0.0,0.0,0.0,0.0,0.0,0.0,0.0,0.0,0.0,0.0,0.0,0.0,0.0,0.0,0.0,0.0,0.0,6.740519359606223,4.927253685157205,0.6931471805599453,0.6931471805599453,1.0986122886681098,0.6931471805599453,0.6931471805599453,1.0,1.0,1.0,0.0,2.0,0.5,0.0,0.0,3.0,10.0,0.0
5464,True,validation,0.0,6.0,0.0,6.0,1.0,1.0,44.0,166.0,24.0,0.0,0.0,1.0,0.0,1.0,0.0,0.0,0.0,1.0,0.0,0.0,0.0,1.0,0.0,0.0,0.0,0.0,0.0,0.0,0.0,0.0,0.0,0.0,0.0,0.0,0.0,0.0,0.0,0.0,0.0,0.0,0.0,1.0,1.0,5.117993812416755,3.218875824868201,1.9459101490553128,0.0,1.9459101490553128,0.6931471805599453,0.6931471805599453,1.0,0.0,0.0,0.0,6.0,0.0,0.0,0.0,0.0,16.0,0.0
5467,False,validation,0.0,4.0,4.0,8.0,2.0,1.0,44.0,9593.0,690.0,2.0,0.0,2.0,0.0,0.0,2.0,0.0,0.0,2.0,0.0,0.0,0.0,0.0,1.0,0.0,0.0,1.0,0.0,0.0,0.0,0.0,0.0,1.0,1.0,0.0,0.0,0.0,0.0,0.0,0.0,0.0,0.0,3.0,1.0,9.168893182062009,6.53813982376767,1.6094379124341005,1.6094379124341005,2.19722457733622,1.0986122886681098,0.6931471805599453,1.0,1.0,0.0,1.0,4.0,0.5,0.0,0.0,1.0,23.0,0.0
5470,True,validation,0.0,7.0,7.0,14.0,2.0,1.0,63.0,23755.0,1334.0,2.0,0.0,2.0,0.0,0.0,2.0,0.0,0.0,2.0,0.0,0.0,0.0,0.0,1.0,0.0,0.0,1.0,0.0,0.0,0.0,0.0,0.0,1.0,1.0,0.0,0.0,0.0,0.0,0.0,0.0,0.0,0.0,3.0,1.0,10.075590409135753,7.19668657083435,2.079441541679836,2.079441541679836,2.70805020110221,1.0986122886681098,0.6931471805599453,1.0,1.0,0.0,1.0,7.0,0.5,0.0,0.0,1.0,23.0,0.0
5474,False,validation,0.0,13.0,13.0,26.0,4.0,1.0,66.0,23817.0,1721.0,2.0,0.0,4.0,0.0,0.0,0.0,0.0,0.0,4.0,0.0,0.0,0.0,0.0,0.0,0.0,0.0,0.0,0.0,0.0,1.0,0.0,0.0,1.0,1.0,0.0,0.0,0.0,0.0,0.0,0.0,0.0,0.0,3.0,1.0,10.078196876327942,7.451241684987676,2.6390573296152584,2.6390573296152584,3.295836866004329,1.6094379124341005,0.6931471805599453,1.0,1.0,0.0,1.0,6.5,0.5,0.0,0.0,2.0,15.0,0.0
5476,True,validation,0.0,16.0,16.0,32.0,5.0,2.0,68.0,25534.0,1849.0,2.0,0.0,5.0,0.0,0.0,0.0,0.0,0.0,5.0,0.0,0.0,0.0,0.0,0.0,0.0,1.0,0.0,0.0,0.0,1.0,0.0,0.0,1.0,1.0,0.0,0.0,0.0,0.0,0.0,0.0,0.0,0.0,4.0,1.0,10.147805339081744,7.52294091807237,2.833213344056216,2.833213344056216,3.49650756146648,1.791759469228055,1.0986122886681098,1.0,1.0,0.0,1.0,6.4,0.5,0.0,1.0,0.0,17.0,0.0
5478,False,validation,0.0,1.0,1.0,2.0,1.0,1.0,17.0,845.0,137.0,0.0,0.0,1.0,1.0,0.0,0.0,0.0,0.0,1.0,0.0,0.0,1.0,0.0,0.0,0.0,0.0,0.0,1.0,0.0,0.0,0.0,0.0,0.0,0.0,0.0,0.0,0.0,0.0,0.0,0.0,0.0,0.0,1.0,1.0,6.740519359606223,4.927253685157205,0.6931471805599453,0.6931471805599453,1.0986122886681098,0.6931471805599453,0.6931471805599453,1.0,1.0,0.0,0.0,2.0,0.5,0.0,0.0,1.0,1.0,0.0
5481,True,validation,0.0,2.0,1.0,3.0,2.0,1.0,21.0,0.0,0.0,0.0,0.0,2.0,0.0,0.0,2.0,0.0,0.0,2.0,0.0,0.0,0.0,0.0,1.0,0.0,0.0,1.0,0.0,0.0,0.0,0.0,0.0,0.0,0.0,0.0,0.0,0.0,0.0,0.0,0.0,0.0,0.0,1.0,1.0,0.0,0.0,1.0986122886681098,0.6931471805599453,1.3862943611198906,1.0986122886681098,0.6931471805599453,0.0,0.0,0.0,0.0,1.5,0.3333333333333333,0.0,0.0,5.0,15.0,1.0
5482,False,validation,0.0,8.0,8.0,16.0,2.0,2.0,81.0,357.0,56.0,0.0,0.0,2.0,0.0,1.0,0.0,0.0,0.0,2.0,0.0,0.0,0.0,1.0,0.0,0.0,1.0,0.0,0.0,0.0,0.0,0.0,0.0,0.0,0.0,0.0,0.0,0.0,0.0,0.0,0.0,1.0,0.0,2.0,1.0,5.8805329864007,4.04305126783455,2.19722457733622,2.19722457733622,2.833213344056216,1.0986122886681098,1.0986122886681098,1.0,1.0,0.0,0.0,8.0,0.5,0.0,1.0,5.0,21.0,1.0
5487,True,validation,0.0,4.0,4.0,8.0,1.0,1.0,41.0,195.0,29.0,0.0,0.0,1.0,0.0,1.0,0.0,0.0,0.0,1.0,0.0,0.0,0.0,1.0,0.0,0.0,0.0,0.0,0.0,0.0,0.0,0.0,0.0,0.0,0.0,0.0,0.0,0.0,0.0,0.0,0.0,0.0,0.0,0.0,0.0,5.278114659230517,3.4011973816621555,1.6094379124341005,1.6094379124341005,2.19722457733622,0.6931471805599453,0.6931471805599453,1.0,0.0,0.0,0.0,8.0,0.5,0.0,0.0,1.0,23.0,0.0
5493,True,validation,0.0,3.0,3.0,6.0,2.0,1.0,69.0,12044.0,827.0,2.0,0.0,2.0,0.0,0.0,2.0,0.0,0.0,2.0,0.0,0.0,0.0,0.0,1.0,0.0,0.0,1.0,0.0,0.0,0.0,0.0,0.0,1.0,1.0,0.0,0.0,0.0,0.0,0.0,0.0,0.0,0.0,3.0,1.0,9.396404915048972,6.71901315438526,1.3862943611198906,1.3862943611198906,1.9459101490553128,1.0986122886681098,0.6931471805599453,1.0,1.0,0.0,1.0,3.0,0.5,0.0,0.0,5.0,15.0,1.0
5497,False,validation,0.0,3.0,0.0,3.0,1.0,1.0,29.0,354.0,58.0,0.0,0.0,1.0,0.0,1.0,0.0,0.0,0.0,1.0,0.0,0.0,0.0,1.0,0.0,0.0,0.0,0.0,0.0,0.0,0.0,0.0,0.0,0.0,0.0,0.0,0.0,0.0,0.0,0.0,0.0,0.0,0.0,0.0,0.0,5.872117789475416,4.07753744390572,1.3862943611198906,0.0,1.3862943611198906,0.6931471805599453,0.6931471805599453,1.0,1.0,0.0,0.0,3.0,0.0,0.0,0.0,4.0,6.0,0.0
5499,True,validation,0.0,34.0,0.0,34.0,5.0,1.0,37.0,904.0,120.0,0.0,0.0,5.0,1.0,2.0,0.0,1.0,0.0,5.0,0.0,0.0,1.0,1.0,0.0,1.0,0.0,0.0,1.0,0.0,1.0,0.0,0.0,0.0,0.0,0.0,0.0,0.0,1.0,0.0,0.0,0.0,0.0,4.0,1.0,6.807934943699926,4.795790545596741,3.555348061489413,0.0,3.555348061489413,1.791759469228055,0.6931471805599453,1.0,1.0,0.0,0.0,6.8,0.0,0.0,0.0,0.0,2.0,0.0
5511,False,validation,0.0,211.0,34.0,245.0,14.0,5.0,15.0,76.0,14.0,0.0,0.0,14.0,2.0,1.0,0.0,0.0,11.0,3.0,0.0,0.0,1.0,1.0,0.0,0.0,1.0,0.0,1.0,1.0,0.0,1.0,1.0,0.0,0.0,1.0,1.0,0.0,0.0,0.0,0.0,0.0,0.0,7.0,1.0,4.343805421853684,2.70805020110221,5.356586274672012,3.555348061489413,5.5053315359323625,2.70805020110221,1.791759469228055,1.0,0.0,0.0,0.0,17.5,0.1387755102040816,0.0,1.0,3.0,0.0,0.0
5514,True,validation,0.0,10.0,10.0,20.0,3.0,1.0,66.0,16617.0,1261.0,2.0,0.0,3.0,0.0,0.0,0.0,0.0,0.0,3.0,0.0,0.0,0.0,0.0,0.0,0.0,0.0,0.0,0.0,0.0,0.0,0.0,0.0,1.0,1.0,0.0,0.0,0.0,0.0,0.0,0.0,0.0,0.0,2.0,1.0,9.718241724224926,7.140453043101158,2.3978952727983707,2.3978952727983707,3.044522437723423,1.3862943611198906,0.6931471805599453,1.0,1.0,0.0,1.0,6.666666666666667,0.5,0.0,0.0,0.0,15.0,0.0
5516,True,validation,0.0,5.0,5.0,10.0,2.0,1.0,44.0,17251.0,1153.0,2.0,0.0,2.0,0.0,0.0,2.0,0.0,0.0,2.0,0.0,0.0,0.0,0.0,1.0,0.0,0.0,1.0,0.0,0.0,0.0,0.0,0.0,1.0,1.0,0.0,0.0,0.0,0.0,0.0,0.0,0.0,0.0,3.0,1.0,9.755683357767731,7.050989447068045,1.791759469228055,1.791759469228055,2.3978952727983707,1.0986122886681098,0.6931471805599453,1.0,1.0,0.0,1.0,5.0,0.5,0.0,0.0,0.0,15.0,0.0
5517,True,validation,0.0,1.0,1.0,2.0,1.0,1.0,37.0,188.0,10.0,0.0,0.0,1.0,0.0,0.0,1.0,0.0,0.0,1.0,0.0,0.0,0.0,0.0,1.0,0.0,0.0,1.0,0.0,0.0,0.0,0.0,0.0,0.0,0.0,0.0,0.0,0.0,0.0,0.0,0.0,0.0,0.0,1.0,1.0,5.241747015059643,2.3978952727983707,0.6931471805599453,0.6931471805599453,1.0986122886681098,0.6931471805599453,0.6931471805599453,1.0,0.0,0.0,0.0,2.0,0.5,0.0,0.0,1.0,0.0,0.0
5522,True,validation,0.0,1.0,1.0,2.0,1.0,1.0,19.0,867.0,141.0,0.0,0.0,1.0,0.0,1.0,0.0,0.0,0.0,1.0,0.0,0.0,0.0,1.0,0.0,0.0,0.0,0.0,0.0,0.0,0.0,0.0,0.0,0.0,0.0,0.0,0.0,0.0,0.0,0.0,0.0,0.0,0.0,0.0,0.0,6.766191714660351,4.955827057601261,0.6931471805599453,0.6931471805599453,1.0986122886681098,0.6931471805599453,0.6931471805599453,1.0,1.0,0.0,0.0,2.0,0.5,0.0,0.0,1.0,10.0,0.0
5524,False,validation,0.0,8.0,3.0,11.0,4.0,2.0,33.0,631.0,89.0,0.0,0.0,4.0,0.0,1.0,1.0,0.0,0.0,4.0,0.0,0.0,0.0,1.0,1.0,0.0,1.0,1.0,0.0,0.0,1.0,0.0,0.0,0.0,0.0,0.0,0.0,0.0,0.0,0.0,0.0,0.0,0.0,3.0,1.0,6.448889394146858,4.499809670330265,2.19722457733622,1.3862943611198906,2.4849066497880004,1.6094379124341005,1.0986122886681098,1.0,1.0,0.0,0.0,2.75,0.2727272727272727,0.0,1.0,1.0,21.0,0.0
5526,True,validation,0.0,81.0,53.0,134.0,4.0,1.0,39.0,176.0,28.0,0.0,0.0,4.0,1.0,1.0,0.0,0.0,0.0,4.0,0.0,0.0,1.0,1.0,0.0,0.0,0.0,0.0,1.0,1.0,1.0,1.0,1.0,0.0,0.0,0.0,0.0,0.0,0.0,0.0,0.0,0.0,0.0,5.0,1.0,5.176149732573829,3.367295829986474,4.406719247264253,3.9889840465642745,4.90527477843843,1.6094379124341005,0.6931471805599453,1.0,0.0,0.0,0.0,33.5,0.3955223880597014,0.0,0.0,2.0,11.0,0.0
5532,False,validation,0.0,7.0,2.0,9.0,2.0,1.0,55.0,692.0,74.0,0.0,0.0,2.0,0.0,1.0,0.0,0.0,0.0,2.0,0.0,0.0,0.0,1.0,0.0,0.0,0.0,0.0,0.0,0.0,0.0,0.0,0.0,0.0,0.0,0.0,0.0,0.0,0.0,0.0,0.0,0.0,0.0,1.0,1.0,6.541029999189903,4.31748811353631,2.079441541679836,1.0986122886681098,2.302585092994046,1.0986122886681098,0.6931471805599453,1.0,1.0,0.0,0.0,4.5,0.2222222222222222,0.0,0.0,4.0,0.0,0.0
5538,False,validation,0.0,12.0,12.0,24.0,4.0,1.0,66.0,31399.0,2134.0,2.0,0.0,4.0,0.0,0.0,0.0,0.0,0.0,4.0,0.0,0.0,0.0,0.0,0.0,0.0,0.0,0.0,0.0,0.0,1.0,0.0,0.0,1.0,1.0,0.0,0.0,0.0,0.0,0.0,0.0,0.0,0.0,4.0,1.0,10.354563171896343,7.666221925662725,2.5649493574615367,2.5649493574615367,3.218875824868201,1.6094379124341005,0.6931471805599453,1.0,1.0,0.0,1.0,6.0,0.5,0.0,0.0,3.0,15.0,0.0
5539,True,validation,0.0,6.0,6.0,12.0,2.0,1.0,44.0,8614.0,620.0,2.0,0.0,2.0,0.0,0.0,2.0,0.0,0.0,2.0,0.0,0.0,0.0,0.0,1.0,0.0,0.0,1.0,0.0,0.0,0.0,0.0,0.0,1.0,1.0,0.0,0.0,0.0,0.0,0.0,0.0,0.0,0.0,3.0,1.0,9.06126014896203,6.431331081933479,1.9459101490553128,1.9459101490553128,2.5649493574615367,1.0986122886681098,0.6931471805599453,1.0,1.0,0.0,1.0,6.0,0.5,0.0,0.0,3.0,15.0,0.0
5541,True,validation,0.0,1.0,1.0,2.0,1.0,1.0,37.0,188.0,10.0,0.0,0.0,1.0,0.0,0.0,1.0,0.0,0.0,1.0,0.0,0.0,0.0,0.0,1.0,0.0,0.0,1.0,0.0,0.0,0.0,0.0,0.0,0.0,0.0,0.0,0.0,0.0,0.0,0.0,0.0,0.0,0.0,1.0,1.0,5.241747015059643,2.3978952727983707,0.6931471805599453,0.6931471805599453,1.0986122886681098,0.6931471805599453,0.6931471805599453,1.0,0.0,0.0,0.0,2.0,0.5,0.0,0.0,0.0,23.0,0.0
5546,False,validation,0.0,3.0,1.0,4.0,2.0,1.0,54.0,70.0,8.0,0.0,0.0,2.0,0.0,1.0,0.0,0.0,0.0,2.0,0.0,0.0,0.0,1.0,0.0,0.0,0.0,0.0,0.0,0.0,0.0,0.0,0.0,0.0,0.0,0.0,0.0,0.0,0.0,0.0,0.0,0.0,0.0,0.0,0.0,4.262679877041316,2.19722457733622,1.3862943611198906,0.6931471805599453,1.6094379124341005,1.0986122886681098,0.6931471805599453,1.0,0.0,0.0,0.0,2.0,0.25,0.0,0.0,1.0,23.0,0.0
5550,False,validation,0.0,26.0,17.0,43.0,8.0,1.0,19.0,50.0,7.0,0.0,0.0,8.0,0.0,1.0,0.0,0.0,0.0,8.0,0.0,0.0,0.0,1.0,0.0,0.0,0.0,0.0,0.0,0.0,1.0,0.0,0.0,0.0,0.0,0.0,1.0,0.0,0.0,0.0,0.0,0.0,0.0,3.0,1.0,3.9318256327243257,2.079441541679836,3.295836866004329,2.8903717578961645,3.784189633918261,2.19722457733622,0.6931471805599453,1.0,0.0,0.0,0.0,5.375,0.3953488372093023,0.0,0.0,2.0,2.0,0.0
5552,False,validation,0.0,2.0,2.0,4.0,1.0,1.0,39.0,930.0,150.0,0.0,0.0,1.0,0.0,0.0,1.0,0.0,0.0,1.0,0.0,0.0,0.0,0.0,1.0,0.0,0.0,1.0,0.0,0.0,0.0,0.0,0.0,0.0,0.0,0.0,0.0,0.0,0.0,0.0,0.0,0.0,0.0,1.0,1.0,6.836259277277067,5.017279836814924,1.0986122886681098,1.0986122886681098,1.6094379124341005,0.6931471805599453,0.6931471805599453,1.0,1.0,0.0,0.0,4.0,0.5,0.0,0.0,5.0,0.0,1.0
5599,True,validation,0.0,2.0,1.0,3.0,1.0,2.0,44.0,339.0,28.0,0.0,0.0,1.0,0.0,0.0,0.0,0.0,0.0,1.0,0.0,0.0,0.0,0.0,0.0,0.0,1.0,0.0,0.0,0.0,0.0,0.0,0.0,0.0,0.0,0.0,0.0,0.0,0.0,0.0,0.0,0.0,0.0,2.0,1.0,5.828945617610208,3.367295829986474,1.0986122886681098,0.6931471805599453,1.3862943611198906,0.6931471805599453,1.0986122886681098,1.0,0.0,0.0,0.0,3.0,0.3333333333333333,0.0,1.0,5.0,11.0,1.0
5602,False,validation,0.0,339.0,33219.0,33558.0,238.0,12.0,13.0,845.0,137.0,0.0,0.0,238.0,68.0,97.0,7.0,8.0,3.0,2.0,216.0,17.0,1.0,1.0,1.0,1.0,1.0,1.0,1.0,1.0,0.0,1.0,1.0,0.0,0.0,1.0,1.0,1.0,1.0,1.0,1.0,0.0,0.0,12.0,1.0,6.740519359606223,4.927253685157205,5.828945617610208,10.410907383167286,10.42106036275936,5.476463551931511,2.5649493574615367,1.0,1.0,1.0,0.0,141.0,0.9898980868943322,0.0,1.0,0.0,16.0,0.0
5607,False,validation,0.0,0.0,0.0,0.0,0.0,1.0,9.0,0.0,0.0,0.0,0.0,0.0,0.0,0.0,0.0,0.0,0.0,0.0,0.0,0.0,0.0,0.0,0.0,0.0,0.0,0.0,0.0,0.0,0.0,0.0,0.0,0.0,0.0,0.0,0.0,0.0,0.0,0.0,0.0,0.0,0.0,0.0,0.0,0.0,0.0,0.0,0.0,0.0,0.0,0.6931471805599453,0.0,0.0,1.0,0.0,0.0,0.0,1.0,0.0,2.0,19.0,0.0
5609,True,validation,0.0,1.0,1.0,2.0,1.0,1.0,25.0,233.0,23.0,0.0,0.0,1.0,0.0,1.0,0.0,0.0,0.0,1.0,0.0,0.0,0.0,1.0,0.0,0.0,0.0,0.0,0.0,0.0,0.0,0.0,0.0,0.0,0.0,0.0,0.0,0.0,0.0,0.0,0.0,0.0,0.0,1.0,1.0,5.455321115357702,3.1780538303479458,0.6931471805599453,0.6931471805599453,1.0986122886681098,0.6931471805599453,0.6931471805599453,1.0,0.0,0.0,0.0,2.0,0.5,0.0,0.0,6.0,13.0,1.0
5610,False,validation,0.0,1.0,1.0,2.0,1.0,2.0,10.0,1031.0,167.0,0.0,0.0,1.0,0.0,0.0,0.0,0.0,0.0,1.0,0.0,0.0,0.0,0.0,0.0,0.0,1.0,0.0,0.0,0.0,0.0,0.0,0.0,0.0,0.0,0.0,0.0,0.0,0.0,0.0,0.0,0.0,0.0,2.0,1.0,6.939253946041508,5.123963979403259,0.6931471805599453,0.6931471805599453,1.0986122886681098,0.6931471805599453,1.0986122886681098,1.0,1.0,1.0,0.0,2.0,0.5,0.0,1.0,6.0,6.0,1.0
5611,False,validation,0.0,1.0,1.0,2.0,1.0,1.0,16.0,845.0,137.0,1.0,0.0,1.0,0.0,1.0,0.0,0.0,0.0,1.0,0.0,0.0,0.0,1.0,0.0,0.0,0.0,0.0,0.0,0.0,0.0,0.0,0.0,0.0,0.0,0.0,0.0,0.0,0.0,0.0,0.0,0.0,0.0,0.0,0.0,6.740519359606223,4.927253685157205,0.6931471805599453,0.6931471805599453,1.0986122886681098,0.6931471805599453,0.6931471805599453,1.0,1.0,0.0,0.0,2.0,0.5,0.0,0.0,3.0,10.0,0.0
5613,False,validation,0.0,1.0,1.0,2.0,1.0,1.0,28.0,371.0,49.0,0.0,0.0,1.0,0.0,0.0,0.0,0.0,0.0,1.0,0.0,0.0,0.0,0.0,0.0,0.0,0.0,0.0,0.0,0.0,0.0,0.0,0.0,0.0,0.0,0.0,0.0,0.0,0.0,0.0,0.0,0.0,0.0,0.0,0.0,5.918893854273146,3.912023005428146,0.6931471805599453,0.6931471805599453,1.0986122886681098,0.6931471805599453,0.6931471805599453,1.0,0.0,0.0,0.0,2.0,0.5,0.0,0.0,2.0,20.0,0.0
5614,False,validation,0.0,22.0,29.0,51.0,9.0,1.0,23.0,1444.0,217.0,0.0,0.0,9.0,0.0,3.0,4.0,0.0,0.0,9.0,0.0,0.0,0.0,1.0,1.0,0.0,0.0,1.0,0.0,1.0,1.0,0.0,0.0,0.0,0.0,0.0,1.0,1.0,0.0,0.0,0.0,0.0,0.0,5.0,1.0,7.275864600546533,5.384495062789089,3.1354942159291497,3.4011973816621555,3.951243718581428,2.302585092994046,0.6931471805599453,1.0,1.0,0.0,0.0,5.666666666666667,0.5686274509803921,0.0,0.0,2.0,23.0,0.0
5615,True,validation,0.0,2.0,2.0,4.0,2.0,1.0,35.0,178.0,30.0,0.0,0.0,2.0,0.0,0.0,2.0,0.0,0.0,2.0,0.0,0.0,0.0,0.0,1.0,0.0,0.0,1.0,0.0,0.0,0.0,0.0,0.0,0.0,0.0,0.0,0.0,0.0,0.0,0.0,0.0,0.0,0.0,1.0,1.0,5.187385805840755,3.4339872044851463,1.0986122886681098,1.0986122886681098,1.6094379124341005,1.0986122886681098,0.6931471805599453,1.0,0.0,0.0,0.0,2.0,0.5,0.0,0.0,4.0,20.0,0.0
5617,False,validation,0.0,129.0,62.0,191.0,14.0,97.0,18.0,84.0,15.0,0.0,0.0,14.0,1.0,6.0,4.0,0.0,1.0,13.0,0.0,0.0,1.0,1.0,1.0,0.0,1.0,1.0,1.0,1.0,1.0,1.0,1.0,0.0,0.0,1.0,1.0,1.0,0.0,0.0,0.0,0.0,0.0,10.0,1.0,4.442651256490317,2.772588722239781,4.867534450455582,4.143134726391533,5.2574953720277815,2.70805020110221,4.584967478670572,1.0,0.0,0.0,0.0,13.642857142857142,0.3246073298429319,0.0,1.0,1.0,18.0,0.0
5623,True,validation,0.0,25.0,42.0,67.0,12.0,1.0,27.0,55.0,5.0,0.0,0.0,12.0,0.0,4.0,3.0,0.0,0.0,12.0,0.0,0.0,0.0,1.0,1.0,0.0,0.0,1.0,0.0,1.0,1.0,0.0,0.0,0.0,0.0,0.0,1.0,1.0,0.0,0.0,0.0,0.0,0.0,5.0,1.0,4.02535169073515,1.791759469228055,3.258096538021482,3.7612001156935615,4.219507705176107,2.5649493574615367,0.6931471805599453,1.0,0.0,0.0,0.0,5.583333333333333,0.6268656716417911,0.0,0.0,3.0,19.0,0.0
5629,False,validation,0.0,31.0,4.0,35.0,4.0,2.0,66.0,1084.0,177.0,0.0,0.0,4.0,2.0,1.0,0.0,0.0,1.0,3.0,0.0,0.0,1.0,1.0,0.0,0.0,1.0,0.0,1.0,0.0,0.0,0.0,0.0,0.0,0.0,1.0,0.0,0.0,0.0,0.0,0.0,0.0,0.0,3.0,1.0,6.98933526597456,5.181783550292085,3.4657359027997265,1.6094379124341005,3.58351893845611,1.6094379124341005,1.0986122886681098,1.0,1.0,0.0,0.0,8.75,0.1142857142857142,0.0,1.0,3.0,17.0,0.0
5630,True,validation,0.0,90.0,47.0,137.0,3.0,1.0,26.0,592.0,84.0,1.0,0.0,3.0,1.0,1.0,0.0,0.0,0.0,3.0,0.0,0.0,1.0,1.0,0.0,0.0,0.0,0.0,1.0,1.0,0.0,1.0,1.0,0.0,0.0,0.0,0.0,0.0,0.0,0.0,0.0,0.0,0.0,4.0,1.0,6.385194398997726,4.442651256490317,4.51085950651685,3.871201010907891,4.927253685157205,1.3862943611198906,0.6931471805599453,1.0,1.0,0.0,0.0,45.66666666666666,0.3430656934306569,0.0,0.0,3.0,19.0,0.0
5634,True,validation,0.0,98.0,43.0,141.0,5.0,1.0,97.0,513.0,76.0,0.0,0.0,5.0,2.0,2.0,0.0,0.0,0.0,5.0,0.0,0.0,1.0,1.0,0.0,0.0,0.0,0.0,1.0,1.0,1.0,1.0,1.0,0.0,0.0,0.0,0.0,0.0,0.0,0.0,0.0,1.0,0.0,6.0,1.0,6.2422232654551655,4.343805421853684,4.59511985013459,3.784189633918261,4.955827057601261,1.791759469228055,0.6931471805599453,1.0,1.0,0.0,0.0,28.2,0.3049645390070922,0.0,0.0,0.0,4.0,0.0
5643,False,validation,1.0,2.0,1.0,3.0,1.0,2.0,27.0,569.0,84.0,0.0,0.0,1.0,0.0,0.0,1.0,0.0,0.0,1.0,0.0,0.0,0.0,0.0,1.0,0.0,1.0,1.0,0.0,0.0,0.0,0.0,0.0,0.0,0.0,0.0,0.0,0.0,0.0,0.0,0.0,0.0,0.0,2.0,1.0,6.345636360828596,4.442651256490317,1.0986122886681098,0.6931471805599453,1.3862943611198906,0.6931471805599453,1.0986122886681098,1.0,1.0,0.0,0.0,3.0,0.3333333333333333,0.0,1.0,6.0,18.0,1.0
5647,True,validation,0.0,4.0,1.0,5.0,2.0,1.0,37.0,285.0,38.0,0.0,0.0,2.0,0.0,1.0,0.0,0.0,0.0,2.0,0.0,0.0,0.0,1.0,0.0,0.0,0.0,0.0,0.0,0.0,0.0,0.0,0.0,0.0,0.0,0.0,0.0,0.0,0.0,0.0,0.0,0.0,0.0,0.0,0.0,5.655991810819852,3.6635616461296463,1.6094379124341005,0.6931471805599453,1.791759469228055,1.0986122886681098,0.6931471805599453,1.0,0.0,0.0,0.0,2.5,0.2,0.0,0.0,5.0,0.0,1.0
5659,True,validation,0.0,6.0,0.0,6.0,2.0,1.0,23.0,364.0,52.0,1.0,0.0,2.0,0.0,1.0,0.0,0.0,0.0,2.0,0.0,0.0,0.0,1.0,0.0,0.0,0.0,0.0,0.0,0.0,0.0,0.0,0.0,0.0,0.0,0.0,0.0,0.0,0.0,0.0,0.0,0.0,0.0,1.0,1.0,5.899897353582492,3.970291913552122,1.9459101490553128,0.0,1.9459101490553128,1.0986122886681098,0.6931471805599453,1.0,1.0,0.0,0.0,3.0,0.0,0.0,0.0,0.0,23.0,0.0
5671,True,test,0.0,2.0,2.0,4.0,1.0,1.0,23.0,216.0,30.0,1.0,0.0,1.0,0.0,1.0,0.0,0.0,0.0,1.0,0.0,0.0,0.0,1.0,0.0,0.0,0.0,0.0,0.0,0.0,0.0,0.0,0.0,0.0,0.0,0.0,0.0,0.0,0.0,0.0,0.0,0.0,0.0,1.0,1.0,5.37989735354046,3.4339872044851463,1.0986122886681098,1.0986122886681098,1.6094379124341005,0.6931471805599453,0.6931471805599453,1.0,0.0,0.0,0.0,4.0,0.5,0.0,0.0,5.0,22.0,1.0
5672,False,test,0.0,2.0,2.0,4.0,1.0,1.0,23.0,26.0,5.0,0.0,0.0,1.0,0.0,0.0,0.0,0.0,0.0,1.0,0.0,0.0,0.0,0.0,0.0,0.0,0.0,0.0,0.0,0.0,0.0,0.0,0.0,0.0,0.0,0.0,0.0,0.0,0.0,0.0,0.0,0.0,0.0,0.0,0.0,3.295836866004329,1.791759469228055,1.0986122886681098,1.0986122886681098,1.6094379124341005,0.6931471805599453,0.6931471805599453,1.0,0.0,0.0,0.0,4.0,0.5,0.0,0.0,0.0,21.0,0.0
5674,True,test,0.0,5.0,1.0,6.0,2.0,1.0,45.0,585.0,103.0,1.0,0.0,2.0,0.0,1.0,0.0,0.0,0.0,2.0,0.0,0.0,0.0,1.0,0.0,0.0,0.0,0.0,0.0,0.0,0.0,0.0,0.0,0.0,0.0,0.0,0.0,0.0,0.0,0.0,0.0,0.0,0.0,1.0,1.0,6.373319789577012,4.6443908991413725,1.791759469228055,0.6931471805599453,1.9459101490553128,1.0986122886681098,0.6931471805599453,1.0,1.0,0.0,0.0,3.0,0.1666666666666666,0.0,0.0,3.0,3.0,0.0
5678,False,test,0.0,3.0,0.0,3.0,1.0,1.0,51.0,1284.0,169.0,0.0,0.0,1.0,0.0,0.0,1.0,0.0,0.0,1.0,0.0,0.0,0.0,0.0,1.0,0.0,0.0,1.0,0.0,0.0,0.0,0.0,0.0,0.0,0.0,0.0,0.0,0.0,0.0,0.0,0.0,0.0,0.0,1.0,1.0,7.158513997329321,5.135798437050262,1.3862943611198906,0.0,1.3862943611198906,0.6931471805599453,0.6931471805599453,1.0,1.0,0.0,0.0,3.0,0.0,0.0,0.0,6.0,13.0,1.0
5685,False,test,0.0,13.0,5.0,18.0,2.0,2.0,39.0,1869.0,280.0,0.0,0.0,2.0,0.0,0.0,1.0,0.0,0.0,2.0,0.0,0.0,0.0,0.0,1.0,0.0,1.0,1.0,0.0,0.0,0.0,0.0,0.0,0.0,0.0,0.0,0.0,0.0,0.0,0.0,0.0,0.0,0.0,2.0,1.0,7.533693709848633,5.638354669333745,2.6390573296152584,1.791759469228055,2.9444389791664403,1.0986122886681098,1.0986122886681098,1.0,1.0,0.0,0.0,9.0,0.2777777777777778,0.0,1.0,5.0,1.0,1.0
5693,False,test,0.0,35.0,0.0,35.0,1.0,1.0,72.0,784.0,100.0,0.0,0.0,1.0,1.0,0.0,0.0,0.0,0.0,1.0,0.0,0.0,1.0,0.0,0.0,0.0,0.0,0.0,1.0,0.0,0.0,0.0,0.0,0.0,0.0,0.0,0.0,0.0,0.0,0.0,0.0,0.0,0.0,1.0,1.0,6.665683717782408,4.61512051684126,3.58351893845611,0.0,3.58351893845611,0.6931471805599453,0.6931471805599453,1.0,1.0,0.0,0.0,35.0,0.0,0.0,0.0,3.0,7.0,0.0
5695,True,test,0.0,0.0,13.0,13.0,1.0,1.0,40.0,399.0,54.0,1.0,0.0,1.0,0.0,1.0,0.0,1.0,0.0,1.0,0.0,0.0,0.0,1.0,0.0,1.0,0.0,0.0,0.0,0.0,0.0,0.0,0.0,0.0,0.0,0.0,0.0,0.0,1.0,0.0,0.0,0.0,0.0,1.0,1.0,5.991464547107982,4.007333185232471,0.0,2.6390573296152584,2.6390573296152584,0.6931471805599453,0.6931471805599453,1.0,1.0,0.0,0.0,13.0,1.0,0.0,0.0,0.0,9.0,0.0
5698,False,test,0.0,1.0,2.0,3.0,1.0,1.0,18.0,504.0,57.0,0.0,0.0,1.0,0.0,0.0,0.0,0.0,0.0,1.0,0.0,0.0,0.0,0.0,0.0,0.0,0.0,0.0,0.0,0.0,0.0,0.0,0.0,0.0,0.0,0.0,0.0,0.0,0.0,0.0,0.0,0.0,0.0,0.0,0.0,6.22455842927536,4.060443010546419,0.6931471805599453,1.0986122886681098,1.3862943611198906,0.6931471805599453,0.6931471805599453,1.0,1.0,0.0,0.0,3.0,0.6666666666666666,0.0,0.0,1.0,3.0,0.0
5700,True,test,0.0,14.0,13.0,27.0,1.0,1.0,39.0,134.0,19.0,1.0,0.0,1.0,0.0,0.0,0.0,0.0,0.0,1.0,0.0,0.0,0.0,0.0,0.0,0.0,0.0,0.0,0.0,0.0,0.0,0.0,0.0,0.0,0.0,0.0,0.0,0.0,0.0,0.0,0.0,0.0,0.0,0.0,0.0,4.90527477843843,2.995732273553991,2.70805020110221,2.6390573296152584,3.332204510175204,0.6931471805599453,0.6931471805599453,1.0,0.0,0.0,0.0,27.0,0.4814814814814814,0.0,0.0,5.0,22.0,1.0
5701,True,test,0.0,5.0,2.0,7.0,1.0,1.0,36.0,11.0,2.0,1.0,0.0,1.0,0.0,1.0,0.0,0.0,0.0,1.0,0.0,0.0,0.0,1.0,0.0,0.0,0.0,0.0,0.0,0.0,0.0,0.0,0.0,0.0,0.0,0.0,0.0,0.0,0.0,0.0,0.0,0.0,0.0,0.0,0.0,2.4849066497880004,1.0986122886681098,1.791759469228055,1.0986122886681098,2.079441541679836,0.6931471805599453,0.6931471805599453,1.0,0.0,0.0,0.0,7.0,0.2857142857142857,0.0,0.0,5.0,22.0,1.0
5702,True,test,0.0,3.0,35.0,38.0,2.0,1.0,48.0,181.0,33.0,0.0,0.0,2.0,2.0,0.0,0.0,0.0,0.0,2.0,0.0,0.0,1.0,0.0,0.0,0.0,0.0,0.0,1.0,1.0,0.0,0.0,0.0,0.0,0.0,0.0,0.0,0.0,0.0,0.0,0.0,0.0,0.0,2.0,1.0,5.204006687076795,3.5263605246161616,1.3862943611198906,3.58351893845611,3.6635616461296463,1.0986122886681098,0.6931471805599453,1.0,0.0,0.0,0.0,19.0,0.9210526315789472,0.0,0.0,5.0,22.0,1.0
5706,False,test,0.0,33.0,1.0,34.0,2.0,11.0,26.0,845.0,137.0,0.0,0.0,2.0,0.0,0.0,2.0,0.0,1.0,1.0,0.0,0.0,0.0,0.0,1.0,0.0,1.0,1.0,0.0,0.0,0.0,0.0,0.0,0.0,0.0,1.0,0.0,0.0,0.0,0.0,0.0,0.0,0.0,3.0,1.0,6.740519359606223,4.927253685157205,3.5263605246161616,0.6931471805599453,3.555348061489413,1.0986122886681098,2.4849066497880004,1.0,1.0,0.0,0.0,17.0,0.0294117647058823,0.0,1.0,6.0,12.0,1.0
5708,False,test,0.0,2.0,2.0,4.0,1.0,1.0,16.0,845.0,137.0,0.0,0.0,1.0,0.0,1.0,0.0,0.0,0.0,1.0,0.0,0.0,0.0,1.0,0.0,0.0,0.0,0.0,0.0,0.0,0.0,0.0,0.0,0.0,0.0,0.0,0.0,0.0,0.0,0.0,0.0,0.0,0.0,0.0,0.0,6.740519359606223,4.927253685157205,1.0986122886681098,1.0986122886681098,1.6094379124341005,0.6931471805599453,0.6931471805599453,1.0,1.0,0.0,0.0,4.0,0.5,0.0,0.0,6.0,7.0,1.0
5713,False,test,0.0,48432.0,102.0,48534.0,192.0,4.0,5.0,845.0,137.0,0.0,0.0,192.0,0.0,8.0,3.0,3.0,184.0,1.0,1.0,6.0,0.0,1.0,1.0,1.0,1.0,1.0,0.0,1.0,0.0,1.0,1.0,0.0,0.0,1.0,1.0,1.0,1.0,1.0,1.0,0.0,0.0,11.0,1.0,6.740519359606223,4.927253685157205,10.787936678554123,4.634728988229636,10.790040466146326,5.262690188904886,1.6094379124341005,1.0,1.0,1.0,0.0,252.78125,0.0021016194832488,0.0,1.0,3.0,22.0,0.0
5717,False,test,0.0,24.0,14.0,38.0,1.0,2.0,61.0,1190.0,174.0,0.0,0.0,1.0,0.0,1.0,0.0,0.0,0.0,1.0,0.0,0.0,0.0,1.0,0.0,0.0,1.0,0.0,0.0,0.0,0.0,0.0,0.0,0.0,0.0,0.0,0.0,0.0,0.0,0.0,0.0,0.0,0.0,1.0,1.0,7.0825485693553,5.1647859739235145,3.218875824868201,2.70805020110221,3.6635616461296463,0.6931471805599453,1.0986122886681098,1.0,1.0,0.0,0.0,38.0,0.3684210526315789,0.0,1.0,5.0,21.0,1.0
5723,True,test,0.0,1.0,1.0,2.0,1.0,1.0,46.0,755.0,114.0,1.0,0.0,1.0,0.0,1.0,0.0,0.0,0.0,1.0,0.0,0.0,0.0,1.0,0.0,0.0,0.0,0.0,0.0,0.0,0.0,0.0,0.0,0.0,0.0,0.0,0.0,0.0,0.0,0.0,0.0,0.0,0.0,1.0,1.0,6.628041376179533,4.74493212836325,0.6931471805599453,0.6931471805599453,1.0986122886681098,0.6931471805599453,0.6931471805599453,1.0,1.0,0.0,0.0,2.0,0.5,0.0,0.0,3.0,15.0,0.0
5727,True,test,0.0,1876.0,534.0,2410.0,24.0,1.0,6.0,837.0,154.0,0.0,0.0,24.0,0.0,0.0,8.0,0.0,1.0,9.0,14.0,0.0,0.0,0.0,1.0,0.0,0.0,1.0,0.0,1.0,1.0,1.0,1.0,0.0,0.0,1.0,1.0,0.0,0.0,1.0,0.0,0.0,0.0,8.0,1.0,6.731018100482083,5.043425116919247,7.537430036586509,6.282266746896006,7.787796878181171,3.218875824868201,0.6931471805599453,1.0,1.0,1.0,0.0,100.41666666666669,0.2215767634854771,0.0,0.0,0.0,0.0,0.0
5730,True,test,0.0,4.0,4.0,8.0,3.0,1.0,21.0,0.0,0.0,0.0,0.0,3.0,0.0,1.0,1.0,0.0,0.0,3.0,0.0,0.0,0.0,1.0,1.0,0.0,0.0,1.0,0.0,0.0,0.0,0.0,0.0,0.0,0.0,0.0,0.0,0.0,0.0,0.0,0.0,0.0,0.0,1.0,1.0,0.0,0.0,1.6094379124341005,1.6094379124341005,2.19722457733622,1.3862943611198906,0.6931471805599453,0.0,0.0,0.0,0.0,2.6666666666666665,0.5,0.0,0.0,1.0,14.0,0.0
5731,True,test,0.0,78.0,284.0,362.0,11.0,1.0,32.0,229.0,29.0,0.0,0.0,11.0,1.0,3.0,2.0,0.0,0.0,11.0,0.0,0.0,1.0,1.0,1.0,0.0,0.0,1.0,1.0,1.0,1.0,1.0,1.0,0.0,0.0,0.0,1.0,1.0,0.0,0.0,0.0,0.0,0.0,8.0,1.0,5.438079308923196,3.4011973816621555,4.3694478524670215,5.652489180268651,5.8944028342648505,2.4849066497880004,0.6931471805599453,1.0,0.0,0.0,0.0,32.90909090909091,0.7845303867403315,0.0,0.0,1.0,15.0,0.0
5732,False,test,0.0,2.0,1.0,3.0,2.0,2.0,4.0,845.0,137.0,0.0,0.0,2.0,0.0,1.0,0.0,0.0,1.0,1.0,0.0,0.0,0.0,1.0,0.0,0.0,1.0,0.0,0.0,0.0,0.0,0.0,0.0,0.0,0.0,1.0,0.0,0.0,0.0,0.0,0.0,0.0,0.0,2.0,1.0,6.740519359606223,4.927253685157205,1.0986122886681098,0.6931471805599453,1.3862943611198906,1.0986122886681098,1.0986122886681098,1.0,1.0,1.0,0.0,1.5,0.3333333333333333,0.0,1.0,2.0,8.0,0.0
5735,False,test,0.0,17.0,0.0,17.0,2.0,1.0,80.0,1073.0,132.0,0.0,0.0,2.0,1.0,0.0,0.0,0.0,0.0,2.0,0.0,0.0,1.0,0.0,0.0,0.0,0.0,0.0,1.0,0.0,0.0,0.0,0.0,0.0,0.0,0.0,0.0,0.0,0.0,0.0,0.0,1.0,0.0,3.0,1.0,6.97914527506881,4.890349128221754,2.8903717578961645,0.0,2.8903717578961645,1.0986122886681098,0.6931471805599453,1.0,1.0,0.0,0.0,8.5,0.0,0.0,0.0,4.0,22.0,0.0
5736,True,test,0.0,410.0,112.0,522.0,6.0,2.0,43.0,1955.0,283.0,0.0,0.0,6.0,2.0,2.0,0.0,0.0,0.0,6.0,0.0,0.0,1.0,1.0,0.0,0.0,1.0,0.0,1.0,1.0,1.0,1.0,1.0,0.0,0.0,0.0,0.0,0.0,0.0,0.0,0.0,0.0,0.0,7.0,1.0,7.578656850594762,5.648974238161206,6.018593214496234,4.727387818712341,6.259581464064923,1.9459101490553128,1.0986122886681098,1.0,1.0,0.0,0.0,87.0,0.21455938697318,0.0,1.0,5.0,4.0,1.0
5737,True,test,0.0,1.0,1.0,2.0,1.0,1.0,28.0,242.0,32.0,1.0,0.0,1.0,0.0,1.0,0.0,0.0,0.0,1.0,0.0,0.0,0.0,1.0,0.0,0.0,0.0,0.0,0.0,0.0,0.0,0.0,0.0,0.0,0.0,0.0,0.0,0.0,0.0,0.0,0.0,0.0,0.0,0.0,0.0,5.493061443340548,3.49650756146648,0.6931471805599453,0.6931471805599453,1.0986122886681098,0.6931471805599453,0.6931471805599453,1.0,0.0,0.0,0.0,2.0,0.5,0.0,0.0,6.0,15.0,1.0
5742,True,test,0.0,6.0,8.0,14.0,1.0,1.0,43.0,472.0,68.0,1.0,0.0,1.0,0.0,1.0,0.0,0.0,0.0,1.0,0.0,0.0,0.0,1.0,0.0,0.0,0.0,0.0,0.0,0.0,0.0,0.0,0.0,0.0,0.0,0.0,0.0,0.0,0.0,0.0,0.0,0.0,0.0,1.0,1.0,6.159095388491933,4.23410650459726,1.9459101490553128,2.19722457733622,2.70805020110221,0.6931471805599453,0.6931471805599453,1.0,1.0,0.0,0.0,14.0,0.5714285714285714,0.0,0.0,2.0,18.0,0.0
5743,False,test,0.0,151.0,31.0,182.0,4.0,4.0,51.0,1007.0,132.0,0.0,0.0,4.0,1.0,1.0,0.0,0.0,1.0,3.0,0.0,0.0,1.0,1.0,0.0,0.0,1.0,0.0,1.0,1.0,0.0,1.0,1.0,0.0,0.0,1.0,0.0,0.0,0.0,0.0,0.0,0.0,0.0,6.0,1.0,6.915723448631314,4.890349128221754,5.0238805208462765,3.4657359027997265,5.209486152841421,1.6094379124341005,1.6094379124341005,1.0,1.0,0.0,0.0,45.5,0.1703296703296703,0.0,1.0,3.0,18.0,0.0
5750,False,test,0.0,19.0,0.0,19.0,1.0,1.0,70.0,608.0,80.0,0.0,0.0,1.0,0.0,1.0,0.0,1.0,0.0,1.0,0.0,0.0,0.0,1.0,0.0,1.0,0.0,0.0,0.0,0.0,0.0,0.0,0.0,0.0,0.0,0.0,0.0,0.0,1.0,0.0,0.0,0.0,0.0,1.0,1.0,6.411818267709897,4.394449154672439,2.995732273553991,0.0,2.995732273553991,0.6931471805599453,0.6931471805599453,1.0,1.0,0.0,0.0,19.0,0.0,0.0,0.0,1.0,1.0,0.0
5754,True,test,0.0,3.0,26.0,29.0,2.0,1.0,22.0,65.0,9.0,0.0,0.0,2.0,0.0,0.0,2.0,0.0,0.0,2.0,0.0,0.0,0.0,0.0,1.0,0.0,0.0,1.0,0.0,1.0,0.0,0.0,0.0,0.0,0.0,0.0,0.0,0.0,0.0,0.0,0.0,0.0,0.0,2.0,1.0,4.189654742026425,2.302585092994046,1.3862943611198906,3.295836866004329,3.4011973816621555,1.0986122886681098,0.6931471805599453,1.0,0.0,0.0,0.0,14.5,0.896551724137931,0.0,0.0,6.0,16.0,1.0
5757,True,test,0.0,9.0,3.0,12.0,9.0,1.0,8.0,36.0,8.0,0.0,0.0,9.0,0.0,9.0,0.0,0.0,3.0,3.0,3.0,0.0,0.0,1.0,0.0,0.0,0.0,0.0,0.0,0.0,0.0,0.0,0.0,0.0,0.0,1.0,1.0,1.0,0.0,1.0,0.0,0.0,0.0,4.0,1.0,3.610917912644224,2.19722457733622,2.302585092994046,1.3862943611198906,2.5649493574615367,2.302585092994046,0.6931471805599453,1.0,0.0,1.0,0.0,1.3333333333333333,0.25,0.0,0.0,0.0,21.0,0.0
5761,False,test,0.0,4.0,2.0,6.0,1.0,2.0,76.0,384.0,61.0,0.0,0.0,1.0,0.0,0.0,0.0,0.0,0.0,1.0,0.0,0.0,0.0,0.0,0.0,0.0,1.0,0.0,0.0,0.0,0.0,0.0,0.0,0.0,0.0,0.0,0.0,0.0,0.0,0.0,0.0,0.0,0.0,1.0,1.0,5.953243334287785,4.127134385045092,1.6094379124341005,1.0986122886681098,1.9459101490553128,0.6931471805599453,1.0986122886681098,1.0,1.0,0.0,0.0,6.0,0.3333333333333333,0.0,1.0,1.0,17.0,0.0
5765,False,test,0.0,12.0,1.0,13.0,1.0,2.0,34.0,556.0,77.0,0.0,0.0,1.0,0.0,0.0,0.0,1.0,0.0,1.0,0.0,0.0,0.0,0.0,0.0,1.0,1.0,0.0,0.0,0.0,0.0,0.0,0.0,0.0,0.0,0.0,0.0,0.0,1.0,0.0,0.0,0.0,0.0,2.0,1.0,6.322565239927284,4.356708826689592,2.5649493574615367,0.6931471805599453,2.6390573296152584,0.6931471805599453,1.0986122886681098,1.0,1.0,0.0,0.0,13.0,0.0769230769230769,0.0,1.0,6.0,17.0,1.0
5767,False,test,0.0,400.0,33395.0,33795.0,244.0,21.0,17.0,845.0,137.0,0.0,0.0,244.0,68.0,97.0,11.0,8.0,5.0,2.0,220.0,17.0,1.0,1.0,1.0,1.0,1.0,1.0,1.0,1.0,0.0,1.0,1.0,0.0,0.0,1.0,1.0,1.0,1.0,1.0,1.0,0.0,0.0,12.0,1.0,6.740519359606223,4.927253685157205,5.993961427306569,10.416191411313893,10.428097731272736,5.501258210544727,3.091042453358316,1.0,1.0,0.0,0.0,138.50409836065575,0.988163929575381,0.0,1.0,0.0,7.0,0.0
5772,False,test,0.0,321388.0,0.0,321388.0,950.0,3.0,10.0,845.0,137.0,0.0,0.0,950.0,1.0,3.0,3.0,10.0,949.0,1.0,0.0,0.0,1.0,1.0,1.0,1.0,1.0,1.0,1.0,0.0,0.0,1.0,1.0,0.0,0.0,1.0,1.0,1.0,1.0,0.0,0.0,0.0,0.0,9.0,1.0,6.740519359606223,4.927253685157205,12.680407506435383,0.0,12.680407506435383,6.85751406254539,1.3862943611198906,1.0,1.0,1.0,0.0,338.30315789473684,0.0,0.0,1.0,5.0,8.0,1.0
5777,True,test,0.0,2.0,1.0,3.0,2.0,1.0,57.0,138.0,20.0,0.0,0.0,2.0,0.0,1.0,0.0,0.0,0.0,2.0,0.0,0.0,0.0,1.0,0.0,0.0,0.0,0.0,0.0,0.0,0.0,0.0,0.0,0.0,0.0,0.0,0.0,0.0,0.0,0.0,0.0,0.0,0.0,1.0,1.0,4.934473933130692,3.044522437723423,1.0986122886681098,0.6931471805599453,1.3862943611198906,1.0986122886681098,0.6931471805599453,1.0,0.0,0.0,0.0,1.5,0.3333333333333333,0.0,0.0,2.0,10.0,0.0
5780,False,test,0.0,34.0,1.0,35.0,3.0,3.0,38.0,1469.0,228.0,0.0,0.0,3.0,1.0,1.0,0.0,0.0,0.0,3.0,0.0,0.0,1.0,1.0,0.0,0.0,1.0,0.0,1.0,0.0,0.0,0.0,0.0,0.0,0.0,0.0,0.0,0.0,0.0,0.0,0.0,0.0,0.0,2.0,1.0,7.293017679772782,5.43372200355424,3.555348061489413,0.6931471805599453,3.58351893845611,1.3862943611198906,1.3862943611198906,1.0,1.0,0.0,0.0,11.666666666666666,0.0285714285714285,0.0,1.0,2.0,11.0,0.0
5788,False,test,1.0,36.0,0.0,36.0,3.0,2.0,48.0,918.0,125.0,0.0,0.0,3.0,0.0,3.0,0.0,0.0,2.0,1.0,0.0,0.0,0.0,1.0,0.0,0.0,1.0,0.0,0.0,0.0,0.0,0.0,0.0,0.0,0.0,1.0,0.0,1.0,0.0,0.0,0.0,0.0,0.0,3.0,1.0,6.823286122355687,4.836281906951478,3.610917912644224,0.0,3.610917912644224,1.3862943611198906,1.0986122886681098,1.0,1.0,0.0,0.0,12.0,0.0,0.0,1.0,3.0,18.0,0.0
5793,False,test,0.0,40.0,0.0,40.0,1.0,1.0,25.0,852.0,138.0,0.0,0.0,1.0,0.0,0.0,1.0,0.0,1.0,0.0,0.0,0.0,0.0,0.0,1.0,0.0,0.0,1.0,0.0,0.0,0.0,0.0,0.0,0.0,0.0,1.0,0.0,0.0,0.0,0.0,0.0,0.0,0.0,2.0,1.0,6.748759547491679,4.934473933130692,3.713572066704308,0.0,3.713572066704308,0.6931471805599453,0.6931471805599453,1.0,1.0,0.0,0.0,40.0,0.0,0.0,0.0,6.0,14.0,1.0
5795,True,test,0.0,16.0,3.0,19.0,1.0,1.0,52.0,1433.0,202.0,0.0,0.0,1.0,0.0,0.0,1.0,0.0,0.0,1.0,0.0,0.0,0.0,0.0,1.0,0.0,0.0,1.0,0.0,0.0,0.0,0.0,0.0,0.0,0.0,0.0,0.0,0.0,0.0,0.0,0.0,0.0,0.0,2.0,1.0,7.268223021159565,5.313205979041787,2.833213344056216,1.3862943611198906,2.995732273553991,0.6931471805599453,0.6931471805599453,1.0,1.0,0.0,0.0,19.0,0.1578947368421052,0.0,0.0,3.0,4.0,0.0
5797,True,test,0.0,15.0,23.0,38.0,3.0,1.0,40.0,341.0,60.0,0.0,0.0,3.0,1.0,1.0,0.0,0.0,0.0,3.0,0.0,0.0,1.0,1.0,0.0,0.0,0.0,0.0,1.0,1.0,0.0,0.0,0.0,0.0,0.0,0.0,0.0,0.0,0.0,0.0,0.0,0.0,0.0,2.0,1.0,5.834810737062605,4.110873864173311,2.772588722239781,3.1780538303479458,3.6635616461296463,1.3862943611198906,0.6931471805599453,1.0,1.0,0.0,0.0,12.666666666666666,0.6052631578947368,0.0,0.0,0.0,16.0,0.0
5798,True,test,0.0,21.0,0.0,21.0,1.0,1.0,31.0,12.0,2.0,1.0,0.0,1.0,0.0,1.0,0.0,1.0,0.0,1.0,0.0,0.0,0.0,1.0,0.0,1.0,0.0,0.0,0.0,0.0,0.0,0.0,0.0,0.0,0.0,0.0,0.0,0.0,1.0,0.0,0.0,0.0,0.0,1.0,1.0,2.5649493574615367,1.0986122886681098,3.091042453358316,0.0,3.091042453358316,0.6931471805599453,0.6931471805599453,1.0,0.0,0.0,0.0,21.0,0.0,0.0,0.0,0.0,18.0,0.0
5799,True,test,0.0,63.0,32.0,95.0,3.0,1.0,44.0,459.0,71.0,1.0,0.0,3.0,1.0,1.0,0.0,0.0,0.0,3.0,0.0,0.0,1.0,1.0,0.0,0.0,0.0,0.0,1.0,1.0,0.0,1.0,1.0,0.0,0.0,0.0,0.0,0.0,0.0,0.0,0.0,0.0,0.0,4.0,1.0,6.131226489483141,4.276666119016055,4.158883083359672,3.49650756146648,4.564348191467836,1.3862943611198906,0.6931471805599453,1.0,1.0,0.0,0.0,31.666666666666668,0.3368421052631579,0.0,0.0,1.0,15.0,0.0
5800,True,test,0.0,5.0,5.0,10.0,3.0,1.0,21.0,0.0,0.0,0.0,0.0,3.0,0.0,1.0,1.0,0.0,0.0,3.0,0.0,0.0,0.0,1.0,1.0,0.0,0.0,1.0,0.0,0.0,0.0,0.0,0.0,0.0,0.0,0.0,0.0,0.0,0.0,0.0,0.0,0.0,0.0,1.0,1.0,0.0,0.0,1.791759469228055,1.791759469228055,2.3978952727983707,1.3862943611198906,0.6931471805599453,0.0,0.0,0.0,0.0,3.333333333333333,0.5,0.0,0.0,1.0,20.0,0.0
5801,False,test,0.0,1.0,0.0,1.0,1.0,1.0,33.0,845.0,137.0,0.0,0.0,1.0,0.0,0.0,0.0,0.0,1.0,0.0,0.0,0.0,0.0,0.0,0.0,0.0,0.0,0.0,0.0,0.0,0.0,0.0,0.0,0.0,0.0,1.0,0.0,0.0,0.0,0.0,0.0,0.0,0.0,1.0,1.0,6.740519359606223,4.927253685157205,0.6931471805599453,0.0,0.6931471805599453,0.6931471805599453,0.6931471805599453,1.0,1.0,0.0,0.0,1.0,0.0,0.0,0.0,1.0,11.0,0.0
5807,False,test,0.0,499.0,418.0,917.0,16.0,23.0,94.0,200.0,38.0,0.0,0.0,16.0,3.0,4.0,2.0,0.0,0.0,16.0,0.0,0.0,1.0,1.0,1.0,0.0,1.0,1.0,1.0,1.0,1.0,1.0,1.0,0.0,0.0,0.0,1.0,1.0,0.0,0.0,0.0,1.0,0.0,10.0,1.0,5.303304908059076,3.6635616461296463,6.214608098422191,6.037870919922137,6.822197390620491,2.833213344056216,3.1780538303479458,1.0,0.0,0.0,0.0,57.3125,0.4558342420937841,0.0,1.0,5.0,16.0,1.0
5808,True,test,0.0,1.0,1.0,2.0,1.0,1.0,42.0,200.0,38.0,0.0,0.0,1.0,0.0,0.0,0.0,0.0,0.0,1.0,0.0,0.0,0.0,0.0,0.0,0.0,0.0,0.0,0.0,0.0,0.0,0.0,0.0,0.0,0.0,0.0,0.0,0.0,0.0,0.0,0.0,0.0,0.0,1.0,1.0,5.303304908059076,3.6635616461296463,0.6931471805599453,0.6931471805599453,1.0986122886681098,0.6931471805599453,0.6931471805599453,1.0,0.0,0.0,0.0,2.0,0.5,0.0,0.0,5.0,16.0,1.0
5811,False,test,0.0,8.0,2.0,10.0,5.0,1.0,32.0,1187.0,182.0,0.0,0.0,5.0,1.0,0.0,0.0,0.0,0.0,5.0,0.0,0.0,1.0,0.0,0.0,0.0,0.0,0.0,1.0,0.0,1.0,0.0,0.0,0.0,0.0,0.0,0.0,0.0,0.0,0.0,0.0,0.0,0.0,2.0,1.0,7.080026499922591,5.209486152841421,2.19722457733622,1.0986122886681098,2.3978952727983707,1.791759469228055,0.6931471805599453,1.0,1.0,0.0,0.0,2.0,0.2,0.0,0.0,3.0,5.0,0.0
5812,True,test,0.0,779.0,1007.0,1786.0,36.0,1.0,29.0,3517.0,570.0,0.0,0.0,36.0,5.0,20.0,0.0,1.0,0.0,36.0,0.0,0.0,1.0,1.0,0.0,1.0,0.0,0.0,1.0,1.0,1.0,1.0,1.0,1.0,1.0,0.0,1.0,1.0,1.0,0.0,0.0,0.0,0.0,11.0,1.0,8.165647925297504,6.3473892096560105,6.659293919683638,6.915723448631314,7.488293515159428,3.610917912644224,0.6931471805599453,1.0,1.0,0.0,1.0,49.61111111111112,0.5638297872340425,0.0,0.0,4.0,22.0,0.0
5818,True,test,0.0,167.0,72.0,239.0,6.0,1.0,37.0,1931.0,285.0,0.0,0.0,6.0,2.0,1.0,0.0,0.0,0.0,6.0,0.0,0.0,1.0,1.0,0.0,0.0,0.0,0.0,1.0,1.0,1.0,1.0,1.0,0.0,0.0,0.0,0.0,0.0,0.0,0.0,0.0,0.0,0.0,6.0,1.0,7.566311014772463,5.655991810819852,5.123963979403259,4.290459441148391,5.480638923341991,1.9459101490553128,0.6931471805599453,1.0,1.0,0.0,0.0,39.833333333333336,0.301255230125523,0.0,0.0,5.0,0.0,1.0
5824,False,test,0.0,11.0,0.0,11.0,1.0,1.0,58.0,323.0,44.0,0.0,0.0,1.0,0.0,1.0,0.0,0.0,0.0,1.0,0.0,0.0,0.0,1.0,0.0,0.0,0.0,0.0,0.0,0.0,0.0,0.0,0.0,0.0,0.0,0.0,0.0,0.0,0.0,0.0,0.0,0.0,0.0,1.0,1.0,5.780743515792329,3.80666248977032,2.4849066497880004,0.0,2.4849066497880004,0.6931471805599453,0.6931471805599453,1.0,0.0,0.0,0.0,11.0,0.0,0.0,0.0,0.0,17.0,0.0
5826,False,test,0.0,3.0,2.0,5.0,1.0,1.0,58.0,289.0,42.0,0.0,0.0,1.0,0.0,1.0,0.0,0.0,0.0,1.0,0.0,0.0,0.0,1.0,0.0,0.0,0.0,0.0,0.0,0.0,0.0,0.0,0.0,0.0,0.0,0.0,0.0,0.0,0.0,0.0,0.0,0.0,0.0,0.0,0.0,5.66988092298052,3.7612001156935615,1.3862943611198906,1.0986122886681098,1.791759469228055,0.6931471805599453,0.6931471805599453,1.0,0.0,0.0,0.0,5.0,0.4,0.0,0.0,2.0,13.0,0.0
5827,True,test,0.0,5.0,3.0,8.0,1.0,2.0,42.0,549.0,79.0,1.0,0.0,1.0,0.0,1.0,0.0,0.0,0.0,1.0,0.0,0.0,0.0,1.0,0.0,0.0,1.0,0.0,0.0,0.0,0.0,0.0,0.0,0.0,0.0,0.0,0.0,0.0,0.0,0.0,0.0,0.0,0.0,2.0,1.0,6.309918278226516,4.382026634673881,1.791759469228055,1.3862943611198906,2.19722457733622,0.6931471805599453,1.0986122886681098,1.0,1.0,0.0,0.0,8.0,0.375,0.0,1.0,3.0,7.0,0.0
5829,True,test,0.0,5.0,5.0,10.0,2.0,2.0,22.0,29.0,6.0,0.0,0.0,2.0,0.0,2.0,0.0,0.0,0.0,2.0,0.0,0.0,0.0,1.0,0.0,0.0,1.0,0.0,0.0,0.0,0.0,0.0,0.0,0.0,0.0,0.0,0.0,0.0,0.0,0.0,0.0,0.0,0.0,1.0,1.0,3.4011973816621555,1.9459101490553128,1.791759469228055,1.791759469228055,2.3978952727983707,1.0986122886681098,1.0986122886681098,1.0,0.0,0.0,0.0,5.0,0.5,0.0,1.0,1.0,7.0,0.0
5844,True,test,0.0,13.0,4.0,17.0,4.0,2.0,25.0,1141.0,170.0,0.0,0.0,4.0,0.0,0.0,2.0,1.0,0.0,4.0,0.0,0.0,0.0,0.0,1.0,1.0,1.0,1.0,0.0,0.0,1.0,0.0,0.0,0.0,0.0,0.0,0.0,0.0,1.0,0.0,0.0,0.0,0.0,5.0,1.0,7.040536390215956,5.14166355650266,2.6390573296152584,1.6094379124341005,2.8903717578961645,1.6094379124341005,1.0986122886681098,1.0,1.0,0.0,0.0,4.25,0.2352941176470588,0.0,1.0,2.0,17.0,0.0
5845,False,test,0.0,51.0,0.0,51.0,2.0,2.0,59.0,1476.0,217.0,0.0,0.0,2.0,0.0,2.0,0.0,0.0,0.0,2.0,0.0,0.0,0.0,1.0,0.0,0.0,1.0,0.0,0.0,0.0,0.0,0.0,0.0,0.0,0.0,0.0,0.0,0.0,0.0,0.0,0.0,0.0,0.0,2.0,1.0,7.29776828253138,5.384495062789089,3.951243718581428,0.0,3.951243718581428,1.0986122886681098,1.0986122886681098,1.0,1.0,0.0,0.0,25.5,0.0,0.0,1.0,6.0,6.0,1.0
5858,False,test,0.0,75.0,39.0,114.0,1.0,3.0,89.0,1714.0,240.0,0.0,0.0,1.0,0.0,0.0,0.0,0.0,0.0,1.0,0.0,0.0,0.0,0.0,0.0,0.0,1.0,0.0,0.0,1.0,0.0,1.0,1.0,0.0,0.0,0.0,0.0,0.0,0.0,0.0,0.0,1.0,0.0,5.0,1.0,7.44716835960004,5.484796933490655,4.330733340286331,3.688879454113936,4.74493212836325,0.6931471805599453,1.3862943611198906,1.0,1.0,0.0,0.0,114.0,0.3421052631578947,0.0,1.0,0.0,1.0,0.0
5865,True,test,0.0,1.0,1.0,2.0,1.0,1.0,43.0,1102.0,171.0,0.0,0.0,1.0,0.0,0.0,1.0,0.0,0.0,1.0,0.0,0.0,0.0,0.0,1.0,0.0,0.0,1.0,0.0,0.0,0.0,0.0,0.0,0.0,0.0,0.0,0.0,0.0,0.0,0.0,0.0,0.0,0.0,2.0,1.0,7.005789019253503,5.147494476813453,0.6931471805599453,0.6931471805599453,1.0986122886681098,0.6931471805599453,0.6931471805599453,1.0,1.0,0.0,0.0,2.0,0.5,0.0,0.0,2.0,15.0,0.0
5874,False,test,0.0,3.0,3.0,6.0,1.0,1.0,42.0,233.0,37.0,0.0,0.0,1.0,0.0,1.0,0.0,0.0,0.0,1.0,0.0,0.0,0.0,1.0,0.0,0.0,0.0,0.0,0.0,0.0,0.0,0.0,0.0,0.0,0.0,0.0,0.0,0.0,0.0,0.0,0.0,0.0,0.0,0.0,0.0,5.455321115357702,3.6375861597263857,1.3862943611198906,1.3862943611198906,1.9459101490553128,0.6931471805599453,0.6931471805599453,1.0,0.0,0.0,0.0,6.0,0.5,0.0,0.0,0.0,5.0,0.0
5875,False,test,0.0,12.0,0.0,12.0,1.0,1.0,52.0,378.0,62.0,0.0,0.0,1.0,0.0,1.0,0.0,0.0,0.0,1.0,0.0,0.0,0.0,1.0,0.0,0.0,0.0,0.0,0.0,0.0,0.0,0.0,0.0,0.0,0.0,0.0,0.0,0.0,0.0,0.0,0.0,0.0,0.0,0.0,0.0,5.937536205082426,4.143134726391533,2.5649493574615367,0.0,2.5649493574615367,0.6931471805599453,0.6931471805599453,1.0,1.0,0.0,0.0,12.0,0.0,0.0,0.0,3.0,10.0,0.0
5885,False,test,0.0,56.0,0.0,56.0,1.0,1.0,62.0,710.0,94.0,0.0,0.0,1.0,0.0,1.0,0.0,0.0,0.0,1.0,0.0,0.0,0.0,1.0,0.0,0.0,0.0,0.0,0.0,0.0,0.0,1.0,0.0,0.0,0.0,0.0,0.0,0.0,0.0,0.0,0.0,0.0,0.0,1.0,1.0,6.566672429803241,4.553876891600541,4.04305126783455,0.0,4.04305126783455,0.6931471805599453,0.6931471805599453,1.0,1.0,0.0,0.0,56.0,0.0,0.0,0.0,5.0,20.0,1.0
5896,False,test,0.0,147.0,2.0,149.0,2.0,1.0,50.0,1666.0,190.0,0.0,0.0,2.0,1.0,0.0,0.0,0.0,0.0,2.0,0.0,0.0,1.0,0.0,0.0,0.0,0.0,0.0,1.0,0.0,0.0,1.0,1.0,0.0,0.0,0.0,0.0,0.0,0.0,0.0,0.0,0.0,0.0,3.0,1.0,7.418780882750794,5.25227342804663,4.997212273764115,1.0986122886681098,5.010635294096256,1.0986122886681098,0.6931471805599453,1.0,1.0,0.0,0.0,74.5,0.0134228187919463,0.0,0.0,5.0,8.0,1.0
5898,True,test,0.0,14.0,3.0,17.0,4.0,1.0,24.0,12.0,2.0,0.0,0.0,4.0,0.0,2.0,0.0,0.0,0.0,4.0,0.0,0.0,0.0,1.0,0.0,0.0,0.0,0.0,0.0,0.0,1.0,0.0,0.0,0.0,0.0,0.0,0.0,0.0,0.0,0.0,0.0,0.0,0.0,1.0,1.0,2.5649493574615367,1.0986122886681098,2.70805020110221,1.3862943611198906,2.8903717578961645,1.6094379124341005,0.6931471805599453,1.0,0.0,0.0,0.0,4.25,0.1764705882352941,0.0,0.0,6.0,0.0,1.0
5899,True,test,0.0,27.0,9.0,36.0,3.0,1.0,31.0,12.0,2.0,0.0,0.0,3.0,0.0,1.0,0.0,0.0,0.0,3.0,0.0,0.0,0.0,1.0,0.0,0.0,0.0,0.0,0.0,0.0,0.0,0.0,0.0,0.0,0.0,0.0,0.0,0.0,0.0,0.0,0.0,0.0,0.0,0.0,0.0,2.5649493574615367,1.0986122886681098,3.332204510175204,2.302585092994046,3.610917912644224,1.3862943611198906,0.6931471805599453,1.0,0.0,0.0,0.0,12.0,0.25,0.0,0.0,6.0,3.0,1.0
5900,True,test,0.0,168.0,142.0,310.0,9.0,1.0,31.0,190.0,29.0,1.0,0.0,9.0,0.0,9.0,0.0,0.0,1.0,8.0,0.0,0.0,0.0,1.0,0.0,0.0,0.0,0.0,0.0,1.0,1.0,1.0,1.0,0.0,0.0,1.0,1.0,1.0,0.0,0.0,0.0,0.0,0.0,7.0,1.0,5.25227342804663,3.4011973816621555,5.1298987149230735,4.962844630259907,5.739792912179234,2.302585092994046,0.6931471805599453,1.0,0.0,0.0,0.0,34.44444444444444,0.4580645161290322,0.0,0.0,6.0,18.0,1.0
5903,True,test,0.0,2.0,8.0,10.0,2.0,1.0,46.0,247.0,40.0,1.0,0.0,2.0,0.0,1.0,0.0,0.0,0.0,2.0,0.0,0.0,0.0,1.0,0.0,0.0,0.0,0.0,0.0,0.0,0.0,0.0,0.0,0.0,0.0,0.0,0.0,0.0,0.0,0.0,0.0,0.0,0.0,0.0,0.0,5.513428746164983,3.713572066704308,1.0986122886681098,2.19722457733622,2.3978952727983707,1.0986122886681098,0.6931471805599453,1.0,0.0,0.0,0.0,5.0,0.8,0.0,0.0,1.0,8.0,0.0
5911,False,test,0.0,4.0,2.0,6.0,1.0,1.0,54.0,357.0,46.0,0.0,0.0,1.0,0.0,0.0,0.0,0.0,0.0,1.0,0.0,0.0,0.0,0.0,0.0,0.0,0.0,0.0,0.0,0.0,0.0,0.0,0.0,0.0,0.0,0.0,0.0,0.0,0.0,0.0,0.0,0.0,0.0,0.0,0.0,5.8805329864007,3.8501476017100575,1.6094379124341005,1.0986122886681098,1.9459101490553128,0.6931471805599453,0.6931471805599453,1.0,0.0,0.0,0.0,6.0,0.3333333333333333,0.0,0.0,4.0,21.0,0.0
5917,True,test,0.0,96.0,86.0,182.0,7.0,1.0,38.0,337.0,52.0,0.0,0.0,7.0,4.0,2.0,0.0,0.0,0.0,7.0,0.0,0.0,1.0,1.0,0.0,0.0,0.0,0.0,1.0,1.0,1.0,1.0,1.0,0.0,0.0,0.0,1.0,0.0,0.0,0.0,0.0,0.0,0.0,6.0,1.0,5.823045895483019,3.970291913552122,4.574710978503383,4.465908118654584,5.209486152841421,2.079441541679836,0.6931471805599453,1.0,1.0,0.0,0.0,26.0,0.4725274725274725,0.0,0.0,3.0,21.0,0.0
5923,False,test,0.0,14.0,1.0,15.0,2.0,1.0,59.0,590.0,86.0,0.0,0.0,2.0,1.0,0.0,0.0,0.0,0.0,2.0,0.0,0.0,1.0,0.0,0.0,0.0,0.0,0.0,1.0,0.0,0.0,0.0,0.0,0.0,0.0,0.0,0.0,0.0,0.0,0.0,0.0,0.0,0.0,1.0,1.0,6.3818160174060985,4.465908118654584,2.70805020110221,0.6931471805599453,2.772588722239781,1.0986122886681098,0.6931471805599453,1.0,1.0,0.0,0.0,7.5,0.0666666666666666,0.0,0.0,2.0,15.0,0.0
5924,True,test,0.0,3.0,3.0,6.0,3.0,1.0,21.0,0.0,0.0,0.0,0.0,3.0,0.0,1.0,1.0,0.0,0.0,3.0,0.0,0.0,0.0,1.0,1.0,0.0,0.0,1.0,0.0,0.0,0.0,0.0,0.0,0.0,0.0,0.0,0.0,0.0,0.0,0.0,0.0,0.0,0.0,1.0,1.0,0.0,0.0,1.3862943611198906,1.3862943611198906,1.9459101490553128,1.3862943611198906,0.6931471805599453,0.0,0.0,0.0,0.0,2.0,0.5,0.0,0.0,3.0,3.0,0.0
5928,True,test,0.0,194.0,80.0,274.0,10.0,1.0,48.0,627.0,102.0,0.0,0.0,10.0,5.0,2.0,0.0,0.0,0.0,10.0,0.0,0.0,1.0,1.0,0.0,0.0,0.0,0.0,1.0,1.0,1.0,1.0,1.0,0.0,0.0,0.0,1.0,0.0,0.0,0.0,0.0,0.0,0.0,6.0,1.0,6.442540166468199,4.634728988229636,5.272999558563747,4.394449154672439,5.616771097666572,2.3978952727983707,0.6931471805599453,1.0,1.0,0.0,0.0,27.4,0.291970802919708,0.0,0.0,4.0,3.0,0.0
5938,False,test,0.0,1.0,1.0,2.0,1.0,1.0,56.0,77.0,11.0,0.0,0.0,1.0,0.0,0.0,0.0,0.0,0.0,1.0,0.0,0.0,0.0,0.0,0.0,0.0,0.0,0.0,0.0,0.0,0.0,0.0,0.0,0.0,0.0,0.0,0.0,0.0,0.0,0.0,0.0,0.0,0.0,0.0,0.0,4.356708826689592,2.4849066497880004,0.6931471805599453,0.6931471805599453,1.0986122886681098,0.6931471805599453,0.6931471805599453,1.0,0.0,0.0,0.0,2.0,0.5,0.0,0.0,4.0,1.0,0.0
5945,True,test,0.0,51.0,9.0,60.0,5.0,1.0,28.0,299.0,44.0,0.0,0.0,5.0,0.0,0.0,5.0,0.0,1.0,4.0,0.0,0.0,0.0,0.0,1.0,0.0,0.0,1.0,0.0,0.0,1.0,0.0,0.0,0.0,0.0,1.0,0.0,0.0,0.0,0.0,0.0,0.0,0.0,3.0,1.0,5.703782474656201,3.80666248977032,3.951243718581428,2.302585092994046,4.110873864173311,1.791759469228055,0.6931471805599453,1.0,0.0,0.0,0.0,12.0,0.15,0.0,0.0,6.0,23.0,1.0
5950,False,test,0.0,4.0,2.0,6.0,1.0,1.0,63.0,139.0,22.0,0.0,0.0,1.0,0.0,1.0,0.0,0.0,0.0,1.0,0.0,0.0,0.0,1.0,0.0,0.0,0.0,0.0,0.0,0.0,0.0,0.0,0.0,0.0,0.0,0.0,0.0,0.0,0.0,0.0,0.0,0.0,0.0,0.0,0.0,4.941642422609304,3.1354942159291497,1.6094379124341005,1.0986122886681098,1.9459101490553128,0.6931471805599453,0.6931471805599453,1.0,0.0,0.0,0.0,6.0,0.3333333333333333,0.0,0.0,1.0,13.0,0.0
5955,False,test,0.0,14.0,1.0,15.0,2.0,1.0,61.0,994.0,130.0,0.0,0.0,2.0,1.0,0.0,0.0,0.0,0.0,2.0,0.0,0.0,1.0,0.0,0.0,0.0,0.0,0.0,1.0,0.0,0.0,0.0,0.0,0.0,0.0,0.0,0.0,0.0,0.0,0.0,0.0,0.0,0.0,1.0,1.0,6.902742737158593,4.875197323201151,2.70805020110221,0.6931471805599453,2.772588722239781,1.0986122886681098,0.6931471805599453,1.0,1.0,0.0,0.0,7.5,0.0666666666666666,0.0,0.0,6.0,18.0,1.0
5962,True,test,0.0,0.0,21.0,21.0,1.0,1.0,24.0,277.0,40.0,0.0,0.0,1.0,1.0,0.0,0.0,0.0,0.0,1.0,0.0,0.0,1.0,0.0,0.0,0.0,0.0,0.0,1.0,1.0,0.0,0.0,0.0,0.0,0.0,0.0,0.0,0.0,0.0,0.0,0.0,0.0,0.0,2.0,1.0,5.627621113690637,3.713572066704308,0.0,3.091042453358316,3.091042453358316,0.6931471805599453,0.6931471805599453,1.0,0.0,0.0,0.0,21.0,1.0,0.0,0.0,1.0,13.0,0.0
5966,False,test,0.0,4.0,2.0,6.0,1.0,1.0,62.0,1768.0,236.0,0.0,0.0,1.0,0.0,0.0,0.0,0.0,0.0,1.0,0.0,0.0,0.0,0.0,0.0,0.0,0.0,0.0,0.0,0.0,0.0,0.0,0.0,0.0,0.0,0.0,0.0,0.0,0.0,0.0,0.0,0.0,0.0,0.0,0.0,7.478169694159785,5.468060141135132,1.6094379124341005,1.0986122886681098,1.9459101490553128,0.6931471805599453,0.6931471805599453,1.0,1.0,0.0,0.0,6.0,0.3333333333333333,0.0,0.0,4.0,21.0,0.0
5982,False,test,0.0,4.0,0.0,4.0,1.0,1.0,56.0,771.0,98.0,0.0,0.0,1.0,0.0,0.0,0.0,0.0,0.0,1.0,0.0,0.0,0.0,0.0,0.0,0.0,0.0,0.0,0.0,0.0,0.0,0.0,0.0,0.0,0.0,0.0,0.0,0.0,0.0,0.0,0.0,0.0,0.0,0.0,0.0,6.648984550024776,4.59511985013459,1.6094379124341005,0.0,1.6094379124341005,0.6931471805599453,0.6931471805599453,1.0,1.0,0.0,0.0,4.0,0.0,0.0,0.0,1.0,0.0,0.0
6013,True,test,0.0,6.0,1.0,7.0,2.0,1.0,53.0,87.0,12.0,0.0,0.0,2.0,0.0,1.0,0.0,0.0,0.0,2.0,0.0,0.0,0.0,1.0,0.0,0.0,0.0,0.0,0.0,0.0,0.0,0.0,0.0,0.0,0.0,0.0,0.0,0.0,0.0,0.0,0.0,0.0,0.0,0.0,0.0,4.477336814478207,2.5649493574615367,1.9459101490553128,0.6931471805599453,2.079441541679836,1.0986122886681098,0.6931471805599453,1.0,0.0,0.0,0.0,3.5,0.1428571428571428,0.0,0.0,5.0,3.0,1.0
