pr_number,split,merge_delay_target,additions_iqr_outlier,body_length_iqr_outlier,body_word_count_iqr_outlier,changed_files_iqr_outlier,commit_count_iqr_outlier,configuration_files_changed_iqr_outlier,created_on_weekend,deletions_iqr_outlier,documentation_files_changed_iqr_outlier,files_added_iqr_outlier,files_modified_iqr_outlier,files_removed_iqr_outlier,files_renamed,files_renamed_iqr_outlier,has_any_iqr_outlier,has_configuration_changes,has_description,has_detailed_description,has_documentation_changes,has_multiple_commits,has_security_sensitive_changes,has_test_changes,requested_reviewer_count,requested_reviewer_count_iqr_outlier,security_sensitive_files_changed_iqr_outlier,short_title,test_files_changed_iqr_outlier,title_length_iqr_outlier,total_changes_iqr_outlier,very_long_description,additions,body_length,body_word_count,change_density_per_file,changed_files,commit_count,configuration_files_changed,created_day_of_week,created_hour_utc,deletion_ratio,deletions,documentation_files_changed,files_added,files_modified,files_removed,iqr_outlier_feature_count,label_count,log1p_additions,log1p_body_length,log1p_body_word_count,log1p_changed_files,log1p_commit_count,log1p_deletions,log1p_total_changes,security_sensitive_files_changed,test_files_changed,title_length,total_changes
2577,train,0,0.0,0.0,0.0,0.0,0.0,0.0,0.0,0.0,0.0,0.0,0.0,0.0,0.0,0.0,0.0,0.0,1.0,1.0,0.0,0.0,0.0,0.0,0.0,0.0,0.0,0.0,0.0,0.0,0.0,0.0,-0.1891410974326167,-0.3735145601851262,-0.3358462953136225,-0.40168836467971886,-0.2721132855129515,-0.33462683191989634,-0.34528453656689306,-0.29817586418276815,1.2069144288195255,0.30050004083973125,-0.20273860326825577,-0.41109760518947297,-0.11204874765929806,-0.2985504265255358,-0.08794999545015139,-0.8261971883794814,-0.941362508405494,-0.8458145240015983,0.2606284672283002,0.3154487828090482,-0.664727757578983,-0.37894499455701275,-0.6678467906597125,-0.8733298057579086,-0.13523517560422083,-0.19466400788931726,-0.7644699687730685,-0.20039024911350126
2582,train,0,0.0,0.0,0.0,0.0,0.0,0.0,1.0,0.0,0.0,0.0,0.0,0.0,0.0,0.0,1.0,0.0,1.0,0.0,0.0,0.0,0.0,0.0,1.0,1.0,0.0,0.0,0.0,0.0,0.0,0.0,-0.18368033084007396,-0.4732175909985921,-0.5207442227961305,-0.15965368908662902,-0.17316299987187822,-0.33462683191989634,-0.34528453656689306,1.1927034567310724,-0.7264921804544717,1.889805255201016,-0.1582783832532874,-0.41109760518947297,-0.11204874765929806,-0.15699634498325588,-0.08794999545015139,-0.4231741696577831,-0.941362508405494,-0.4195603401344113,-0.28085430669817457,-0.3086712253412112,-0.060044691068802135,-0.37894499455701275,0.6381395226485884,0.23897713623977337,-0.13523517560422083,-0.19466400788931726,-1.1280311298843417,-0.1756458113267707
2592,train,0,0.0,0.0,0.0,0.0,0.0,0.0,0.0,0.0,0.0,0.0,0.0,0.0,0.0,0.0,1.0,0.0,1.0,0.0,0.0,0.0,0.0,1.0,0.0,0.0,0.0,0.0,1.0,0.0,0.0,0.0,-0.07446499898921917,-0.4011872381251902,-0.3650407049161237,0.5180434025740225,-0.17316299987187822,-0.33462683191989634,-0.34528453656689306,-0.29817586418276815,1.2069144288195255,-0.6514797533867639,-0.1523503539179583,-0.41109760518947297,-0.11204874765929806,-0.15699634498325588,-0.08794999545015139,-0.4231741696577831,0.7561764411781836,1.0550368611121719,0.16689281711933468,0.25404627386266954,-0.060044691068802135,-0.37894499455701275,0.7060155349049866,0.9023333988000923,-0.13523517560422083,0.4641987880437565,-0.11005987877277651,-0.11451249444190702
2603,train,0,0.0,0.0,0.0,0.0,0.0,0.0,0.0,0.0,0.0,0.0,0.0,0.0,0.0,0.0,0.0,0.0,1.0,0.0,0.0,0.0,0.0,0.0,0.0,0.0,0.0,0.0,0.0,0.0,0.0,0.0,-0.18368033084007396,-0.4752523467294792,-0.5304756926636309,-0.2726032043634043,-0.2721132855129515,-0.33462683191989634,-0.34528453656689306,-1.2920954114586618,-1.6931954850914703,0.30050004083973125,-0.19681057393292667,-0.41109760518947297,-0.11204874765929806,-0.2985504265255358,-0.08794999545015139,-0.8261971883794814,-0.941362508405494,-0.4195603401344113,-0.3042804116859663,-0.37520346426693063,-0.664727757578983,-0.37894499455701275,-0.2448501813209548,-0.37654768361650864,-0.13523517560422083,-0.19466400788931726,-0.6917577365508139,-0.19456802845779994
2609,train,0,0.0,0.0,0.0,0.0,0.0,1.0,1.0,0.0,0.0,0.0,0.0,0.0,0.0,0.0,1.0,1.0,1.0,0.0,0.0,0.0,0.0,0.0,0.0,0.0,0.0,0.0,0.0,0.0,0.0,0.0,-0.18368033084007396,-0.4646716169288665,-0.5207442227961305,-0.3694170746006402,-0.2721132855129515,-0.33462683191989634,0.6412427107670872,1.689663230369019,1.0457972113800256,-2.0223306570729163,-0.20570261793592035,-0.41109760518947297,-0.11204874765929806,-0.2985504265255358,-0.08794999545015139,-0.4231741696577831,0.7561764411781836,-0.4195603401344113,-0.1947811990241544,-0.3086712253412112,-0.664727757578983,-0.37894499455701275,-1.0908433999984704,-0.7046579406013964,-0.13523517560422083,-0.19466400788931726,-0.5463332721063046,-0.1989346939495759
2622,train,0,0.0,0.0,0.0,0.0,0.0,1.0,0.0,1.0,0.0,0.0,1.0,0.0,0.0,0.0,1.0,1.0,1.0,0.0,1.0,0.0,0.0,0.0,0.0,0.0,0.0,0.0,0.0,0.0,0.0,0.0,-0.11269036513701834,-0.5049597804004303,-0.5888645118686334,0.025906228868073165,0.024737571410268316,-0.33462683191989634,1.6277699581010674,-0.795135637820715,0.4013283416220266,0.4147376161469108,-0.11085414857065448,-0.12306743594844094,-0.11204874765929806,0.12611181810130395,-0.08794999545015139,0.38287186778561344,0.7561764411781836,0.8195139382878992,-1.0874958313555239,-1.2307229502670975,0.7017658777172902,-0.37894499455701275,1.0429182086585242,0.9023333988000923,-0.13523517560422083,-0.19466400788931726,-1.055318897662087,-0.11451249444190702
2630,train,0,0.0,0.0,0.0,0.0,0.0,0.0,0.0,0.0,0.0,0.0,0.0,0.0,0.0,0.0,0.0,0.0,1.0,0.0,0.0,0.0,0.0,0.0,0.0,0.0,0.0,0.0,0.0,0.0,0.0,0.0,-0.18641071413634533,-0.4117679679258029,-0.4185637891873761,-0.3371457845215616,-0.2721132855129515,-0.33462683191989634,-0.34528453656689306,-1.2920954114586618,1.3680316462590252,0.30050004083973125,-0.19977458860059122,-0.41109760518947297,-0.11204874765929806,-0.2985504265255358,-0.08794999545015139,-0.8261971883794814,-0.941362508405494,-0.596471810663793,0.12459016190046143,0.11890452175541837,-0.664727757578983,-0.37894499455701275,-0.42040963626434275,-0.57382587770278,-0.13523517560422083,-0.19466400788931726,-0.40090880766179515,-0.1974791387856506
2637,train,0,0.0,0.0,0.0,0.0,0.0,0.0,1.0,0.0,0.0,0.0,0.0,0.0,0.0,0.0,0.0,0.0,1.0,0.0,1.0,0.0,0.0,0.0,0.0,0.0,0.0,0.0,0.0,0.0,0.0,0.0,-0.15637649787736027,-0.5049597804004303,-0.5888645118686334,0.4050938872972472,-0.2721132855129515,-0.33462683191989634,-0.34528453656689306,1.1927034567310724,0.4013283416220266,0.38653080742908846,-0.1642064125886165,-0.12306743594844094,-0.11204874765929806,-0.2985504265255358,-0.08794999545015139,-0.8261971883794814,0.7561764411781836,0.3508322571255962,-1.0874958313555239,-1.2307229502670975,-0.664727757578983,-0.37894499455701275,0.561758075001413,0.4362553303260452,-0.13523517560422083,-0.19466400788931726,-0.03734764655052185,-0.1640013700153681
2652,train,0,0.0,0.0,0.0,0.0,0.0,0.0,0.0,0.0,0.0,0.0,0.0,0.0,0.0,0.0,0.0,0.0,0.0,0.0,1.0,0.0,0.0,0.0,0.0,0.0,0.0,0.0,0.0,0.0,0.0,0.0,-0.1891410974326167,-0.5098431941545593,-0.5985959817361338,-0.4339596547587975,-0.2721132855129515,-0.33462683191989634,-0.34528453656689306,-1.2920954114586618,1.5291488636985249,-2.0223306570729163,-0.20570261793592035,-0.12306743594844094,-0.11204874765929806,-0.2985504265255358,-0.08794999545015139,-0.8261971883794814,-0.941362508405494,-0.8458145240015983,-2.1507487576923867,-1.8147058509142775,-0.664727757578983,-0.37894499455701275,-1.0908433999984704,-1.1110594475726732,-0.13523517560422083,-0.19466400788931726,-0.47362103988404985,-0.20184580427742657
2676,train,1,1.0,0.0,0.0,1.0,0.0,1.0,0.0,1.0,1.0,1.0,1.0,1.0,1.0,1.0,1.0,1.0,1.0,1.0,1.0,0.0,1.0,1.0,0.0,0.0,1.0,0.0,1.0,0.0,1.0,0.0,8.927608728817487,0.14087168858312274,0.6713608359726713,1.2811184218710712,9.820815849876523,-0.33462683191989634,7.546933442104949,0.19878390945517868,1.0457972113800256,-0.15890147606857977,6.424798193629695,8.805867810523551,13.582798188477131,0.9754363073549833,14.617289243815161,4.413102055002596,0.7561764411781836,3.7176901627009244,0.9075664976016062,1.1452264278803577,5.22788820493569,-0.37894499455701275,3.6162604665154965,3.5404220943287337,13.087759772364038,3.0996499717760515,-0.40090880766179515,7.91432978977019
2685,train,0,1.0,0.0,0.0,1.0,0.0,0.0,0.0,1.0,1.0,0.0,1.0,0.0,0.0,0.0,1.0,0.0,1.0,1.0,1.0,0.0,0.0,0.0,0.0,0.0,0.0,0.0,0.0,0.0,1.0,0.0,1.2879962658501944,-0.22090788036859663,-0.039036464354859614,3.7613080555214258,0.3215884283334881,-0.33462683191989634,-0.34528453656689306,-1.2920954114586618,-1.0487266153334713,-0.12252365223705401,0.905802882438289,0.45299290253362307,-0.11204874765929806,0.5507740627281437,-0.08794999545015139,1.5919409239507083,0.7561764411781836,2.600368877064538,0.5713454064566588,0.7121322492272646,1.4026973021973705,-0.37894499455701275,2.527718678548308,2.482485057158686,-0.13523517560422083,-0.19466400788931726,-1.4188800587733605,1.1314427258781719
2699,train,0,1.0,0.0,0.0,1.0,0.0,1.0,0.0,0.0,1.0,1.0,1.0,0.0,0.0,0.0,1.0,1.0,1.0,0.0,1.0,0.0,1.0,1.0,0.0,0.0,1.0,0.0,1.0,0.0,1.0,0.0,0.7391892232996491,-0.42641820918818973,-0.4526239337236275,0.07777080220944957,1.706892427308514,-0.33462683191989634,4.587351700103008,0.19878390945517868,0.7235627765010261,-1.8517272724804619,-0.1671704272562811,0.7410230717746551,5.365890026795274,0.5507740627281437,-0.08794999545015139,2.8010099801158033,-0.941362508405494,2.316076145778251,0.05782503389012588,0.010678617424183008,2.9113300528977275,-0.37894499455701275,0.5196548225811265,1.9254406191561915,1.5176391928918116,0.4641987880437565,-0.8371822009953231,0.31196516858821344
2719,train,0,0.0,0.0,0.0,0.0,0.0,0.0,0.0,0.0,0.0,0.0,0.0,0.0,0.0,0.0,0.0,0.0,1.0,0.0,1.0,0.0,0.0,0.0,0.0,0.0,0.0,0.0,0.0,0.0,0.0,0.0,-0.1891410974326167,-0.4960068551845272,-0.5839987769348832,-0.40168836467971886,-0.2721132855129515,-0.33462683191989634,-0.34528453656689306,-0.795135637820715,-2.17654713740997,0.30050004083973125,-0.20273860326825577,-0.12306743594844094,-0.11204874765929806,-0.2985504265255358,-0.08794999545015139,-0.8261971883794814,-0.941362508405494,-0.8458145240015983,-0.6769441308962032,-1.0778014757237373,-0.664727757578983,-0.37894499455701275,-0.6678467906597125,-0.8733298057579086,-0.13523517560422083,-0.19466400788931726,-1.6370167554401245,-0.20039024911350126
2730,train,0,0.0,0.0,0.0,0.0,0.0,0.0,0.0,0.0,0.0,0.0,0.0,0.0,0.0,0.0,1.0,0.0,0.0,0.0,1.0,0.0,0.0,1.0,0.0,0.0,0.0,0.0,1.0,0.0,0.0,0.0,-0.17821956424753121,-0.5098431941545593,-0.5985959817361338,-0.40168836467971886,-0.07421271423080496,-0.33462683191989634,-0.34528453656689306,0.6957436830931255,-0.4042577455754722,-1.2480537577687005,-0.20273860326825577,-0.12306743594844094,-0.11204874765929806,-0.015442263440975964,-0.08794999545015139,-0.4231741696577831,0.7561764411781836,-0.17021762679660601,-2.1507487576923867,-1.8147058509142775,0.3689847723091936,-0.37894499455701275,-0.6678467906597125,-0.37654768361650864,-0.13523517560422083,0.13476739007721963,0.25350128233849684,-0.19456802845779994
2746,train,0,0.0,0.0,0.0,0.0,0.0,0.0,1.0,0.0,0.0,0.0,0.0,0.0,0.0,0.0,0.0,0.0,1.0,0.0,0.0,0.0,0.0,0.0,0.0,0.0,0.0,0.0,0.0,0.0,0.0,0.0,-0.1891410974326167,-0.42967381835760904,-0.4574896686573777,-0.40168836467971886,-0.2721132855129515,-0.33462683191989634,-0.34528453656689306,1.689663230369019,1.3680316462590252,0.30050004083973125,-0.20273860326825577,-0.41109760518947297,-0.11204874765929806,-0.2985504265255358,-0.08794999545015139,-0.8261971883794814,0.7561764411781836,-0.8458145240015983,0.04140578886030654,-0.006751276671660382,-0.664727757578983,-0.37894499455701275,-0.6678467906597125,-0.8733298057579086,-0.13523517560422083,-0.19466400788931726,0.6897746756720248,-0.20039024911350126
2765,train,1,0.0,0.0,0.0,0.0,0.0,0.0,0.0,0.0,0.0,0.0,0.0,0.0,0.0,0.0,1.0,0.0,1.0,0.0,1.0,0.0,0.0,1.0,1.0,1.0,0.0,0.0,1.0,0.0,0.0,0.0,-0.08538653217430464,-0.39996638468665796,-0.3650407049161237,0.050109696427382146,-0.07421271423080496,-0.33462683191989634,-0.34528453656689306,-0.795135637820715,0.4013283416220266,-1.1512691453556734,-0.17902648592693932,-0.12306743594844094,-0.11204874765929806,-0.015442263440975964,-0.08794999545015139,0.38287186778561344,0.7561764411781836,0.9964254088172807,0.17150731830363974,0.25404627386266954,0.3689847723091936,-0.37894499455701275,0.31432092060604333,0.7643655873109332,-0.13523517560422083,0.13476739007721963,0.47163797900526083,-0.13343471157293627
2793,train,0,0.0,0.0,0.0,0.0,0.0,0.0,0.0,0.0,0.0,0.0,0.0,0.0,0.0,0.0,0.0,0.0,1.0,0.0,1.0,0.0,0.0,0.0,0.0,0.0,0.0,0.0,0.0,0.0,0.0,0.0,-0.1891410974326167,-0.4658924703673987,-0.5207442227961305,-0.40168836467971886,-0.2721132855129515,-0.33462683191989634,-0.34528453656689306,-1.2920954114586618,-1.209843832772971,0.30050004083973125,-0.20273860326825577,-0.12306743594844094,-0.11204874765929806,-0.2985504265255358,-0.08794999545015139,-0.8261971883794814,-0.941362508405494,-0.8458145240015983,-0.20603614582976368,-0.3086712253412112,-0.664727757578983,-0.37894499455701275,-0.6678467906597125,-0.8733298057579086,-0.13523517560422083,-0.19466400788931726,-0.47362103988404985,-0.20039024911350126
2808,train,0,0.0,0.0,0.0,0.0,0.0,0.0,0.0,0.0,0.0,0.0,0.0,0.0,0.0,0.0,0.0,0.0,0.0,0.0,1.0,0.0,0.0,0.0,0.0,0.0,0.0,0.0,0.0,0.0,0.0,0.0,-0.1891410974326167,-0.5098431941545593,-0.5985959817361338,-0.40168836467971886,-0.2721132855129515,-0.33462683191989634,-0.34528453656689306,-0.795135637820715,0.5624455590615264,0.30050004083973125,-0.20273860326825577,-0.12306743594844094,-0.11204874765929806,-0.2985504265255358,-0.08794999545015139,-0.8261971883794814,-0.941362508405494,-0.8458145240015983,-2.1507487576923867,-1.8147058509142775,-0.664727757578983,-0.37894499455701275,-0.6678467906597125,-0.8733298057579086,-0.13523517560422083,-0.19466400788931726,-0.8371822009953231,-0.20039024911350126
2834,train,0,0.0,0.0,0.0,0.0,0.0,0.0,1.0,0.0,0.0,0.0,0.0,0.0,0.0,0.0,0.0,0.0,1.0,0.0,1.0,0.0,0.0,0.0,0.0,0.0,0.0,0.0,0.0,0.0,0.0,0.0,-0.1891410974326167,-0.42641820918818973,-0.4720868734586284,-0.40168836467971886,-0.2721132855129515,-0.33462683191989634,-0.34528453656689306,1.689663230369019,-1.5320782676519706,0.30050004083973125,-0.20273860326825577,-0.12306743594844094,-0.11204874765929806,-0.2985504265255358,-0.08794999545015139,-0.8261971883794814,-0.941362508405494,-0.8458145240015983,0.05782503389012588,-0.06275714897273735,-0.664727757578983,-0.37894499455701275,-0.6678467906597125,-0.8733298057579086,-0.13523517560422083,-0.19466400788931726,0.25350128233849684,-0.20039024911350126
2850,train,0,0.0,0.0,0.0,0.0,0.0,0.0,0.0,0.0,0.0,0.0,0.0,0.0,0.0,0.0,0.0,0.0,1.0,0.0,1.0,0.0,0.0,0.0,0.0,0.0,0.0,0.0,0.0,0.0,0.0,0.0,-0.1891410974326167,-0.4695550306829954,-0.5256099577298807,-0.40168836467971886,-0.2721132855129515,-0.33462683191989634,-0.34528453656689306,0.6957436830931255,0.8846799939405259,0.30050004083973125,-0.20273860326825577,-0.12306743594844094,-0.11204874765929806,-0.2985504265255358,-0.08794999545015139,-0.8261971883794814,-0.941362508405494,-0.8458145240015983,-0.24175953640927628,-0.3408971005331967,-0.664727757578983,-0.37894499455701275,-0.6678467906597125,-0.8733298057579086,-0.13523517560422083,-0.19466400788931726,0.7624869078942795,-0.20039024911350126
2854,train,1,0.0,0.0,0.0,0.0,0.0,0.0,0.0,0.0,0.0,0.0,0.0,0.0,0.0,0.0,1.0,0.0,1.0,1.0,1.0,0.0,0.0,0.0,0.0,0.0,0.0,0.0,0.0,0.0,0.0,0.0,-0.07719538228549053,-0.24858055830866066,-0.11688822329486298,0.21146614682277537,-0.17316299987187822,-0.33462683191989634,-0.34528453656689306,0.6957436830931255,1.0457972113800256,-2.0223306570729163,-0.20570261793592035,-0.12306743594844094,-0.11204874765929806,-0.15699634498325588,-0.08794999545015139,-0.4231741696577831,0.7561764411781836,1.0408993465940388,0.5296734815082613,0.6332374962765968,-0.060044691068802135,-0.37894499455701275,-1.0908433999984704,0.6877812189921078,-0.13523517560422083,-0.19466400788931726,1.5623214623390809,-0.1421680425564882
2861,train,1,0.0,0.0,0.0,0.0,1.0,0.0,0.0,0.0,1.0,0.0,1.0,0.0,0.0,0.0,1.0,0.0,1.0,1.0,1.0,1.0,0.0,0.0,0.0,0.0,0.0,0.0,0.0,0.0,0.0,0.0,-0.12088151502583246,0.13761607941370343,0.6762265709064215,-0.11931457648778072,0.024737571410268316,0.6878440433908977,-0.34528453656689306,-0.29817586418276815,0.07909390674302706,-0.18567382616524156,-0.15531436858562286,0.7410230717746551,-0.11204874765929806,0.12611181810130395,-0.08794999545015139,0.7858948865073117,0.7561764411781836,0.7547219837461917,0.9054886399055995,1.14725143659163,0.7017658777172902,1.11503898681346,0.6730207368085424,0.7012602824768844,-0.13523517560422083,-0.19466400788931726,2.5075804812283913,-0.1407124873925629
2872,train,0,0.0,0.0,0.0,0.0,0.0,0.0,0.0,0.0,0.0,0.0,0.0,0.0,0.0,0.0,0.0,0.0,1.0,0.0,1.0,0.0,0.0,0.0,0.0,0.0,0.0,0.0,0.0,0.0,0.0,0.0,-0.1891410974326167,-0.4988555132077691,-0.579133042001133,-0.40168836467971886,-0.2721132855129515,-0.33462683191989634,-0.34528453656689306,-0.795135637820715,0.7235627765010261,0.30050004083973125,-0.20273860326825577,-0.12306743594844094,-0.11204874765929806,-0.2985504265255358,-0.08794999545015139,-0.8261971883794814,-0.941362508405494,-0.8458145240015983,-0.7694442160295959,-0.9591863649141107,-0.664727757578983,-0.37894499455701275,-0.6678467906597125,-0.8733298057579086,-0.13523517560422083,-0.19466400788931726,-1.2734555943288512,-0.20039024911350126
2877,train,1,1.0,0.0,0.0,1.0,1.0,0.0,1.0,1.0,1.0,0.0,1.0,0.0,0.0,0.0,1.0,0.0,1.0,0.0,1.0,1.0,0.0,0.0,0.0,0.0,0.0,0.0,0.0,0.0,1.0,0.0,0.11393144845350536,-0.4325224763808509,-0.4428924638561271,-0.08576941969505426,1.5089918560263673,0.6878440433908977,-0.34528453656689306,1.689663230369019,-1.85431270253097,0.30050004083973125,0.12626702484251015,5.0614756103901355,-0.11204874765929806,2.2494230412355027,-0.08794999545015139,2.3979869613941047,-0.941362508405494,1.6350611095836594,0.026485298039128424,0.04391219745606104,2.7691909374936428,1.11503898681346,1.7940691761866814,1.6580714967104722,-0.13523517560422083,-0.19466400788931726,0.39892574678300613,0.1227429972779211
2898,train,1,0.0,0.0,0.0,0.0,1.0,0.0,0.0,0.0,0.0,0.0,0.0,0.0,0.0,0.0,1.0,0.0,1.0,1.0,1.0,1.0,0.0,0.0,0.0,0.0,0.0,0.0,0.0,0.0,0.0,0.0,-0.06354346580413368,-0.23596507277716086,-0.18987424730111616,0.060866793120408325,-0.07421271423080496,0.6878440433908977,-0.34528453656689306,0.6957436830931255,1.3680316462590252,-1.8327118245902514,-0.19977458860059122,0.16496273329259106,-0.11204874765929806,-0.015442263440975964,-0.08794999545015139,-0.02015115093608484,0.7561764411781836,1.1085449248049555,0.549191868888475,0.5468482606589556,0.3689847723091936,1.11503898681346,-0.42040963626434275,0.7762107061096665,-0.13523517560422083,-0.19466400788931726,1.1987603012278074,-0.13197915640901092
2910,train,0,0.0,0.0,0.0,0.0,1.0,0.0,0.0,0.0,0.0,0.0,0.0,0.0,0.0,0.0,1.0,0.0,1.0,1.0,1.0,1.0,0.0,0.0,0.0,0.0,0.0,0.0,0.0,0.0,0.0,0.0,-0.18641071413634533,-0.20585068796003236,-0.09255954862611193,-0.20806062420524699,-0.2721132855129515,0.6878440433908977,-0.34528453656689306,-1.2920954114586618,-0.8876093978939715,1.461915389796055,-0.187918529929933,-0.12306743594844094,-0.11204874765929806,-0.2985504265255358,-0.08794999545015139,-0.4231741696577831,-0.941362508405494,-0.596471810663793,0.5923748289833957,0.6591725981215427,-0.664727757578983,1.11503898681346,0.09665821324236852,-0.22919865697186706,-0.13523517560422083,-0.19466400788931726,0.03536458567173282,-0.19165691812994928
2913,train,1,0.0,0.0,0.0,0.0,0.0,0.0,0.0,0.0,0.0,0.0,0.0,0.0,0.0,0.0,1.0,0.0,1.0,0.0,0.0,0.0,0.0,0.0,0.0,0.0,0.0,0.0,0.0,0.0,0.0,0.0,-0.1891410974326167,-0.4251973557496575,-0.486684078259879,-0.40168836467971886,-0.2721132855129515,-0.33462683191989634,-0.34528453656689306,-0.795135637820715,-1.0487266153334713,0.30050004083973125,-0.20273860326825577,-0.41109760518947297,-0.11204874765929806,-0.2985504265255358,-0.08794999545015139,-0.4231741696577831,2.453715390761861,-0.8458145240015983,0.06381836830063392,-0.12536638748128673,-0.664727757578983,-0.37894499455701275,-0.6678467906597125,-0.8733298057579086,-0.13523517560422083,-0.19466400788931726,0.18078905011624216,-0.20039024911350126
2915,train,0,0.0,0.0,0.0,0.0,0.0,0.0,0.0,0.0,0.0,0.0,0.0,0.0,0.0,0.0,0.0,0.0,1.0,0.0,1.0,0.0,0.0,0.0,0.0,0.0,0.0,0.0,0.0,0.0,0.0,0.0,-0.1891410974326167,-0.4272321114805446,-0.486684078259879,-0.40168836467971886,-0.2721132855129515,-0.33462683191989634,-0.34528453656689306,-0.29817586418276815,0.4013283416220266,0.30050004083973125,-0.20273860326825577,-0.12306743594844094,-0.11204874765929806,-0.2985504265255358,-0.08794999545015139,-0.8261971883794814,-0.941362508405494,-0.8458145240015983,0.05378078969078618,-0.12536638748128673,-0.664727757578983,-0.37894499455701275,-0.6678467906597125,-0.8733298057579086,-0.13523517560422083,-0.19466400788931726,0.3262135145607515,-0.20039024911350126
2917,train,1,0.0,0.0,0.0,0.0,0.0,0.0,0.0,0.0,0.0,0.0,0.0,0.0,0.0,0.0,1.0,0.0,1.0,0.0,1.0,0.0,0.0,0.0,0.0,0.0,0.0,0.0,0.0,0.0,0.0,0.0,-0.1809499475438026,-0.41420967480286736,-0.4039665843861254,-0.04670417380985378,-0.2721132855129515,-0.33462683191989634,-0.34528453656689306,0.6957436830931255,-1.3709610502124707,1.1938964631138265,-0.17902648592693932,-0.12306743594844094,-0.11204874765929806,-0.2985504265255358,-0.08794999545015139,-0.4231741696577831,0.7561764411781836,-0.2823371427842802,0.11418296066923807,0.15929590534268076,-0.664727757578983,-0.37894499455701275,0.31432092060604333,0.029853823354768338,-0.13523517560422083,-0.19466400788931726,0.25350128233849684,-0.18437914231032265
2928,train,1,0.0,0.0,0.0,0.0,0.0,0.0,0.0,0.0,0.0,0.0,0.0,0.0,0.0,0.0,1.0,0.0,1.0,0.0,1.0,0.0,0.0,1.0,0.0,0.0,0.0,0.0,1.0,0.0,0.0,0.0,-0.1536461145810889,-0.42275564887259304,-0.4331609939886267,-0.22957481759129944,-0.07421271423080496,-0.33462683191989634,-0.34528453656689306,0.6957436830931255,1.0457972113800256,-0.3329992404091728,-0.18199050059460387,-0.12306743594844094,-0.11204874765929806,-0.015442263440975964,-0.08794999545015139,-0.02015115093608484,-0.941362508405494,0.3932597544207121,0.07555118195014734,0.07518969747436254,0.3689847723091936,-0.37894499455701275,0.2500241274697851,0.32092144127555666,-0.13523517560422083,0.13476739007721963,2.1440193201171183,-0.17127914583499473
2934,train,1,0.0,0.0,0.0,0.0,0.0,0.0,0.0,0.0,0.0,0.0,0.0,0.0,0.0,0.0,1.0,0.0,1.0,1.0,1.0,0.0,0.0,1.0,0.0,0.0,0.0,0.0,1.0,0.0,0.0,0.0,-0.16456764776617439,-0.23962763309275759,-0.2190686569036174,-0.3479028812145878,-0.07421271423080496,-0.33462683191989634,-0.34528453656689306,0.19878390945517868,-0.24314052813597248,-1.5999978029069803,-0.20273860326825577,-0.12306743594844094,-0.11204874765929806,-0.015442263440975964,-0.08794999545015139,-0.02015115093608484,-0.941362508405494,0.2025284933777978,0.5436192895517542,0.5079359558725253,0.3689847723091936,-0.37894499455701275,-0.6678467906597125,-0.06052679181535508,-0.13523517560422083,0.13476739007721963,1.8531703912280995,-0.1872902526381733
2940,train,0,0.0,0.0,0.0,0.0,1.0,0.0,1.0,0.0,0.0,0.0,0.0,0.0,0.0,0.0,1.0,0.0,1.0,1.0,0.0,1.0,0.0,0.0,0.0,0.0,0.0,0.0,0.0,0.0,0.0,0.0,-0.1891410974326167,-0.28317140573374067,-0.1752770424998655,-0.40168836467971886,-0.2721132855129515,1.7103149187016917,-0.34528453656689306,1.1927034567310724,0.5624455590615264,0.30050004083973125,-0.20273860326825577,-0.41109760518947297,-0.11204874765929806,-0.2985504265255358,-0.08794999545015139,-0.4231741696577831,-0.941362508405494,-0.8458145240015983,0.47089878259731716,0.5652858595946921,-0.664727757578983,2.1750374906940113,-0.6678467906597125,-0.8733298057579086,-0.13523517560422083,-0.19466400788931726,-1.346167826551106,-0.20039024911350126
2963,train,0,0.0,0.0,0.0,0.0,0.0,0.0,0.0,0.0,0.0,0.0,0.0,0.0,0.0,0.0,1.0,0.0,1.0,1.0,0.0,0.0,0.0,1.0,0.0,0.0,0.0,0.0,1.0,0.0,0.0,0.0,-0.14545496469227479,-0.3214248134744174,-0.23366586170486806,-0.12738239900755038,-0.17316299987187822,-0.33462683191989634,-0.34528453656689306,-0.29817586418276815,0.24021112418252683,-1.1374427721538127,-0.1938465592652621,-0.41109760518947297,-0.11204874765929806,-0.15699634498325588,-0.08794999545015139,-0.4231741696577831,-0.941362508405494,0.5053792704083863,0.3944282839260502,0.48735670935068864,-0.060044691068802135,-0.37894499455701275,-0.10867568873271452,0.2948587755056079,-0.13523517560422083,0.13476739007721963,2.0713070878948634,-0.17273470099892005
2969,train,0,0.0,0.0,0.0,1.0,0.0,0.0,1.0,0.0,1.0,0.0,1.0,0.0,0.0,0.0,1.0,0.0,1.0,0.0,1.0,0.0,0.0,0.0,0.0,0.0,0.0,0.0,0.0,0.0,0.0,0.0,-0.14545496469227479,-0.4459518642047055,-0.4769526083923786,-0.3818291092464397,0.9152901421799278,-0.33462683191989634,-0.34528453656689306,1.1927034567310724,-0.24314052813597248,0.30050004083973125,-0.15531436858562286,3.333294594943943,-0.11204874765929806,1.4000985519818232,-0.08794999545015139,0.38287186778561344,-0.941362508405494,0.5053792704083863,-0.052142417545529236,-0.08281855410549671,2.2372702011952077,-0.37894499455701275,0.6730207368085424,0.5670873932246612,-0.13523517560422083,-0.19466400788931726,0.5443502112275155,-0.15381248386789081
2986,train,1,0.0,0.0,0.0,0.0,1.0,0.0,0.0,0.0,0.0,0.0,0.0,0.0,0.0,0.0,1.0,0.0,1.0,0.0,1.0,1.0,0.0,1.0,0.0,0.0,0.0,0.0,1.0,0.0,0.0,0.0,-0.11269036513701834,-0.48949563684568864,-0.5888645118686334,-0.1220038506610373,-0.07421271423080496,0.6878440433908977,-0.34528453656689306,0.19878390945517868,1.0457972113800256,-1.5867999012142948,-0.19681057393292667,-0.12306743594844094,-0.11204874765929806,-0.015442263440975964,-0.08794999545015139,0.38287186778561344,-0.941362508405494,0.8195139382878992,-0.5208822273146553,-1.2307229502670975,0.3689847723091936,1.11503898681346,-0.2448501813209548,0.532588417320372,-0.13523517560422083,0.13476739007721963,1.1987603012278074,-0.15672359419574147
2993,train,0,0.0,0.0,0.0,0.0,0.0,0.0,0.0,1.0,0.0,0.0,0.0,0.0,0.0,0.0,1.0,0.0,1.0,0.0,1.0,0.0,0.0,0.0,0.0,0.0,0.0,0.0,0.0,0.0,0.0,0.0,-0.1809499475438026,-0.4093262610487384,-0.4672211385248782,1.4377751698277637,-0.2721132855129515,-0.33462683191989634,-0.34528453656689306,-1.2920954114586618,1.0457972113800256,2.308370644120155,-0.042681811214369654,-0.12306743594844094,-0.11204874765929806,-0.2985504265255358,-0.08794999545015139,-0.4231741696577831,0.7561764411781836,-0.2823371427842802,0.13474246709785032,-0.04342541333526359,-0.664727757578983,-0.37894499455701275,1.3656480412586425,0.8831082850258145,-0.13523517560422083,-0.19466400788931726,2.7984294101174103,-0.11742360476975768
3011,train,1,0.0,0.0,0.0,0.0,0.0,0.0,1.0,0.0,0.0,0.0,0.0,0.0,0.0,0.0,1.0,0.0,1.0,0.0,0.0,0.0,0.0,0.0,0.0,0.0,0.0,0.0,0.0,0.0,0.0,0.0,-0.18368033084007396,-0.4996694155001239,-0.579133042001133,-0.2726032043634043,-0.2721132855129515,-0.33462683191989634,-0.34528453656689306,1.1927034567310724,-2.0154299199704697,0.30050004083973125,-0.19681057393292667,-0.41109760518947297,-0.11204874765929806,-0.2985504265255358,-0.08794999545015139,-0.4231741696577831,-0.941362508405494,-0.4195603401344113,-0.8001643228528031,-0.9591863649141107,-0.664727757578983,-0.37894499455701275,-0.2448501813209548,-0.37654768361650864,-0.13523517560422083,-0.19466400788931726,-0.03734764655052185,-0.19456802845779994
3031,train,1,0.0,0.0,0.0,0.0,0.0,0.0,0.0,0.0,0.0,0.0,0.0,0.0,0.0,0.0,1.0,0.0,1.0,0.0,1.0,0.0,0.0,0.0,0.0,0.0,0.0,0.0,0.0,0.0,0.0,0.0,-0.18641071413634533,-0.48990258799186603,-0.5645358371998824,-0.40168836467971886,-0.17316299987187822,-0.33462683191989634,-0.34528453656689306,0.6957436830931255,0.5624455590615264,0.30050004083973125,-0.19977458860059122,0.16496273329259106,-0.11204874765929806,-0.15699634498325588,-0.08794999545015139,-0.4231741696577831,-0.941362508405494,-0.596471810663793,-0.5290910449119973,-0.7093492881284668,-0.060044691068802135,-0.37894499455701275,-0.42040963626434275,-0.57382587770278,-0.13523517560422083,-0.19466400788931726,0.9079113723387888,-0.1974791387856506
3049,train,1,0.0,0.0,0.0,0.0,0.0,0.0,0.0,0.0,0.0,0.0,0.0,0.0,0.0,0.0,1.0,0.0,0.0,0.0,0.0,0.0,0.0,0.0,0.0,0.0,0.0,0.0,0.0,0.0,0.0,0.0,-0.1891410974326167,-0.5098431941545593,-0.5985959817361338,-0.40168836467971886,-0.2721132855129515,-0.33462683191989634,-0.34528453656689306,0.19878390945517868,-0.8876093978939715,0.30050004083973125,-0.20273860326825577,-0.41109760518947297,-0.11204874765929806,-0.2985504265255358,-0.08794999545015139,-0.4231741696577831,0.7561764411781836,-0.8458145240015983,-2.1507487576923867,-1.8147058509142775,-0.664727757578983,-0.37894499455701275,-0.6678467906597125,-0.8733298057579086,-0.13523517560422083,-0.19466400788931726,1.9985948556726087,-0.20039024911350126
3056,train,1,0.0,0.0,0.0,0.0,0.0,0.0,0.0,0.0,0.0,0.0,0.0,0.0,0.0,0.0,0.0,0.0,1.0,1.0,0.0,0.0,0.0,0.0,0.0,0.0,0.0,0.0,0.0,0.0,0.0,0.0,-0.16729803106244573,-0.33526115244444943,-0.3455777651811229,0.0823809865064608,-0.2721132855129515,-0.33462683191989634,-0.34528453656689306,-1.2920954114586618,-0.8876093978939715,0.1638629409625164,-0.18199050059460387,-0.41109760518947297,-0.11204874765929806,-0.2985504265255358,-0.08794999545015139,-0.8261971883794814,0.7561764411781836,0.14391704108290698,0.3628826904528682,0.2957589709412279,-0.664727757578983,-0.37894499455701275,0.2500241274697851,0.17720284999940925,-0.13523517560422083,-0.19466400788931726,-0.5463332721063046,-0.17855692165462136
3059,train,0,1.0,0.0,0.0,0.0,0.0,0.0,0.0,0.0,0.0,0.0,1.0,0.0,0.0,0.0,1.0,0.0,1.0,0.0,1.0,0.0,0.0,1.0,0.0,0.0,0.0,0.0,1.0,0.0,0.0,0.0,-0.022587716360063133,-0.42641820918818973,-0.4672211385248782,0.07431316398669113,0.024737571410268316,-0.33462683191989634,-0.34528453656689306,0.6957436830931255,-2.0154299199704697,-1.6756395081307305,-0.19088254459759754,-0.12306743594844094,-0.11204874765929806,0.12611181810130395,-0.08794999545015139,0.38287186778561344,-0.941362508405494,1.2757718676683938,0.05782503389012588,-0.04342541333526359,0.7017658777172902,-0.37894499455701275,0.0025869730744149306,0.9564931177718384,-0.13523517560422083,0.13476739007721963,1.1987603012278074,-0.10577916345835507
3063,train,0,0.0,0.0,0.0,0.0,0.0,0.0,1.0,0.0,0.0,0.0,0.0,0.0,0.0,0.0,1.0,0.0,1.0,0.0,0.0,0.0,0.0,1.0,0.0,0.0,0.0,0.0,1.0,0.0,0.0,0.0,-0.15910688117363164,-0.3995594335404805,-0.4039665843861254,-0.09511110892847174,-0.17316299987187822,-0.33462683191989634,-0.34528453656689306,1.1927034567310724,1.0457972113800256,0.199507401800051,-0.1730984565916102,-0.41109760518947297,-0.11204874765929806,-0.15699634498325588,-0.08794999545015139,-0.4231741696577831,-0.941362508405494,0.3052592041371696,0.17303414044377358,0.15929590534268076,-0.060044691068802135,-0.37894499455701275,0.4255835824131728,0.3458747151559218,-0.13523517560422083,0.13476739007721963,0.5443502112275155,-0.1698235906710694
3065,train,0,0.0,0.0,0.0,0.0,0.0,0.0,1.0,0.0,0.0,0.0,0.0,0.0,0.0,0.0,0.0,0.0,1.0,0.0,1.0,0.0,0.0,0.0,0.0,0.0,0.0,0.0,0.0,0.0,0.0,0.0,-0.18368033084007396,-0.42275564887259304,-0.4477581987898773,-0.2726032043634043,-0.2721132855129515,-0.33462683191989634,-0.34528453656689306,1.689663230369019,0.7235627765010261,0.30050004083973125,-0.19681057393292667,-0.12306743594844094,-0.11204874765929806,-0.2985504265255358,-0.08794999545015139,-0.8261971883794814,0.7561764411781836,-0.4195603401344113,0.07555118195014734,0.027555087062073578,-0.664727757578983,-0.37894499455701275,-0.2448501813209548,-0.37654768361650864,-0.13523517560422083,-0.19466400788931726,0.03536458567173282,-0.19456802845779994
3067,train,0,0.0,0.0,0.0,0.0,0.0,0.0,1.0,0.0,0.0,0.0,0.0,0.0,0.0,0.0,0.0,0.0,1.0,0.0,1.0,0.0,0.0,0.0,0.0,0.0,0.0,0.0,0.0,0.0,0.0,0.0,-0.1809499475438026,-0.5049597804004303,-0.5888645118686334,-0.3694170746006402,-0.17316299987187822,-0.33462683191989634,-0.34528453656689306,1.689663230369019,1.5291488636985249,-0.47377685846448464,-0.19977458860059122,0.16496273329259106,-0.11204874765929806,-0.15699634498325588,-0.08794999545015139,-0.8261971883794814,0.7561764411781836,-0.2823371427842802,-1.0874958313555239,-1.2307229502670975,-0.060044691068802135,-0.37894499455701275,-0.42040963626434275,-0.37654768361650864,-0.13523517560422083,-0.19466400788931726,0.6897746756720248,-0.19456802845779994
3069,train,1,0.0,0.0,0.0,0.0,0.0,0.0,0.0,0.0,0.0,0.0,0.0,0.0,0.0,0.0,1.0,0.0,1.0,1.0,1.0,0.0,0.0,0.0,0.0,0.0,0.0,0.0,0.0,0.0,0.0,0.0,-0.16729803106244573,-0.33607505473680427,-0.2871889459761204,-0.30487449444248294,-0.17316299987187822,-0.33462683191989634,-0.34528453656689306,-0.795135637820715,-0.8876093978939715,-1.557764517490387,-0.20273860326825577,-0.12306743594844094,-0.11204874765929806,-0.15699634498325588,-0.08794999545015139,-0.4231741696577831,-0.941362508405494,0.14391704108290698,0.3609501380369872,0.40424874429939966,-0.060044691068802135,-0.37894499455701275,-0.6678467906597125,-0.11154273146566895,-0.13523517560422083,-0.19466400788931726,-0.5463332721063046,-0.18874580780209865
3082,train,0,0.0,0.0,0.0,0.0,0.0,0.0,0.0,0.0,0.0,0.0,0.0,0.0,0.0,0.0,0.0,0.0,1.0,1.0,0.0,0.0,0.0,0.0,0.0,0.0,0.0,0.0,0.0,0.0,0.0,0.0,-0.17548918095125984,0.11848937554336508,0.3307593906101564,-0.07897546388893242,-0.2721132855129515,-0.33462683191989634,-0.34528453656689306,0.6957436830931255,-0.8876093978939715,0.30050004083973125,-0.187918529929933,-0.41109760518947297,-0.11204874765929806,-0.2985504265255358,-0.08794999545015139,-0.8261971883794814,-0.941362508405494,-0.07542192674159108,0.8930662937786934,0.9799901753045238,-0.664727757578983,-0.37894499455701275,0.09665821324236852,-0.013596676635043348,-0.13523517560422083,-0.19466400788931726,1.7077459267835902,-0.185834697474248
3101,train,0,0.0,0.0,0.0,0.0,0.0,0.0,1.0,0.0,0.0,0.0,0.0,0.0,0.0,0.0,0.0,0.0,1.0,0.0,1.0,0.0,0.0,0.0,0.0,0.0,0.0,0.0,0.0,0.0,0.0,0.0,-0.1809499475438026,-0.4549047894206086,-0.4964155481273794,-0.20806062420524699,-0.2721132855129515,-0.33462683191989634,-0.34528453656689306,1.1927034567310724,-2.17654713740997,0.30050004083973125,-0.1938465592652621,-0.12306743594844094,-0.11204874765929806,-0.2985504265255358,-0.08794999545015139,-0.8261971883794814,-0.941362508405494,-0.2823371427842802,-0.11429736805894725,-0.17161851559584843,-0.664727757578983,-0.37894499455701275,-0.10867568873271452,-0.22919865697186706,-0.13523517560422083,-0.19466400788931726,0.10807681789398749,-0.19165691812994928
3104,train,1,0.0,0.0,0.0,0.0,1.0,0.0,1.0,1.0,0.0,1.0,1.0,0.0,0.0,0.0,1.0,0.0,1.0,0.0,1.0,1.0,0.0,1.0,0.0,0.0,0.0,0.0,1.0,0.0,0.0,0.0,-0.04989154932277683,-0.4528700336897215,-0.5207442227961305,0.037201180395750676,0.12368785705134158,0.6878440433908977,-0.34528453656689306,1.689663230369019,1.3680316462590252,-0.47377685846448464,-0.12863823657664183,-0.12306743594844094,0.27923259337317136,0.12611181810130395,-0.08794999545015139,1.5919409239507083,-0.941362508405494,1.1694813507472184,-0.09933069757500121,-0.3086712253412112,0.9736678388193742,1.11503898681346,0.9204578912039122,1.0444050411317474,-0.13523517560422083,0.7936301860102934,2.1440193201171183,-0.08976805665517648
3113,train,0,0.0,0.0,0.0,0.0,0.0,0.0,0.0,0.0,0.0,0.0,0.0,0.0,0.0,0.0,0.0,0.0,1.0,0.0,1.0,0.0,0.0,0.0,0.0,0.0,0.0,0.0,0.0,0.0,0.0,0.0,-0.1809499475438026,-0.47972880933743073,-0.5450728974648815,-0.20806062420524699,-0.2721132855129515,-0.33462683191989634,-0.34528453656689306,-0.29817586418276815,-1.85431270253097,0.30050004083973125,-0.1938465592652621,-0.12306743594844094,-0.11204874765929806,-0.2985504265255358,-0.08794999545015139,-0.8261971883794814,-0.941362508405494,-0.2823371427842802,-0.3610128871622637,-0.493818575076557,-0.664727757578983,-0.37894499455701275,-0.10867568873271452,-0.22919865697186706,-0.13523517560422083,-0.19466400788931726,1.3441847656723167,-0.19165691812994928
3129,train,1,0.0,0.0,0.0,0.0,0.0,0.0,1.0,0.0,0.0,0.0,0.0,0.0,0.0,0.0,1.0,0.0,1.0,0.0,1.0,0.0,0.0,0.0,0.0,0.0,0.0,0.0,0.0,0.0,0.0,0.0,-0.1809499475438026,-0.4679272260982858,-0.5061470179948798,-0.20806062420524699,-0.2721132855129515,-0.33462683191989634,-0.34528453656689306,1.1927034567310724,1.5291488636985249,0.30050004083973125,-0.1938465592652621,-0.12306743594844094,-0.11204874765929806,-0.2985504265255358,-0.08794999545015139,-0.4231741696577831,0.7561764411781836,-0.2823371427842802,-0.2255013058473617,-0.22228198972357033,-0.664727757578983,-0.37894499455701275,-0.10867568873271452,-0.22919865697186706,-0.13523517560422083,-0.19466400788931726,0.18078905011624216,-0.19165691812994928
3137,train,1,0.0,0.0,0.0,0.0,1.0,0.0,0.0,0.0,0.0,0.0,0.0,0.0,0.0,0.0,1.0,0.0,1.0,1.0,1.0,1.0,0.0,0.0,0.0,0.0,0.0,0.0,0.0,0.0,0.0,0.0,-0.18368033084007396,-0.293345184388176,-0.18500851236736593,-0.30487449444248294,-0.2721132855129515,0.6878440433908977,-0.34528453656689306,-0.29817586418276815,-0.8876093978939715,-0.16406609874279812,-0.19977458860059122,-0.12306743594844094,-0.11204874765929806,-0.2985504265255358,-0.08794999545015139,-0.02015115093608484,0.7561764411781836,-0.4195603401344113,0.4518976680131656,0.5530654560220928,-0.664727757578983,1.11503898681346,-0.42040963626434275,-0.46692829878663195,-0.13523517560422083,-0.19466400788931726,0.7624869078942795,-0.19602358362172526
3159,train,1,0.0,0.0,0.0,0.0,1.0,0.0,0.0,0.0,0.0,0.0,0.0,0.0,0.0,0.0,1.0,0.0,0.0,0.0,1.0,1.0,0.0,0.0,0.0,0.0,0.0,0.0,0.0,0.0,0.0,0.0,-0.15091573128481753,-0.5098431941545593,-0.5985959817361338,0.11465227658553943,-0.2721132855129515,0.6878440433908977,-0.34528453656689306,-0.795135637820715,0.5624455590615264,-1.2480537577687005,-0.19681057393292667,-0.12306743594844094,-0.11204874765929806,-0.2985504265255358,-0.08794999545015139,-0.02015115093608484,0.7561764411781836,0.43294802759996287,-2.1507487576923867,-1.8147058509142775,-0.664727757578983,1.11503898681346,-0.2448501813209548,0.20890318842427175,-0.13523517560422083,-0.19466400788931726,-0.9826066654398325,-0.17710136649069602
3173,train,0,0.0,0.0,0.0,0.0,0.0,0.0,0.0,0.0,0.0,0.0,0.0,0.0,0.0,0.0,0.0,0.0,1.0,0.0,1.0,0.0,0.0,0.0,0.0,0.0,0.0,0.0,0.0,0.0,0.0,0.0,-0.1891410974326167,-0.47769405360654366,-0.5304756926636309,-0.4339596547587975,-0.2721132855129515,-0.33462683191989634,-0.34528453656689306,-1.2920954114586618,-0.0820233106964727,-2.0223306570729163,-0.20570261793592035,-0.12306743594844094,-0.11204874765929806,-0.2985504265255358,-0.08794999545015139,-0.8261971883794814,-0.941362508405494,-0.8458145240015983,-0.33425962154266947,-0.37520346426693063,-0.664727757578983,-0.37894499455701275,-1.0908433999984704,-1.1110594475726732,-0.13523517560422083,-0.19466400788931726,0.10807681789398749,-0.20184580427742657
3183,train,0,1.0,0.0,0.0,1.0,1.0,1.0,0.0,1.0,0.0,1.0,1.0,0.0,0.0,0.0,1.0,1.0,1.0,0.0,0.0,1.0,1.0,1.0,0.0,0.0,1.0,0.0,1.0,0.0,1.0,0.0,10.178124278509774,-0.48298441850685003,-0.579133042001133,3.138720397688125,6.060704995515738,0.6878440433908977,4.587351700103008,-1.2920954114586618,0.8846799939405259,0.1933318430982718,10.058680176186444,-0.41109760518947297,0.27923259337317136,8.6193567106381,-0.08794999545015139,3.2040329988375014,-0.941362508405494,3.796691997764671,-0.40777019988610697,-0.9591863649141107,4.549725649296084,1.11503898681346,3.8828451516792026,3.6951062277923263,4.823387929883876,11.006003522972936,-1.5643045232178698,10.365484685820439
3199,train,0,0.0,0.0,0.0,1.0,0.0,0.0,0.0,0.0,1.0,0.0,1.0,0.0,0.0,0.0,1.0,0.0,1.0,0.0,1.0,0.0,0.0,0.0,0.0,0.0,0.0,0.0,0.0,0.0,0.0,0.0,-0.1536461145810889,-0.3840952899857389,-0.3747721747836242,-0.3658313757029648,0.5194889996156347,-0.33462683191989634,-0.34528453656689306,-0.795135637820715,1.0457972113800256,0.30050004083973125,-0.1642064125886165,2.181173917979815,-0.11204874765929806,0.8338822258127034,-0.08794999545015139,0.38287186778561344,0.7561764411781836,0.3932597544207121,0.2272425522312428,0.23189456267864736,1.7354784076054668,-0.37894499455701275,0.561758075001413,0.4568298427137183,-0.13523517560422083,-0.19466400788931726,-0.3281965754395405,-0.16254581485144276
3230,train,0,0.0,0.0,0.0,0.0,0.0,1.0,0.0,0.0,0.0,0.0,0.0,0.0,0.0,0.0,1.0,1.0,0.0,0.0,0.0,0.0,0.0,0.0,0.0,0.0,0.0,0.0,0.0,0.0,0.0,0.0,-0.18368033084007396,-0.5098431941545593,-0.5985959817361338,-0.3694170746006402,-0.2721132855129515,-0.33462683191989634,0.6412427107670872,0.6957436830931255,-0.24314052813597248,-2.0223306570729163,-0.20570261793592035,-0.41109760518947297,-0.11204874765929806,-0.2985504265255358,-0.08794999545015139,-0.4231741696577831,-0.941362508405494,-0.4195603401344113,-2.1507487576923867,-1.8147058509142775,-0.664727757578983,-0.37894499455701275,-1.0908433999984704,-0.7046579406013964,-0.13523517560422083,-0.19466400788931726,1.4168969978945716,-0.1989346939495759
3236,train,0,0.0,0.0,0.0,0.0,0.0,0.0,0.0,0.0,0.0,0.0,0.0,0.0,0.0,0.0,1.0,0.0,1.0,0.0,0.0,0.0,0.0,1.0,0.0,0.0,0.0,0.0,1.0,0.0,0.0,0.0,-0.15910688117363164,-0.46752027495210835,-0.51101275292863,-0.2726032043634043,-0.17316299987187822,-0.33462683191989634,-0.34528453656689306,0.6957436830931255,0.24021112418252683,-2.0223306570729163,-0.20570261793592035,-0.41109760518947297,-0.11204874765929806,-0.15699634498325588,-0.08794999545015139,-0.4231741696577831,0.7561764411781836,0.3052592041371696,-0.2215344646437486,-0.2495476658398519,-0.060044691068802135,-0.37894499455701275,-1.0908433999984704,-0.013596676635043348,-0.13523517560422083,0.13476739007721963,0.6170624434497701,-0.185834697474248
3244,train,0,0.0,0.0,0.0,0.0,0.0,0.0,0.0,0.0,0.0,0.0,0.0,0.0,0.0,0.0,0.0,0.0,1.0,0.0,1.0,0.0,0.0,0.0,0.0,0.0,0.0,0.0,0.0,0.0,0.0,0.0,-0.17275879765498847,-0.47932185819125334,-0.5402071625311313,-0.3371457845215616,-0.17316299987187822,-0.33462683191989634,-0.34528453656689306,0.6957436830931255,0.8846799939405259,-1.4416229825947544,-0.20273860326825577,-0.12306743594844094,-0.11204874765929806,-0.15699634498325588,-0.08794999545015139,-0.8261971883794814,0.7561764411781836,0.006693843732775998,-0.35552232023898817,-0.451270741700767,-0.060044691068802135,-0.37894499455701275,-0.6678467906597125,-0.22919865697186706,-0.13523517560422083,-0.19466400788931726,2.5075804812283913,-0.19165691812994928
3260,train,0,0.0,0.0,0.0,0.0,1.0,0.0,0.0,0.0,0.0,0.0,0.0,0.0,0.0,0.0,1.0,0.0,1.0,1.0,1.0,1.0,0.0,0.0,0.0,0.0,0.0,0.0,0.0,0.0,0.0,0.0,-0.12088151502583246,-0.2099201994218065,-0.004976319818608139,0.37282259721816857,-0.2721132855129515,0.6878440433908977,-0.34528453656689306,-0.29817586418276815,-0.0820233106964727,-2.0223306570729163,-0.20570261793592035,-0.12306743594844094,-0.11204874765929806,-0.2985504265255358,-0.08794999545015139,-0.4231741696577831,0.7561764411781836,0.7547219837461917,0.5867955826839325,0.7432788059898605,-0.664727757578983,1.11503898681346,-1.0908433999984704,0.41493249181417385,-0.13523517560422083,-0.19466400788931726,0.6897746756720248,-0.16545692517929342
3274,train,0,0.0,0.0,0.0,0.0,0.0,0.0,1.0,0.0,0.0,0.0,0.0,0.0,0.0,0.0,0.0,0.0,0.0,0.0,0.0,0.0,0.0,0.0,0.0,0.0,0.0,1.0,0.0,0.0,0.0,0.0,-0.1891410974326167,-0.5098431941545593,-0.5985959817361338,-0.40168836467971886,-0.2721132855129515,-0.33462683191989634,-0.34528453656689306,1.689663230369019,-0.7264921804544717,0.30050004083973125,-0.20273860326825577,-0.41109760518947297,-0.11204874765929806,-0.2985504265255358,-0.08794999545015139,-0.8261971883794814,0.7561764411781836,-0.8458145240015983,-2.1507487576923867,-1.8147058509142775,-0.664727757578983,-0.37894499455701275,-0.6678467906597125,-0.8733298057579086,-0.13523517560422083,-0.19466400788931726,-2.218714613218162,-0.20039024911350126
3278,train,0,1.0,0.0,0.0,0.0,0.0,0.0,0.0,1.0,0.0,0.0,1.0,0.0,0.0,0.0,1.0,0.0,1.0,0.0,1.0,0.0,0.0,1.0,0.0,0.0,0.0,0.0,1.0,0.0,0.0,0.0,-0.03623963284141998,-0.42316260001877043,-0.4380267289223769,-0.025189980423801373,0.22263814269241486,-0.33462683191989634,-0.34528453656689306,-1.2920954114586618,0.07909390674302706,-0.605970475418863,-0.13160225124430638,0.16496273329259106,-0.11204874765929806,0.4092199811858638,-0.08794999545015139,0.7858948865073117,-0.941362508405494,1.2249202003188102,0.07361862953426637,0.059780962254059065,1.2035576713070304,-0.37894499455701275,0.897426663176438,1.073364677356752,-0.13523517560422083,0.7936301860102934,0.5443502112275155,-0.08394583599947518
3282,train,0,0.0,0.0,0.0,1.0,0.0,0.0,0.0,1.0,1.0,0.0,1.0,0.0,0.0,0.0,1.0,0.0,1.0,1.0,1.0,0.0,0.0,1.0,0.0,0.0,0.0,0.0,1.0,0.0,0.0,0.0,-0.08265614887803327,-0.16759728021935563,0.03881529458514376,-0.20402671294536218,0.4205387139745614,-0.33462683191989634,-0.34528453656689306,-1.2920954114586618,1.3680316462590252,-0.235537812524726,-0.13160225124430638,0.7410230717746551,-0.11204874765929806,0.6923281442704236,-0.08794999545015139,1.18891790522901,0.7561764411781836,1.011610249385708,0.6414458680886048,0.7808165726466015,1.578350905329556,-0.37894499455701275,0.897426663176438,0.9389899242916488,-0.13523517560422083,0.4641987880437565,-0.5463332721063046,-0.10869027378620572
3290,train,0,0.0,0.0,0.0,0.0,1.0,0.0,1.0,0.0,0.0,0.0,0.0,0.0,0.0,0.0,1.0,0.0,1.0,0.0,1.0,1.0,0.0,0.0,0.0,0.0,0.0,0.0,0.0,1.0,0.0,0.0,-0.1700284143587171,-0.46019515432091496,-0.4915498131936292,0.11465227658553943,-0.2721132855129515,0.6878440433908977,-0.34528453656689306,1.689663230369019,0.8846799939405259,0.5585923406078033,-0.17606247125927477,-0.12306743594844094,-0.11204874765929806,-0.2985504265255358,-0.08794999545015139,-0.02015115093608484,-0.941362508405494,0.07912508654119967,-0.1559455920712429,-0.14798955248233153,-0.664727757578983,1.11503898681346,0.3724844449243971,0.20890318842427175,-0.13523517560422083,-0.19466400788931726,2.9438538745619196,-0.17710136649069602
3299,train,0,0.0,0.0,0.0,0.0,0.0,0.0,0.0,0.0,0.0,0.0,0.0,0.0,0.0,0.0,0.0,0.0,1.0,0.0,1.0,0.0,0.0,0.0,0.0,0.0,0.0,0.0,0.0,0.0,0.0,0.0,-0.15910688117363164,-0.4837983207992049,-0.5548043673323819,-0.3156315911355091,-0.07421271423080496,-0.33462683191989634,-0.34528453656689306,-0.29817586418276815,0.7235627765010261,-1.3586647433835886,-0.19977458860059122,-0.12306743594844094,-0.11204874765929806,-0.015442263440975964,-0.08794999545015139,-0.8261971883794814,2.453715390761861,0.3052592041371696,-0.4203327292166897,-0.5907341773188404,0.3689847723091936,-0.37894499455701275,-0.42040963626434275,0.07030527108326114,-0.13523517560422083,-0.19466400788931726,-0.9098944332175778,-0.18292358714639734
3308,train,0,0.0,0.0,0.0,0.0,0.0,0.0,1.0,0.0,0.0,0.0,0.0,0.0,0.0,0.0,0.0,0.0,1.0,1.0,1.0,0.0,0.0,0.0,0.0,0.0,0.0,0.0,0.0,0.0,0.0,0.0,-0.1891410974326167,-0.25875433696309597,-0.15581410276486468,-0.40168836467971886,-0.2721132855129515,-0.33462683191989634,-0.34528453656689306,1.689663230369019,-0.0820233106964727,0.30050004083973125,-0.20273860326825577,-0.12306743594844094,-0.11204874765929806,-0.2985504265255358,-0.08794999545015139,-0.8261971883794814,-0.941362508405494,-0.8458145240015983,0.5132347001425801,0.588914822708209,-0.664727757578983,-0.37894499455701275,-0.6678467906597125,-0.8733298057579086,-0.13523517560422083,-0.19466400788931726,2.580292713450646,-0.20039024911350126
3321,train,0,0.0,0.0,0.0,0.0,0.0,0.0,0.0,0.0,0.0,0.0,0.0,0.0,0.0,0.0,0.0,0.0,1.0,0.0,1.0,0.0,0.0,0.0,0.0,0.0,0.0,0.0,0.0,0.0,0.0,0.0,-0.18368033084007396,-0.4752523467294792,-0.5402071625311313,-0.3371457845215616,-0.2721132855129515,-0.33462683191989634,-0.34528453656689306,0.19878390945517868,0.07909390674302706,-0.8609153081165924,-0.20273860326825577,-0.12306743594844094,-0.11204874765929806,-0.2985504265255358,-0.08794999545015139,-0.8261971883794814,-0.941362508405494,-0.4195603401344113,-0.3042804116859663,-0.451270741700767,-0.664727757578983,-0.37894499455701275,-0.6678467906597125,-0.57382587770278,-0.13523517560422083,-0.19466400788931726,-0.3281965754395405,-0.1974791387856506
3336,train,0,0.0,0.0,0.0,0.0,0.0,0.0,0.0,0.0,0.0,0.0,0.0,0.0,0.0,0.0,0.0,0.0,1.0,1.0,0.0,0.0,0.0,0.0,0.0,0.0,0.0,0.0,0.0,0.0,0.0,0.0,-0.1891410974326167,-0.30921627908909505,-0.2142029219698672,-0.40168836467971886,-0.2721132855129515,-0.33462683191989634,-0.34528453656689306,0.6957436830931255,-2.0154299199704697,0.30050004083973125,-0.20273860326825577,-0.41109760518947297,-0.11204874765929806,-0.2985504265255358,-0.08794999545015139,-0.8261971883794814,-0.941362508405494,-0.8458145240015983,0.4203990975951541,0.5146223854669699,-0.664727757578983,-0.37894499455701275,-0.6678467906597125,-0.8733298057579086,-0.13523517560422083,-0.19466400788931726,-0.6917577365508139,-0.20039024911350126
3344,train,1,0.0,0.0,0.0,0.0,0.0,0.0,0.0,0.0,0.0,0.0,0.0,0.0,0.0,0.0,1.0,0.0,1.0,1.0,1.0,0.0,0.0,0.0,0.0,0.0,0.0,0.0,0.0,0.0,0.0,0.0,-0.18368033084007396,-0.3136927416970466,-0.1752770424998655,-0.3371457845215616,-0.2721132855129515,-0.33462683191989634,-0.34528453656689306,-0.29817586418276815,1.3680316462590252,-0.8609153081165924,-0.20273860326825577,-0.12306743594844094,-0.11204874765929806,-0.2985504265255358,-0.08794999545015139,-0.4231741696577831,0.7561764411781836,-0.4195603401344113,0.41106431385679676,0.5652858595946921,-0.664727757578983,-0.37894499455701275,-0.6678467906597125,-0.57382587770278,-0.13523517560422083,-0.19466400788931726,-1.055318897662087,-0.1974791387856506
3369,train,1,1.0,0.0,0.0,0.0,0.0,0.0,1.0,0.0,0.0,0.0,0.0,0.0,0.0,0.0,1.0,0.0,1.0,1.0,1.0,0.0,1.0,1.0,0.0,0.0,1.0,0.0,1.0,1.0,0.0,0.0,0.007446499898921936,0.18319460778557362,0.5302545228939151,0.37282259721816857,-0.07421271423080496,-0.33462683191989634,-0.34528453656689306,1.689663230369019,-0.4042577455754722,-1.7245318496482178,-0.19088254459759754,-0.12306743594844094,-0.11204874765929806,-0.015442263440975964,-0.08794999545015139,1.18891790522901,-0.941362508405494,1.3747367687587408,0.933671550825772,1.082870737740006,0.3689847723091936,-0.37894499455701275,0.0025869730744149306,1.0444050411317474,1.5176391928918116,0.13476739007721963,3.670976196784466,-0.08976805665517648
3376,train,0,1.0,0.0,0.0,1.0,0.0,1.0,0.0,1.0,1.0,1.0,1.0,1.0,0.0,0.0,1.0,1.0,1.0,0.0,1.0,0.0,0.0,0.0,0.0,0.0,0.0,0.0,0.0,0.0,1.0,0.0,-0.014396566471249024,-0.4626368611979794,-0.486684078259879,-0.03594707711682755,1.1131907134620742,-0.33462683191989634,0.6412427107670872,-0.795135637820715,-0.0820233106964727,1.113490785109158,0.19443936219879498,3.909354933426007,1.4530766164705797,0.5507740627281437,0.943996617831625,2.8010099801158033,0.7561764411781836,1.3043795744499769,-0.17667649885061493,-0.12536638748128673,2.4364098320855465,-0.37894499455701275,1.9071293506648619,1.5919379826663025,-0.13523517560422083,-0.19466400788931726,-0.9826066654398325,0.08780967334371327
3381,train,1,0.0,0.0,0.0,0.0,0.0,0.0,1.0,0.0,0.0,0.0,0.0,0.0,0.0,0.0,0.0,0.0,1.0,1.0,1.0,0.0,0.0,0.0,0.0,0.0,0.0,0.0,0.0,0.0,0.0,0.0,-0.18641071413634533,-0.3100301813814499,-0.22393439183736763,-0.3371457845215616,-0.2721132855129515,-0.33462683191989634,-0.34528453656689306,1.1927034567310724,1.3680316462590252,0.30050004083973125,-0.19977458860059122,-0.12306743594844094,-0.11204874765929806,-0.2985504265255358,-0.08794999545015139,-0.8261971883794814,0.7561764411781836,-0.596471810663793,0.4187174249341987,0.5011643465416833,-0.664727757578983,-0.37894499455701275,-0.42040963626434275,-0.57382587770278,-0.13523517560422083,-0.19466400788931726,-0.47362103988404985,-0.1974791387856506
3382,train,0,0.0,0.0,0.0,0.0,1.0,0.0,1.0,0.0,0.0,0.0,0.0,0.0,0.0,0.0,1.0,0.0,1.0,0.0,1.0,1.0,0.0,0.0,0.0,0.0,0.0,0.0,0.0,0.0,0.0,0.0,-0.18641071413634533,-0.4728106398524147,-0.5450728974648815,-0.3371457845215616,-0.2721132855129515,2.732785794012486,-0.34528453656689306,1.689663230369019,0.5624455590615264,0.30050004083973125,-0.19977458860059122,-0.12306743594844094,-0.11204874765929806,-0.2985504265255358,-0.08794999545015139,-0.4231741696577831,-0.941362508405494,-0.596471810663793,-0.2763238600475654,-0.493818575076557,-0.664727757578983,2.997236206546565,-0.42040963626434275,-0.57382587770278,-0.13523517560422083,-0.19466400788931726,1.1987603012278074,-0.1974791387856506
3395,train,0,0.0,0.0,0.0,0.0,0.0,0.0,0.0,0.0,0.0,0.0,0.0,0.0,0.0,0.0,0.0,0.0,1.0,0.0,1.0,0.0,0.0,0.0,0.0,0.0,0.0,0.0,0.0,0.0,0.0,0.0,-0.1891410974326167,-0.49844856206159166,-0.579133042001133,-0.40168836467971886,-0.2721132855129515,-0.33462683191989634,-0.34528453656689306,-1.2920954114586618,1.0457972113800256,0.30050004083973125,-0.20273860326825577,-0.12306743594844094,-0.11204874765929806,-0.2985504265255358,-0.08794999545015139,-0.8261971883794814,-0.941362508405494,-0.8458145240015983,-0.7548977500848328,-0.9591863649141107,-0.664727757578983,-0.37894499455701275,-0.6678467906597125,-0.8733298057579086,-0.13523517560422083,-0.19466400788931726,-1.2734555943288512,-0.20039024911350126
3401,train,1,0.0,0.0,0.0,0.0,1.0,1.0,0.0,1.0,0.0,0.0,1.0,0.0,0.0,0.0,1.0,1.0,1.0,0.0,1.0,1.0,0.0,0.0,0.0,0.0,0.0,0.0,0.0,0.0,0.0,0.0,-0.0990384486556615,-0.3637477326768683,-0.4282952590548765,0.07431316398669113,0.024737571410268316,0.6878440433908977,2.6142972054350477,0.6957436830931255,1.5291488636985249,0.26583092594551255,-0.10789013390298992,-0.12306743594844094,-0.11204874765929806,0.12611181810130395,-0.08794999545015139,1.18891790522901,-0.941362508405494,0.914309638342914,0.2892282024595189,0.09016432557062297,0.7017658777172902,1.11503898681346,1.0611361319873462,0.9564931177718384,-0.13523517560422083,-0.19466400788931726,-0.6190455043285592,-0.10577916345835507
3408,train,0,0.0,0.0,0.0,0.0,0.0,0.0,0.0,0.0,0.0,0.0,0.0,0.0,0.0,0.0,0.0,0.0,1.0,1.0,1.0,0.0,0.0,0.0,0.0,0.0,0.0,0.0,0.0,0.0,0.0,0.0,-0.1891410974326167,-0.30962323023527244,-0.2969204158436208,-0.4339596547587975,-0.2721132855129515,-0.33462683191989634,-0.34528453656689306,-1.2920954114586618,-0.7264921804544717,-2.0223306570729163,-0.20570261793592035,-0.12306743594844094,-0.11204874765929806,-0.2985504265255358,-0.08794999545015139,-0.8261971883794814,0.7561764411781836,-0.8458145240015983,0.4195591140404441,0.3876360127685561,-0.664727757578983,-0.37894499455701275,-1.0908433999984704,-1.1110594475726732,-0.13523517560422083,-0.19466400788931726,0.18078905011624216,-0.20184580427742657
3412,train,1,1.0,0.0,0.0,1.0,1.0,1.0,0.0,1.0,1.0,1.0,1.0,0.0,0.0,0.0,1.0,1.0,1.0,1.0,1.0,1.0,0.0,1.0,0.0,0.0,0.0,0.0,1.0,0.0,1.0,0.0,0.8456741718542325,0.006577810344576748,0.41347688448391,0.5341790476135618,0.9152901421799278,3.75525666932328,1.6277699581010674,0.6957436830931255,-0.4042577455754722,-1.7571936543335076,-0.1375302805796355,0.7410230717746551,0.6705139344056408,1.1169903888972632,-0.08794999545015139,3.607056017559199,0.7561764411781836,2.3824842768013847,0.8118151664492795,1.025087481883307,2.2372702011952077,3.669021472064484,0.8485801917519306,2.001249239722393,-0.13523517560422083,0.13476739007721963,-1.4188800587733605,0.38328737162055443
3425,train,1,0.0,0.0,0.0,0.0,0.0,0.0,0.0,0.0,0.0,0.0,0.0,0.0,0.0,0.0,0.0,0.0,1.0,0.0,0.0,0.0,0.0,0.0,0.0,0.0,0.0,0.0,0.0,0.0,0.0,0.0,-0.1891410974326167,-0.4390336947196895,-0.5012812830611296,-0.40168836467971886,-0.2721132855129515,-0.33462683191989634,-0.34528453656689306,-0.29817586418276815,1.3680316462590252,0.30050004083973125,-0.20273860326825577,-0.41109760518947297,-0.11204874765929806,-0.2985504265255358,-0.08794999545015139,-0.8261971883794814,0.7561764411781836,-0.8458145240015983,-0.009781028757368353,-0.19634688787862392,-0.664727757578983,-0.37894499455701275,-0.6678467906597125,-0.8733298057579086,-0.13523517560422083,-0.19466400788931726,0.39892574678300613,-0.20039024911350126
3434,train,0,1.0,0.0,0.0,0.0,1.0,0.0,0.0,1.0,1.0,0.0,1.0,0.0,0.0,0.0,1.0,0.0,1.0,1.0,1.0,1.0,0.0,0.0,0.0,0.0,0.0,0.0,0.0,0.0,1.0,0.0,0.004716116602650566,-0.3845022411319163,-0.3455777651811229,0.4454329998960955,0.024737571410268316,0.6878440433908977,-0.34528453656689306,-1.2920954114586618,1.0457972113800256,-0.336736699295597,-0.08417801656167347,0.45299290253362307,-0.11204874765929806,0.12611181810130395,-0.08794999545015139,1.5919409239507083,2.453715390761861,1.3663699077576874,0.22590319163985967,0.2957589709412279,0.7017658777172902,1.11503898681346,1.190088586315254,1.25943584418159,-0.13523517560422083,-0.19466400788931726,-0.7644699687730685,-0.038823625917790074
3437,train,1,0.0,0.0,0.0,0.0,0.0,0.0,0.0,0.0,0.0,0.0,0.0,0.0,0.0,0.0,1.0,0.0,1.0,0.0,1.0,0.0,0.0,0.0,0.0,0.0,0.0,0.0,0.0,0.0,0.0,0.0,-0.18641071413634533,-0.45734649629767304,-0.4720868734586284,-0.2726032043634043,-0.2721132855129515,-0.33462683191989634,-0.34528453656689306,0.6957436830931255,0.4013283416220266,1.0747769401439469,-0.1938465592652621,-0.12306743594844094,-0.11204874765929806,-0.2985504265255358,-0.08794999545015139,-0.4231741696577831,-0.941362508405494,-0.596471810663793,-0.13300122071396886,-0.06275714897273735,-0.664727757578983,-0.37894499455701275,-0.10867568873271452,-0.37654768361650864,-0.13523517560422083,-0.19466400788931726,-1.2007433621065966,-0.19456802845779994
3456,train,1,0.0,0.0,0.0,0.0,1.0,0.0,0.0,0.0,0.0,0.0,0.0,0.0,0.0,0.0,1.0,0.0,1.0,1.0,1.0,1.0,0.0,1.0,0.0,0.0,0.0,0.0,1.0,0.0,0.0,0.0,-0.15091573128481753,-0.27666018739490206,-0.15581410276486468,-0.30487449444248294,-0.07421271423080496,0.6878440433908977,-0.34528453656689306,0.19878390945517868,-2.0154299199704697,-2.0223306570729163,-0.20570261793592035,-0.12306743594844094,-0.11204874765929806,-0.015442263440975964,-0.08794999545015139,0.38287186778561344,-0.941362508405494,0.43294802759996287,0.48261777483637325,0.588914822708209,0.3689847723091936,1.11503898681346,-1.0908433999984704,0.10814507334115717,-0.13523517560422083,0.13476739007721963,1.7077459267835902,-0.18146803198247202
3460,train,1,0.0,0.0,0.0,0.0,0.0,0.0,0.0,0.0,0.0,0.0,0.0,0.0,0.0,0.0,1.0,0.0,1.0,1.0,1.0,0.0,0.0,0.0,0.0,0.0,0.0,0.0,0.0,0.0,0.0,0.0,-0.1891410974326167,-0.30392591418878867,-0.2190686569036174,-0.40168836467971886,-0.2721132855129515,-0.33462683191989634,-0.34528453656689306,0.6957436830931255,-1.0487266153334713,0.30050004083973125,-0.20273860326825577,-0.12306743594844094,-0.11204874765929806,-0.2985504265255358,-0.08794999545015139,-0.4231741696577831,0.7561764411781836,-0.8458145240015983,0.43116676123379394,0.5079359558725253,-0.664727757578983,-0.37894499455701275,-0.6678467906597125,-0.8733298057579086,-0.13523517560422083,-0.19466400788931726,0.8351991401165342,-0.20039024911350126
3473,train,1,0.0,0.0,0.0,0.0,0.0,0.0,0.0,0.0,0.0,0.0,0.0,0.0,0.0,0.0,1.0,0.0,1.0,0.0,1.0,0.0,0.0,0.0,0.0,0.0,0.0,0.0,0.0,0.0,0.0,0.0,-0.1700284143587171,-0.42967381835760904,-0.5061470179948798,-0.07897546388893242,-0.2721132855129515,-0.33462683191989634,-0.34528453656689306,-0.29817586418276815,0.24021112418252683,-0.47377685846448464,-0.1938465592652621,-0.12306743594844094,-0.11204874765929806,-0.2985504265255358,-0.08794999545015139,-0.4231741696577831,0.7561764411781836,0.07912508654119967,0.04140578886030654,-0.22228198972357033,-0.664727757578983,-0.37894499455701275,-0.10867568873271452,-0.013596676635043348,-0.13523517560422083,-0.19466400788931726,-0.18277211099503118,-0.185834697474248
3479,train,0,0.0,0.0,0.0,0.0,0.0,0.0,0.0,0.0,0.0,0.0,0.0,0.0,0.0,0.0,0.0,0.0,1.0,1.0,1.0,0.0,0.0,0.0,0.0,0.0,0.0,0.0,0.0,0.0,0.0,0.0,-0.1891410974326167,-0.3340402990059172,-0.26772600624111953,-0.40168836467971886,-0.2721132855129515,-0.33462683191989634,-0.34528453656689306,0.19878390945517868,1.0457972113800256,0.30050004083973125,-0.20273860326825577,-0.12306743594844094,-0.11204874765929806,-0.2985504265255358,-0.08794999545015139,-0.8261971883794814,0.7561764411781836,-0.8458145240015983,0.36576473039859153,0.4359933481648487,-0.664727757578983,-0.37894499455701275,-0.6678467906597125,-0.8733298057579086,-0.13523517560422083,-0.19466400788931726,0.39892574678300613,-0.20039024911350126
3492,train,0,0.0,0.0,0.0,0.0,0.0,0.0,0.0,0.0,0.0,0.0,0.0,0.0,0.0,0.0,1.0,0.0,1.0,0.0,1.0,0.0,0.0,1.0,0.0,0.0,0.0,0.0,1.0,0.0,0.0,0.0,-0.161837264469903,-0.4679272260982858,-0.5158784878623802,-0.2726032043634043,-0.07421271423080496,-0.33462683191989634,-0.34528453656689306,-1.2920954114586618,-2.17654713740997,-0.2156845586964126,-0.18495451526226844,-0.12306743594844094,-0.11204874765929806,-0.015442263440975964,-0.08794999545015139,-0.4231741696577831,0.7561764411781836,0.25603655707058115,-0.2255013058473617,-0.2782878620246473,0.3689847723091936,-0.37894499455701275,0.17814642801780317,0.20890318842427175,-0.13523517560422083,0.13476739007721963,-0.25548434321728586,-0.17710136649069602
3497,train,0,0.0,0.0,0.0,0.0,0.0,1.0,0.0,0.0,0.0,0.0,0.0,0.0,0.0,0.0,1.0,1.0,1.0,0.0,0.0,0.0,0.0,0.0,0.0,0.0,0.0,0.0,0.0,0.0,0.0,0.0,-0.1891410974326167,-0.49437905059981757,-0.5694015721336326,-0.40168836467971886,-0.2721132855129515,-0.33462683191989634,0.6412427107670872,-1.2920954114586618,0.8846799939405259,0.30050004083973125,-0.20273860326825577,-0.41109760518947297,-0.11204874765929806,-0.2985504265255358,-0.08794999545015139,-0.4231741696577831,-0.941362508405494,-0.8458145240015983,-0.6320861651030696,-0.7803297885258043,-0.664727757578983,-0.37894499455701275,-0.6678467906597125,-0.8733298057579086,-0.13523517560422083,-0.19466400788931726,-0.8371822009953231,-0.20039024911350126
3517,train,0,0.0,0.0,0.0,0.0,0.0,0.0,0.0,0.0,0.0,0.0,0.0,0.0,0.0,0.0,0.0,0.0,1.0,1.0,1.0,0.0,0.0,0.0,0.0,0.0,0.0,1.0,0.0,0.0,0.0,0.0,-0.1891410974326167,-0.293345184388176,-0.18500851236736593,-0.40168836467971886,-0.2721132855129515,-0.33462683191989634,-0.34528453656689306,0.19878390945517868,1.3680316462590252,0.30050004083973125,-0.20273860326825577,-0.12306743594844094,-0.11204874765929806,-0.2985504265255358,-0.08794999545015139,-0.8261971883794814,-0.941362508405494,-0.8458145240015983,0.4518976680131656,0.5530654560220928,-0.664727757578983,-0.37894499455701275,-0.6678467906597125,-0.8733298057579086,-0.13523517560422083,-0.19466400788931726,-2.218714613218162,-0.20039024911350126
3524,train,1,0.0,0.0,0.0,0.0,0.0,1.0,0.0,0.0,0.0,0.0,0.0,0.0,0.0,0.0,1.0,1.0,1.0,1.0,0.0,0.0,0.0,0.0,0.0,0.0,0.0,0.0,0.0,0.0,0.0,0.0,-0.19187148072888807,-0.10818241287745346,-0.01470778968610856,-0.3694170746006402,-0.2721132855129515,-0.33462683191989634,0.6412427107670872,-1.2920954114586618,0.7235627765010261,2.6233307387523785,-0.19681057393292667,-0.41109760518947297,-0.11204874765929806,-0.2985504265255358,-0.08794999545015139,-0.02015115093608484,-0.941362508405494,-1.2720687078687853,0.7077306060978749,0.7345644445320402,-0.664727757578983,-0.37894499455701275,-0.2448501813209548,-0.7046579406013964,-0.13523517560422083,-0.19466400788931726,0.03536458567173282,-0.1989346939495759
3530,train,1,0.0,0.0,0.0,0.0,0.0,0.0,0.0,0.0,0.0,0.0,0.0,0.0,0.0,0.0,1.0,0.0,1.0,0.0,1.0,0.0,0.0,0.0,0.0,0.0,0.0,0.0,0.0,0.0,0.0,0.0,-0.18641071413634533,-0.4919373437227531,-0.5694015721336326,-0.3371457845215616,-0.2721132855129515,-0.33462683191989634,-0.34528453656689306,0.19878390945517868,-0.565374963014972,0.30050004083973125,-0.19977458860059122,-0.12306743594844094,-0.11204874765929806,-0.2985504265255358,-0.08794999545015139,-0.4231741696577831,0.7561764411781836,-0.596471810663793,-0.5727663230486434,-0.7803297885258043,-0.664727757578983,-0.37894499455701275,-0.42040963626434275,-0.57382587770278,-0.13523517560422083,-0.19466400788931726,0.39892574678300613,-0.1974791387856506
3537,train,1,0.0,0.0,0.0,0.0,0.0,0.0,0.0,0.0,0.0,0.0,0.0,0.0,0.0,0.0,1.0,0.0,0.0,0.0,0.0,0.0,0.0,0.0,0.0,0.0,0.0,0.0,0.0,0.0,0.0,0.0,-0.1891410974326167,-0.5098431941545593,-0.5985959817361338,-0.40168836467971886,-0.2721132855129515,-0.33462683191989634,-0.34528453656689306,-0.29817586418276815,-1.0487266153334713,0.30050004083973125,-0.20273860326825577,-0.41109760518947297,-0.11204874765929806,-0.2985504265255358,-0.08794999545015139,-0.4231741696577831,0.7561764411781836,-0.8458145240015983,-2.1507487576923867,-1.8147058509142775,-0.664727757578983,-0.37894499455701275,-0.6678467906597125,-0.8733298057579086,-0.13523517560422083,-0.19466400788931726,-0.03734764655052185,-0.20039024911350126
3544,train,0,0.0,0.0,0.0,0.0,0.0,0.0,0.0,0.0,0.0,0.0,0.0,0.0,0.0,0.0,0.0,0.0,1.0,1.0,1.0,0.0,0.0,0.0,0.0,0.0,0.0,0.0,0.0,0.0,0.0,0.0,-0.1891410974326167,-0.293345184388176,-0.18500851236736593,-0.40168836467971886,-0.2721132855129515,-0.33462683191989634,-0.34528453656689306,-0.29817586418276815,0.07909390674302706,0.30050004083973125,-0.20273860326825577,-0.12306743594844094,-0.11204874765929806,-0.2985504265255358,-0.08794999545015139,-0.8261971883794814,-0.941362508405494,-0.8458145240015983,0.4518976680131656,0.5530654560220928,-0.664727757578983,-0.37894499455701275,-0.6678467906597125,-0.8733298057579086,-0.13523517560422083,-0.19466400788931726,-1.1280311298843417,-0.20039024911350126
3554,train,0,1.0,0.0,0.0,1.0,1.0,1.0,1.0,1.0,1.0,0.0,1.0,1.0,0.0,0.0,1.0,1.0,1.0,0.0,1.0,1.0,1.0,1.0,0.0,0.0,1.0,1.0,1.0,0.0,1.0,0.0,1.4081331308861347,-0.43089467179614127,-0.4769526083923786,0.5472412364550936,7.94076042269613,5.800198419944868,6.5604061947709695,1.1927034567310724,0.7235627765010261,1.5913528850929313,5.876455480111752,7.077686795077359,-0.11204874765929806,10.601113852230018,1.4599699244725133,3.607056017559199,-0.941362508405494,2.6482833875025094,0.03507693703576494,-0.08281855410549671,4.927027432170093,4.729019975945036,3.563607367621756,3.101607391550066,3.170513561387844,8.699983737207178,-1.8551534521068884,3.636453162993658
3563,train,0,0.0,0.0,0.0,0.0,0.0,0.0,0.0,1.0,0.0,0.0,1.0,0.0,0.0,0.0,1.0,0.0,1.0,0.0,1.0,0.0,0.0,1.0,0.0,0.0,0.0,0.0,1.0,0.0,1.0,0.0,-0.06900423239667643,-0.5049597804004303,-0.5888645118686334,0.06947247047482938,0.12368785705134158,-0.33462683191989634,-0.34528453656689306,-0.795135637820715,1.3680316462590252,0.10459865667842354,-0.09307006056466713,0.16496273329259106,-0.11204874765929806,0.26766589964358384,-0.08794999545015139,0.7858948865073117,0.7561764411781836,1.0823726857501401,-1.0874958313555239,-1.2307229502670975,0.9736678388193742,-0.37894499455701275,1.1448638175718076,1.0803864791120863,-0.13523517560422083,0.4641987880437565,0.10807681789398749,-0.08249028083554985
3579,train,1,0.0,0.0,0.0,0.0,0.0,0.0,0.0,0.0,0.0,0.0,0.0,0.0,0.0,0.0,1.0,0.0,1.0,1.0,1.0,0.0,0.0,1.0,1.0,1.0,0.0,0.0,1.0,0.0,0.0,0.0,-0.13726381480346067,-0.16393471990375894,0.009620884982642493,-0.24033191428432563,-0.07421271423080496,-0.33462683191989634,-0.34528453656689306,-1.2920954114586618,0.8846799939405259,-1.8011086858431402,-0.20273860326825577,-0.12306743594844094,-0.11204874765929806,-0.015442263440975964,-0.08794999545015139,0.38287186778561344,-0.941362508405494,0.6001749704634016,0.6458532169677355,0.7560882003638263,0.3689847723091936,-0.37894499455701275,-0.6678467906597125,0.2948587755056079,-0.13523517560422083,0.13476739007721963,1.271472533450062,-0.17273470099892005
3616,train,0,0.0,0.0,0.0,0.0,0.0,1.0,0.0,0.0,0.0,1.0,0.0,0.0,0.0,0.0,1.0,1.0,0.0,0.0,0.0,0.0,0.0,0.0,0.0,0.0,0.0,0.0,0.0,0.0,0.0,0.0,-0.1700284143587171,-0.5098431941545593,-0.5985959817361338,-0.20806062420524699,-0.2721132855129515,-0.33462683191989634,0.6412427107670872,-1.2920954114586618,1.2069144288195255,-2.0223306570729163,-0.20570261793592035,-0.41109760518947297,0.27923259337317136,-0.4401045080678157,-0.08794999545015139,-0.02015115093608484,-0.941362508405494,0.07912508654119967,-2.1507487576923867,-1.8147058509142775,-0.664727757578983,-0.37894499455701275,-1.0908433999984704,-0.22919865697186706,-0.13523517560422083,-0.19466400788931726,-1.2007433621065966,-0.19165691812994928
3624,train,0,0.0,1.0,1.0,0.0,0.0,0.0,0.0,0.0,0.0,0.0,0.0,0.0,0.0,0.0,1.0,0.0,1.0,1.0,0.0,0.0,0.0,0.0,0.0,0.0,0.0,0.0,0.0,0.0,0.0,1.0,-0.18641071413634533,2.2016722928255374,2.4619512915927486,-0.40168836467971886,-0.17316299987187822,-0.33462683191989634,-0.34528453656689306,-0.29817586418276815,-0.8876093978939715,0.30050004083973125,-0.19977458860059122,-0.41109760518947297,-0.11204874765929806,-0.15699634498325588,-0.08794999545015139,-0.02015115093608484,0.7561764411781836,-0.596471810663793,1.4989856812557516,1.6116076863639932,-0.060044691068802135,-0.37894499455701275,-0.42040963626434275,-0.57382587770278,-0.13523517560422083,-0.19466400788931726,-0.5463332721063046,-0.1974791387856506
3636,train,0,0.0,1.0,1.0,0.0,0.0,0.0,0.0,0.0,0.0,0.0,0.0,0.0,0.0,0.0,1.0,0.0,1.0,1.0,0.0,0.0,0.0,0.0,0.0,0.0,0.0,0.0,0.0,0.0,0.0,1.0,-0.18641071413634533,2.4287510323925336,2.4473540867914982,-0.40168836467971886,-0.17316299987187822,-0.33462683191989634,-0.34528453656689306,-0.29817586418276815,-0.8876093978939715,0.30050004083973125,-0.19977458860059122,-0.41109760518947297,-0.11204874765929806,-0.15699634498325588,-0.08794999545015139,-0.02015115093608484,0.7561764411781836,-0.596471810663793,1.5323190151839916,1.609070382530487,-0.060044691068802135,-0.37894499455701275,-0.42040963626434275,-0.57382587770278,-0.13523517560422083,-0.19466400788931726,-0.5463332721063046,-0.1974791387856506
3644,train,0,0.0,1.0,1.0,0.0,0.0,0.0,0.0,0.0,0.0,0.0,0.0,0.0,0.0,0.0,1.0,0.0,1.0,1.0,0.0,0.0,0.0,0.0,0.0,0.0,0.0,0.0,0.0,0.0,0.0,1.0,-0.1891410974326167,1.5436322894566623,2.0824239667602322,-0.40168836467971886,-0.2721132855129515,-0.33462683191989634,-0.34528453656689306,-1.2920954114586618,-0.8876093978939715,0.30050004083973125,-0.20273860326825577,-0.41109760518947297,-0.11204874765929806,-0.2985504265255358,-0.08794999545015139,-0.02015115093608484,0.7561764411781836,-0.8458145240015983,1.3837765747021042,1.541349910950659,-0.664727757578983,-0.37894499455701275,-0.6678467906597125,-0.8733298057579086,-0.13523517560422083,-0.19466400788931726,-0.6190455043285592,-0.20039024911350126
3648,train,0,0.0,1.0,1.0,0.0,0.0,0.0,0.0,0.0,0.0,0.0,0.0,0.0,0.0,0.0,1.0,0.0,1.0,1.0,0.0,0.0,0.0,0.0,0.0,0.0,0.0,0.0,0.0,0.0,0.0,1.0,-0.1891410974326167,1.4557308418823411,1.9753777982177276,-0.40168836467971886,-0.2721132855129515,-0.33462683191989634,-0.34528453656689306,-0.29817586418276815,-0.8876093978939715,0.30050004083973125,-0.20273860326825577,-0.41109760518947297,-0.11204874765929806,-0.2985504265255358,-0.08794999545015139,-0.02015115093608484,0.7561764411781836,-0.8458145240015983,1.365644739992377,1.5197306445366647,-0.664727757578983,-0.37894499455701275,-0.6678467906597125,-0.8733298057579086,-0.13523517560422083,-0.19466400788931726,-0.3281965754395405,-0.20039024911350126
3659,train,0,0.0,0.0,0.0,0.0,0.0,0.0,0.0,0.0,0.0,0.0,0.0,0.0,0.0,0.0,0.0,0.0,1.0,0.0,1.0,0.0,0.0,0.0,0.0,0.0,0.0,0.0,0.0,0.0,0.0,0.0,-0.1809499475438026,-0.45368393598207635,-0.4964155481273794,-0.07897546388893242,-0.2721132855129515,-0.33462683191989634,-0.34528453656689306,0.19878390945517868,-1.6931954850914703,1.0747769401439469,-0.18199050059460387,-0.12306743594844094,-0.11204874765929806,-0.2985504265255358,-0.08794999545015139,-0.8261971883794814,0.7561764411781836,-0.2823371427842802,-0.10525268032476394,-0.17161851559584843,-0.664727757578983,-0.37894499455701275,0.2500241274697851,-0.013596676635043348,-0.13523517560422083,-0.19466400788931726,0.7624869078942795,-0.185834697474248
3669,train,1,1.0,0.0,0.0,0.0,1.0,0.0,0.0,1.0,1.0,1.0,1.0,0.0,0.0,0.0,1.0,0.0,1.0,1.0,1.0,1.0,0.0,0.0,0.0,0.0,0.0,0.0,0.0,0.0,1.0,0.0,0.8920906878908459,-0.26974201790988606,-0.15581410276486468,4.871440434241731,0.12368785705134158,4.777727544634074,-0.34528453656689306,-0.795135637820715,0.5624455590615264,0.3931885692933196,1.0688236891598397,1.0290532410156872,0.27923259337317136,0.12611181810130395,-0.08794999545015139,2.3979869613941047,0.7561764411781836,2.4093286711283017,0.49471655573037593,0.588914822708209,0.9736678388193742,4.237007821010336,2.611030063474967,2.421986752790193,-0.13523517560422083,-0.19466400788931726,-0.40090880766179515,1.0004427611248925
3671,train,0,0.0,1.0,1.0,0.0,0.0,0.0,0.0,0.0,0.0,0.0,0.0,0.0,0.0,0.0,1.0,0.0,1.0,1.0,0.0,0.0,0.0,0.0,0.0,0.0,0.0,0.0,0.0,0.0,0.0,1.0,-0.1891410974326167,2.703850007208464,2.7344324478827606,-0.40168836467971886,-0.2721132855129515,-0.33462683191989634,-0.34528453656689306,0.19878390945517868,-0.8876093978939715,0.30050004083973125,-0.20273860326825577,-0.41109760518947297,-0.11204874765929806,-0.2985504265255358,-0.08794999545015139,-0.02015115093608484,0.7561764411781836,-0.8458145240015983,1.56941033720356,1.656874523846413,-0.664727757578983,-0.37894499455701275,-0.6678467906597125,-0.8733298057579086,-0.13523517560422083,-0.19466400788931726,-0.25548434321728586,-0.20039024911350126
3677,train,0,0.0,1.0,1.0,0.0,0.0,0.0,0.0,0.0,0.0,0.0,0.0,0.0,0.0,0.0,1.0,0.0,1.0,1.0,0.0,0.0,0.0,0.0,0.0,0.0,0.0,0.0,0.0,0.0,0.0,1.0,-0.18641071413634533,2.6151346573417884,2.8025527369552634,-0.40168836467971886,-0.17316299987187822,-0.33462683191989634,-0.34528453656689306,-1.2920954114586618,-0.8876093978939715,0.30050004083973125,-0.19977458860059122,-0.41109760518947297,-0.11204874765929806,-0.15699634498325588,-0.08794999545015139,-0.02015115093608484,0.7561764411781836,-0.596471810663793,1.5578075872233887,1.66761355866507,-0.060044691068802135,-0.37894499455701275,-0.42040963626434275,-0.57382587770278,-0.13523517560422083,-0.19466400788931726,-0.5463332721063046,-0.1974791387856506
3686,train,0,0.0,1.0,1.0,0.0,0.0,0.0,0.0,0.0,0.0,0.0,0.0,0.0,0.0,0.0,1.0,0.0,1.0,1.0,0.0,0.0,0.0,0.0,0.0,0.0,0.0,0.0,0.0,0.0,0.0,1.0,-0.1891410974326167,1.64618397829337,2.165141460633986,-0.40168836467971886,-0.2721132855129515,-0.33462683191989634,-0.34528453656689306,-0.29817586418276815,-0.8876093978939715,0.30050004083973125,-0.20273860326825577,-0.41109760518947297,-0.11204874765929806,-0.2985504265255358,-0.08794999545015139,-0.02015115093608484,0.7561764411781836,-0.8458145240015983,1.4039742674680904,1.5574735207286152,-0.664727757578983,-0.37894499455701275,-0.6678467906597125,-0.8733298057579086,-0.13523517560422083,-0.19466400788931726,-0.6190455043285592,-0.20039024911350126
3699,train,1,0.0,0.0,0.0,0.0,0.0,0.0,1.0,0.0,0.0,0.0,0.0,0.0,0.0,0.0,1.0,0.0,1.0,0.0,0.0,0.0,0.0,1.0,0.0,0.0,0.0,0.0,1.0,0.0,0.0,0.0,-0.19187148072888807,-0.4654855192212213,-0.5061470179948798,-0.25646755932386495,-0.17316299987187822,-0.33462683191989634,-0.34528453656689306,1.689663230369019,-0.0820233106964727,2.6233307387523785,-0.1671704272562811,-0.41109760518947297,-0.11204874765929806,-0.15699634498325588,-0.08794999545015139,-0.4231741696577831,0.7561764411781836,-1.2720687078687853,-0.20225044150576785,-0.22228198972357033,-0.060044691068802135,-0.37894499455701275,0.5196548225811265,0.029853823354768338,-0.13523517560422083,0.4641987880437565,0.10807681789398749,-0.18437914231032265
3709,train,0,1.0,0.0,0.0,0.0,0.0,0.0,0.0,1.0,0.0,1.0,1.0,0.0,0.0,0.0,1.0,0.0,1.0,0.0,1.0,0.0,0.0,0.0,0.0,0.0,0.0,0.0,0.0,0.0,1.0,0.0,1.09959981840747,-0.5041458781080754,-0.5888645118686334,5.7814908144717485,0.12368785705134158,-0.33462683191989634,-0.34528453656689306,0.19878390945517868,0.8846799939405259,0.3532916476104732,1.261484642558036,-0.12306743594844094,0.27923259337317136,0.12611181810130395,-0.08794999545015139,1.18891790522901,-0.941362508405494,2.5167952912953115,-1.028175989301098,-1.2307229502670975,0.9736678388193742,-0.37894499455701275,2.6967512786487933,2.5141853955835476,-0.13523517560422083,-0.19466400788931726,-0.18277211099503118,1.2056760392383634
3716,train,0,0.0,1.0,1.0,0.0,0.0,0.0,0.0,0.0,0.0,0.0,0.0,0.0,0.0,0.0,1.0,0.0,1.0,1.0,0.0,0.0,0.0,0.0,0.0,0.0,0.0,0.0,0.0,0.0,0.0,1.0,-0.1891410974326167,1.6006054499215,2.067826761958982,-0.40168836467971886,-0.2721132855129515,-0.33462683191989634,-0.34528453656689306,-1.2920954114586618,-0.7264921804544717,0.30050004083973125,-0.20273860326825577,-0.41109760518947297,-0.11204874765929806,-0.2985504265255358,-0.08794999545015139,-0.02015115093608484,0.7561764411781836,-0.8458145240015983,1.3951187800022375,1.5384530964580765,-0.664727757578983,-0.37894499455701275,-0.6678467906597125,-0.8733298057579086,-0.13523517560422083,-0.19466400788931726,-0.3281965754395405,-0.20039024911350126
3728,train,1,0.0,0.0,0.0,0.0,0.0,0.0,0.0,0.0,0.0,0.0,0.0,0.0,0.0,0.0,1.0,0.0,1.0,0.0,0.0,0.0,0.0,0.0,0.0,0.0,0.0,0.0,0.0,0.0,0.0,0.0,-0.1891410974326167,-0.35967822121509413,-0.3601749699823735,-0.40168836467971886,-0.2721132855129515,-0.33462683191989634,-0.34528453656689306,0.19878390945517868,-0.8876093978939715,0.30050004083973125,-0.20273860326825577,-0.41109760518947297,-0.11204874765929806,-0.2985504265255358,-0.08794999545015139,-0.4231741696577831,-0.941362508405494,-0.8458145240015983,0.30058594696991014,0.26478530868132627,-0.664727757578983,-0.37894499455701275,-0.6678467906597125,-0.8733298057579086,-0.13523517560422083,-0.19466400788931726,-0.03734764655052185,-0.20039024911350126
3742,train,0,0.0,1.0,1.0,0.0,0.0,0.0,0.0,0.0,0.0,0.0,0.0,0.0,0.0,0.0,1.0,0.0,1.0,1.0,0.0,0.0,0.0,0.0,0.0,0.0,0.0,0.0,0.0,0.0,0.0,1.0,-0.1891410974326167,3.9084253998936043,3.5664731215540466,-0.40168836467971886,-0.2721132855129515,-0.33462683191989634,-0.34528453656689306,-1.2920954114586618,-0.8876093978939715,0.30050004083973125,-0.20273860326825577,-0.41109760518947297,-0.11204874765929806,-0.2985504265255358,-0.08794999545015139,-0.02015115093608484,0.7561764411781836,-0.8458145240015983,1.7013527119267624,1.77517959431838,-0.664727757578983,-0.37894499455701275,-0.6678467906597125,-0.8733298057579086,-0.13523517560422083,-0.19466400788931726,-0.25548434321728586,-0.20039024911350126
3756,train,0,0.0,1.0,1.0,0.0,0.0,0.0,0.0,0.0,0.0,0.0,0.0,0.0,0.0,0.0,1.0,0.0,1.0,1.0,0.0,0.0,0.0,0.0,0.0,0.0,0.0,0.0,0.0,0.0,0.0,1.0,-0.18641071413634533,2.35387202149589,2.4084282073214967,-0.40168836467971886,-0.17316299987187822,-0.33462683191989634,-0.34528453656689306,-1.2920954114586618,-0.8876093978939715,0.30050004083973125,-0.19977458860059122,-0.41109760518947297,-0.11204874765929806,-0.15699634498325588,-0.08794999545015139,-0.02015115093608484,0.7561764411781836,-0.596471810663793,1.5216208280798997,1.6022444249276082,-0.060044691068802135,-0.37894499455701275,-0.42040963626434275,-0.57382587770278,-0.13523517560422083,-0.19466400788931726,-0.5463332721063046,-0.1974791387856506
3771,train,0,0.0,0.0,0.0,0.0,0.0,0.0,0.0,0.0,0.0,0.0,0.0,0.0,0.0,0.0,0.0,0.0,1.0,0.0,1.0,0.0,0.0,0.0,0.0,0.0,0.0,0.0,0.0,0.0,0.0,0.0,-0.1891410974326167,-0.49153039257657566,-0.5499386323986317,-0.40168836467971886,-0.2721132855129515,-0.33462683191989634,-0.34528453656689306,-1.2920954114586618,0.07909390674302706,0.30050004083973125,-0.20273860326825577,-0.12306743594844094,-0.11204874765929806,-0.2985504265255358,-0.08794999545015139,-0.8261971883794814,0.7561764411781836,-0.8458145240015983,-0.5636553685502862,-0.5400707031911187,-0.664727757578983,-0.37894499455701275,-0.6678467906597125,-0.8733298057579086,-0.13523517560422083,-0.19466400788931726,-0.18277211099503118,-0.20039024911350126
3773,train,0,0.0,1.0,1.0,0.0,0.0,0.0,0.0,0.0,0.0,0.0,0.0,0.0,0.0,0.0,1.0,0.0,1.0,1.0,0.0,0.0,0.0,0.0,0.0,0.0,0.0,0.0,0.0,0.0,0.0,1.0,-0.18641071413634533,1.722283842628546,1.9948407379527286,-0.40168836467971886,-0.17316299987187822,-0.33462683191989634,-0.34528453656689306,0.19878390945517868,-0.8876093978939715,0.30050004083973125,-0.19977458860059122,-0.41109760518947297,-0.11204874765929806,-0.15699634498325588,-0.08794999545015139,-0.02015115093608484,0.7561764411781836,-0.596471810663793,1.4183507543375662,1.523727386251567,-0.060044691068802135,-0.37894499455701275,-0.42040963626434275,-0.57382587770278,-0.13523517560422083,-0.19466400788931726,-0.25548434321728586,-0.1974791387856506
3785,train,1,0.0,0.0,0.0,0.0,1.0,1.0,1.0,0.0,0.0,0.0,0.0,0.0,0.0,0.0,1.0,1.0,1.0,0.0,0.0,1.0,0.0,0.0,0.0,0.0,0.0,0.0,0.0,0.0,0.0,0.0,-0.1700284143587171,-0.4475796687894152,-0.4964155481273794,-0.2941173977494567,-0.07421271423080496,1.7103149187016917,1.6277699581010674,1.1927034567310724,-1.3709610502124707,0.30050004083973125,-0.18199050059460387,-0.41109760518947297,-0.11204874765929806,-0.015442263440975964,-0.08794999545015139,0.38287186778561344,-0.941362508405494,0.07912508654119967,-0.06277201898725274,-0.17161851559584843,0.3689847723091936,2.1750374906940113,0.2500241274697851,0.14369010382928477,-0.13523517560422083,-0.19466400788931726,-1.2734555943288512,-0.18001247681854668
3790,train,0,0.0,1.0,1.0,0.0,0.0,0.0,0.0,0.0,0.0,0.0,0.0,0.0,0.0,0.0,1.0,0.0,1.0,1.0,0.0,0.0,0.0,0.0,0.0,0.0,0.0,0.0,0.0,0.0,0.0,1.0,-0.18641071413634533,3.3753193984011944,3.7367738442353042,-0.3694170746006402,-0.17316299987187822,-0.33462683191989634,-0.34528453656689306,0.19878390945517868,1.2069144288195255,1.0747769401439469,-0.1938465592652621,-0.41109760518947297,-0.11204874765929806,-0.15699634498325588,-0.08794999545015139,-0.02015115093608484,0.7561764411781836,-0.596471810663793,1.648056188797542,1.796457157613624,-0.060044691068802135,-0.37894499455701275,-0.10867568873271452,-0.37654768361650864,-0.13523517560422083,-0.19466400788931726,-0.5463332721063046,-0.19456802845779994
3802,train,0,0.0,0.0,0.0,0.0,1.0,0.0,0.0,0.0,0.0,0.0,0.0,0.0,0.0,0.0,1.0,0.0,1.0,0.0,1.0,1.0,0.0,0.0,0.0,0.0,0.0,0.0,0.0,0.0,0.0,0.0,-0.18641071413634533,-0.4268251603343671,-0.4234295241211263,-0.30487449444248294,-0.2721132855129515,3.75525666932328,-0.34528453656689306,-0.29817586418276815,1.0457972113800256,0.7650661804222606,-0.19681057393292667,-0.12306743594844094,-0.11204874765929806,-0.2985504265255358,-0.08794999545015139,-0.4231741696577831,0.7561764411781836,-0.596471810663793,0.05580784381513734,0.10472863782725182,-0.664727757578983,3.669021472064484,-0.2448501813209548,-0.46692829878663195,-0.13523517560422083,-0.19466400788931726,2.2167315523393727,-0.19602358362172526
3816,train,0,0.0,0.0,0.0,0.0,0.0,0.0,0.0,0.0,0.0,0.0,0.0,0.0,0.0,0.0,0.0,0.0,1.0,0.0,0.0,0.0,0.0,0.0,0.0,0.0,0.0,0.0,0.0,0.0,0.0,0.0,-0.1891410974326167,-0.37636321820836804,-0.462355403591128,-0.40168836467971886,-0.2721132855129515,-0.33462683191989634,-0.34528453656689306,0.19878390945517868,0.24021112418252683,0.30050004083973125,-0.20273860326825577,-0.41109760518947297,-0.11204874765929806,-0.2985504265255358,-0.08794999545015139,-0.8261971883794814,0.7561764411781836,-0.8458145240015983,0.2519011608298938,-0.02477212596327575,-0.664727757578983,-0.37894499455701275,-0.6678467906597125,-0.8733298057579086,-0.13523517560422083,-0.19466400788931726,0.7624869078942795,-0.20039024911350126
3819,train,0,0.0,1.0,1.0,0.0,0.0,0.0,1.0,0.0,0.0,0.0,0.0,0.0,0.0,0.0,1.0,0.0,1.0,1.0,0.0,0.0,0.0,0.0,0.0,0.0,0.0,0.0,0.0,0.0,0.0,1.0,-0.1809499475438026,1.7690832244389485,2.1067526414289834,-0.24033191428432563,-0.2721132855129515,-0.33462683191989634,-0.34528453656689306,1.689663230369019,-0.7264921804544717,-0.03133291600493303,-0.19681057393292667,-0.41109760518947297,-0.11204874765929806,-0.2985504265255358,-0.08794999545015139,-0.02015115093608484,0.7561764411781836,-0.2823371427842802,1.4269505306732084,1.546143127773237,-0.664727757578983,-0.37894499455701275,-0.2448501813209548,-0.2982564336301194,-0.13523517560422083,-0.19466400788931726,-0.6190455043285592,-0.19311247329387463
3823,train,0,0.0,0.0,0.0,1.0,0.0,1.0,1.0,1.0,0.0,0.0,1.0,0.0,0.0,0.0,1.0,1.0,0.0,0.0,0.0,0.0,0.0,1.0,0.0,0.0,0.0,0.0,1.0,0.0,0.0,0.0,-0.10176883195193286,-0.5098431941545593,-0.5985959817361338,-0.1527384126411122,0.3215884283334881,-0.33462683191989634,0.6412427107670872,1.689663230369019,-0.0820233106964727,0.3688185907783383,-0.1019621045676608,-0.41109760518947297,-0.11204874765929806,0.5507740627281437,-0.08794999545015139,1.18891790522901,-0.941362508405494,0.8964836134830189,-2.1507487576923867,-1.8147058509142775,1.4026973021973705,-0.37894499455701275,1.0960173461473002,0.965052590061598,-0.13523517560422083,0.13476739007721963,-1.4188800587733605,-0.10432360829442974
3828,train,0,1.0,0.0,0.0,1.0,0.0,0.0,0.0,1.0,1.0,0.0,1.0,0.0,0.0,0.0,1.0,0.0,1.0,1.0,1.0,0.0,0.0,1.0,0.0,0.0,0.0,0.0,1.0,0.0,1.0,0.0,0.5152977930053968,-0.1802127657508554,-0.14121689796361403,3.212696124177089,0.4205387139745614,-0.33462683191989634,-0.34528453656689306,0.19878390945517868,0.5624455590615264,1.304003653753748,1.729798960049036,0.45299290253362307,-0.11204874765929806,0.6923281442704236,-0.08794999545015139,1.9949639426724064,-0.941362508405494,2.147499136956049,0.6258959698960549,0.605971820160315,1.578350905329556,-0.37894499455701275,2.865505993834785,2.4792829004350327,-0.13523517560422083,0.7936301860102934,0.8351991401165342,1.124164950058545
3836,train,0,0.0,0.0,0.0,0.0,0.0,1.0,0.0,0.0,0.0,0.0,0.0,0.0,0.0,0.0,1.0,1.0,1.0,1.0,0.0,0.0,0.0,0.0,0.0,0.0,0.0,0.0,0.0,0.0,0.0,0.0,-0.1891410974326167,-0.3645616349692231,-0.30665188571112123,-0.40168836467971886,-0.2721132855129515,-0.33462683191989634,0.6412427107670872,-0.795135637820715,0.5624455590615264,0.30050004083973125,-0.20273860326825577,-0.41109760518947297,-0.11204874765929806,-0.2985504265255358,-0.08794999545015139,-0.4231741696577831,-0.941362508405494,-0.8458145240015983,0.2869188274481346,0.37048729516371653,-0.664727757578983,-0.37894499455701275,-0.6678467906597125,-0.8733298057579086,-0.13523517560422083,-0.19466400788931726,-0.40090880766179515,-0.20039024911350126
3854,train,0,0.0,0.0,0.0,0.0,0.0,1.0,0.0,0.0,0.0,0.0,0.0,0.0,0.0,0.0,1.0,1.0,0.0,0.0,0.0,0.0,0.0,0.0,0.0,0.0,0.0,0.0,0.0,0.0,0.0,0.0,-0.1891410974326167,-0.5098431941545593,-0.5985959817361338,-0.40168836467971886,-0.2721132855129515,-0.33462683191989634,0.6412427107670872,-1.2920954114586618,0.4013283416220266,0.30050004083973125,-0.20273860326825577,-0.41109760518947297,-0.11204874765929806,-0.2985504265255358,-0.08794999545015139,-0.4231741696577831,-0.941362508405494,-0.8458145240015983,-2.1507487576923867,-1.8147058509142775,-0.664727757578983,-0.37894499455701275,-0.6678467906597125,-0.8733298057579086,-0.13523517560422083,-0.19466400788931726,-0.11005987877277651,-0.20039024911350126
3855,train,0,0.0,1.0,1.0,0.0,0.0,0.0,0.0,0.0,0.0,0.0,0.0,0.0,0.0,0.0,1.0,0.0,1.0,1.0,0.0,0.0,0.0,0.0,0.0,0.0,0.0,0.0,0.0,0.0,0.0,1.0,-0.18641071413634533,3.0684782341834254,2.899867435630268,-0.40168836467971886,-0.17316299987187822,-0.33462683191989634,-0.34528453656689306,0.6957436830931255,-0.7264921804544717,0.30050004083973125,-0.19977458860059122,-0.41109760518947297,-0.11204874765929806,-0.15699634498325588,-0.08794999545015139,-0.02015115093608484,0.7561764411781836,-0.596471810663793,1.6139559629682803,1.6825881867613304,-0.060044691068802135,-0.37894499455701275,-0.42040963626434275,-0.57382587770278,-0.13523517560422083,-0.19466400788931726,-0.5463332721063046,-0.1974791387856506
3859,train,0,0.0,1.0,1.0,0.0,0.0,0.0,0.0,0.0,0.0,0.0,0.0,0.0,0.0,0.0,1.0,0.0,1.0,1.0,0.0,0.0,0.0,0.0,0.0,0.0,0.0,0.0,0.0,0.0,0.0,1.0,-0.1809499475438026,2.3713709207815183,2.9533905199015202,-0.358659977907614,-0.07421271423080496,-0.33462683191989634,-0.34528453656689306,0.6957436830931255,-0.7264921804544717,0.7650661804222606,-0.187918529929933,-0.41109760518947297,-0.11204874765929806,-0.015442263440975964,-0.08794999545015139,-0.02015115093608484,0.7561764411781836,-0.2823371427842802,1.5241457831099035,1.6906478939998888,0.3689847723091936,-0.37894499455701275,0.09665821324236852,-0.11154273146566895,-0.13523517560422083,-0.19466400788931726,-0.47362103988404985,-0.18874580780209865
3880,train,0,0.0,0.0,0.0,0.0,0.0,0.0,0.0,0.0,0.0,0.0,0.0,0.0,0.0,0.0,0.0,0.0,1.0,1.0,1.0,0.0,0.0,0.0,0.0,0.0,0.0,0.0,0.0,0.0,0.0,0.0,-0.1891410974326167,-0.3474696868297718,-0.26286027130736933,-0.40168836467971886,-0.2721132855129515,-0.33462683191989634,-0.34528453656689306,-0.29817586418276815,0.5624455590615264,0.30050004083973125,-0.20273860326825577,-0.12306743594844094,-0.11204874765929806,-0.2985504265255358,-0.08794999545015139,-0.8261971883794814,0.7561764411781836,-0.8458145240015983,0.332903480596165,0.44364188506963326,-0.664727757578983,-0.37894499455701275,-0.6678467906597125,-0.8733298057579086,-0.13523517560422083,-0.19466400788931726,0.10807681789398749,-0.20039024911350126
3887,train,0,0.0,1.0,1.0,0.0,0.0,0.0,0.0,0.0,0.0,0.0,0.0,0.0,0.0,0.0,1.0,0.0,1.0,1.0,0.0,0.0,0.0,0.0,0.0,0.0,0.0,0.0,0.0,0.0,0.0,1.0,-0.18368033084007396,1.824835531465254,2.1700071955677362,-0.40168836467971886,-0.07421271423080496,-0.33462683191989634,-0.34528453656689306,-1.2920954114586618,-0.4042577455754722,0.30050004083973125,-0.19681057393292667,-0.41109760518947297,-0.11204874765929806,-0.015442263440975964,-0.08794999545015139,-0.02015115093608484,0.7561764411781836,-0.4195603401344113,1.4369679241618096,1.5584069084027654,0.3689847723091936,-0.37894499455701275,-0.2448501813209548,-0.37654768361650864,-0.13523517560422083,-0.19466400788931726,-0.47362103988404985,-0.19456802845779994
3891,train,0,0.0,1.0,1.0,0.0,0.0,0.0,0.0,0.0,0.0,0.0,0.0,0.0,0.0,0.0,1.0,0.0,1.0,1.0,0.0,0.0,0.0,0.0,0.0,0.0,0.0,0.0,0.0,0.0,0.0,1.0,-0.12907266491464656,3.0070286111106364,3.7367738442353042,0.09851663154600011,-0.17316299987187822,-0.33462683191989634,-0.34528453656689306,-1.2920954114586618,-0.4042577455754722,-0.4295324642185296,-0.17013444192394564,-0.41109760518947297,-0.11204874765929806,-0.15699634498325588,-0.08794999545015139,-0.02015115093608484,0.7561764411781836,0.6822907409377682,1.6067763038700473,1.796457157613624,-0.060044691068802135,-0.37894499455701275,0.4744300538376802,0.5836043569706861,-0.13523517560422083,-0.19466400788931726,-0.3281965754395405,-0.1523569287039655
3895,train,0,0.0,0.0,0.0,1.0,0.0,0.0,0.0,1.0,1.0,0.0,1.0,0.0,0.0,0.0,1.0,0.0,1.0,1.0,1.0,0.0,0.0,1.0,0.0,0.0,0.0,0.0,1.0,0.0,1.0,0.0,-0.11542074843328971,-0.2978216469961275,-0.26286027130736933,0.06855043361542713,0.3215884283334881,-0.33462683191989634,-0.34528453656689306,-0.795135637820715,-1.209843832772971,1.5019641949324798,0.05513067281856076,0.7410230717746551,-0.11204874765929806,0.5507740627281437,-0.08794999545015139,1.5919409239507083,0.7561764411781836,0.7986660164516233,0.44325309092279697,0.44364188506963326,1.4026973021973705,-0.37894499455701275,1.6483698842819565,1.2746656209370393,-0.13523517560422083,0.13476739007721963,-0.9826066654398325,-0.0344569604260141
3907,train,1,1.0,0.0,0.0,0.0,0.0,0.0,1.0,0.0,0.0,0.0,0.0,0.0,0.0,0.0,1.0,0.0,1.0,1.0,1.0,0.0,0.0,1.0,0.0,0.0,0.0,0.0,1.0,0.0,0.0,0.0,-0.025318099656334504,-0.04713974095084165,0.3258936556764062,0.18995195343672278,-0.07421271423080496,-0.33462683191989634,-0.34528453656689306,1.689663230369019,-0.4042577455754722,-2.0223306570729163,-0.20570261793592035,-0.12306743594844094,-0.11204874765929806,-0.015442263440975964,-0.08794999545015139,0.38287186778561344,-0.941362508405494,1.2659323810001888,0.7663225607968701,0.9772143771229588,0.3689847723091936,-0.37894499455701275,-1.0908433999984704,0.9023333988000923,-0.13523517560422083,0.13476739007721963,0.18078905011624216,-0.11451249444190702
3922,train,0,0.0,0.0,0.0,1.0,1.0,1.0,0.0,1.0,1.0,0.0,1.0,0.0,1.0,1.0,1.0,1.0,0.0,0.0,1.0,1.0,0.0,0.0,0.0,0.0,0.0,0.0,0.0,0.0,0.0,0.0,-0.08265614887803327,-0.5098431941545593,-0.5985959817361338,-0.2371047852764178,0.6184392852567079,2.732785794012486,3.600824452769028,-0.29817586418276815,0.7235627765010261,0.006056712935310781,-0.11381816323831905,1.0290532410156872,-0.11204874765929806,0.8338822258127034,-0.08794999545015139,1.9949639426724064,-0.941362508405494,1.011610249385708,-2.1507487576923867,-1.8147058509142775,1.8776175230095509,2.997236206546565,1.0241396466953185,0.9900058639419629,-0.13523517560422083,-0.19466400788931726,0.6897746756720248,-0.09995694280265376
3932,train,0,0.0,0.0,0.0,0.0,0.0,0.0,0.0,0.0,0.0,0.0,0.0,0.0,0.0,0.0,1.0,0.0,1.0,1.0,0.0,0.0,0.0,1.0,0.0,0.0,0.0,0.0,1.0,0.0,0.0,0.0,-0.16729803106244573,-0.29375213553435336,-0.15581410276486468,-0.32638868782853536,-0.07421271423080496,-0.33462683191989634,-0.34528453656689306,-0.29817586418276815,-0.0820233106964727,-0.5928963814343639,-0.1938465592652621,-0.41109760518947297,-0.11204874765929806,-0.015442263440975964,-0.08794999545015139,-0.4231741696577831,-0.941362508405494,0.14391704108290698,0.4511192044183614,0.588914822708209,0.3689847723091936,-0.37894499455701275,-0.10867568873271452,0.029853823354768338,-0.13523517560422083,0.4641987880437565,0.47163797900526083,-0.18437914231032265
3943,train,0,0.0,0.0,0.0,0.0,0.0,1.0,0.0,0.0,0.0,0.0,0.0,0.0,0.0,0.0,1.0,1.0,0.0,0.0,0.0,0.0,0.0,0.0,0.0,0.0,0.0,0.0,0.0,0.0,0.0,0.0,-0.1891410974326167,-0.5098431941545593,-0.5985959817361338,-0.40168836467971886,-0.2721132855129515,-0.33462683191989634,0.6412427107670872,-1.2920954114586618,0.5624455590615264,0.30050004083973125,-0.20273860326825577,-0.41109760518947297,-0.11204874765929806,-0.2985504265255358,-0.08794999545015139,-0.4231741696577831,-0.941362508405494,-0.8458145240015983,-2.1507487576923867,-1.8147058509142775,-0.664727757578983,-0.37894499455701275,-0.6678467906597125,-0.8733298057579086,-0.13523517560422083,-0.19466400788931726,-0.11005987877277651,-0.20039024911350126
3952,train,0,0.0,0.0,0.0,0.0,0.0,1.0,0.0,0.0,0.0,0.0,0.0,0.0,0.0,0.0,1.0,1.0,0.0,0.0,0.0,0.0,0.0,0.0,0.0,0.0,0.0,0.0,0.0,0.0,0.0,0.0,-0.1891410974326167,-0.5098431941545593,-0.5985959817361338,-0.40168836467971886,-0.2721132855129515,-0.33462683191989634,0.6412427107670872,-1.2920954114586618,0.5624455590615264,0.30050004083973125,-0.20273860326825577,-0.41109760518947297,-0.11204874765929806,-0.2985504265255358,-0.08794999545015139,-0.4231741696577831,-0.941362508405494,-0.8458145240015983,-2.1507487576923867,-1.8147058509142775,-0.664727757578983,-0.37894499455701275,-0.6678467906597125,-0.8733298057579086,-0.13523517560422083,-0.19466400788931726,-0.11005987877277651,-0.20039024911350126
3971,train,1,0.0,0.0,0.0,0.0,0.0,0.0,1.0,1.0,0.0,0.0,0.0,0.0,0.0,0.0,1.0,0.0,1.0,0.0,0.0,0.0,0.0,0.0,0.0,0.0,0.0,0.0,0.0,0.0,1.0,0.0,-0.04989154932277683,-0.4422893038891088,-0.5402071625311313,1.1634692041555952,-0.17316299987187822,-0.33462683191989634,-0.34528453656689306,1.1927034567310724,0.4013283416220266,0.2315050696146028,-0.060465899220357,-0.41109760518947297,-0.11204874765929806,-0.15699634498325588,-0.08794999545015139,-0.02015115093608484,-0.941362508405494,1.1694813507472184,-0.029177864997802668,-0.451270741700767,-0.060044691068802135,-0.37894499455701275,1.2964886318717987,1.1942227595866024,-0.13523517560422083,-0.19466400788931726,0.10807681789398749,-0.056290287884893986
3989,train,0,1.0,0.0,0.0,0.0,1.0,0.0,1.0,1.0,0.0,0.0,1.0,0.0,0.0,0.0,1.0,0.0,1.0,1.0,1.0,1.0,0.0,1.0,0.0,0.0,0.0,0.0,1.0,0.0,1.0,0.0,0.010176883195193305,-0.33648200588298166,-0.22880012677111783,0.5126648542275092,0.22263814269241486,1.7103149187016917,-0.34528453656689306,1.689663230369019,0.8846799939405259,0.7344354459442918,0.11441096617185192,-0.12306743594844094,-0.11204874765929806,0.4092199811858638,-0.08794999545015139,1.5919409239507083,0.7561764411781836,1.382991319505217,0.3599804727003168,0.49430535919735497,1.2035576713070304,2.1750374906940113,1.7720756207618997,1.5369307856784664,-0.13523517560422083,0.13476739007721963,-1.4915922909956152,0.06160968039305741
4011,train,0,0.0,0.0,0.0,0.0,0.0,0.0,0.0,0.0,0.0,0.0,0.0,0.0,0.0,0.0,0.0,0.0,1.0,0.0,0.0,0.0,0.0,0.0,0.0,0.0,0.0,0.0,0.0,0.0,0.0,0.0,-0.16729803106244573,-0.48624002767626934,-0.5596701022661321,-0.22957481759129944,-0.07421271423080496,-0.33462683191989634,-0.34528453656689306,-0.795135637820715,1.3680316462590252,0.7228328950056673,-0.1671704272562811,-0.41109760518947297,-0.11204874765929806,-0.015442263440975964,-0.08794999545015139,-0.8261971883794814,-0.941362508405494,0.14391704108290698,-0.4604800563362036,-0.646740049619917,0.3689847723091936,-0.37894499455701275,0.5196548225811265,0.32092144127555666,-0.13523517560422083,-0.19466400788931726,-0.5463332721063046,-0.17127914583499473
4047,train,0,0.0,0.0,0.0,0.0,0.0,1.0,0.0,0.0,0.0,0.0,0.0,0.0,0.0,0.0,1.0,1.0,1.0,1.0,1.0,0.0,0.0,0.0,0.0,0.0,0.0,0.0,0.0,0.0,0.0,0.0,-0.161837264469903,-0.2664864087404668,-0.14121689796361403,-0.25108901097735187,-0.07421271423080496,-0.33462683191989634,0.6412427107670872,0.19878390945517868,1.5291488636985249,0.06821697104846657,-0.17902648592693932,-0.12306743594844094,-0.11204874765929806,-0.015442263440975964,-0.08794999545015139,-0.4231741696577831,-0.941362508405494,0.25603655707058115,0.5002901757295107,0.605971820160315,0.3689847723091936,-0.37894499455701275,0.31432092060604333,0.2675834651695329,-0.13523517560422083,-0.19466400788931726,1.4168969978945716,-0.1741902561628454
4071,train,1,0.0,0.0,0.0,0.0,1.0,0.0,0.0,0.0,0.0,0.0,1.0,0.0,0.0,0.0,1.0,0.0,1.0,1.0,1.0,1.0,0.0,0.0,0.0,0.0,0.0,0.0,0.0,0.0,0.0,0.0,-0.09357768206311876,-0.1354481396713401,0.12639852339264757,-0.08704328640870208,0.024737571410268316,2.732785794012486,-0.34528453656689306,-1.2920954114586618,1.2069144288195255,-0.9350482027308261,-0.1730984565916102,-0.12306743594844094,-0.11204874765929806,0.12611181810130395,-0.08794999545015139,-0.02015115093608484,0.7561764411781836,0.9484825848915532,0.6786210838728348,0.8487682093285067,0.7017658777172902,2.997236206546565,0.4255835824131728,0.7522762221271986,-0.13523517560422083,-0.19466400788931726,-0.47362103988404985,-0.13489026673686158
4100,train,0,0.0,0.0,0.0,0.0,0.0,0.0,0.0,0.0,0.0,0.0,0.0,0.0,0.0,0.0,0.0,0.0,0.0,0.0,1.0,0.0,0.0,0.0,0.0,0.0,0.0,0.0,0.0,0.0,0.0,0.0,-0.1891410974326167,-0.5098431941545593,-0.5985959817361338,-0.40168836467971886,-0.2721132855129515,-0.33462683191989634,-0.34528453656689306,-1.2920954114586618,-0.8876093978939715,0.30050004083973125,-0.20273860326825577,-0.12306743594844094,-0.11204874765929806,-0.2985504265255358,-0.08794999545015139,-0.8261971883794814,0.7561764411781836,-0.8458145240015983,-2.1507487576923867,-1.8147058509142775,-0.664727757578983,-0.37894499455701275,-0.6678467906597125,-0.8733298057579086,-0.13523517560422083,-0.19466400788931726,-0.25548434321728586,-0.20039024911350126
4139,train,1,0.0,0.0,0.0,0.0,0.0,0.0,0.0,1.0,0.0,0.0,0.0,0.0,0.0,0.0,1.0,0.0,1.0,1.0,1.0,0.0,1.0,0.0,0.0,0.0,1.0,0.0,0.0,0.0,1.0,0.0,-0.06900423239667643,-0.31247188825851435,-0.19960571716861658,0.9214345285625055,-0.17316299987187822,-0.33462683191989634,-0.34528453656689306,-1.2920954114586618,0.07909390674302706,0.1924614037275149,-0.08417801656167347,-0.12306743594844094,-0.11204874765929806,-0.15699634498325588,-0.08794999545015139,0.7858948865073117,0.7561764411781836,1.0823726857501401,0.41363108207260624,0.5341913735716046,-0.060044691068802135,-0.37894499455701275,1.190088586315254,1.1009609914997593,1.5176391928918116,-0.19466400788931726,-0.25548434321728586,-0.07812361534377388
4175,train,0,0.0,0.0,0.0,0.0,0.0,0.0,1.0,0.0,0.0,0.0,0.0,0.0,0.0,0.0,0.0,0.0,1.0,0.0,1.0,0.0,0.0,0.0,0.0,0.0,0.0,0.0,0.0,0.0,0.0,0.0,-0.18641071413634533,-0.43944064586586695,-0.5012812830611296,-0.3371457845215616,-0.2721132855129515,-0.33462683191989634,-0.34528453656689306,1.1927034567310724,-0.4042577455754722,0.30050004083973125,-0.19977458860059122,-0.12306743594844094,-0.11204874765929806,-0.2985504265255358,-0.08794999545015139,-0.8261971883794814,0.7561764411781836,-0.596471810663793,-0.012156575329657629,-0.19634688787862392,-0.664727757578983,-0.37894499455701275,-0.42040963626434275,-0.57382587770278,-0.13523517560422083,-0.19466400788931726,-1.2007433621065966,-0.1974791387856506
4181,train,0,0.0,1.0,1.0,0.0,0.0,0.0,0.0,0.0,0.0,0.0,0.0,0.0,0.0,0.0,1.0,0.0,1.0,1.0,0.0,0.0,0.0,0.0,0.0,0.0,0.0,0.0,0.0,0.0,0.0,1.0,-0.18368033084007396,3.8193030988807513,2.5203401107977514,-0.3371457845215616,-0.2721132855129515,-0.33462683191989634,-0.34528453656689306,0.19878390945517868,-0.8876093978939715,-0.8609153081165924,-0.20273860326825577,-0.41109760518947297,-0.11204874765929806,-0.2985504265255358,-0.08794999545015139,-0.02015115093608484,0.7561764411781836,-0.4195603401344113,1.69290636198148,1.6216374960689692,-0.664727757578983,-0.37894499455701275,-0.6678467906597125,-0.57382587770278,-0.13523517560422083,-0.19466400788931726,-0.3281965754395405,-0.1974791387856506
4184,train,0,0.0,1.0,1.0,0.0,0.0,0.0,0.0,1.0,0.0,0.0,0.0,0.0,0.0,0.0,1.0,0.0,1.0,1.0,0.0,0.0,0.0,0.0,0.0,0.0,0.0,0.0,0.0,0.0,0.0,1.0,-0.12634228161837519,1.239232832115958,1.2065916786851945,0.3082800170600113,-0.17316299987187822,-0.33462683191989634,-0.34528453656689306,0.19878390945517868,-0.8876093978939715,0.30050004083973125,-0.13456626591197093,-0.41109760518947297,-0.11204874765929806,-0.15699634498325588,-0.08794999545015139,0.38287186778561344,0.7561764411781836,0.7073944223002251,1.3172808871522728,1.3315658932619032,-0.060044691068802135,-0.37894499455701275,0.8734920225330413,0.7643655873109332,-0.13523517560422083,-0.19466400788931726,-0.18277211099503118,-0.13343471157293627
4190,train,1,0.0,0.0,0.0,0.0,1.0,0.0,0.0,0.0,0.0,0.0,0.0,0.0,0.0,0.0,1.0,0.0,1.0,0.0,1.0,1.0,0.0,0.0,0.0,0.0,0.0,0.0,0.0,0.0,0.0,0.0,-0.1809499475438026,-0.43130162294231866,-0.4915498131936292,-0.3210101394820222,-0.17316299987187822,0.6878440433908977,-0.34528453656689306,-0.29817586418276815,-1.0487266153334713,0.5585923406078033,-0.19088254459759754,0.16496273329259106,-0.11204874765929806,-0.15699634498325588,-0.08794999545015139,-0.02015115093608484,0.7561764411781836,-0.2823371427842802,0.0329456637424407,-0.14798955248233153,-0.060044691068802135,1.11503898681346,0.0025869730744149306,-0.16742437073150318,-0.13523517560422083,-0.19466400788931726,0.18078905011624216,-0.19020136296602397
4209,train,0,0.0,1.0,1.0,0.0,0.0,0.0,1.0,0.0,0.0,0.0,0.0,0.0,0.0,0.0,1.0,0.0,1.0,1.0,0.0,0.0,0.0,0.0,0.0,0.0,0.0,0.0,0.0,0.0,0.0,1.0,-0.17548918095125984,2.5488016205148702,2.194335870236487,-0.2726032043634043,-0.17316299987187822,-0.33462683191989634,-0.34528453656689306,1.689663230369019,-0.8876093978939715,0.30050004083973125,-0.187918529929933,-0.41109760518947297,-0.11204874765929806,-0.15699634498325588,-0.08794999545015139,-0.02015115093608484,0.7561764411781836,-0.07542192674159108,1.5489148761240814,1.5630494195180022,-0.060044691068802135,-0.37894499455701275,0.09665821324236852,-0.013596676635043348,-0.13523517560422083,-0.19466400788931726,-0.5463332721063046,-0.185834697474248
4221,train,0,0.0,0.0,0.0,0.0,0.0,0.0,0.0,0.0,0.0,0.0,0.0,0.0,0.0,0.0,0.0,0.0,1.0,0.0,1.0,0.0,0.0,0.0,0.0,0.0,0.0,0.0,0.0,0.0,0.0,0.0,-0.1891410974326167,-0.4451379619123507,-0.4769526083923786,-0.40168836467971886,-0.2721132855129515,-0.33462683191989634,-0.34528453656689306,0.19878390945517868,-1.209843832772971,0.30050004083973125,-0.20273860326825577,-0.12306743594844094,-0.11204874765929806,-0.2985504265255358,-0.08794999545015139,-0.8261971883794814,0.7561764411781836,-0.8458145240015983,-0.04692811303994868,-0.08281855410549671,-0.664727757578983,-0.37894499455701275,-0.6678467906597125,-0.8733298057579086,-0.13523517560422083,-0.19466400788931726,0.8351991401165342,-0.20039024911350126
4234,train,0,0.0,0.0,0.0,0.0,0.0,0.0,0.0,0.0,0.0,0.0,0.0,0.0,0.0,0.0,0.0,0.0,1.0,0.0,1.0,0.0,0.0,0.0,0.0,0.0,0.0,0.0,0.0,0.0,0.0,0.0,-0.18368033084007396,-0.48746088111480157,-0.5499386323986317,-0.24033191428432563,-0.2721132855129515,-0.33462683191989634,-0.34528453656689306,0.6957436830931255,-0.4042577455754722,0.632332997684395,-0.1938465592652621,-0.12306743594844094,-0.11204874765929806,-0.2985504265255358,-0.08794999545015139,-0.8261971883794814,0.7561764411781836,-0.4195603401344113,-0.48211270752687485,-0.5400707031911187,-0.664727757578983,-0.37894499455701275,-0.10867568873271452,-0.2982564336301194,-0.13523517560422083,-0.19466400788931726,1.3441847656723167,-0.19311247329387463
4254,train,0,0.0,1.0,1.0,0.0,0.0,0.0,0.0,0.0,0.0,0.0,0.0,0.0,0.0,0.0,1.0,0.0,1.0,1.0,0.0,0.0,0.0,0.0,0.0,0.0,0.0,0.0,0.0,0.0,0.0,1.0,-0.1891410974326167,1.8048949253025608,1.6542392925902139,-0.40168836467971886,-0.2721132855129515,-0.33462683191989634,-0.34528453656689306,-0.29817586418276815,-0.8876093978939715,0.30050004083973125,-0.20273860326825577,-0.41109760518947297,-0.11204874765929806,-0.2985504265255358,-0.08794999545015139,-0.02015115093608484,0.7561764411781836,-0.8458145240015983,1.4334128038543312,1.449036624417805,-0.664727757578983,-0.37894499455701275,-0.6678467906597125,-0.8733298057579086,-0.13523517560422083,-0.19466400788931726,-0.6190455043285592,-0.20039024911350126
4266,train,0,0.0,0.0,0.0,0.0,0.0,0.0,0.0,0.0,0.0,0.0,0.0,0.0,0.0,0.0,0.0,0.0,1.0,0.0,1.0,0.0,0.0,0.0,0.0,0.0,0.0,0.0,0.0,0.0,0.0,0.0,-0.1891410974326167,-0.48298441850685003,-0.5694015721336326,-0.40168836467971886,-0.2721132855129515,-0.33462683191989634,-0.34528453656689306,-0.795135637820715,0.4013283416220266,0.30050004083973125,-0.20273860326825577,-0.12306743594844094,-0.11204874765929806,-0.2985504265255358,-0.08794999545015139,-0.8261971883794814,-0.941362508405494,-0.8458145240015983,-0.40777019988610697,-0.7803297885258043,-0.664727757578983,-0.37894499455701275,-0.6678467906597125,-0.8733298057579086,-0.13523517560422083,-0.19466400788931726,-0.5463332721063046,-0.20039024911350126
4271,train,1,0.0,0.0,0.0,0.0,0.0,0.0,0.0,0.0,0.0,0.0,0.0,0.0,0.0,0.0,0.0,0.0,1.0,0.0,1.0,0.0,0.0,0.0,0.0,0.0,0.0,0.0,0.0,0.0,0.0,0.0,-0.1891410974326167,-0.46060210546709235,-0.4964155481273794,-0.40168836467971886,-0.2721132855129515,-0.33462683191989634,-0.34528453656689306,-1.2920954114586618,-0.8876093978939715,0.30050004083973125,-0.20273860326825577,-0.12306743594844094,-0.11204874765929806,-0.2985504265255358,-0.08794999545015139,-0.8261971883794814,0.7561764411781836,-0.8458145240015983,-0.15932954345431194,-0.17161851559584843,-0.664727757578983,-0.37894499455701275,-0.6678467906597125,-0.8733298057579086,-0.13523517560422083,-0.19466400788931726,-0.40090880766179515,-0.20039024911350126
4283,train,0,0.0,0.0,0.0,0.0,0.0,0.0,0.0,1.0,0.0,0.0,1.0,0.0,0.0,0.0,1.0,0.0,1.0,0.0,0.0,0.0,0.0,0.0,0.0,0.0,0.0,0.0,0.0,0.0,0.0,0.0,-0.1345334315071893,-0.4996694155001239,-0.5839987769348832,-0.20160636618943129,0.12368785705134158,-0.33462683191989634,-0.34528453656689306,0.6957436830931255,0.4013283416220266,0.2438456335735691,-0.1464223245826292,-0.41109760518947297,-0.11204874765929806,0.26766589964358384,-0.08794999545015139,-0.02015115093608484,-0.941362508405494,0.6287826772449849,-0.8001643228528031,-1.0778014757237373,0.9736678388193742,-0.37894499455701275,0.7670919769764963,0.6739849721408095,-0.13523517560422083,-0.19466400788931726,-1.2007433621065966,-0.14362359772041353
4287,train,0,0.0,0.0,0.0,0.0,0.0,0.0,0.0,0.0,0.0,0.0,0.0,0.0,0.0,0.0,0.0,0.0,0.0,0.0,1.0,0.0,0.0,0.0,0.0,0.0,0.0,0.0,0.0,0.0,0.0,0.0,-0.18641071413634533,-0.5098431941545593,-0.5985959817361338,-0.40168836467971886,-0.17316299987187822,-0.33462683191989634,-0.34528453656689306,-1.2920954114586618,0.07909390674302706,0.30050004083973125,-0.19977458860059122,-0.12306743594844094,-0.11204874765929806,-0.15699634498325588,-0.08794999545015139,-0.8261971883794814,-0.941362508405494,-0.596471810663793,-2.1507487576923867,-1.8147058509142775,-0.060044691068802135,-0.37894499455701275,-0.42040963626434275,-0.57382587770278,-0.13523517560422083,-0.19466400788931726,-1.2734555943288512,-0.1974791387856506
4298,train,1,0.0,1.0,1.0,0.0,0.0,0.0,0.0,0.0,0.0,0.0,0.0,0.0,0.0,0.0,1.0,0.0,1.0,1.0,1.0,0.0,0.0,0.0,0.0,0.0,0.0,0.0,0.0,0.0,0.0,1.0,-0.18641071413634533,0.551892346222309,1.0265594861364367,-0.30487449444248294,-0.17316299987187822,-0.33462683191989634,-0.34528453656689306,0.19878390945517868,-0.0820233106964727,1.6941984595873198,-0.18199050059460387,-0.12306743594844094,-0.11204874765929806,-0.15699634498325588,-0.08794999545015139,0.38287186778561344,-0.941362508405494,-0.596471810663793,1.1104161930616312,1.2758774674580773,-0.060044691068802135,-0.37894499455701275,0.2500241274697851,-0.11154273146566895,-0.13523517560422083,-0.19466400788931726,-0.8371822009953231,-0.18874580780209865
4304,train,0,0.0,0.0,0.0,0.0,0.0,0.0,0.0,0.0,0.0,0.0,0.0,0.0,0.0,0.0,0.0,0.0,1.0,0.0,1.0,0.0,0.0,0.0,0.0,0.0,0.0,0.0,0.0,0.0,0.0,0.0,-0.1891410974326167,-0.4683341772444632,-0.5548043673323819,-0.40168836467971886,-0.2721132855129515,-0.33462683191989634,-0.34528453656689306,-1.2920954114586618,-0.8876093978939715,0.30050004083973125,-0.20273860326825577,-0.12306743594844094,-0.11204874765929806,-0.2985504265255358,-0.08794999545015139,-0.8261971883794814,-0.941362508405494,-0.8458145240015983,-0.22950647461259494,-0.5907341773188404,-0.664727757578983,-0.37894499455701275,-0.6678467906597125,-0.8733298057579086,-0.13523517560422083,-0.19466400788931726,1.3441847656723167,-0.20039024911350126
4326,train,0,0.0,0.0,0.0,0.0,0.0,1.0,0.0,1.0,0.0,0.0,1.0,0.0,0.0,0.0,1.0,1.0,0.0,0.0,0.0,0.0,0.0,0.0,0.0,0.0,0.0,0.0,0.0,0.0,0.0,0.0,-0.09084729876684738,-0.5098431941545593,-0.5985959817361338,0.011384148332487798,0.12368785705134158,-0.33462683191989634,0.6412427107670872,-1.2920954114586618,0.8846799939405259,0.30050004083973125,-0.09603407523233169,-0.41109760518947297,-0.11204874765929806,0.26766589964358384,-0.08794999545015139,0.38287186778561344,-0.941362508405494,0.9648823513682665,-2.1507487576923867,-1.8147058509142775,0.9736678388193742,-0.37894499455701275,1.1290121442437444,1.0139403479244307,-0.13523517560422083,-0.19466400788931726,-1.4188800587733605,-0.09559027731087778
4335,train,0,1.0,0.0,0.0,1.0,1.0,1.0,0.0,1.0,1.0,0.0,1.0,0.0,0.0,0.0,1.0,1.0,1.0,0.0,1.0,1.0,0.0,1.0,0.0,0.0,0.0,0.0,1.0,0.0,1.0,0.0,0.2941367460074158,-0.3511322471453685,-0.3601749699823735,0.09313808319948697,1.1131907134620742,1.7103149187016917,2.6142972054350477,0.6957436830931255,-1.85431270253097,-0.5571605245434001,0.03734658481257341,1.0290532410156872,-0.11204874765929806,1.683206715066383,-0.08794999545015139,2.8010099801158033,-0.941362508405494,1.9179390784813686,0.32346998707227015,0.26478530868132627,2.4364098320855465,2.1750374906940113,1.6057766638621616,1.7450921402858008,-0.13523517560422083,0.4641987880437565,-1.7097289876623791,0.17514298317923283
4343,train,0,1.0,0.0,0.0,0.0,1.0,0.0,0.0,1.0,1.0,0.0,1.0,0.0,0.0,0.0,1.0,0.0,1.0,0.0,1.0,1.0,0.0,0.0,0.0,0.0,0.0,0.0,0.0,0.0,1.0,0.0,0.021098416380278786,-0.4256043068958349,-0.4331609939886267,0.17919485674369673,0.12368785705134158,0.6878440433908977,-0.34528453656689306,-0.795135637820715,0.4013283416220266,-1.0002851499913512,-0.14049429524730006,1.0290532410156872,-0.11204874765929806,0.26766589964358384,-0.08794999545015139,1.5919409239507083,0.7561764411781836,1.4149442102231315,0.06183020265535913,0.07518969747436254,0.9736678388193742,1.11503898681346,0.822607969547445,1.188446225779839,-0.13523517560422083,-0.19466400788931726,0.10807681789398749,-0.057745843048819315
4382,train,1,0.0,0.0,0.0,0.0,0.0,0.0,1.0,0.0,0.0,0.0,0.0,0.0,0.0,0.0,1.0,0.0,1.0,0.0,1.0,0.0,0.0,0.0,0.0,0.0,0.0,0.0,0.0,0.0,0.0,0.0,-0.15637649787736027,-0.46222991005180203,-0.5012812830611296,0.14692356666461806,-0.2721132855129515,-0.33462683191989634,-0.34528453656689306,1.689663230369019,-1.5320782676519706,-0.5552796899701916,-0.187918529929933,-0.12306743594844094,-0.11204874765929806,-0.2985504265255358,-0.08794999545015139,-0.4231741696577831,0.7561764411781836,0.3508322571255962,-0.17314854783348274,-0.19634688787862392,-0.664727757578983,-0.37894499455701275,0.09665821324236852,0.23897713623977337,-0.13523517560422083,-0.19466400788931726,1.3441847656723167,-0.1756458113267707
4397,train,1,0.0,0.0,0.0,0.0,0.0,0.0,0.0,0.0,0.0,0.0,0.0,0.0,0.0,0.0,1.0,0.0,1.0,1.0,1.0,0.0,1.0,0.0,0.0,0.0,1.0,0.0,0.0,0.0,0.0,0.0,-0.19187148072888807,-0.28683396604933736,-0.2823232110423701,-0.07897546388893242,-0.2721132855129515,-0.33462683191989634,-0.34528453656689306,0.6957436830931255,-1.3709610502124707,2.6233307387523785,-0.17013444192394564,-0.12306743594844094,-0.11204874765929806,-0.2985504265255358,-0.08794999545015139,-0.02015115093608484,0.7561764411781836,-1.2720687078687853,0.4641582805478761,0.41236438505133133,-0.664727757578983,-0.37894499455701275,0.4744300538376802,-0.013596676635043348,1.5176391928918116,-0.19466400788931726,-0.3281965754395405,-0.185834697474248
4412,train,1,1.0,0.0,0.0,1.0,0.0,0.0,0.0,0.0,1.0,0.0,1.0,0.0,0.0,0.0,1.0,0.0,1.0,0.0,1.0,0.0,0.0,0.0,0.0,0.0,0.0,0.0,0.0,0.0,1.0,0.0,0.23133793019317428,-0.4662994215135761,-0.5596701022661321,0.08955238430181157,0.5194889996156347,-0.33462683191989634,-0.34528453656689306,-0.795135637820715,-0.0820233106964727,-2.0223306570729163,-0.20570261793592035,2.181173917979815,-0.11204874765929806,0.8338822258127034,-0.08794999545015139,1.18891790522901,0.7561764411781836,1.833364469076536,-0.20985674192958179,-0.646740049619917,1.7354784076054668,-0.37894499455701275,-1.0908433999984704,1.4433374860935515,-0.13523517560422083,-0.19466400788931726,-0.7644699687730685,0.022309690967073612
4432,train,1,0.0,0.0,0.0,0.0,0.0,0.0,0.0,0.0,0.0,0.0,0.0,0.0,0.0,0.0,1.0,0.0,1.0,1.0,0.0,0.0,0.0,0.0,0.0,0.0,0.0,0.0,0.0,0.0,0.0,0.0,-0.18641071413634533,-0.2709628713484183,-0.09742528355986214,-0.3694170746006402,-0.2721132855129515,-0.33462683191989634,-0.34528453656689306,0.19878390945517868,-0.565374963014972,-0.47377685846448464,-0.20273860326825577,-0.41109760518947297,-0.11204874765929806,-0.2985504265255358,-0.08794999545015139,-0.4231741696577831,-0.941362508405494,-0.596471810663793,0.49260697488020816,0.6540858210850437,-0.664727757578983,-0.37894499455701275,-0.6678467906597125,-0.7046579406013964,-0.13523517560422083,-0.19466400788931726,0.47163797900526083,-0.1989346939495759
4445,train,0,0.0,0.0,0.0,0.0,0.0,0.0,0.0,1.0,0.0,0.0,0.0,0.0,0.0,0.0,1.0,0.0,1.0,1.0,1.0,0.0,0.0,0.0,0.0,0.0,0.0,0.0,0.0,0.0,0.0,0.0,-0.10176883195193286,-0.25224311862425736,-0.04876793422236004,0.5503146926531011,-0.17316299987187822,-0.33462683191989634,-0.34528453656689306,-0.29817586418276815,0.8846799939405259,0.1898890552248429,-0.1167821779059836,-0.12306743594844094,-0.11204874765929806,-0.15699634498325588,-0.08794999545015139,-0.4231741696577831,-0.941362508405494,0.8964836134830189,0.5238303374923219,0.7028874224025986,-0.060044691068802135,-0.37894499455701275,1.004764841293762,0.9209480872837111,-0.13523517560422083,-0.19466400788931726,0.6897746756720248,-0.11160138411405637
4461,train,0,0.0,0.0,0.0,0.0,0.0,0.0,0.0,0.0,0.0,0.0,0.0,0.0,0.0,0.0,0.0,0.0,1.0,1.0,1.0,0.0,0.0,0.0,0.0,0.0,0.0,0.0,0.0,0.0,0.0,0.0,-0.161837264469903,-0.35357395402243297,-0.31151762064487143,-0.2887388494029436,-0.17316299987187822,-0.33462683191989634,-0.34528453656689306,-0.29817586418276815,-1.6931954850914703,-2.0223306570729163,-0.20570261793592035,-0.12306743594844094,-0.11204874765929806,-0.15699634498325588,-0.08794999545015139,-0.8261971883794814,0.7561764411781836,0.25603655707058115,0.3170595746488609,0.3617009109236097,-0.060044691068802135,-0.37894499455701275,-1.0908433999984704,-0.06052679181535508,-0.13523517560422083,-0.19466400788931726,-0.18277211099503118,-0.1872902526381733
4469,train,0,0.0,0.0,0.0,0.0,0.0,0.0,1.0,0.0,0.0,0.0,0.0,0.0,0.0,0.0,0.0,0.0,1.0,0.0,1.0,0.0,0.0,0.0,0.0,0.0,0.0,0.0,0.0,0.0,0.0,0.0,-0.18368033084007396,-0.4508352779588345,-0.4720868734586284,-0.2726032043634043,-0.2721132855129515,-0.33462683191989634,-0.34528453656689306,1.689663230369019,-0.0820233106964727,0.30050004083973125,-0.19681057393292667,-0.12306743594844094,-0.11204874765929806,-0.2985504265255358,-0.08794999545015139,-0.8261971883794814,0.7561764411781836,-0.4195603401344113,-0.08488562131948255,-0.06275714897273735,-0.664727757578983,-0.37894499455701275,-0.2448501813209548,-0.37654768361650864,-0.13523517560422083,-0.19466400788931726,0.6897746756720248,-0.19456802845779994
4479,train,1,1.0,0.0,0.0,0.0,1.0,0.0,0.0,1.0,0.0,0.0,1.0,0.0,0.0,0.0,1.0,0.0,1.0,1.0,1.0,1.0,0.0,1.0,0.0,0.0,0.0,0.0,1.0,0.0,1.0,0.0,0.3269013455626722,-0.1765502054352587,0.07287543912139523,1.308690009511449,0.024737571410268316,1.7103149187016917,-0.34528453656689306,-0.795135637820715,1.2069144288195255,-1.3888313758240127,-0.1167821779059836,0.16496273329259106,-0.11204874765929806,0.12611181810130395,-0.08794999545015139,1.9949639426724064,-0.941362508405494,1.9578420330372885,0.6304708608205786,0.8082835606925188,0.7017658777172902,2.1750374906940113,1.004764841293762,1.647554381738191,-0.13523517560422083,0.13476739007721963,1.1260480690055528,0.1169207766222198
4491,train,0,0.0,0.0,0.0,0.0,0.0,0.0,0.0,0.0,0.0,0.0,0.0,0.0,0.0,0.0,0.0,0.0,1.0,0.0,1.0,0.0,0.0,0.0,0.0,0.0,0.0,0.0,0.0,0.0,0.0,0.0,-0.1891410974326167,-0.49844856206159166,-0.5645358371998824,-0.40168836467971886,-0.2721132855129515,-0.33462683191989634,-0.34528453656689306,-0.795135637820715,-0.7264921804544717,0.30050004083973125,-0.20273860326825577,-0.12306743594844094,-0.11204874765929806,-0.2985504265255358,-0.08794999545015139,-0.8261971883794814,0.7561764411781836,-0.8458145240015983,-0.7548977500848328,-0.7093492881284668,-0.664727757578983,-0.37894499455701275,-0.6678467906597125,-0.8733298057579086,-0.13523517560422083,-0.19466400788931726,-0.6190455043285592,-0.20039024911350126
4497,train,0,0.0,0.0,0.0,0.0,0.0,0.0,1.0,0.0,0.0,0.0,0.0,0.0,0.0,0.0,0.0,0.0,1.0,0.0,0.0,0.0,0.0,0.0,0.0,0.0,0.0,0.0,0.0,0.0,0.0,0.0,-0.18641071413634533,-0.4988555132077691,-0.579133042001133,-0.40168836467971886,-0.2721132855129515,-0.33462683191989634,-0.34528453656689306,1.1927034567310724,-2.0154299199704697,-2.0223306570729163,-0.20570261793592035,-0.41109760518947297,-0.11204874765929806,-0.2985504265255358,-0.08794999545015139,-0.8261971883794814,-0.941362508405494,-0.596471810663793,-0.7694442160295959,-0.9591863649141107,-0.664727757578983,-0.37894499455701275,-1.0908433999984704,-0.8733298057579086,-0.13523517560422083,-0.19466400788931726,0.47163797900526083,-0.20039024911350126
4511,train,0,0.0,0.0,0.0,0.0,0.0,0.0,0.0,0.0,0.0,0.0,0.0,0.0,0.0,0.0,0.0,0.0,1.0,0.0,0.0,0.0,0.0,0.0,0.0,0.0,0.0,0.0,0.0,0.0,0.0,0.0,-0.1891410974326167,-0.5041458781080754,-0.5888645118686334,-0.40168836467971886,-0.2721132855129515,-0.33462683191989634,-0.34528453656689306,-0.29817586418276815,1.2069144288195255,0.30050004083973125,-0.20273860326825577,-0.41109760518947297,-0.11204874765929806,-0.2985504265255358,-0.08794999545015139,-0.8261971883794814,-0.941362508405494,-0.8458145240015983,-1.028175989301098,-1.2307229502670975,-0.664727757578983,-0.37894499455701275,-0.6678467906597125,-0.8733298057579086,-0.13523517560422083,-0.19466400788931726,-1.2734555943288512,-0.20039024911350126
4515,train,0,0.0,1.0,1.0,0.0,0.0,1.0,0.0,0.0,0.0,0.0,0.0,0.0,0.0,0.0,1.0,1.0,1.0,1.0,0.0,0.0,0.0,0.0,0.0,0.0,0.0,0.0,0.0,0.0,0.0,1.0,-0.1891410974326167,3.02371360810391,2.578728930002754,-0.40168836467971886,-0.2721132855129515,-0.33462683191989634,0.6412427107670872,0.6957436830931255,0.4013283416220266,0.30050004083973125,-0.20273860326825577,-0.41109760518947297,-0.11204874765929806,-0.2985504265255358,-0.08794999545015139,0.38287186778561344,0.7561764411781836,-0.8458145240015983,1.6087380783445013,1.6314815578402482,-0.664727757578983,-0.37894499455701275,-0.6678467906597125,-0.8733298057579086,-0.13523517560422083,-0.19466400788931726,-0.40090880766179515,-0.20039024911350126
4534,train,1,0.0,0.0,0.0,0.0,0.0,0.0,0.0,0.0,0.0,0.0,0.0,0.0,0.0,0.0,1.0,0.0,1.0,1.0,1.0,0.0,0.0,0.0,0.0,0.0,0.0,0.0,0.0,1.0,0.0,0.0,-0.1700284143587171,-0.25183616747807996,-0.09742528355986214,-0.3210101394820222,-0.17316299987187822,-0.33462683191989634,-0.34528453656689306,-0.795135637820715,0.4013283416220266,-1.5061460575367724,-0.20273860326825577,-0.12306743594844094,-0.11204874765929806,-0.15699634498325588,-0.08794999545015139,-0.02015115093608484,-0.941362508405494,0.07912508654119967,0.5244836579465587,0.6540858210850437,-0.060044691068802135,-0.37894499455701275,-0.6678467906597125,-0.16742437073150318,-0.13523517560422083,-0.19466400788931726,2.9438538745619196,-0.19020136296602397
4560,train,1,0.0,0.0,0.0,0.0,0.0,0.0,0.0,1.0,0.0,0.0,1.0,0.0,0.0,0.0,1.0,0.0,1.0,0.0,1.0,0.0,0.0,1.0,0.0,0.0,0.0,0.0,1.0,0.0,0.0,0.0,-0.07719538228549053,-0.5045528292542528,-0.5839987769348832,0.17112703422392705,0.024737571410268316,-0.33462683191989634,-0.34528453656689306,0.19878390945517868,0.7235627765010261,0.15348543970601913,-0.09603407523233169,-0.12306743594844094,-0.11204874765929806,0.12611181810130395,-0.08794999545015139,0.38287186778561344,-0.941362508405494,1.0408993465940388,-1.0567757245323166,-1.0778014757237373,0.7017658777172902,-0.37894499455701275,1.1290121442437444,1.0517801501823267,-0.13523517560422083,0.4641987880437565,0.5443502112275155,-0.08831250149125115
4577,train,1,1.0,0.0,0.0,0.0,1.0,0.0,0.0,1.0,0.0,0.0,1.0,0.0,0.0,0.0,1.0,0.0,1.0,1.0,1.0,1.0,0.0,1.0,0.0,0.0,0.0,0.0,1.0,0.0,1.0,0.0,0.08662761549079166,-0.013362795818116446,0.44267129408641126,0.7278067880880337,0.12368785705134158,1.7103149187016917,-0.34528453656689306,-1.2920954114586618,0.5624455590615264,0.061939050243297315,0.04031059948023797,-0.12306743594844094,-0.11204874765929806,0.26766589964358384,-0.08794999545015139,1.9949639426724064,-0.941362508405494,1.5780801172732135,0.7955047081258733,1.0401327544269894,0.9736678388193742,2.1750374906940113,1.6130851956540118,1.5464645475861338,-0.13523517560422083,0.13476739007721963,-0.8371822009953231,0.06597634588483339
4591,train,0,0.0,0.0,0.0,0.0,0.0,0.0,0.0,1.0,1.0,0.0,1.0,1.0,0.0,0.0,1.0,0.0,1.0,0.0,1.0,0.0,0.0,0.0,0.0,0.0,0.0,0.0,0.0,0.0,1.0,0.0,-0.1809499475438026,-0.47240368870623733,-0.5353414275973811,0.2824629849967483,0.12368785705134158,-0.33462683191989634,-0.34528453656689306,-0.795135637820715,-1.209843832772971,2.463135518206679,0.12626702484251015,1.0290532410156872,-0.11204874765929806,0.12611181810130395,0.17003665787029273,1.18891790522901,0.7561764411781836,-0.2823371427842802,-0.2718423921578579,-0.4118776009305339,0.9736678388193742,-0.37894499455701275,1.7940691761866814,1.2746656209370393,-0.13523517560422083,-0.19466400788931726,-1.055318897662087,-0.0344569604260141
4610,train,1,1.0,0.0,0.0,0.0,1.0,1.0,0.0,1.0,0.0,0.0,1.0,0.0,0.0,0.0,1.0,1.0,1.0,1.0,1.0,1.0,0.0,1.0,0.0,0.0,0.0,0.0,1.0,0.0,1.0,0.0,-0.030778866248877244,-0.2066645902523872,-0.009842054752358349,0.2276017918623147,0.024737571410268316,1.7103149187016917,0.6412427107670872,0.19878390945517868,0.8846799939405259,-0.563809056057998,-0.12567422190897728,-0.12306743594844094,-0.11204874765929806,0.12611181810130395,-0.08794999545015139,2.3979869613941047,-0.941362508405494,1.245768122155086,0.5912649709110158,0.7389394827589868,0.7017658777172902,2.1750374906940113,0.9426514319198843,1.1009609914997593,-0.13523517560422083,0.13476739007721963,0.10807681789398749,-0.07812361534377388
4624,train,0,1.0,0.0,0.0,0.0,1.0,0.0,0.0,1.0,0.0,0.0,1.0,0.0,0.0,0.0,1.0,0.0,1.0,0.0,1.0,1.0,0.0,1.0,0.0,0.0,0.0,0.0,1.0,0.0,1.0,0.0,0.8593260883355894,-0.3755493159160132,-0.3845036446511246,4.664904177735628,0.024737571410268316,1.7103149187016917,-0.34528453656689306,-1.2920954114586618,1.3680316462590252,-0.18890139551293333,0.5382650636478837,0.16496273329259106,-0.11204874765929806,0.12611181810130395,-0.08794999545015139,1.5919409239507083,-0.941362508405494,2.3905020539657884,0.25441348211025894,0.20877943638024957,0.7017658777172902,2.1750374906940113,2.2835189593881395,2.2682298652198396,-0.13523517560422083,0.13476739007721963,0.03536458567173282,0.7224317248151554
4645,train,0,0.0,0.0,0.0,0.0,0.0,0.0,0.0,0.0,0.0,0.0,0.0,0.0,0.0,0.0,1.0,0.0,1.0,1.0,1.0,0.0,1.0,1.0,0.0,0.0,1.0,0.0,1.0,0.0,0.0,0.0,-0.17275879765498847,0.05826060590910809,0.49619437835766356,-0.358659977907614,-0.07421271423080496,-0.33462683191989634,-0.34528453656689306,0.6957436830931255,0.07909390674302706,-0.6286322383253278,-0.19681057393292667,-0.12306743594844094,-0.11204874765929806,-0.015442263440975964,-0.08794999545015139,-0.02015115093608484,-0.941362508405494,0.006693843732775998,0.8513242613527879,1.066656195174109,0.3689847723091936,-0.37894499455701275,-0.2448501813209548,-0.11154273146566895,1.5176391928918116,0.13476739007721963,0.47163797900526083,-0.18874580780209865
4662,train,0,0.0,0.0,0.0,0.0,0.0,0.0,0.0,0.0,0.0,0.0,0.0,0.0,0.0,0.0,1.0,0.0,1.0,0.0,0.0,0.0,0.0,1.0,0.0,0.0,0.0,0.0,1.0,0.0,0.0,0.0,-0.16729803106244573,-0.49478600174599496,-0.5742673070673828,-0.2941173977494567,-0.07421271423080496,-0.33462683191989634,-0.34528453656689306,0.19878390945517868,-1.5320782676519706,0.010146203600650331,-0.18495451526226844,-0.41109760518947297,-0.11204874765929806,-0.015442263440975964,-0.08794999545015139,-0.4231741696577831,0.7561764411781836,0.14391704108290698,-0.642853828741709,-0.8622707626718272,0.3689847723091936,-0.37894499455701275,0.17814642801780317,0.14369010382928477,-0.13523517560422083,0.13476739007721963,0.5443502112275155,-0.18001247681854668
4665,train,0,0.0,1.0,1.0,0.0,0.0,1.0,0.0,0.0,0.0,0.0,0.0,0.0,0.0,0.0,1.0,1.0,1.0,1.0,0.0,0.0,0.0,0.0,0.0,0.0,0.0,0.0,0.0,0.0,0.0,1.0,-0.1891410974326167,3.078245061691683,2.627386279340256,-0.40168836467971886,-0.2721132855129515,-0.33462683191989634,0.6412427107670872,0.6957436830931255,0.4013283416220266,0.30050004083973125,-0.20273860326825577,-0.41109760518947297,-0.11204874765929806,-0.2985504265255358,-0.08794999545015139,0.38287186778561344,0.7561764411781836,-0.8458145240015983,1.615085734484972,1.6395479363574148,-0.664727757578983,-0.37894499455701275,-0.6678467906597125,-0.8733298057579086,-0.13523517560422083,-0.19466400788931726,-0.11005987877277651,-0.20039024911350126
4675,train,0,0.0,0.0,0.0,0.0,0.0,0.0,0.0,0.0,0.0,0.0,0.0,0.0,0.0,0.0,0.0,0.0,1.0,0.0,1.0,0.0,0.0,0.0,0.0,0.0,0.0,0.0,0.0,0.0,0.0,0.0,-0.18641071413634533,-0.4544978382744312,-0.4964155481273794,-0.4339596547587975,-0.17316299987187822,-0.33462683191989634,-0.34528453656689306,-0.29817586418276815,-0.7264921804544717,-2.0223306570729163,-0.20570261793592035,-0.12306743594844094,-0.11204874765929806,-0.15699634498325588,-0.08794999545015139,-0.8261971883794814,0.7561764411781836,-0.596471810663793,-0.11126049189462933,-0.17161851559584843,-0.060044691068802135,-0.37894499455701275,-1.0908433999984704,-0.8733298057579086,-0.13523517560422083,-0.19466400788931726,0.6897746756720248,-0.20039024911350126
4685,train,0,0.0,0.0,0.0,1.0,0.0,0.0,1.0,1.0,0.0,0.0,1.0,0.0,0.0,0.0,1.0,0.0,1.0,0.0,0.0,0.0,0.0,1.0,0.0,0.0,0.0,0.0,1.0,0.0,0.0,0.0,-0.12361189832210383,-0.49356514830746273,-0.5596701022661321,-0.2357217299873144,0.3215884283334881,-0.33462683191989634,-0.34528453656689306,1.1927034567310724,-0.24314052813597248,0.30050004083973125,-0.13160225124430638,-0.41109760518947297,-0.11204874765929806,0.5507740627281437,-0.08794999545015139,0.7858948865073117,-0.941362508405494,0.7315133880043567,-0.6113552583236971,-0.646740049619917,1.4026973021973705,-0.37894499455701275,0.897426663176438,0.7878212526153259,-0.13523517560422083,0.13476739007721963,-0.6917577365508139,-0.1305236012450856
4694,train,0,0.0,0.0,0.0,0.0,0.0,0.0,0.0,0.0,0.0,0.0,0.0,0.0,0.0,0.0,0.0,0.0,0.0,0.0,1.0,0.0,0.0,0.0,0.0,0.0,0.0,0.0,0.0,0.0,0.0,0.0,-0.18641071413634533,-0.5098431941545593,-0.5985959817361338,-0.40168836467971886,-0.17316299987187822,-0.33462683191989634,-0.34528453656689306,-0.29817586418276815,1.0457972113800256,0.30050004083973125,-0.19977458860059122,-0.12306743594844094,-0.11204874765929806,-0.15699634498325588,-0.08794999545015139,-0.8261971883794814,-0.941362508405494,-0.596471810663793,-2.1507487576923867,-1.8147058509142775,-0.060044691068802135,-0.37894499455701275,-0.42040963626434275,-0.57382587770278,-0.13523517560422083,-0.19466400788931726,-1.2734555943288512,-0.1974791387856506
4721,train,0,0.0,0.0,0.0,0.0,0.0,1.0,0.0,0.0,0.0,0.0,0.0,0.0,0.0,0.0,1.0,1.0,1.0,0.0,0.0,0.0,0.0,0.0,0.0,0.0,0.0,0.0,0.0,0.0,0.0,0.0,-0.1809499475438026,-0.2860200637569826,-0.4769526083923786,-0.20806062420524699,-0.2721132855129515,-0.33462683191989634,0.6412427107670872,-1.2920954114586618,1.5291488636985249,0.30050004083973125,-0.1938465592652621,-0.41109760518947297,-0.11204874765929806,-0.2985504265255358,-0.08794999545015139,-0.4231741696577831,-0.941362508405494,-0.2823371427842802,0.46566567036312434,-0.08281855410549671,-0.664727757578983,-0.37894499455701275,-0.10867568873271452,-0.22919865697186706,-0.13523517560422083,-0.19466400788931726,-0.11005987877277651,-0.19165691812994928
4748,train,0,0.0,0.0,0.0,1.0,1.0,0.0,0.0,1.0,1.0,0.0,1.0,1.0,0.0,0.0,1.0,0.0,1.0,1.0,1.0,1.0,0.0,0.0,0.0,0.0,0.0,0.0,0.0,0.0,1.0,0.0,-0.07446499898921917,-0.3324124944212075,-0.24339733157236848,1.8702104568874176,0.6184392852567079,3.75525666932328,-0.34528453656689306,0.6957436830931255,0.7235627765010261,2.3474143851329208,1.8127913707436436,2.469204087220847,-0.11204874765929806,0.26766589964358384,1.201983271152069,1.9949639426724064,0.7561764411781836,1.0550368611121719,0.36957654339495,0.47318082542252254,1.8776175230095509,3.669021472064484,2.8910892955553873,2.3440999963960576,-0.13523517560422083,-0.19466400788931726,-0.8371822009953231,0.850520579240584
4758,train,0,0.0,0.0,0.0,0.0,0.0,0.0,0.0,0.0,0.0,0.0,0.0,0.0,0.0,0.0,0.0,0.0,1.0,0.0,1.0,0.0,0.0,0.0,0.0,0.0,0.0,0.0,0.0,0.0,0.0,0.0,-0.1891410974326167,-0.5049597804004303,-0.5839987769348832,-0.40168836467971886,-0.2721132855129515,-0.33462683191989634,-0.34528453656689306,-0.795135637820715,-0.8876093978939715,0.30050004083973125,-0.20273860326825577,-0.12306743594844094,-0.11204874765929806,-0.2985504265255358,-0.08794999545015139,-0.8261971883794814,-0.941362508405494,-0.8458145240015983,-1.0874958313555239,-1.0778014757237373,-0.664727757578983,-0.37894499455701275,-0.6678467906597125,-0.8733298057579086,-0.13523517560422083,-0.19466400788931726,0.10807681789398749,-0.20039024911350126
4783,train,0,0.0,0.0,0.0,0.0,0.0,0.0,0.0,0.0,0.0,0.0,0.0,0.0,0.0,0.0,0.0,0.0,1.0,0.0,1.0,0.0,0.0,0.0,0.0,0.0,0.0,0.0,0.0,0.0,0.0,0.0,-0.19187148072888807,-0.3914204106169323,-0.4818183433261288,-0.4339596547587975,-0.2721132855129515,-0.33462683191989634,-0.34528453656689306,-1.2920954114586618,0.4013283416220266,2.6233307387523785,-0.20273860326825577,-0.12306743594844094,-0.11204874765929806,-0.2985504265255358,-0.08794999545015139,-0.8261971883794814,0.7561764411781836,-1.2720687078687853,0.20244588718323828,-0.10366687891394373,-0.664727757578983,-0.37894499455701275,-0.6678467906597125,-1.1110594475726732,-0.13523517560422083,-0.19466400788931726,-0.5463332721063046,-0.20184580427742657
4821,train,0,0.0,0.0,0.0,0.0,0.0,0.0,1.0,0.0,0.0,0.0,0.0,0.0,0.0,0.0,0.0,0.0,1.0,0.0,0.0,0.0,0.0,0.0,0.0,0.0,0.0,0.0,0.0,0.0,0.0,0.0,-0.1891410974326167,-0.5021111223771884,-0.5839987769348832,-0.40168836467971886,-0.2721132855129515,-0.33462683191989634,-0.34528453656689306,1.689663230369019,-0.4042577455754722,0.30050004083973125,-0.20273860326825577,-0.41109760518947297,-0.11204874765929806,-0.2985504265255358,-0.08794999545015139,-0.8261971883794814,-0.941362508405494,-0.8458145240015983,-0.908922638548111,-1.0778014757237373,-0.664727757578983,-0.37894499455701275,-0.6678467906597125,-0.8733298057579086,-0.13523517560422083,-0.19466400788931726,-0.11005987877277651,-0.20039024911350126
4833,train,1,0.0,0.0,0.0,0.0,0.0,1.0,0.0,0.0,0.0,0.0,0.0,0.0,0.0,0.0,1.0,1.0,1.0,0.0,0.0,0.0,0.0,0.0,0.0,0.0,0.0,0.0,0.0,0.0,0.0,0.0,-0.18641071413634533,-0.3804327296701422,-0.5256099577298807,-0.3371457845215616,-0.2721132855129515,-0.33462683191989634,0.6412427107670872,-1.2920954114586618,1.5291488636985249,0.30050004083973125,-0.19977458860059122,-0.41109760518947297,-0.11204874765929806,-0.2985504265255358,-0.08794999545015139,-0.02015115093608484,-0.941362508405494,-0.596471810663793,0.2391059554602307,-0.3408971005331967,-0.664727757578983,-0.37894499455701275,-0.42040963626434275,-0.57382587770278,-0.13523517560422083,-0.19466400788931726,-0.11005987877277651,-0.1974791387856506
4835,train,0,0.0,0.0,0.0,0.0,0.0,0.0,0.0,0.0,0.0,0.0,0.0,0.0,0.0,0.0,0.0,0.0,1.0,0.0,1.0,0.0,0.0,0.0,0.0,0.0,0.0,0.0,0.0,0.0,0.0,0.0,-0.1891410974326167,-0.4695550306829954,-0.5207442227961305,-0.40168836467971886,-0.2721132855129515,-0.33462683191989634,-0.34528453656689306,-0.29817586418276815,-2.0154299199704697,0.30050004083973125,-0.20273860326825577,-0.12306743594844094,-0.11204874765929806,-0.2985504265255358,-0.08794999545015139,-0.8261971883794814,-0.941362508405494,-0.8458145240015983,-0.24175953640927628,-0.3086712253412112,-0.664727757578983,-0.37894499455701275,-0.6678467906597125,-0.8733298057579086,-0.13523517560422083,-0.19466400788931726,-1.2007433621065966,-0.20039024911350126
4847,train,1,0.0,0.0,0.0,0.0,0.0,0.0,1.0,1.0,0.0,0.0,0.0,0.0,0.0,0.0,1.0,0.0,1.0,0.0,1.0,0.0,0.0,0.0,0.0,0.0,0.0,0.0,0.0,0.0,1.0,0.0,-0.06900423239667643,-0.4626368611979794,-0.4964155481273794,2.4381851622792015,-0.2721132855129515,-0.33462683191989634,-0.34528453656689306,1.1927034567310724,1.3680316462590252,0.30050004083973125,-0.07232195789101523,-0.12306743594844094,-0.11204874765929806,-0.2985504265255358,-0.08794999545015139,0.38287186778561344,-0.941362508405494,1.0823726857501401,-0.17667649885061493,-0.17161851559584843,-0.664727757578983,-0.37894499455701275,1.2456045788862027,1.1273165942923982,-0.13523517560422083,-0.19466400788931726,0.7624869078942795,-0.07230139468807258
4862,train,0,0.0,0.0,0.0,0.0,0.0,1.0,0.0,0.0,0.0,0.0,0.0,0.0,0.0,0.0,1.0,1.0,1.0,0.0,0.0,0.0,0.0,0.0,0.0,0.0,0.0,0.0,0.0,0.0,0.0,0.0,-0.1891410974326167,-0.43089467179614127,-0.5499386323986317,-0.40168836467971886,-0.2721132855129515,-0.33462683191989634,0.6412427107670872,-1.2920954114586618,1.5291488636985249,0.30050004083973125,-0.20273860326825577,-0.41109760518947297,-0.11204874765929806,-0.2985504265255358,-0.08794999545015139,-0.4231741696577831,-0.941362508405494,-0.8458145240015983,0.03507693703576494,-0.5400707031911187,-0.664727757578983,-0.37894499455701275,-0.6678467906597125,-0.8733298057579086,-0.13523517560422083,-0.19466400788931726,-0.11005987877277651,-0.20039024911350126
4882,train,0,0.0,0.0,0.0,0.0,0.0,0.0,1.0,0.0,0.0,0.0,0.0,0.0,0.0,0.0,0.0,0.0,1.0,1.0,1.0,0.0,0.0,0.0,0.0,0.0,0.0,0.0,0.0,0.0,0.0,0.0,-0.1891410974326167,-0.3051467676273209,-0.15581410276486468,-0.40168836467971886,-0.2721132855129515,-0.33462683191989634,-0.34528453656689306,1.689663230369019,-0.7264921804544717,0.30050004083973125,-0.20273860326825577,-0.12306743594844094,-0.11204874765929806,-0.2985504265255358,-0.08794999545015139,-0.8261971883794814,-0.941362508405494,-0.8458145240015983,0.428706624978034,0.588914822708209,-0.664727757578983,-0.37894499455701275,-0.6678467906597125,-0.8733298057579086,-0.13523517560422083,-0.19466400788931726,-0.8371822009953231,-0.20039024911350126
4899,train,1,0.0,0.0,0.0,0.0,0.0,1.0,0.0,0.0,0.0,0.0,0.0,0.0,0.0,0.0,1.0,1.0,1.0,0.0,0.0,0.0,0.0,0.0,0.0,0.0,0.0,0.0,0.0,0.0,0.0,0.0,-0.1891410974326167,-0.4390336947196895,-0.5499386323986317,-0.40168836467971886,-0.2721132855129515,-0.33462683191989634,0.6412427107670872,-0.795135637820715,-2.17654713740997,0.30050004083973125,-0.20273860326825577,-0.41109760518947297,-0.11204874765929806,-0.2985504265255358,-0.08794999545015139,-0.4231741696577831,-0.941362508405494,-0.8458145240015983,-0.009781028757368353,-0.5400707031911187,-0.664727757578983,-0.37894499455701275,-0.6678467906597125,-0.8733298057579086,-0.13523517560422083,-0.19466400788931726,-0.11005987877277651,-0.20039024911350126
4913,train,0,0.0,0.0,0.0,0.0,0.0,0.0,0.0,0.0,0.0,0.0,0.0,0.0,0.0,0.0,0.0,0.0,1.0,0.0,1.0,0.0,0.0,0.0,0.0,0.0,0.0,0.0,0.0,0.0,0.0,0.0,-0.1891410974326167,-0.48420527194538227,-0.5450728974648815,-0.40168836467971886,-0.2721132855129515,-0.33462683191989634,-0.34528453656689306,-0.29817586418276815,-1.6931954850914703,0.30050004083973125,-0.20273860326825577,-0.12306743594844094,-0.11204874765929806,-0.2985504265255358,-0.08794999545015139,-0.8261971883794814,0.7561764411781836,-0.8458145240015983,-0.42675970667606195,-0.493818575076557,-0.664727757578983,-0.37894499455701275,-0.6678467906597125,-0.8733298057579086,-0.13523517560422083,-0.19466400788931726,0.47163797900526083,-0.20039024911350126
4921,train,1,0.0,0.0,0.0,0.0,0.0,0.0,0.0,0.0,0.0,0.0,1.0,0.0,0.0,0.0,1.0,0.0,1.0,1.0,1.0,0.0,0.0,0.0,0.0,0.0,0.0,0.0,0.0,0.0,0.0,0.0,-0.17821956424753121,-0.07196376086766379,0.27723630633890406,-0.40168836467971886,0.024737571410268316,-0.33462683191989634,-0.34528453656689306,0.19878390945517868,0.5624455590615264,-0.2802076336384306,-0.19681057393292667,-0.12306743594844094,-0.11204874765929806,0.12611181810130395,-0.08794999545015139,-0.4231741696577831,0.7561764411781836,-0.17021762679660601,0.7434847894082296,0.9486287728089197,0.7017658777172902,-0.37894499455701275,-0.2448501813209548,-0.22919865697186706,-0.13523517560422083,-0.19466400788931726,-0.03734764655052185,-0.19165691812994928
4926,train,0,0.0,0.0,0.0,0.0,0.0,0.0,1.0,0.0,0.0,0.0,0.0,0.0,0.0,0.0,0.0,0.0,1.0,0.0,1.0,0.0,0.0,0.0,0.0,0.0,0.0,0.0,0.0,0.0,0.0,0.0,-0.18641071413634533,-0.503738926961898,-0.5888645118686334,-0.3371457845215616,-0.2721132855129515,-0.33462683191989634,-0.34528453656689306,1.1927034567310724,0.5624455590615264,0.30050004083973125,-0.19977458860059122,-0.12306743594844094,-0.11204874765929806,-0.2985504265255358,-0.08794999545015139,-0.8261971883794814,0.7561764411781836,-0.596471810663793,-1.0014227236815039,-1.2307229502670975,-0.664727757578983,-0.37894499455701275,-0.42040963626434275,-0.57382587770278,-0.13523517560422083,-0.19466400788931726,0.47163797900526083,-0.1974791387856506
4933,train,0,0.0,1.0,1.0,0.0,0.0,1.0,1.0,0.0,0.0,0.0,0.0,0.0,0.0,0.0,1.0,1.0,1.0,1.0,0.0,0.0,0.0,0.0,0.0,0.0,0.0,0.0,0.0,0.0,0.0,1.0,-0.1891410974326167,2.055983782494024,1.6785679672589648,-0.40168836467971886,-0.2721132855129515,-0.33462683191989634,0.6412427107670872,1.689663230369019,0.4013283416220266,0.30050004083973125,-0.20273860326825577,-0.41109760518947297,-0.11204874765929806,-0.2985504265255358,-0.08794999545015139,0.38287186778561344,2.453715390761861,-0.8458145240015983,1.4760959250116314,1.454734043846384,-0.664727757578983,-0.37894499455701275,-0.6678467906597125,-0.8733298057579086,-0.13523517560422083,-0.19466400788931726,-0.11005987877277651,-0.20039024911350126
4943,train,0,0.0,0.0,0.0,0.0,0.0,1.0,0.0,1.0,0.0,0.0,0.0,1.0,0.0,0.0,1.0,1.0,1.0,0.0,0.0,0.0,0.0,0.0,0.0,0.0,0.0,0.0,0.0,0.0,0.0,0.0,-0.10995998184074697,-0.4903095391380434,-0.5499386323986317,0.0823809865064608,0.024737571410268316,-0.33462683191989634,1.6277699581010674,-1.2920954114586618,0.7235627765010261,0.5737742405941605,-0.09307006056466713,-0.41109760518947297,-0.11204874765929806,-0.15699634498325588,0.42802331119073683,0.38287186778561344,-0.941362508405494,0.8396781971330015,-0.5374657083776879,-0.5400707031911187,0.7017658777172902,-0.37894499455701275,1.1448638175718076,0.965052590061598,-0.13523517560422083,-0.19466400788931726,-0.6917577365508139,-0.10432360829442974
4958,train,0,0.0,1.0,1.0,0.0,0.0,1.0,0.0,0.0,0.0,0.0,0.0,0.0,0.0,0.0,1.0,1.0,1.0,1.0,0.0,0.0,0.0,0.0,0.0,0.0,0.0,0.0,0.0,0.0,0.0,1.0,-0.18641071413634533,1.0679063995752673,1.10441124507644,-0.40168836467971886,-0.17316299987187822,-0.33462683191989634,1.6277699581010674,-0.29817586418276815,0.4013283416220266,0.30050004083973125,-0.19977458860059122,-0.41109760518947297,-0.11204874765929806,-0.15699634498325588,-0.08794999545015139,0.38287186778561344,2.453715390761861,-0.596471810663793,1.2745580516407296,1.300677960240773,-0.060044691068802135,-0.37894499455701275,-0.42040963626434275,-0.57382587770278,-0.13523517560422083,-0.19466400788931726,0.47163797900526083,-0.1974791387856506
4966,train,0,0.0,0.0,0.0,0.0,0.0,0.0,0.0,0.0,0.0,0.0,0.0,0.0,0.0,0.0,0.0,0.0,1.0,0.0,1.0,0.0,0.0,0.0,0.0,0.0,0.0,0.0,0.0,0.0,0.0,0.0,-0.18641071413634533,-0.4821705162144952,-0.5596701022661321,-0.40168836467971886,-0.2721132855129515,-0.33462683191989634,-0.34528453656689306,0.19878390945517868,-1.85431270253097,-2.0223306570729163,-0.20570261793592035,-0.12306743594844094,-0.11204874765929806,-0.2985504265255358,-0.08794999545015139,-0.8261971883794814,-0.941362508405494,-0.596471810663793,-0.3955772108005524,-0.646740049619917,-0.664727757578983,-0.37894499455701275,-1.0908433999984704,-0.8733298057579086,-0.13523517560422083,-0.19466400788931726,-0.8371822009953231,-0.20039024911350126
4972,train,0,0.0,0.0,0.0,0.0,0.0,0.0,0.0,0.0,0.0,0.0,0.0,0.0,0.0,0.0,0.0,0.0,1.0,0.0,1.0,0.0,0.0,0.0,0.0,0.0,0.0,0.0,0.0,0.0,0.0,0.0,-0.18368033084007396,-0.5053667315466077,-0.5888645118686334,-0.30487449444248294,-0.2721132855129515,-0.33462683191989634,-0.34528453656689306,0.6957436830931255,0.7235627765010261,-0.16406609874279812,-0.19977458860059122,-0.12306743594844094,-0.11204874765929806,-0.2985504265255358,-0.08794999545015139,-0.8261971883794814,0.7561764411781836,-0.4195603401344113,-1.1206760744344908,-1.2307229502670975,-0.664727757578983,-0.37894499455701275,-0.42040963626434275,-0.46692829878663195,-0.13523517560422083,-0.19466400788931726,0.39892574678300613,-0.19602358362172526
4995,train,0,1.0,0.0,0.0,1.0,0.0,0.0,0.0,1.0,1.0,0.0,1.0,0.0,0.0,0.0,1.0,0.0,1.0,1.0,1.0,0.0,0.0,1.0,0.0,0.0,0.0,0.0,1.0,0.0,1.0,0.0,0.029289566269092897,-0.2298608055844997,-0.22880012677111783,1.605182487112984,1.2121409991031475,-0.33462683191989634,-0.34528453656689306,0.19878390945517868,0.4013283416220266,2.2569251174652813,2.5982552576747517,0.45299290253362307,-0.11204874765929806,1.8247607966086627,-0.08794999545015139,1.9949639426724064,-0.941362508405494,1.4378644332528951,0.5583161934377102,0.49430535919735497,2.5268212669856434,-0.37894499455701275,3.0914173961289224,2.5488399404372437,-0.13523517560422083,1.4524929819433672,-0.40090880766179515,1.2915537939099577
5005,train,0,0.0,1.0,1.0,0.0,0.0,1.0,0.0,0.0,0.0,0.0,0.0,0.0,0.0,0.0,1.0,1.0,1.0,1.0,0.0,0.0,0.0,0.0,0.0,0.0,0.0,0.0,0.0,0.0,0.0,1.0,-0.1891410974326167,3.3378798929528726,2.5884603998702542,-0.40168836467971886,-0.2721132855129515,-0.33462683191989634,0.6412427107670872,-0.29817586418276815,0.4013283416220266,0.30050004083973125,-0.20273860326825577,-0.41109760518947297,-0.11204874765929806,-0.2985504265255358,-0.08794999545015139,0.38287186778561344,2.453715390761861,-0.8458145240015983,1.6440425897412592,1.6331046557237614,-0.664727757578983,-0.37894499455701275,-0.6678467906597125,-0.8733298057579086,-0.13523517560422083,-0.19466400788931726,1.6350336945613355,-0.20039024911350126
5024,train,0,0.0,0.0,0.0,0.0,0.0,0.0,1.0,0.0,0.0,0.0,0.0,0.0,0.0,0.0,0.0,0.0,0.0,0.0,1.0,0.0,0.0,0.0,0.0,0.0,0.0,0.0,0.0,0.0,0.0,0.0,-0.19187148072888807,-0.5098431941545593,-0.5985959817361338,-0.4339596547587975,-0.2721132855129515,-0.33462683191989634,-0.34528453656689306,1.1927034567310724,0.24021112418252683,2.6233307387523785,-0.20273860326825577,-0.12306743594844094,-0.11204874765929806,-0.2985504265255358,-0.08794999545015139,-0.8261971883794814,0.7561764411781836,-1.2720687078687853,-2.1507487576923867,-1.8147058509142775,-0.664727757578983,-0.37894499455701275,-0.6678467906597125,-1.1110594475726732,-0.13523517560422083,-0.19466400788931726,-1.4915922909956152,-0.20184580427742657
5037,train,1,0.0,0.0,0.0,0.0,0.0,0.0,0.0,0.0,0.0,0.0,0.0,0.0,0.0,0.0,0.0,0.0,1.0,0.0,1.0,0.0,0.0,0.0,0.0,0.0,0.0,0.0,0.0,0.0,0.0,0.0,-0.1891410974326167,-0.4955999040383498,-0.5742673070673828,-0.40168836467971886,-0.2721132855129515,-0.33462683191989634,-0.34528453656689306,0.6957436830931255,0.8846799939405259,0.30050004083973125,-0.20273860326825577,-0.12306743594844094,-0.11204874765929806,-0.2985504265255358,-0.08794999545015139,-0.8261971883794814,-0.941362508405494,-0.8458145240015983,-0.6652664081820364,-0.8622707626718272,-0.664727757578983,-0.37894499455701275,-0.6678467906597125,-0.8733298057579086,-0.13523517560422083,-0.19466400788931726,0.03536458567173282,-0.20039024911350126
5038,train,0,0.0,1.0,1.0,0.0,0.0,1.0,1.0,0.0,0.0,0.0,0.0,0.0,0.0,0.0,1.0,1.0,1.0,1.0,0.0,0.0,0.0,0.0,0.0,0.0,0.0,0.0,0.0,0.0,0.0,1.0,-0.18641071413634533,3.122195785478844,2.607923339605255,-0.3371457845215616,-0.2721132855129515,-0.33462683191989634,0.6412427107670872,1.1927034567310724,0.4013283416220266,0.30050004083973125,-0.19977458860059122,-0.41109760518947297,-0.11204874765929806,-0.2985504265255358,-0.08794999545015139,0.38287186778561344,2.453715390761861,-0.596471810663793,1.6201319451521368,1.6363360586467686,-0.664727757578983,-0.37894499455701275,-0.42040963626434275,-0.57382587770278,-0.13523517560422083,-0.19466400788931726,0.9806236045610435,-0.1974791387856506
5053,train,0,0.0,0.0,0.0,0.0,0.0,0.0,0.0,1.0,0.0,0.0,1.0,0.0,0.0,0.0,1.0,0.0,0.0,0.0,0.0,0.0,0.0,1.0,0.0,0.0,0.0,0.0,1.0,0.0,1.0,0.0,-0.05808269921159094,-0.5098431941545593,-0.5985959817361338,0.4131617098170169,0.024737571410268316,-0.33462683191989634,-0.34528453656689306,-0.29817586418276815,0.5624455590615264,0.5349141479685307,-0.02786173787604686,-0.41109760518947297,-0.11204874765929806,0.12611181810130395,-0.08794999545015139,0.7858948865073117,-0.941362508405494,1.133648606167412,-2.1507487576923867,-1.8147058509142775,0.7017658777172902,-0.37894499455701275,1.4178383846694025,1.238493852346778,-0.13523517560422083,0.7936301860102934,0.39892574678300613,-0.044645846573491375
5066,train,0,0.0,0.0,0.0,0.0,0.0,0.0,1.0,0.0,0.0,0.0,0.0,0.0,0.0,0.0,0.0,0.0,1.0,0.0,1.0,0.0,0.0,0.0,0.0,0.0,0.0,0.0,0.0,0.0,0.0,0.0,-0.13726381480346067,-0.5053667315466077,-0.5888645118686334,0.43736517737632585,-0.2721132855129515,-0.33462683191989634,-0.34528453656689306,1.1927034567310724,0.7235627765010261,-0.6949988296942606,-0.18199050059460387,-0.12306743594844094,-0.11204874765929806,-0.2985504265255358,-0.08794999545015139,-0.8261971883794814,0.7561764411781836,0.6001749704634016,-1.1206760744344908,-1.2307229502670975,-0.664727757578983,-0.37894499455701275,0.2500241274697851,0.4568298427137183,-0.13523517560422083,-0.19466400788931726,-0.8371822009953231,-0.16254581485144276
5077,train,0,0.0,0.0,0.0,0.0,0.0,0.0,0.0,0.0,0.0,0.0,0.0,0.0,0.0,0.0,0.0,0.0,1.0,0.0,1.0,0.0,0.0,0.0,0.0,0.0,0.0,0.0,0.0,0.0,0.0,0.0,-0.1891410974326167,-0.44676576649706035,-0.5694015721336326,-0.40168836467971886,-0.2721132855129515,-0.33462683191989634,-0.34528453656689306,-1.2920954114586618,0.7235627765010261,0.30050004083973125,-0.20273860326825577,-0.12306743594844094,-0.11204874765929806,-0.2985504265255358,-0.08794999545015139,-0.8261971883794814,-0.941362508405494,-0.8458145240015983,-0.0574231480976279,-0.7803297885258043,-0.664727757578983,-0.37894499455701275,-0.6678467906597125,-0.8733298057579086,-0.13523517560422083,-0.19466400788931726,0.8351991401165342,-0.20039024911350126
5101,train,0,0.0,0.0,0.0,0.0,0.0,1.0,0.0,1.0,0.0,0.0,0.0,0.0,0.0,0.0,1.0,1.0,1.0,0.0,1.0,0.0,0.0,0.0,0.0,0.0,0.0,0.0,0.0,0.0,0.0,0.0,-0.16456764776617439,-0.38694394800898074,-0.39910084945237523,-0.1435180440470897,-0.07421271423080496,-0.33462683191989634,0.6412427107670872,-1.2920954114586618,0.24021112418252683,1.0747769401439469,-0.1464223245826292,-0.12306743594844094,-0.11204874765929806,-0.015442263440975964,-0.08794999545015139,-0.02015115093608484,-0.941362508405494,0.2025284933777978,0.2177748578292779,0.17210529971664612,0.3689847723091936,-0.37894499455701275,0.7670919769764963,0.4959318918288155,-0.13523517560422083,-0.19466400788931726,-0.9098944332175778,-0.15963470452359213
5108,train,0,0.0,0.0,0.0,0.0,0.0,0.0,0.0,0.0,0.0,0.0,0.0,0.0,0.0,0.0,0.0,0.0,1.0,0.0,1.0,0.0,0.0,0.0,0.0,0.0,0.0,0.0,0.0,0.0,0.0,0.0,-0.14818534798854616,-0.5053667315466077,-0.5888645118686334,-0.15965368908662902,-0.17316299987187822,-0.33462683191989634,-0.34528453656689306,-0.795135637820715,0.07909390674302706,-1.2888051735215542,-0.19681057393292667,-0.12306743594844094,-0.11204874765929806,-0.15699634498325588,-0.08794999545015139,-0.8261971883794814,-0.941362508405494,0.47022942961583175,-1.1206760744344908,-1.2307229502670975,-0.060044691068802135,-0.37894499455701275,-0.2448501813209548,0.23897713623977337,-0.13523517560422083,-0.19466400788931726,-0.7644699687730685,-0.1756458113267707
5127,train,1,1.0,0.0,0.0,1.0,1.0,0.0,0.0,1.0,0.0,1.0,1.0,0.0,1.0,1.0,1.0,0.0,1.0,1.0,1.0,1.0,0.0,0.0,0.0,0.0,0.0,0.0,0.0,0.0,1.0,0.0,4.777426118485005,-0.16800423136553305,0.11666705352514713,7.867209116351893,0.9152901421799278,6.822669295255662,-0.34528453656689306,-1.2920954114586618,0.8846799939405259,0.10468202251703829,4.349987926264505,0.16496273329259106,1.0617952754381104,0.8338822258127034,-0.08794999545015139,2.8010099801158033,-0.941362508405494,3.344483712542286,0.6409532575227211,0.8416330130177924,2.2372702011952077,5.163005453434958,3.3873539339220353,3.242876976863491,-0.13523517560422083,-0.19466400788931726,0.9806236045610435,4.682997325855967
5150,train,0,0.0,1.0,1.0,0.0,0.0,1.0,0.0,0.0,0.0,0.0,0.0,0.0,0.0,0.0,1.0,1.0,1.0,1.0,0.0,0.0,0.0,0.0,0.0,0.0,0.0,0.0,0.0,0.0,0.0,1.0,-0.18641071413634533,2.044182199254879,1.5520588589814595,-0.40168836467971886,-0.17316299987187822,-0.33462683191989634,1.6277699581010674,0.19878390945517868,0.4013283416220266,0.30050004083973125,-0.19977458860059122,-0.41109760518947297,-0.11204874765929806,-0.15699634498325588,-0.08794999545015139,0.38287186778561344,2.453715390761861,-0.596471810663793,1.474185181657211,1.4244173468801737,-0.060044691068802135,-0.37894499455701275,-0.42040963626434275,-0.57382587770278,-0.13523517560422083,-0.19466400788931726,0.47163797900526083,-0.1974791387856506
5180,train,0,0.0,0.0,0.0,0.0,0.0,0.0,0.0,0.0,0.0,0.0,0.0,0.0,0.0,0.0,0.0,0.0,0.0,0.0,1.0,0.0,0.0,0.0,0.0,0.0,0.0,0.0,0.0,0.0,0.0,0.0,-0.1891410974326167,-0.5098431941545593,-0.5985959817361338,-0.40168836467971886,-0.2721132855129515,-0.33462683191989634,-0.34528453656689306,0.6957436830931255,-2.17654713740997,0.30050004083973125,-0.20273860326825577,-0.12306743594844094,-0.11204874765929806,-0.2985504265255358,-0.08794999545015139,-0.8261971883794814,0.7561764411781836,-0.8458145240015983,-2.1507487576923867,-1.8147058509142775,-0.664727757578983,-0.37894499455701275,-0.6678467906597125,-0.8733298057579086,-0.13523517560422083,-0.19466400788931726,-0.6917577365508139,-0.20039024911350126
5182,train,0,0.0,0.0,0.0,0.0,0.0,0.0,1.0,0.0,0.0,0.0,0.0,0.0,0.0,0.0,0.0,0.0,1.0,1.0,1.0,0.0,0.0,0.0,0.0,0.0,0.0,0.0,0.0,0.0,0.0,0.0,-0.1891410974326167,-0.2583473858169185,-0.11202248836111278,-0.4339596547587975,-0.2721132855129515,-0.33462683191989634,-0.34528453656689306,1.1927034567310724,0.07909390674302706,-2.0223306570729163,-0.20570261793592035,-0.12306743594844094,-0.11204874765929806,-0.2985504265255358,-0.08794999545015139,-0.8261971883794814,-0.941362508405494,-0.8458145240015983,0.5139049213757412,0.6385267353775692,-0.664727757578983,-0.37894499455701275,-1.0908433999984704,-1.1110594475726732,-0.13523517560422083,-0.19466400788931726,0.39892574678300613,-0.20184580427742657
5184,train,0,0.0,1.0,1.0,0.0,0.0,1.0,1.0,0.0,0.0,0.0,0.0,0.0,0.0,0.0,1.0,1.0,1.0,1.0,0.0,0.0,0.0,0.0,0.0,0.0,0.0,0.0,0.0,0.0,0.0,1.0,-0.1891410974326167,2.1125499918126844,1.7369567864639675,-0.40168836467971886,-0.2721132855129515,-0.33462683191989634,0.6412427107670872,1.1927034567310724,0.4013283416220266,0.30050004083973125,-0.20273860326825577,-0.41109760518947297,-0.11204874765929806,-0.2985504265255358,-0.08794999545015139,0.38287186778561344,2.453715390761861,-0.8458145240015983,1.485133991792445,1.4681637470407627,-0.664727757578983,-0.37894499455701275,-0.6678467906597125,-0.8733298057579086,-0.13523517560422083,-0.19466400788931726,0.47163797900526083,-0.20039024911350126
5187,train,0,0.0,0.0,0.0,0.0,0.0,1.0,0.0,0.0,0.0,0.0,0.0,0.0,0.0,0.0,1.0,1.0,1.0,0.0,0.0,0.0,0.0,0.0,0.0,0.0,0.0,0.0,0.0,0.0,0.0,0.0,-0.1891410974326167,-0.4390336947196895,-0.5499386323986317,-0.40168836467971886,-0.2721132855129515,-0.33462683191989634,0.6412427107670872,-0.795135637820715,-1.209843832772971,0.30050004083973125,-0.20273860326825577,-0.41109760518947297,-0.11204874765929806,-0.2985504265255358,-0.08794999545015139,-0.4231741696577831,-0.941362508405494,-0.8458145240015983,-0.009781028757368353,-0.5400707031911187,-0.664727757578983,-0.37894499455701275,-0.6678467906597125,-0.8733298057579086,-0.13523517560422083,-0.19466400788931726,-0.11005987877277651,-0.20039024911350126
5212,train,0,0.0,1.0,1.0,0.0,0.0,1.0,0.0,0.0,0.0,0.0,0.0,0.0,0.0,0.0,1.0,1.0,1.0,1.0,0.0,0.0,0.0,0.0,0.0,0.0,0.0,0.0,0.0,0.0,0.0,1.0,-0.18641071413634533,1.813033948226109,1.474207100041456,-0.40168836467971886,-0.17316299987187822,-0.33462683191989634,1.6277699581010674,-0.795135637820715,0.4013283416220266,0.30050004083973125,-0.19977458860059122,-0.41109760518947297,-0.11204874765929806,-0.15699634498325588,-0.08794999545015139,0.38287186778561344,2.453715390761861,-0.596471810663793,1.4348675579089012,1.4048633575521903,-0.060044691068802135,-0.37894499455701275,-0.42040963626434275,-0.57382587770278,-0.13523517560422083,-0.19466400788931726,0.47163797900526083,-0.1974791387856506
5217,train,1,0.0,0.0,0.0,0.0,1.0,0.0,1.0,1.0,0.0,0.0,0.0,0.0,0.0,0.0,1.0,0.0,1.0,0.0,1.0,1.0,0.0,0.0,0.0,0.0,0.0,0.0,0.0,0.0,0.0,0.0,-0.11269036513701834,-0.5045528292542528,-0.5839987769348832,1.308690009511449,-0.2721132855129515,0.6878440433908977,-0.34528453656689306,1.1927034567310724,-0.4042577455754722,0.17380018458995045,-0.12863823657664183,-0.12306743594844094,-0.11204874765929806,-0.2985504265255358,-0.08794999545015139,-0.02015115093608484,0.7561764411781836,0.8195139382878992,-1.0567757245323166,-1.0778014757237373,-0.664727757578983,1.11503898681346,0.9204578912039122,0.8426568372973223,-0.13523517560422083,-0.19466400788931726,-0.5463332721063046,-0.12324582542545898
5232,train,0,0.0,0.0,0.0,0.0,0.0,0.0,0.0,0.0,0.0,0.0,0.0,0.0,0.0,0.0,0.0,0.0,0.0,0.0,1.0,0.0,0.0,0.0,0.0,0.0,0.0,0.0,0.0,0.0,0.0,0.0,-0.18641071413634533,-0.5098431941545593,-0.5985959817361338,-0.40168836467971886,-0.17316299987187822,-0.33462683191989634,-0.34528453656689306,-1.2920954114586618,0.5624455590615264,0.30050004083973125,-0.19977458860059122,-0.12306743594844094,-0.11204874765929806,-0.15699634498325588,-0.08794999545015139,-0.8261971883794814,-0.941362508405494,-0.596471810663793,-2.1507487576923867,-1.8147058509142775,-0.060044691068802135,-0.37894499455701275,-0.42040963626434275,-0.57382587770278,-0.13523517560422083,-0.19466400788931726,-1.2734555943288512,-0.1974791387856506
5242,train,0,0.0,0.0,0.0,0.0,0.0,1.0,0.0,0.0,0.0,0.0,0.0,0.0,0.0,0.0,1.0,1.0,1.0,0.0,1.0,0.0,0.0,0.0,0.0,0.0,0.0,0.0,0.0,0.0,0.0,0.0,-0.12907266491464656,-0.5049597804004303,-0.5888645118686334,-0.19730352751222077,-0.07421271423080496,-0.33462683191989634,0.6412427107670872,-0.795135637820715,-0.0820233106964727,-1.6506777454068926,-0.19977458860059122,-0.12306743594844094,-0.11204874765929806,-0.015442263440975964,-0.08794999545015139,-0.4231741696577831,-0.941362508405494,0.6822907409377682,-1.0874958313555239,-1.2307229502670975,0.3689847723091936,-0.37894499455701275,-0.42040963626434275,0.3928048303362335,-0.13523517560422083,-0.19466400788931726,-0.40090880766179515,-0.16691248034321876
5248,train,1,0.0,1.0,1.0,0.0,0.0,1.0,0.0,0.0,0.0,0.0,0.0,0.0,0.0,0.0,1.0,1.0,1.0,1.0,0.0,0.0,0.0,0.0,0.0,0.0,0.0,0.0,0.0,0.0,0.0,1.0,-0.18641071413634533,2.0771452420952494,1.6201791480539622,-0.3371457845215616,-0.2721132855129515,-0.33462683191989634,0.6412427107670872,0.6957436830931255,0.4013283416220266,0.30050004083973125,-0.19977458860059122,-0.41109760518947297,-0.11204874765929806,-0.2985504265255358,-0.08794999545015139,0.38287186778561344,2.453715390761861,-0.596471810663793,1.4795001846059521,1.4409562321088327,-0.664727757578983,-0.37894499455701275,-0.42040963626434275,-0.57382587770278,-0.13523517560422083,-0.19466400788931726,1.0533358367832981,-0.1974791387856506
5264,train,1,0.0,0.0,0.0,0.0,0.0,0.0,1.0,0.0,0.0,0.0,0.0,0.0,0.0,0.0,1.0,0.0,1.0,1.0,1.0,0.0,0.0,1.0,0.0,0.0,0.0,0.0,1.0,0.0,0.0,0.0,-0.16729803106244573,-0.2567195812322089,-0.09255954862611193,-0.3694170746006402,-0.07421271423080496,-0.33462683191989634,-0.34528453656689306,1.689663230369019,0.24021112418252683,-2.0223306570729163,-0.20570261793592035,-0.12306743594844094,-0.11204874765929806,-0.015442263440975964,-0.08794999545015139,-0.4231741696577831,-0.941362508405494,0.14391704108290698,0.5165750223460374,0.6591725981215427,0.3689847723091936,-0.37894499455701275,-1.0908433999984704,-0.16742437073150318,-0.13523517560422083,0.13476739007721963,-0.18277211099503118,-0.19020136296602397
