pr_number,split,merge_delay_target,additions,additions_iqr_outlier,body_length,body_length_iqr_outlier,body_word_count,body_word_count_iqr_outlier,change_density_per_file,changed_files,changed_files_iqr_outlier,commit_count,commit_count_iqr_outlier,configuration_files_changed,configuration_files_changed_iqr_outlier,created_day_of_week,created_hour_utc,created_on_weekend,deletion_ratio,deletions,deletions_iqr_outlier,documentation_files_changed,documentation_files_changed_iqr_outlier,files_added,files_added_iqr_outlier,files_modified,files_modified_iqr_outlier,files_removed,files_removed_iqr_outlier,files_renamed,files_renamed_iqr_outlier,has_any_iqr_outlier,has_configuration_changes,has_description,has_detailed_description,has_documentation_changes,has_multiple_commits,has_security_sensitive_changes,has_test_changes,iqr_outlier_feature_count,label_count,log1p_additions,log1p_body_length,log1p_body_word_count,log1p_changed_files,log1p_commit_count,log1p_deletions,log1p_total_changes,requested_reviewer_count,requested_reviewer_count_iqr_outlier,security_sensitive_files_changed,security_sensitive_files_changed_iqr_outlier,short_title,test_files_changed,test_files_changed_iqr_outlier,title_length,title_length_iqr_outlier,total_changes,total_changes_iqr_outlier,very_long_description
2577,train,0,1,False,335,False,54,False,2.0,1,False,1,False,0,False,2,21,False,0.5,1,False,0,False,0,False,1,False,0,False,0,False,False,False,True,True,False,False,False,False,0,0,0.6931471805599453,5.817111159963204,4.007333185232471,0.6931471805599453,0.6931471805599453,0.6931471805599453,1.0986122886681098,0,False,0,False,False,0,False,28,False,2,False,False
2582,train,0,3,False,90,False,16,False,9.5,2,False,1,False,0,False,5,9,True,0.8421052631578947,16,False,0,False,0,False,2,False,0,False,0,False,True,False,True,False,False,False,False,False,1,0,1.3862943611198906,4.51085950651685,2.833213344056216,1.0986122886681098,0.6931471805599453,2.833213344056216,2.995732273553991,1,True,0,False,False,0,False,23,False,19,False,False
2592,train,0,43,False,267,False,48,False,30.5,2,False,1,False,0,False,2,21,False,0.2950819672131147,18,False,0,False,0,False,2,False,0,False,0,False,True,False,True,False,False,False,False,True,1,1,3.784189633918261,5.5909869805108565,3.8918202981106265,1.0986122886681098,0.6931471805599453,2.9444389791664403,4.127134385045092,0,False,0,False,False,2,True,37,False,61,False,False
2603,train,0,3,False,85,False,14,False,6.0,1,False,1,False,0,False,0,3,False,0.5,3,False,0,False,0,False,1,False,0,False,0,False,False,False,True,False,False,False,False,False,0,0,1.3862943611198906,4.454347296253507,2.70805020110221,0.6931471805599453,0.6931471805599453,1.3862943611198906,1.9459101490553128,0,False,0,False,False,0,False,29,False,6,False,False
2609,train,0,3,False,111,False,16,False,3.0,1,False,1,False,1,True,6,20,True,0.0,0,False,0,False,0,False,1,False,0,False,0,False,True,True,True,False,False,False,False,False,1,1,1.3862943611198906,4.718498871295094,2.833213344056216,0.6931471805599453,0.6931471805599453,0.0,1.3862943611198906,0,False,0,False,False,0,False,31,False,3,False,False
2622,train,0,29,False,12,False,2,False,15.25,4,False,1,False,2,True,1,16,False,0.5245901639344263,32,True,1,False,0,False,4,True,0,False,0,False,True,True,True,False,True,False,False,False,3,1,3.4011973816621555,2.5649493574615367,1.0986122886681098,1.6094379124341005,0.6931471805599453,3.49650756146648,4.127134385045092,0,False,0,False,False,0,False,24,False,61,False,False
2630,train,0,2,False,241,False,37,False,4.0,1,False,1,False,0,False,0,22,False,0.5,2,False,0,False,0,False,1,False,0,False,0,False,False,False,True,False,False,False,False,False,0,0,1.0986122886681098,5.488937726156687,3.6375861597263857,0.6931471805599453,0.6931471805599453,1.0986122886681098,1.6094379124341005,0,False,0,False,False,0,False,33,False,4,False,False
2637,train,0,13,False,12,False,2,False,27.0,1,False,1,False,0,False,5,16,True,0.5185185185185185,14,False,1,False,0,False,1,False,0,False,0,False,False,False,True,False,True,False,False,False,0,1,2.6390573296152584,2.5649493574615367,1.0986122886681098,0.6931471805599453,0.6931471805599453,2.70805020110221,3.332204510175204,0,False,0,False,False,0,False,38,False,27,False,False
2652,train,0,1,False,0,False,0,False,1.0,1,False,1,False,0,False,0,23,False,0.0,0,False,1,False,0,False,1,False,0,False,0,False,False,False,False,False,True,False,False,False,0,0,0.6931471805599453,0.0,0.0,0.6931471805599453,0.6931471805599453,0.0,0.6931471805599453,0,False,0,False,False,0,False,32,False,1,False,False
2676,train,1,3340,True,1599,False,261,False,54.14563106796116,103,True,1,False,8,True,3,20,False,0.4011117088040165,2237,True,32,True,35,True,10,True,57,True,1,True,True,True,True,True,True,False,True,True,13,1,8.114025442356757,7.377758908227872,5.568344503761097,4.6443908991413725,0.6931471805599453,7.71333788887187,8.626585568187433,0,False,8,True,False,10,True,33,False,5577,True,False
2685,train,0,542,True,710,False,115,False,131.0,7,True,1,False,0,False,0,7,False,0.4089422028353326,375,True,3,True,0,False,7,True,0,False,0,False,True,False,True,True,True,False,False,False,6,1,6.297109319933935,6.566672429803241,4.7535901911063645,2.079441541679836,0.6931471805599453,5.929589143389895,6.822197390620491,0,False,0,False,False,0,False,19,False,917,True,False
2699,train,0,341,True,205,False,30,False,16.857142857142858,21,True,1,False,5,True,3,18,False,0.0367231638418079,13,False,4,True,14,True,7,True,0,False,0,False,True,True,True,False,True,False,True,True,9,0,5.834810737062605,5.327876168789581,3.4339872044851463,3.091042453358316,0.6931471805599453,2.6390573296152584,5.872117789475416,0,False,1,True,False,2,True,27,False,354,True,False
2719,train,0,1,False,34,False,3,False,2.0,1,False,1,False,0,False,1,0,False,0.5,1,False,1,False,0,False,1,False,0,False,0,False,False,False,True,False,True,False,False,False,0,0,0.6931471805599453,3.555348061489413,1.3862943611198906,0.6931471805599453,0.6931471805599453,0.6931471805599453,1.0986122886681098,0,False,0,False,False,0,False,16,False,2,False,False
2730,train,0,5,False,0,False,0,False,2.0,3,False,1,False,0,False,4,11,False,0.1666666666666666,1,False,1,False,0,False,3,False,0,False,0,False,True,False,False,False,True,False,False,True,1,1,1.791759469228055,0.0,0.0,1.3862943611198906,0.6931471805599453,0.6931471805599453,1.9459101490553128,0,False,0,False,False,1,True,42,False,6,False,False
2746,train,0,1,False,197,False,29,False,2.0,1,False,1,False,0,False,6,22,True,0.5,1,False,0,False,0,False,1,False,0,False,0,False,False,False,True,False,False,False,False,False,0,1,0.6931471805599453,5.288267030694535,3.4011973816621555,0.6931471805599453,0.6931471805599453,0.6931471805599453,1.0986122886681098,0,False,0,False,False,0,False,48,False,2,False,False
2765,train,1,39,False,270,False,48,False,16.0,3,False,1,False,0,False,1,16,False,0.1875,9,False,1,False,0,False,3,False,0,False,0,False,True,False,True,False,True,False,False,True,3,1,3.688879454113936,5.602118820879701,3.8918202981106265,1.3862943611198906,0.6931471805599453,2.302585092994046,3.8918202981106265,1,True,0,False,False,1,True,45,False,48,False,False
2793,train,0,1,False,108,False,16,False,2.0,1,False,1,False,0,False,0,6,False,0.5,1,False,1,False,0,False,1,False,0,False,0,False,False,False,True,False,True,False,False,False,0,0,0.6931471805599453,4.691347882229144,2.833213344056216,0.6931471805599453,0.6931471805599453,0.6931471805599453,1.0986122886681098,0,False,0,False,False,0,False,32,False,2,False,False
2808,train,0,1,False,0,False,0,False,2.0,1,False,1,False,0,False,1,17,False,0.5,1,False,1,False,0,False,1,False,0,False,0,False,False,False,False,False,True,False,False,False,0,0,0.6931471805599453,0.0,0.0,0.6931471805599453,0.6931471805599453,0.6931471805599453,1.0986122886681098,0,False,0,False,False,0,False,27,False,2,False,False
2834,train,0,1,False,205,False,26,False,2.0,1,False,1,False,0,False,6,4,True,0.5,1,False,1,False,0,False,1,False,0,False,0,False,False,False,True,False,True,False,False,False,0,0,0.6931471805599453,5.327876168789581,3.295836866004329,0.6931471805599453,0.6931471805599453,0.6931471805599453,1.0986122886681098,0,False,0,False,False,0,False,42,False,2,False,False
2850,train,0,1,False,99,False,15,False,2.0,1,False,1,False,0,False,4,19,False,0.5,1,False,1,False,0,False,1,False,0,False,0,False,False,False,True,False,True,False,False,False,0,0,0.6931471805599453,4.605170185988092,2.772588722239781,0.6931471805599453,0.6931471805599453,0.6931471805599453,1.0986122886681098,0,False,0,False,False,0,False,49,False,2,False,False
2854,train,1,42,False,642,False,99,False,21.0,2,False,1,False,0,False,4,20,False,0.0,0,False,1,False,0,False,2,False,0,False,0,False,True,False,True,True,True,False,False,False,1,1,3.7612001156935615,6.466144724237619,4.605170185988092,1.0986122886681098,0.6931471805599453,0.0,3.7612001156935615,0,False,0,False,False,0,False,60,False,42,False,False
2861,train,1,26,False,1591,False,262,False,10.75,4,False,2,True,0,False,2,14,False,0.3953488372093023,17,False,4,True,0,False,4,True,0,False,0,False,True,False,True,True,True,True,False,False,4,1,3.295836866004329,7.372746366404328,5.572154032177765,1.6094379124341005,1.0986122886681098,2.8903717578961645,3.784189633918261,0,False,0,False,False,0,False,73,False,43,False,False
2872,train,0,1,False,27,False,4,False,2.0,1,False,1,False,0,False,1,18,False,0.5,1,False,1,False,0,False,1,False,0,False,0,False,False,False,True,False,True,False,False,False,0,0,0.6931471805599453,3.332204510175204,1.6094379124341005,0.6931471805599453,0.6931471805599453,0.6931471805599453,1.0986122886681098,0,False,0,False,False,0,False,21,False,2,False,False
2877,train,1,112,True,190,False,32,False,11.789473684210526,19,True,2,True,0,False,6,2,True,0.5,112,True,19,True,0,False,19,True,0,False,0,False,True,False,True,False,True,True,False,False,8,0,4.727387818712341,5.25227342804663,3.49650756146648,2.995732273553991,1.0986122886681098,4.727387818712341,5.41610040220442,0,False,0,False,False,0,False,44,False,224,True,False
2898,train,1,47,False,673,False,84,False,16.333333333333332,3,False,2,True,0,False,4,22,False,0.0408163265306122,2,False,2,False,0,False,3,False,0,False,0,False,True,False,True,True,True,True,False,False,2,1,3.871201010907891,6.513230110912307,4.442651256490317,1.3862943611198906,1.0986122886681098,1.0986122886681098,3.912023005428146,0,False,0,False,False,0,False,55,False,49,False,False
2910,train,0,2,False,747,False,104,False,8.0,1,False,2,True,0,False,0,8,False,0.75,6,False,1,False,0,False,1,False,0,False,0,False,True,False,True,True,True,True,False,False,1,0,1.0986122886681098,6.617402977974478,4.653960350157523,0.6931471805599453,1.0986122886681098,1.9459101490553128,2.19722457733622,0,False,0,False,False,0,False,39,False,8,False,False
2913,train,1,1,False,208,False,23,False,2.0,1,False,1,False,0,False,1,7,False,0.5,1,False,0,False,0,False,1,False,0,False,0,False,True,False,True,False,False,False,False,False,1,2,0.6931471805599453,5.342334251964811,3.1780538303479458,0.6931471805599453,0.6931471805599453,0.6931471805599453,1.0986122886681098,0,False,0,False,False,0,False,41,False,2,False,False
2915,train,0,1,False,203,False,23,False,2.0,1,False,1,False,0,False,2,16,False,0.5,1,False,1,False,0,False,1,False,0,False,0,False,False,False,True,False,True,False,False,False,0,0,0.6931471805599453,5.318119993844216,3.1780538303479458,0.6931471805599453,0.6931471805599453,0.6931471805599453,1.0986122886681098,0,False,0,False,False,0,False,43,False,2,False,False
2917,train,1,4,False,235,False,40,False,13.0,1,False,1,False,0,False,4,5,False,0.6923076923076923,9,False,1,False,0,False,1,False,0,False,0,False,True,False,True,False,True,False,False,False,1,1,1.6094379124341005,5.4638318050256105,3.713572066704308,0.6931471805599453,0.6931471805599453,2.302585092994046,2.6390573296152584,0,False,0,False,False,0,False,42,False,13,False,False
2928,train,1,14,False,214,False,34,False,7.333333333333333,3,False,1,False,0,False,4,20,False,0.3636363636363636,8,False,1,False,0,False,3,False,0,False,0,False,True,False,True,False,True,False,False,True,2,0,2.70805020110221,5.3706380281276624,3.555348061489413,1.3862943611198906,0.6931471805599453,2.19722457733622,3.1354942159291497,0,False,0,False,False,1,True,68,False,22,False,False
2934,train,1,10,False,664,False,78,False,3.6666666666666665,3,False,1,False,0,False,3,12,False,0.0909090909090909,1,False,1,False,0,False,3,False,0,False,0,False,True,False,True,True,True,False,False,True,2,0,2.3978952727983707,6.499787040655854,4.3694478524670215,1.3862943611198906,0.6931471805599453,0.6931471805599453,2.4849066497880004,0,False,0,False,False,1,True,64,False,11,False,False
2940,train,0,1,False,557,False,87,False,2.0,1,False,3,True,0,False,5,17,True,0.5,1,False,0,False,0,False,1,False,0,False,0,False,True,False,True,True,False,True,False,False,1,0,0.6931471805599453,6.324358962381311,4.477336814478207,0.6931471805599453,1.3862943611198906,0.6931471805599453,1.0986122886681098,0,False,0,False,False,0,False,20,False,2,False,False
2963,train,0,17,False,463,False,75,False,10.5,2,False,1,False,0,False,2,15,False,0.1904761904761904,4,False,0,False,0,False,2,False,0,False,0,False,True,False,True,True,False,False,False,True,1,0,2.8903717578961645,6.139884552226255,4.330733340286331,1.0986122886681098,0.6931471805599453,1.6094379124341005,3.091042453358316,0,False,0,False,False,1,True,67,False,21,False,False
2969,train,0,17,False,157,False,25,False,2.6153846153846154,13,True,1,False,0,False,5,12,True,0.5,17,False,13,True,0,False,13,True,0,False,0,False,True,False,True,False,True,False,False,False,3,0,2.8903717578961645,5.062595033026967,3.258096538021482,2.6390573296152584,0.6931471805599453,2.8903717578961645,3.555348061489413,0,False,0,False,False,0,False,46,False,34,False,False
2986,train,1,29,False,50,False,2,False,10.666666666666666,3,False,2,True,0,False,3,20,False,0.09375,3,False,1,False,0,False,3,False,0,False,0,False,True,False,True,False,True,True,False,True,3,0,3.4011973816621555,3.9318256327243257,1.0986122886681098,1.3862943611198906,1.0986122886681098,1.3862943611198906,3.49650756146648,0,False,0,False,False,1,True,55,False,32,False,False
2993,train,0,4,False,247,False,27,False,59.0,1,False,1,False,0,False,0,20,False,0.9322033898305084,55,True,1,False,0,False,1,False,0,False,0,False,True,False,True,False,True,False,False,False,1,1,1.6094379124341005,5.513428746164983,3.332204510175204,0.6931471805599453,0.6931471805599453,4.02535169073515,4.0943445622221,0,False,0,False,False,0,False,77,False,59,False,False
3011,train,1,3,False,25,False,4,False,6.0,1,False,1,False,0,False,5,1,True,0.5,3,False,0,False,0,False,1,False,0,False,0,False,True,False,True,False,False,False,False,False,1,0,1.3862943611198906,3.258096538021482,1.6094379124341005,0.6931471805599453,0.6931471805599453,1.3862943611198906,1.9459101490553128,0,False,0,False,False,0,False,38,False,6,False,False
3031,train,1,2,False,49,False,7,False,2.0,2,False,1,False,0,False,4,17,False,0.5,2,False,2,False,0,False,2,False,0,False,0,False,True,False,True,False,True,False,False,False,1,0,1.0986122886681098,3.912023005428146,2.079441541679836,1.0986122886681098,0.6931471805599453,1.0986122886681098,1.6094379124341005,0,False,0,False,False,0,False,51,False,4,False,False
3049,train,1,1,False,0,False,0,False,2.0,1,False,1,False,0,False,3,8,False,0.5,1,False,0,False,0,False,1,False,0,False,0,False,True,False,False,False,False,False,False,False,1,1,0.6931471805599453,0.0,0.0,0.6931471805599453,0.6931471805599453,0.6931471805599453,1.0986122886681098,0,False,0,False,False,0,False,66,False,2,False,False
3056,train,1,9,False,429,False,52,False,17.0,1,False,1,False,0,False,0,8,False,0.4705882352941176,8,False,0,False,0,False,1,False,0,False,0,False,False,False,True,True,False,False,False,False,0,1,2.302585092994046,6.063785208687608,3.970291913552122,0.6931471805599453,0.6931471805599453,2.19722457733622,2.8903717578961645,0,False,0,False,False,0,False,31,False,17,False,False
3059,train,0,62,True,205,False,27,False,16.75,4,False,1,False,0,False,4,1,False,0.0746268656716417,5,False,1,False,0,False,4,True,0,False,0,False,True,False,True,False,True,False,False,True,3,0,4.143134726391533,5.327876168789581,3.332204510175204,1.6094379124341005,0.6931471805599453,1.791759469228055,4.219507705176107,0,False,0,False,False,1,True,55,False,67,False,False
3063,train,0,12,False,271,False,40,False,11.5,2,False,1,False,0,False,5,20,True,0.4782608695652174,11,False,0,False,0,False,2,False,0,False,0,False,True,False,True,False,False,False,False,True,1,0,2.5649493574615367,5.605802066295998,3.713572066704308,1.0986122886681098,0.6931471805599453,2.4849066497880004,3.1780538303479458,0,False,0,False,False,1,True,46,False,23,False,False
3065,train,0,3,False,214,False,31,False,6.0,1,False,1,False,0,False,6,18,True,0.5,3,False,1,False,0,False,1,False,0,False,0,False,False,False,True,False,True,False,False,False,0,1,1.3862943611198906,5.3706380281276624,3.4657359027997265,0.6931471805599453,0.6931471805599453,1.3862943611198906,1.9459101490553128,0,False,0,False,False,0,False,39,False,6,False,False
3067,train,0,4,False,12,False,2,False,3.0,2,False,1,False,0,False,6,23,True,0.3333333333333333,2,False,2,False,0,False,2,False,0,False,0,False,False,False,True,False,True,False,False,False,0,1,1.6094379124341005,2.5649493574615367,1.0986122886681098,1.0986122886681098,0.6931471805599453,1.0986122886681098,1.9459101490553128,0,False,0,False,False,0,False,48,False,6,False,False
3069,train,1,9,False,427,False,64,False,5.0,2,False,1,False,0,False,1,8,False,0.1,1,False,1,False,0,False,2,False,0,False,0,False,True,False,True,True,True,False,False,False,1,0,2.302585092994046,6.059123195581797,4.174387269895637,1.0986122886681098,0.6931471805599453,0.6931471805599453,2.3978952727983707,0,False,0,False,False,0,False,31,False,10,False,False
3082,train,0,6,False,1544,False,191,False,12.0,1,False,1,False,0,False,4,8,False,0.5,6,False,0,False,0,False,1,False,0,False,0,False,False,False,True,True,False,False,False,False,0,0,1.9459101490553128,7.342779189331845,5.2574953720277815,0.6931471805599453,0.6931471805599453,1.9459101490553128,2.5649493574615367,0,False,0,False,False,0,False,62,False,12,False,False
3101,train,0,4,False,135,False,21,False,8.0,1,False,1,False,0,False,5,0,True,0.5,4,False,1,False,0,False,1,False,0,False,0,False,False,False,True,False,True,False,False,False,0,0,1.6094379124341005,4.912654885736052,3.091042453358316,0.6931471805599453,0.6931471805599453,1.6094379124341005,2.19722457733622,0,False,0,False,False,0,False,40,False,8,False,False
3104,train,1,52,False,140,False,16,False,15.6,5,False,2,True,0,False,6,22,True,0.3333333333333333,26,True,1,False,1,True,4,True,0,False,0,False,True,False,True,False,True,True,False,True,6,0,3.970291913552122,4.948759890378168,2.833213344056216,1.791759469228055,1.0986122886681098,3.295836866004329,4.3694478524670215,0,False,0,False,False,3,True,68,False,78,False,False
3113,train,0,4,False,74,False,11,False,8.0,1,False,1,False,0,False,2,2,False,0.5,4,False,1,False,0,False,1,False,0,False,0,False,False,False,True,False,True,False,False,False,0,0,1.6094379124341005,4.31748811353631,2.4849066497880004,0.6931471805599453,0.6931471805599453,1.6094379124341005,2.19722457733622,0,False,0,False,False,0,False,57,False,8,False,False
3129,train,1,4,False,103,False,19,False,8.0,1,False,1,False,0,False,5,23,True,0.5,4,False,1,False,0,False,1,False,0,False,0,False,True,False,True,False,True,False,False,False,1,1,1.6094379124341005,4.6443908991413725,2.995732273553991,0.6931471805599453,0.6931471805599453,1.6094379124341005,2.19722457733622,0,False,0,False,False,0,False,41,False,8,False,False
3137,train,1,3,False,532,False,85,False,5.0,1,False,2,True,0,False,2,8,False,0.4,2,False,1,False,0,False,1,False,0,False,0,False,True,False,True,True,True,True,False,False,2,1,1.3862943611198906,6.278521424165844,4.454347296253507,0.6931471805599453,1.0986122886681098,1.0986122886681098,1.791759469228055,0,False,0,False,False,0,False,49,False,5,False,False
3159,train,1,15,False,0,False,0,False,18.0,1,False,2,True,0,False,1,17,False,0.1666666666666666,3,False,1,False,0,False,1,False,0,False,0,False,True,False,False,False,True,True,False,False,2,1,2.772588722239781,0.0,0.0,0.6931471805599453,1.0986122886681098,1.3862943611198906,2.9444389791664403,0,False,0,False,False,0,False,25,False,18,False,False
3173,train,0,1,False,79,False,14,False,1.0,1,False,1,False,0,False,0,13,False,0.0,0,False,1,False,0,False,1,False,0,False,0,False,False,False,True,False,True,False,False,False,0,0,0.6931471805599453,4.382026634673881,2.70805020110221,0.6931471805599453,0.6931471805599453,0.0,0.6931471805599453,0,False,0,False,False,0,False,40,False,1,False,False
3183,train,0,3798,True,66,False,4,False,111.70769230769233,65,True,2,True,5,True,0,19,False,0.4769315521278061,3463,True,0,False,1,True,64,True,0,False,0,False,True,True,True,False,False,True,True,True,10,0,8.242493153187626,4.204692619390966,1.6094379124341005,4.189654742026425,1.0986122886681098,8.150179269682326,8.89041055197428,0,False,3,True,False,34,True,17,False,7261,True,False
3199,train,0,14,False,309,False,46,False,3.111111111111111,9,True,1,False,0,False,1,20,False,0.5,14,False,9,True,0,False,9,True,0,False,0,False,True,False,True,False,True,False,False,False,3,1,2.70805020110221,5.736572297479192,3.8501476017100575,2.302585092994046,0.6931471805599453,2.70805020110221,3.367295829986474,0,False,0,False,False,0,False,34,False,28,False,False
3230,train,0,3,False,0,False,0,False,3.0,1,False,1,False,1,True,4,12,False,0.0,0,False,0,False,0,False,1,False,0,False,0,False,True,True,False,False,False,False,False,False,1,0,1.3862943611198906,0.0,0.0,0.6931471805599453,0.6931471805599453,0.0,1.3862943611198906,0,False,0,False,False,0,False,58,False,3,False,False
3236,train,0,12,False,104,False,18,False,6.0,2,False,1,False,0,False,4,15,False,0.0,0,False,0,False,0,False,2,False,0,False,0,False,True,False,True,False,False,False,False,True,1,1,2.5649493574615367,4.653960350157523,2.9444389791664403,1.0986122886681098,0.6931471805599453,0.0,2.5649493574615367,0,False,0,False,False,1,True,47,False,12,False,False
3244,train,0,7,False,75,False,12,False,4.0,2,False,1,False,0,False,4,19,False,0.125,1,False,1,False,0,False,2,False,0,False,0,False,False,False,True,False,True,False,False,False,0,1,2.079441541679836,4.330733340286331,2.5649493574615367,1.0986122886681098,0.6931471805599453,0.6931471805599453,2.19722457733622,0,False,0,False,False,0,False,73,False,8,False,False
3260,train,0,26,False,737,False,122,False,26.0,1,False,2,True,0,False,2,13,False,0.0,0,False,1,False,0,False,1,False,0,False,0,False,True,False,True,True,True,True,False,False,1,1,3.295836866004329,6.6039438246004725,4.812184355372417,0.6931471805599453,1.0986122886681098,0.0,3.295836866004329,0,False,0,False,False,0,False,48,False,26,False,False
3274,train,0,1,False,0,False,0,False,2.0,1,False,1,False,0,False,6,9,True,0.5,1,False,0,False,0,False,1,False,0,False,0,False,False,False,False,False,False,False,False,False,0,1,0.6931471805599453,0.0,0.0,0.6931471805599453,0.6931471805599453,0.6931471805599453,1.0986122886681098,0,False,0,False,True,0,False,8,False,2,False,False
3278,train,0,57,True,213,False,33,False,13.666666666666666,6,False,1,False,0,False,0,14,False,0.3048780487804878,25,True,2,False,0,False,6,True,0,False,0,False,True,False,True,False,True,False,False,True,4,0,4.060443010546419,5.365976015021851,3.5263605246161616,1.9459101490553128,0.6931471805599453,3.258096538021482,4.418840607796598,0,False,0,False,False,3,True,46,False,82,False,False
3282,train,0,40,False,841,False,131,False,8.125,8,True,1,False,0,False,0,22,False,0.3846153846153846,25,True,4,True,0,False,8,True,0,False,0,False,True,False,True,True,True,False,False,True,5,1,3.713572066704308,6.735780014242327,4.882801922586371,2.19722457733622,0.6931471805599453,3.258096538021482,4.189654742026425,0,False,0,False,False,2,True,31,False,65,False,False
3290,train,0,8,False,122,False,22,False,18.0,1,False,2,True,0,False,6,19,True,0.5555555555555556,10,False,1,False,0,False,1,False,0,False,0,False,True,False,True,False,True,True,False,False,2,0,2.19722457733622,4.812184355372417,3.1354942159291497,0.6931471805599453,1.0986122886681098,2.3978952727983707,2.9444389791664403,0,False,0,False,False,0,False,79,True,18,False,False
3299,train,0,12,False,64,False,9,False,4.666666666666667,3,False,1,False,0,False,2,18,False,0.1428571428571428,2,False,1,False,0,False,3,False,0,False,0,False,False,False,True,False,True,False,False,False,0,2,2.5649493574615367,4.174387269895637,2.302585092994046,1.3862943611198906,0.6931471805599453,1.0986122886681098,2.70805020110221,0,False,0,False,False,0,False,26,False,14,False,False
3308,train,0,1,False,617,False,91,False,2.0,1,False,1,False,0,False,6,13,True,0.5,1,False,1,False,0,False,1,False,0,False,0,False,False,False,True,True,True,False,False,False,0,0,0.6931471805599453,6.42648845745769,4.5217885770490405,0.6931471805599453,0.6931471805599453,0.6931471805599453,1.0986122886681098,0,False,0,False,False,0,False,74,False,2,False,False
3321,train,0,3,False,85,False,12,False,4.0,1,False,1,False,0,False,3,14,False,0.25,1,False,1,False,0,False,1,False,0,False,0,False,False,False,True,False,True,False,False,False,0,0,1.3862943611198906,4.454347296253507,2.5649493574615367,0.6931471805599453,0.6931471805599453,0.6931471805599453,1.6094379124341005,0,False,0,False,False,0,False,34,False,4,False,False
3336,train,0,1,False,493,False,79,False,2.0,1,False,1,False,0,False,4,1,False,0.5,1,False,0,False,0,False,1,False,0,False,0,False,False,False,True,True,False,False,False,False,0,0,0.6931471805599453,6.202535517187923,4.382026634673881,0.6931471805599453,0.6931471805599453,0.6931471805599453,1.0986122886681098,0,False,0,False,False,0,False,29,False,2,False,False
3344,train,1,3,False,482,False,87,False,4.0,1,False,1,False,0,False,2,22,False,0.25,1,False,1,False,0,False,1,False,0,False,0,False,True,False,True,True,True,False,False,False,1,1,1.3862943611198906,6.180016653652572,4.477336814478207,0.6931471805599453,0.6931471805599453,0.6931471805599453,1.6094379124341005,0,False,0,False,False,0,False,24,False,4,False,False
3369,train,1,73,True,1703,False,232,False,26.0,3,False,1,False,0,False,6,11,True,0.0641025641025641,5,False,1,False,0,False,3,False,0,False,0,False,True,False,True,True,True,False,True,True,5,0,4.30406509320417,7.440733707389261,5.4510384535657,1.3862943611198906,0.6931471805599453,1.791759469228055,4.3694478524670215,0,False,1,True,False,1,True,89,True,78,False,False
3376,train,0,65,True,116,False,23,False,13.333333333333334,15,True,1,False,1,True,1,13,False,0.675,135,True,15,True,4,True,7,True,4,True,0,False,True,True,True,False,True,False,False,False,9,1,4.189654742026425,4.762173934797756,3.1780538303479458,2.772588722239781,0.6931471805599453,4.912654885736052,5.303304908059076,0,False,0,False,False,0,False,25,False,200,True,False
3381,train,1,2,False,491,False,77,False,4.0,1,False,1,False,0,False,5,22,True,0.5,2,False,1,False,0,False,1,False,0,False,0,False,False,False,True,True,True,False,False,False,0,1,1.0986122886681098,6.198478716492308,4.356708826689592,0.6931471805599453,0.6931471805599453,1.0986122886681098,1.6094379124341005,0,False,0,False,False,0,False,32,False,4,False,False
3382,train,0,2,False,91,False,11,False,4.0,1,False,4,True,0,False,6,17,True,0.5,2,False,1,False,0,False,1,False,0,False,0,False,True,False,True,False,True,True,False,False,1,0,1.0986122886681098,4.5217885770490405,2.4849066497880004,0.6931471805599453,1.6094379124341005,1.0986122886681098,1.6094379124341005,0,False,0,False,False,0,False,55,False,4,False,False
3395,train,0,1,False,28,False,4,False,2.0,1,False,1,False,0,False,0,20,False,0.5,1,False,1,False,0,False,1,False,0,False,0,False,False,False,True,False,True,False,False,False,0,0,0.6931471805599453,3.367295829986474,1.6094379124341005,0.6931471805599453,0.6931471805599453,0.6931471805599453,1.0986122886681098,0,False,0,False,False,0,False,21,False,2,False,False
3401,train,1,34,False,359,False,35,False,16.75,4,False,2,True,3,True,4,23,False,0.4925373134328358,33,True,1,False,0,False,4,True,0,False,0,False,True,True,True,False,True,True,False,False,5,0,3.555348061489413,5.886104031450156,3.58351893845611,1.6094379124341005,1.0986122886681098,3.5263605246161616,4.219507705176107,0,False,0,False,False,0,False,30,False,67,False,False
3408,train,0,1,False,492,False,62,False,1.0,1,False,1,False,0,False,0,9,False,0.0,0,False,1,False,0,False,1,False,0,False,0,False,False,False,True,True,True,False,False,False,0,1,0.6931471805599453,6.20050917404269,4.143134726391533,0.6931471805599453,0.6931471805599453,0.0,0.6931471805599453,0,False,0,False,False,0,False,41,False,1,False,False
3412,train,1,380,True,1269,False,208,False,31.0,13,True,5,True,2,True,4,11,False,0.0570719602977667,23,True,4,True,2,True,11,True,0,False,0,False,True,True,True,True,True,True,False,True,11,1,5.942799375126701,7.146772179452637,5.342334251964811,2.6390573296152584,1.791759469228055,3.1780538303479458,6.001414877961151,0,False,0,False,False,1,True,19,False,403,True,False
3425,train,1,1,False,174,False,20,False,2.0,1,False,1,False,0,False,2,22,False,0.5,1,False,0,False,0,False,1,False,0,False,0,False,False,False,True,False,False,False,False,False,0,1,0.6931471805599453,5.1647859739235145,3.044522437723423,0.6931471805599453,0.6931471805599453,0.6931471805599453,1.0986122886681098,0,False,0,False,False,0,False,44,False,2,False,False
3434,train,0,72,True,308,False,52,False,28.25,4,False,2,True,0,False,0,20,False,0.3628318584070796,41,True,3,True,0,False,4,True,0,False,0,False,True,False,True,True,True,True,False,False,6,2,4.290459441148391,5.733341276897746,3.970291913552122,1.6094379124341005,1.0986122886681098,3.737669618283368,4.736198448394496,0,False,0,False,False,0,False,28,False,113,True,False
3437,train,1,2,False,129,False,26,False,6.0,1,False,1,False,0,False,4,16,False,0.6666666666666666,4,False,1,False,0,False,1,False,0,False,0,False,True,False,True,False,True,False,False,False,1,0,1.0986122886681098,4.867534450455582,3.295836866004329,0.6931471805599453,0.6931471805599453,1.6094379124341005,1.9459101490553128,0,False,0,False,False,0,False,22,False,6,False,False
3456,train,1,15,False,573,False,91,False,5.0,3,False,2,True,0,False,3,1,False,0.0,0,False,1,False,0,False,3,False,0,False,0,False,True,False,True,True,True,True,False,True,3,0,2.772588722239781,6.352629396319567,4.5217885770490405,1.3862943611198906,1.0986122886681098,0.0,2.772588722239781,0,False,0,False,False,1,True,62,False,15,False,False
3460,train,1,1,False,506,False,78,False,2.0,1,False,1,False,0,False,4,7,False,0.5,1,False,1,False,0,False,1,False,0,False,0,False,True,False,True,True,True,False,False,False,1,1,0.6931471805599453,6.228511003591184,4.3694478524670215,0.6931471805599453,0.6931471805599453,0.6931471805599453,1.0986122886681098,0,False,0,False,False,0,False,50,False,2,False,False
3473,train,1,8,False,197,False,19,False,12.0,1,False,1,False,0,False,2,15,False,0.3333333333333333,4,False,1,False,0,False,1,False,0,False,0,False,True,False,True,False,True,False,False,False,1,1,2.19722457733622,5.288267030694535,2.995732273553991,0.6931471805599453,0.6931471805599453,1.6094379124341005,2.5649493574615367,0,False,0,False,False,0,False,36,False,12,False,False
3479,train,0,1,False,432,False,68,False,2.0,1,False,1,False,0,False,3,20,False,0.5,1,False,1,False,0,False,1,False,0,False,0,False,False,False,True,True,True,False,False,False,0,1,0.6931471805599453,6.07073772800249,4.23410650459726,0.6931471805599453,0.6931471805599453,0.6931471805599453,1.0986122886681098,0,False,0,False,False,0,False,44,False,2,False,False
3492,train,0,11,False,103,False,17,False,6.0,3,False,1,False,0,False,0,0,False,0.3888888888888889,7,False,1,False,0,False,3,False,0,False,0,False,True,False,True,False,True,False,False,True,1,1,2.4849066497880004,4.6443908991413725,2.8903717578961645,1.3862943611198906,0.6931471805599453,2.079441541679836,2.9444389791664403,0,False,0,False,False,1,True,35,False,18,False,False
3497,train,0,1,False,38,False,6,False,2.0,1,False,1,False,1,True,0,19,False,0.5,1,False,0,False,0,False,1,False,0,False,0,False,True,True,True,False,False,False,False,False,1,0,0.6931471805599453,3.6635616461296463,1.9459101490553128,0.6931471805599453,0.6931471805599453,0.6931471805599453,1.0986122886681098,0,False,0,False,False,0,False,27,False,2,False,False
3517,train,0,1,False,532,False,85,False,2.0,1,False,1,False,0,False,3,22,False,0.5,1,False,1,False,0,False,1,False,0,False,0,False,False,False,True,True,True,False,False,False,0,0,0.6931471805599453,6.278521424165844,4.454347296253507,0.6931471805599453,0.6931471805599453,0.6931471805599453,1.0986122886681098,0,False,0,False,True,0,False,8,False,2,False,False
3524,train,1,0,False,987,False,120,False,3.0,1,False,1,False,1,True,0,18,False,1.0,3,False,0,False,0,False,1,False,0,False,0,False,True,True,True,True,False,False,False,False,2,0,0.0,6.895682697747868,4.795790545596741,0.6931471805599453,0.6931471805599453,1.3862943611198906,1.3862943611198906,0,False,0,False,False,0,False,39,False,3,False,False
3530,train,1,2,False,44,False,6,False,4.0,1,False,1,False,0,False,3,10,False,0.5,2,False,1,False,0,False,1,False,0,False,0,False,True,False,True,False,True,False,False,False,1,1,1.0986122886681098,3.80666248977032,1.9459101490553128,0.6931471805599453,0.6931471805599453,1.0986122886681098,1.6094379124341005,0,False,0,False,False,0,False,44,False,4,False,False
3537,train,1,1,False,0,False,0,False,2.0,1,False,1,False,0,False,2,7,False,0.5,1,False,0,False,0,False,1,False,0,False,0,False,True,False,False,False,False,False,False,False,1,1,0.6931471805599453,0.0,0.0,0.6931471805599453,0.6931471805599453,0.6931471805599453,1.0986122886681098,0,False,0,False,False,0,False,38,False,2,False,False
3544,train,0,1,False,532,False,85,False,2.0,1,False,1,False,0,False,2,14,False,0.5,1,False,1,False,0,False,1,False,0,False,0,False,False,False,True,True,True,False,False,False,0,0,0.6931471805599453,6.278521424165844,4.454347296253507,0.6931471805599453,0.6931471805599453,0.6931471805599453,1.0986122886681098,0,False,0,False,False,0,False,23,False,2,False,False
3554,train,0,586,True,194,False,25,False,31.404761904761905,84,True,7,True,7,True,5,18,True,0.7778620166793025,2052,True,26,True,0,False,78,True,6,True,0,False,True,True,True,False,True,True,True,True,11,0,6.375024819828097,5.272999558563747,3.258096538021482,4.442651256490317,2.079441541679836,7.627057417018934,7.878155336503324,0,False,2,True,True,27,True,13,False,2638,True,False
3563,train,0,45,False,12,False,2,False,16.6,5,False,1,False,0,False,1,22,False,0.4578313253012048,38,True,2,False,0,False,5,True,0,False,0,False,True,False,True,False,True,False,False,True,4,1,3.828641396489095,2.5649493574615367,1.0986122886681098,1.791759469228055,0.6931471805599453,3.6635616461296463,4.430816798843313,0,False,0,False,False,2,True,40,False,83,True,False
3579,train,1,20,False,850,False,125,False,7.0,3,False,1,False,0,False,0,19,False,0.0476190476190476,1,False,1,False,0,False,3,False,0,False,0,False,True,False,True,True,True,False,False,True,3,0,3.044522437723423,6.746412128573375,4.836281906951478,1.3862943611198906,0.6931471805599453,0.6931471805599453,3.091042453358316,1,True,0,False,False,1,True,56,False,21,False,False
3616,train,0,8,False,0,False,0,False,8.0,1,False,1,False,1,True,0,21,False,0.0,0,False,0,False,1,True,0,False,0,False,0,False,True,True,False,False,False,False,False,False,2,0,2.19722457733622,0.0,0.0,0.6931471805599453,0.6931471805599453,0.0,2.19722457733622,0,False,0,False,False,0,False,22,False,8,False,False
3624,train,0,2,False,6663,True,629,True,2.0,2,False,1,False,0,False,2,8,False,0.5,2,False,0,False,0,False,2,False,0,False,0,False,True,False,True,True,False,False,False,False,2,1,1.0986122886681098,8.804475183846678,6.4457198193855785,1.0986122886681098,0.6931471805599453,1.0986122886681098,1.6094379124341005,0,False,0,False,False,0,False,31,False,4,False,True
3636,train,0,2,False,7221,True,626,True,2.0,2,False,1,False,0,False,2,8,False,0.5,2,False,0,False,0,False,2,False,0,False,0,False,True,False,True,True,False,False,False,False,2,1,1.0986122886681098,8.884887201837403,6.440946540632921,1.0986122886681098,0.6931471805599453,1.0986122886681098,1.6094379124341005,0,False,0,False,False,0,False,31,False,4,False,True
3644,train,0,1,False,5046,True,551,True,2.0,1,False,1,False,0,False,0,8,False,0.5,1,False,0,False,0,False,1,False,0,False,0,False,True,False,True,True,False,False,False,False,2,1,0.6931471805599453,8.526549286340263,6.313548046277095,0.6931471805599453,0.6931471805599453,0.6931471805599453,1.0986122886681098,0,False,0,False,False,0,False,30,False,2,False,True
3648,train,0,1,False,4830,True,529,True,2.0,1,False,1,False,0,False,2,8,False,0.5,1,False,0,False,0,False,1,False,0,False,0,False,True,False,True,True,False,False,False,False,2,1,0.6931471805599453,8.482808764554406,6.272877006546167,0.6931471805599453,0.6931471805599453,0.6931471805599453,1.0986122886681098,0,False,0,False,False,0,False,34,False,2,False,True
3659,train,0,4,False,138,False,21,False,12.0,1,False,1,False,0,False,3,3,False,0.6666666666666666,8,False,1,False,0,False,1,False,0,False,0,False,False,False,True,False,True,False,False,False,0,1,1.6094379124341005,4.934473933130692,3.091042453358316,0.6931471805599453,0.6931471805599453,2.19722457733622,2.5649493574615367,0,False,0,False,False,0,False,49,False,12,False,False
3669,train,1,397,True,590,False,91,False,165.4,5,False,6,True,0,False,1,17,False,0.5199516324062878,430,True,5,True,1,True,4,True,0,False,0,False,True,False,True,True,True,True,False,False,8,1,5.986452005284438,6.3818160174060985,4.5217885770490405,1.791759469228055,1.9459101490553128,6.066108090103747,6.71901315438526,0,False,0,False,False,0,False,33,False,827,True,False
3671,train,0,1,False,7897,True,685,True,2.0,1,False,1,False,0,False,3,8,False,0.5,1,False,0,False,0,False,1,False,0,False,0,False,True,False,True,True,False,False,False,False,2,1,0.6931471805599453,8.974364841846596,6.530877627725885,0.6931471805599453,0.6931471805599453,0.6931471805599453,1.0986122886681098,0,False,0,False,False,0,False,35,False,2,False,True
3677,train,0,2,False,7679,True,699,True,2.0,2,False,1,False,0,False,0,8,False,0.5,2,False,0,False,0,False,2,False,0,False,0,False,True,False,True,True,False,False,False,False,2,1,1.0986122886681098,8.946374826141717,6.551080335043404,1.0986122886681098,0.6931471805599453,1.0986122886681098,1.6094379124341005,0,False,0,False,False,0,False,31,False,4,False,True
3686,train,0,1,False,5298,True,568,True,2.0,1,False,1,False,0,False,2,8,False,0.5,1,False,0,False,0,False,1,False,0,False,0,False,True,False,True,True,False,False,False,False,2,1,0.6931471805599453,8.575273402492762,6.343880434126331,0.6931471805599453,0.6931471805599453,0.6931471805599453,1.0986122886681098,0,False,0,False,False,0,False,30,False,2,False,True
3699,train,1,0,False,109,False,19,False,6.5,2,False,1,False,0,False,6,13,True,1.0,13,False,0,False,0,False,2,False,0,False,0,False,True,False,True,False,False,False,False,True,1,1,0.0,4.700480365792417,2.995732273553991,1.0986122886681098,0.6931471805599453,2.6390573296152584,2.6390573296152584,0,False,0,False,False,2,True,40,False,13,False,False
3709,train,0,473,True,14,False,2,False,193.6,5,False,1,False,0,False,3,19,False,0.5113636363636364,495,True,1,False,1,True,4,True,0,False,0,False,True,False,True,False,True,False,False,False,5,0,6.161207321695077,2.70805020110221,1.0986122886681098,1.791759469228055,0.6931471805599453,6.206575926724928,6.876264611890766,0,False,0,False,False,0,False,36,False,968,True,False
3716,train,0,1,False,5186,True,548,True,2.0,1,False,1,False,0,False,0,9,False,0.5,1,False,0,False,0,False,1,False,0,False,0,False,True,False,True,True,False,False,False,False,2,1,0.6931471805599453,8.553910774351401,6.3080984415095305,0.6931471805599453,0.6931471805599453,0.6931471805599453,1.0986122886681098,0,False,0,False,False,0,False,34,False,2,False,True
3728,train,1,1,False,369,False,49,False,2.0,1,False,1,False,0,False,3,8,False,0.5,1,False,0,False,0,False,1,False,0,False,0,False,True,False,True,False,False,False,False,False,1,0,0.6931471805599453,5.91350300563827,3.912023005428146,0.6931471805599453,0.6931471805599453,0.6931471805599453,1.0986122886681098,0,False,0,False,False,0,False,38,False,2,False,False
3742,train,0,1,False,10857,True,856,True,2.0,1,False,1,False,0,False,0,8,False,0.5,1,False,0,False,0,False,1,False,0,False,0,False,True,False,True,True,False,False,False,False,2,1,0.6931471805599453,9.292657414465396,6.75343791859778,0.6931471805599453,0.6931471805599453,0.6931471805599453,1.0986122886681098,0,False,0,False,False,0,False,35,False,2,False,True
3756,train,0,2,False,7037,True,618,True,2.0,2,False,1,False,0,False,0,8,False,0.5,2,False,0,False,0,False,2,False,0,False,0,False,True,False,True,True,False,False,False,False,2,1,1.0986122886681098,8.85907931788153,6.428105272684596,1.0986122886681098,0.6931471805599453,1.0986122886681098,1.6094379124341005,0,False,0,False,False,0,False,31,False,4,False,True
3771,train,0,1,False,45,False,10,False,2.0,1,False,1,False,0,False,0,14,False,0.5,1,False,1,False,0,False,1,False,0,False,0,False,False,False,True,False,True,False,False,False,0,1,0.6931471805599453,3.828641396489095,2.3978952727983707,0.6931471805599453,0.6931471805599453,0.6931471805599453,1.0986122886681098,0,False,0,False,False,0,False,36,False,2,False,False
3773,train,0,2,False,5485,True,533,True,2.0,2,False,1,False,0,False,3,8,False,0.5,2,False,0,False,0,False,2,False,0,False,0,False,True,False,True,True,False,False,False,False,2,1,1.0986122886681098,8.60995467149755,6.280395838960195,1.0986122886681098,0.6931471805599453,1.0986122886681098,1.6094379124341005,0,False,0,False,False,0,False,35,False,4,False,True
3785,train,1,8,False,153,False,21,False,5.333333333333333,3,False,3,True,2,True,5,5,True,0.5,8,False,0,False,0,False,3,False,0,False,0,False,True,True,True,False,False,True,False,False,3,0,2.19722457733622,5.0369526024136295,3.091042453358316,1.3862943611198906,1.3862943611198906,2.19722457733622,2.833213344056216,0,False,0,False,False,0,False,21,False,16,False,False
3790,train,0,2,False,9547,True,891,True,3.0,2,False,1,False,0,False,3,21,False,0.6666666666666666,4,False,0,False,0,False,2,False,0,False,0,False,True,False,True,True,False,False,False,False,2,1,1.0986122886681098,9.16408698745872,6.79346613258001,1.0986122886681098,0.6931471805599453,1.6094379124341005,1.9459101490553128,0,False,0,False,False,0,False,31,False,6,False,True
3802,train,0,2,False,204,False,36,False,5.0,1,False,5,True,0,False,2,20,False,0.6,3,False,1,False,0,False,1,False,0,False,0,False,True,False,True,False,True,True,False,False,1,1,1.0986122886681098,5.3230099791384085,3.610917912644224,0.6931471805599453,1.791759469228055,1.3862943611198906,1.791759469228055,0,False,0,False,False,0,False,69,False,5,False,False
3816,train,0,1,False,328,False,28,False,2.0,1,False,1,False,0,False,3,15,False,0.5,1,False,0,False,0,False,1,False,0,False,0,False,False,False,True,False,False,False,False,False,0,1,0.6931471805599453,5.796057750765372,3.367295829986474,0.6931471805599453,0.6931471805599453,0.6931471805599453,1.0986122886681098,0,False,0,False,False,0,False,49,False,2,False,False
3819,train,0,4,False,5600,True,556,True,7.0,1,False,1,False,0,False,6,9,True,0.4285714285714285,3,False,0,False,0,False,1,False,0,False,0,False,True,False,True,True,False,False,False,False,2,1,1.6094379124341005,8.630700432209832,6.322565239927284,0.6931471805599453,0.6931471805599453,1.3862943611198906,2.079441541679836,0,False,0,False,False,0,False,30,False,7,False,True
3823,train,0,33,False,0,False,0,False,9.714285714285714,7,True,1,False,1,True,6,13,True,0.5147058823529411,35,True,0,False,0,False,7,True,0,False,0,False,True,True,False,False,False,False,False,True,5,0,3.5263605246161616,0.0,0.0,2.079441541679836,0.6931471805599453,3.58351893845611,4.23410650459726,0,False,0,False,False,1,True,19,False,68,False,False
3828,train,0,259,True,810,False,94,False,114.0,8,True,1,False,0,False,3,17,False,0.7160087719298246,653,True,3,True,0,False,8,True,0,False,0,False,True,False,True,True,True,False,False,True,7,0,5.560681631015528,6.698268054115413,4.553876891600541,2.19722457733622,0.6931471805599453,6.483107351457199,6.816735880594968,0,False,0,False,False,3,True,50,False,912,True,False
3836,train,0,1,False,357,False,60,False,2.0,1,False,1,False,1,True,1,17,False,0.5,1,False,0,False,0,False,1,False,0,False,0,False,True,True,True,True,False,False,False,False,1,0,0.6931471805599453,5.8805329864007,4.110873864173311,0.6931471805599453,0.6931471805599453,0.6931471805599453,1.0986122886681098,0,False,0,False,False,0,False,33,False,2,False,False
3854,train,0,1,False,0,False,0,False,2.0,1,False,1,False,1,True,0,16,False,0.5,1,False,0,False,0,False,1,False,0,False,0,False,True,True,False,False,False,False,False,False,1,0,0.6931471805599453,0.0,0.0,0.6931471805599453,0.6931471805599453,0.6931471805599453,1.0986122886681098,0,False,0,False,False,0,False,37,False,2,False,False
3855,train,0,2,False,8793,True,719,True,2.0,2,False,1,False,0,False,4,9,False,0.5,2,False,0,False,0,False,2,False,0,False,0,False,True,False,True,True,False,False,False,False,2,1,1.0986122886681098,9.081824949740756,6.579251212010101,1.0986122886681098,0.6931471805599453,1.0986122886681098,1.6094379124341005,0,False,0,False,False,0,False,31,False,4,False,True
3859,train,0,4,False,7080,True,730,True,3.333333333333333,3,False,1,False,0,False,4,9,False,0.6,6,False,0,False,0,False,3,False,0,False,0,False,True,False,True,True,False,False,False,False,2,1,1.6094379124341005,8.865170419651774,6.594413459749778,1.3862943611198906,0.6931471805599453,1.9459101490553128,2.3978952727983707,0,False,0,False,False,0,False,32,False,10,False,True
3880,train,0,1,False,399,False,69,False,2.0,1,False,1,False,0,False,2,17,False,0.5,1,False,1,False,0,False,1,False,0,False,0,False,False,False,True,True,True,False,False,False,0,1,0.6931471805599453,5.991464547107982,4.248495242049359,0.6931471805599453,0.6931471805599453,0.6931471805599453,1.0986122886681098,0,False,0,False,False,0,False,40,False,2,False,False
3887,train,0,3,False,5737,True,569,True,2.0,3,False,1,False,0,False,0,11,False,0.5,3,False,0,False,0,False,3,False,0,False,0,False,True,False,True,True,False,False,False,False,2,1,1.3862943611198906,8.65486599654131,6.345636360828596,1.3862943611198906,0.6931471805599453,1.3862943611198906,1.9459101490553128,0,False,0,False,False,0,False,32,False,6,False,True
3891,train,0,23,False,8642,True,891,True,17.5,2,False,1,False,0,False,0,11,False,0.3428571428571428,12,False,0,False,0,False,2,False,0,False,0,False,True,False,True,True,False,False,False,False,2,1,3.1780538303479458,9.064505023752638,6.79346613258001,1.0986122886681098,0.6931471805599453,2.5649493574615367,3.58351893845611,0,False,0,False,False,0,False,34,False,35,False,True
3895,train,0,28,False,521,False,69,False,16.571428571428573,7,True,1,False,0,False,1,6,False,0.7586206896551724,88,True,4,True,0,False,7,True,0,False,0,False,True,False,True,True,True,False,False,True,6,1,3.367295829986474,6.257667587882639,4.248495242049359,2.079441541679836,0.6931471805599453,4.48863636973214,4.762173934797756,0,False,0,False,False,1,True,25,False,116,True,False
3907,train,1,61,True,1137,False,190,False,20.33333333333333,3,False,1,False,0,False,6,11,True,0.0,0,False,1,False,0,False,3,False,0,False,0,False,True,False,True,True,True,False,False,True,3,0,4.127134385045092,7.037027614686276,5.25227342804663,1.3862943611198906,0.6931471805599453,0.0,4.127134385045092,0,False,0,False,False,1,True,41,False,61,False,False
3922,train,0,40,False,0,False,0,False,7.1,10,True,4,True,4,True,2,18,False,0.4366197183098591,31,True,5,True,0,False,9,True,0,False,1,True,True,True,False,False,True,True,False,False,7,0,3.713572066704308,0.0,0.0,2.3978952727983707,1.6094379124341005,3.4657359027997265,4.276666119016055,0,False,0,False,False,0,False,48,False,71,False,False
3932,train,0,9,False,531,False,91,False,4.333333333333333,3,False,1,False,0,False,2,13,False,0.3076923076923077,4,False,0,False,0,False,3,False,0,False,0,False,True,False,True,True,False,False,False,True,1,0,2.302585092994046,6.2766434893416445,4.5217885770490405,1.3862943611198906,0.6931471805599453,1.6094379124341005,2.6390573296152584,0,False,0,False,False,2,True,45,False,13,False,False
3943,train,0,1,False,0,False,0,False,2.0,1,False,1,False,1,True,0,17,False,0.5,1,False,0,False,0,False,1,False,0,False,0,False,True,True,False,False,False,False,False,False,1,0,0.6931471805599453,0.0,0.0,0.6931471805599453,0.6931471805599453,0.6931471805599453,1.0986122886681098,0,False,0,False,False,0,False,37,False,2,False,False
3952,train,0,1,False,0,False,0,False,2.0,1,False,1,False,1,True,0,17,False,0.5,1,False,0,False,0,False,1,False,0,False,0,False,True,True,False,False,False,False,False,False,1,0,0.6931471805599453,0.0,0.0,0.6931471805599453,0.6931471805599453,0.6931471805599453,1.0986122886681098,0,False,0,False,False,0,False,37,False,2,False,False
3971,train,1,52,False,166,False,12,False,50.5,2,False,1,False,0,False,5,16,True,0.4851485148514851,49,True,0,False,0,False,2,False,0,False,0,False,True,False,True,False,False,False,False,False,2,0,3.970291913552122,5.117993812416755,2.5649493574615367,1.0986122886681098,0.6931471805599453,3.912023005428146,4.624972813284271,0,False,0,False,False,0,False,40,False,101,True,False
3989,train,0,74,True,426,False,76,False,30.33333333333333,6,False,3,True,0,False,6,19,True,0.5934065934065934,108,True,1,False,0,False,6,True,0,False,0,False,True,False,True,True,True,True,False,True,6,1,4.31748811353631,6.056784013228625,4.343805421853684,1.9459101490553128,1.3862943611198906,4.691347882229144,5.209486152841421,0,False,0,False,False,1,True,18,False,182,True,False
4011,train,0,9,False,58,False,8,False,7.333333333333333,3,False,1,False,0,False,1,22,False,0.5909090909090909,13,False,0,False,0,False,3,False,0,False,0,False,False,False,True,False,False,False,False,False,0,0,2.302585092994046,4.07753744390572,2.19722457733622,1.3862943611198906,0.6931471805599453,2.6390573296152584,3.1354942159291497,0,False,0,False,False,0,False,31,False,22,False,False
4047,train,0,11,False,598,False,94,False,6.666666666666667,3,False,1,False,1,True,3,23,False,0.45,9,False,1,False,0,False,3,False,0,False,0,False,True,True,True,True,True,False,False,False,1,0,2.4849066497880004,6.395261598115449,4.553876891600541,1.3862943611198906,0.6931471805599453,2.302585092994046,3.044522437723423,0,False,0,False,False,0,False,58,False,20,False,False
4071,train,1,36,False,920,False,149,False,11.75,4,False,4,True,0,False,0,21,False,0.2340425531914893,11,False,1,False,0,False,4,True,0,False,0,False,True,False,True,True,True,True,False,False,2,1,3.610917912644224,6.825460036255307,5.010635294096256,1.6094379124341005,1.6094379124341005,2.4849066497880004,3.871201010907891,0,False,0,False,False,0,False,32,False,47,False,False
4100,train,0,1,False,0,False,0,False,2.0,1,False,1,False,0,False,0,8,False,0.5,1,False,1,False,0,False,1,False,0,False,0,False,False,False,False,False,True,False,False,False,0,1,0.6931471805599453,0.0,0.0,0.6931471805599453,0.6931471805599453,0.6931471805599453,1.0986122886681098,0,False,0,False,False,0,False,35,False,2,False,False
4139,train,1,45,False,485,False,82,False,43.0,2,False,1,False,0,False,0,14,False,0.4767441860465116,41,True,1,False,0,False,2,False,0,False,0,False,True,False,True,True,True,False,True,False,4,1,3.828641396489095,6.186208623900494,4.418840607796598,1.0986122886681098,0.6931471805599453,3.737669618283368,4.465908118654584,0,False,1,True,False,0,False,35,False,86,True,False
4175,train,0,2,False,173,False,20,False,4.0,1,False,1,False,0,False,5,11,True,0.5,2,False,1,False,0,False,1,False,0,False,0,False,False,False,True,False,True,False,False,False,0,1,1.0986122886681098,5.159055299214529,3.044522437723423,0.6931471805599453,0.6931471805599453,1.0986122886681098,1.6094379124341005,0,False,0,False,False,0,False,22,False,4,False,False
4181,train,0,3,False,10638,True,641,True,4.0,1,False,1,False,0,False,3,8,False,0.25,1,False,0,False,0,False,1,False,0,False,0,False,True,False,True,True,False,False,False,False,2,1,1.3862943611198906,9.272281773516363,6.464588303689961,0.6931471805599453,0.6931471805599453,0.6931471805599453,1.6094379124341005,0,False,0,False,False,0,False,34,False,4,False,True
4184,train,0,24,False,4298,True,371,True,24.0,2,False,1,False,0,False,3,8,False,0.5,24,True,0,False,0,False,2,False,0,False,0,False,True,False,True,True,False,False,False,False,3,1,3.218875824868201,8.366137716496281,5.918893854273146,1.0986122886681098,0.6931471805599453,3.218875824868201,3.8918202981106265,0,False,0,False,False,0,False,36,False,48,False,True
4190,train,1,4,False,193,False,22,False,4.5,2,False,2,True,0,False,2,7,False,0.5555555555555556,5,False,2,False,0,False,2,False,0,False,0,False,True,False,True,False,True,True,False,False,2,1,1.6094379124341005,5.267858159063328,3.1354942159291497,1.0986122886681098,1.0986122886681098,1.791759469228055,2.302585092994046,0,False,0,False,False,0,False,41,False,9,False,False
4209,train,0,6,False,7516,True,574,True,6.0,2,False,1,False,0,False,6,8,True,0.5,6,False,0,False,0,False,2,False,0,False,0,False,True,False,True,True,False,False,False,False,2,1,1.9459101490553128,8.924922401177469,6.354370040797351,1.0986122886681098,0.6931471805599453,1.9459101490553128,2.5649493574615367,0,False,0,False,False,0,False,31,False,12,False,True
4221,train,0,1,False,159,False,25,False,2.0,1,False,1,False,0,False,3,6,False,0.5,1,False,1,False,0,False,1,False,0,False,0,False,False,False,True,False,True,False,False,False,0,1,0.6931471805599453,5.075173815233827,3.258096538021482,0.6931471805599453,0.6931471805599453,0.6931471805599453,1.0986122886681098,0,False,0,False,False,0,False,50,False,2,False,False
4234,train,0,3,False,55,False,10,False,7.0,1,False,1,False,0,False,4,11,False,0.5714285714285714,4,False,1,False,0,False,1,False,0,False,0,False,False,False,True,False,True,False,False,False,0,1,1.3862943611198906,4.02535169073515,2.3978952727983707,0.6931471805599453,0.6931471805599453,1.6094379124341005,2.079441541679836,0,False,0,False,False,0,False,57,False,7,False,False
4254,train,0,1,False,5688,True,463,True,2.0,1,False,1,False,0,False,2,8,False,0.5,1,False,0,False,0,False,1,False,0,False,0,False,True,False,True,True,False,False,False,False,2,1,0.6931471805599453,8.646289764750648,6.139884552226255,0.6931471805599453,0.6931471805599453,0.6931471805599453,1.0986122886681098,0,False,0,False,False,0,False,30,False,2,False,True
4266,train,0,1,False,66,False,6,False,2.0,1,False,1,False,0,False,1,16,False,0.5,1,False,1,False,0,False,1,False,0,False,0,False,False,False,True,False,True,False,False,False,0,0,0.6931471805599453,4.204692619390966,1.9459101490553128,0.6931471805599453,0.6931471805599453,0.6931471805599453,1.0986122886681098,0,False,0,False,False,0,False,31,False,2,False,False
4271,train,1,1,False,121,False,21,False,2.0,1,False,1,False,0,False,0,8,False,0.5,1,False,1,False,0,False,1,False,0,False,0,False,False,False,True,False,True,False,False,False,0,1,0.6931471805599453,4.804021044733257,3.091042453358316,0.6931471805599453,0.6931471805599453,0.6931471805599453,1.0986122886681098,0,False,0,False,False,0,False,33,False,2,False,False
4283,train,0,21,False,25,False,3,False,8.2,5,False,1,False,0,False,4,16,False,0.4878048780487805,20,True,0,False,0,False,5,True,0,False,0,False,True,False,True,False,False,False,False,False,2,0,3.091042453358316,3.258096538021482,1.3862943611198906,1.791759469228055,0.6931471805599453,3.044522437723423,3.737669618283368,0,False,0,False,False,0,False,22,False,41,False,False
4287,train,0,2,False,0,False,0,False,2.0,2,False,1,False,0,False,0,14,False,0.5,2,False,1,False,0,False,2,False,0,False,0,False,False,False,False,False,True,False,False,False,0,0,1.0986122886681098,0.0,0.0,1.0986122886681098,0.6931471805599453,1.0986122886681098,1.6094379124341005,0,False,0,False,False,0,False,21,False,4,False,False
4298,train,1,2,False,2609,True,334,True,5.0,2,False,1,False,0,False,3,13,False,0.8,8,False,1,False,0,False,2,False,0,False,0,False,True,False,True,True,True,False,False,False,3,0,1.0986122886681098,7.867105500316739,5.814130531825066,1.0986122886681098,0.6931471805599453,2.19722457733622,2.3978952727983707,0,False,0,False,False,0,False,27,False,10,False,True
4304,train,0,1,False,102,False,9,False,2.0,1,False,1,False,0,False,0,8,False,0.5,1,False,1,False,0,False,1,False,0,False,0,False,False,False,True,False,True,False,False,False,0,0,0.6931471805599453,4.634728988229636,2.302585092994046,0.6931471805599453,0.6931471805599453,0.6931471805599453,1.0986122886681098,0,False,0,False,False,0,False,57,False,2,False,False
4326,train,0,37,False,0,False,0,False,14.8,5,False,1,False,1,True,0,19,False,0.5,37,True,0,False,0,False,5,True,0,False,0,False,True,True,False,False,False,False,False,False,3,0,3.6375861597263857,0.0,0.0,1.791759469228055,0.6931471805599453,3.6375861597263857,4.31748811353631,0,False,0,False,False,0,False,19,False,74,False,False
4335,train,0,178,True,390,False,49,False,17.333333333333332,15,True,3,True,3,True,4,2,False,0.3153846153846154,82,True,5,True,0,False,15,True,0,False,0,False,True,True,True,False,True,True,False,True,9,0,5.187385805840755,5.968707559985366,3.912023005428146,2.772588722239781,1.3862943611198906,4.418840607796598,5.564520407322694,0,False,0,False,False,2,True,15,False,260,True,False
4343,train,0,78,True,207,False,34,False,20.0,5,False,2,True,0,False,1,16,False,0.22,22,True,5,True,0,False,5,True,0,False,0,False,True,False,True,False,True,True,False,False,6,1,4.3694478524670215,5.337538079701318,3.555348061489413,1.791759469228055,1.0986122886681098,3.1354942159291497,4.61512051684126,0,False,0,False,False,0,False,40,False,100,True,False
4382,train,1,13,False,117,False,20,False,19.0,1,False,1,False,0,False,6,4,True,0.3157894736842105,6,False,1,False,0,False,1,False,0,False,0,False,True,False,True,False,True,False,False,False,1,1,2.6390573296152584,4.770684624465665,3.044522437723423,0.6931471805599453,0.6931471805599453,1.9459101490553128,2.995732273553991,0,False,0,False,False,0,False,57,False,19,False,False
4397,train,1,0,False,548,False,65,False,12.0,1,False,1,False,0,False,4,5,False,1.0,12,False,1,False,0,False,1,False,0,False,0,False,True,False,True,True,True,False,True,False,2,1,0.0,6.3080984415095305,4.189654742026425,0.6931471805599453,0.6931471805599453,2.5649493574615367,2.5649493574615367,0,False,1,True,False,0,False,34,False,12,False,False
4412,train,1,155,True,107,False,8,False,17.22222222222222,9,True,1,False,0,False,1,13,False,0.0,0,False,9,True,0,False,9,True,0,False,0,False,True,False,True,False,True,False,False,False,5,1,5.049856007249537,4.68213122712422,2.19722457733622,2.302585092994046,0.6931471805599453,0.0,5.049856007249537,0,False,0,False,False,0,False,28,False,155,True,False
4432,train,1,2,False,587,False,103,False,3.0,1,False,1,False,0,False,3,10,False,0.3333333333333333,1,False,0,False,0,False,1,False,0,False,0,False,True,False,True,True,False,False,False,False,1,0,1.0986122886681098,6.376726947898627,4.6443908991413725,0.6931471805599453,0.6931471805599453,0.6931471805599453,1.3862943611198906,0,False,0,False,False,0,False,45,False,3,False,False
4445,train,0,33,False,633,False,113,False,31.5,2,False,1,False,0,False,2,19,False,0.4761904761904761,30,True,1,False,0,False,2,False,0,False,0,False,True,False,True,True,True,False,False,False,1,0,3.5263605246161616,6.452048954437226,4.736198448394496,1.0986122886681098,0.6931471805599453,3.4339872044851463,4.158883083359672,0,False,0,False,False,0,False,48,False,63,False,False
4461,train,0,11,False,384,False,59,False,5.5,2,False,1,False,0,False,2,3,False,0.0,0,False,1,False,0,False,2,False,0,False,0,False,False,False,True,True,True,False,False,False,0,1,2.4849066497880004,5.953243334287785,4.0943445622221,1.0986122886681098,0.6931471805599453,0.0,2.4849066497880004,0,False,0,False,False,0,False,36,False,11,False,False
4469,train,0,3,False,145,False,26,False,6.0,1,False,1,False,0,False,6,13,True,0.5,3,False,1,False,0,False,1,False,0,False,0,False,False,False,True,False,True,False,False,False,0,1,1.3862943611198906,4.983606621708336,3.295836866004329,0.6931471805599453,0.6931471805599453,1.3862943611198906,1.9459101490553128,0,False,0,False,False,0,False,48,False,6,False,False
4479,train,1,190,True,819,False,138,False,55.0,4,False,3,True,0,False,1,21,False,0.1363636363636363,30,True,2,False,0,False,4,True,0,False,0,False,True,False,True,True,True,True,False,True,7,0,5.25227342804663,6.709304340258298,4.934473933130692,1.6094379124341005,1.3862943611198906,3.4339872044851463,5.3981627015177525,0,False,0,False,False,1,True,54,False,220,True,False
4491,train,0,1,False,28,False,7,False,2.0,1,False,1,False,0,False,1,9,False,0.5,1,False,1,False,0,False,1,False,0,False,0,False,False,False,True,False,True,False,False,False,0,1,0.6931471805599453,3.367295829986474,2.079441541679836,0.6931471805599453,0.6931471805599453,0.6931471805599453,1.0986122886681098,0,False,0,False,False,0,False,30,False,2,False,False
4497,train,0,2,False,27,False,4,False,2.0,1,False,1,False,0,False,5,1,True,0.0,0,False,0,False,0,False,1,False,0,False,0,False,False,False,True,False,False,False,False,False,0,0,1.0986122886681098,3.332204510175204,1.6094379124341005,0.6931471805599453,0.6931471805599453,0.0,1.0986122886681098,0,False,0,False,False,0,False,45,False,2,False,False
4511,train,0,1,False,14,False,2,False,2.0,1,False,1,False,0,False,2,21,False,0.5,1,False,0,False,0,False,1,False,0,False,0,False,False,False,True,False,False,False,False,False,0,0,0.6931471805599453,2.70805020110221,1.0986122886681098,0.6931471805599453,0.6931471805599453,0.6931471805599453,1.0986122886681098,0,False,0,False,False,0,False,21,False,2,False,False
4515,train,0,1,False,8683,True,653,True,2.0,1,False,1,False,1,True,4,16,False,0.5,1,False,0,False,0,False,1,False,0,False,0,False,True,True,True,True,False,False,False,False,3,1,0.6931471805599453,9.069237530998182,6.483107351457199,0.6931471805599453,0.6931471805599453,0.6931471805599453,1.0986122886681098,0,False,0,False,False,0,False,33,False,2,False,True
4534,train,1,8,False,634,False,103,False,4.5,2,False,1,False,0,False,1,16,False,0.1111111111111111,1,False,1,False,0,False,2,False,0,False,0,False,True,False,True,True,True,False,False,False,2,0,2.19722457733622,6.453624998892692,4.6443908991413725,1.0986122886681098,0.6931471805599453,0.6931471805599453,2.302585092994046,0,False,0,False,False,0,False,79,True,9,False,False
4560,train,1,42,False,13,False,3,False,19.75,4,False,1,False,0,False,3,18,False,0.4683544303797468,37,True,1,False,0,False,4,True,0,False,0,False,True,False,True,False,True,False,False,True,3,0,3.7612001156935615,2.6390573296152584,1.3862943611198906,1.6094379124341005,0.6931471805599453,3.6375861597263857,4.382026634673881,0,False,0,False,False,2,True,46,False,79,False,False
4577,train,1,102,True,1220,False,214,False,37.0,5,False,3,True,0,False,0,17,False,0.4486486486486487,83,True,1,False,0,False,5,True,0,False,0,False,True,False,True,True,True,True,False,True,7,0,4.634728988229636,7.107425474110705,5.3706380281276624,1.791759469228055,1.3862943611198906,4.430816798843313,5.225746673713202,0,False,0,False,False,1,True,27,False,185,True,False
4591,train,0,4,False,92,False,13,False,23.2,5,False,1,False,0,False,1,6,False,0.9655172413793104,112,True,5,True,0,False,4,True,1,True,0,False,True,False,True,False,True,False,False,False,5,1,1.6094379124341005,4.532599493153256,2.6390573296152584,1.791759469228055,0.6931471805599453,4.727387818712341,4.762173934797756,0,False,0,False,False,0,False,24,False,116,True,False
4610,train,1,59,True,745,False,121,False,21.5,4,False,3,True,1,True,3,19,False,0.313953488372093,27,True,1,False,0,False,4,True,0,False,0,False,True,True,True,True,True,True,False,True,8,0,4.0943445622221,6.61472560020376,4.804021044733257,1.6094379124341005,1.3862943611198906,3.332204510175204,4.465908118654584,0,False,0,False,False,1,True,40,False,86,True,False
4624,train,0,385,True,330,False,44,False,159.0,4,False,3,True,0,False,0,22,False,0.3946540880503145,251,True,2,False,0,False,4,True,0,False,0,False,True,False,True,False,True,True,False,True,6,0,5.955837369464831,5.802118375377063,3.80666248977032,1.6094379124341005,1.3862943611198906,5.529429087511423,6.456769655572163,0,False,0,False,False,1,True,39,False,636,True,False
4645,train,0,7,False,1396,False,225,False,3.333333333333333,3,False,1,False,0,False,4,14,False,0.3,3,False,1,False,0,False,3,False,0,False,0,False,True,False,True,True,True,False,True,True,2,0,2.079441541679836,7.242082359256962,5.420534999272286,1.3862943611198906,0.6931471805599453,1.3862943611198906,2.3978952727983707,0,False,1,True,False,1,True,45,False,10,False,False
4662,train,0,9,False,37,False,5,False,5.333333333333333,3,False,1,False,0,False,3,4,False,0.4375,7,False,0,False,0,False,3,False,0,False,0,False,True,False,True,False,False,False,False,True,1,1,2.302585092994046,3.6375861597263857,1.791759469228055,1.3862943611198906,0.6931471805599453,2.079441541679836,2.833213344056216,0,False,0,False,False,1,True,46,False,16,False,False
4665,train,0,1,False,8817,True,663,True,2.0,1,False,1,False,1,True,4,16,False,0.5,1,False,0,False,0,False,1,False,0,False,0,False,True,True,True,True,False,False,False,False,3,1,0.6931471805599453,9.084550365917885,6.498282149476434,0.6931471805599453,0.6931471805599453,0.6931471805599453,1.0986122886681098,0,False,0,False,False,0,False,37,False,2,False,True
4675,train,0,2,False,136,False,21,False,1.0,2,False,1,False,0,False,2,9,False,0.0,0,False,1,False,0,False,2,False,0,False,0,False,False,False,True,False,True,False,False,False,0,1,1.0986122886681098,4.919980925828125,3.091042453358316,1.0986122886681098,0.6931471805599453,0.0,1.0986122886681098,0,False,0,False,False,0,False,48,False,2,False,False
4685,train,0,25,False,40,False,8,False,7.142857142857143,7,True,1,False,0,False,5,12,True,0.5,25,True,0,False,0,False,7,True,0,False,0,False,True,False,True,False,False,False,False,True,4,0,3.258096538021482,3.713572066704308,2.19722457733622,2.079441541679836,0.6931471805599453,3.258096538021482,3.9318256327243257,0,False,0,False,False,1,True,29,False,50,False,False
4694,train,0,2,False,0,False,0,False,2.0,2,False,1,False,0,False,2,20,False,0.5,2,False,1,False,0,False,2,False,0,False,0,False,False,False,False,False,True,False,False,False,0,0,1.0986122886681098,0.0,0.0,1.0986122886681098,0.6931471805599453,1.0986122886681098,1.6094379124341005,0,False,0,False,False,0,False,21,False,4,False,False
4721,train,0,4,False,550,False,25,False,8.0,1,False,1,False,1,True,0,23,False,0.5,4,False,0,False,0,False,1,False,0,False,0,False,True,True,True,False,False,False,False,False,1,0,1.6094379124341005,6.311734809152915,3.258096538021482,0.6931471805599453,0.6931471805599453,1.6094379124341005,2.19722457733622,0,False,0,False,False,0,False,37,False,8,False,False
4748,train,0,43,False,436,False,73,False,72.4,10,True,5,True,0,False,4,18,False,0.9406077348066298,681,True,10,True,0,False,5,True,5,True,0,False,True,False,True,True,True,True,False,False,7,1,3.784189633918261,6.07993319509559,4.30406509320417,2.3978952727983707,1.791759469228055,6.525029657843462,6.586171654854675,0,False,0,False,False,0,False,27,False,724,True,False
4758,train,0,1,False,12,False,3,False,2.0,1,False,1,False,0,False,1,8,False,0.5,1,False,1,False,0,False,1,False,0,False,0,False,False,False,True,False,True,False,False,False,0,0,0.6931471805599453,2.5649493574615367,1.3862943611198906,0.6931471805599453,0.6931471805599453,0.6931471805599453,1.0986122886681098,0,False,0,False,False,0,False,40,False,2,False,False
4783,train,0,0,False,291,False,24,False,1.0,1,False,1,False,0,False,0,16,False,1.0,1,False,1,False,0,False,1,False,0,False,0,False,False,False,True,False,True,False,False,False,0,1,0.0,5.676753802268282,3.218875824868201,0.6931471805599453,0.6931471805599453,0.6931471805599453,0.6931471805599453,0,False,0,False,False,0,False,31,False,1,False,False
4821,train,0,1,False,19,False,3,False,2.0,1,False,1,False,0,False,6,11,True,0.5,1,False,0,False,0,False,1,False,0,False,0,False,False,False,True,False,False,False,False,False,0,0,0.6931471805599453,2.995732273553991,1.3862943611198906,0.6931471805599453,0.6931471805599453,0.6931471805599453,1.0986122886681098,0,False,0,False,False,0,False,37,False,2,False,False
4833,train,1,2,False,318,False,15,False,4.0,1,False,1,False,1,True,0,23,False,0.5,2,False,0,False,0,False,1,False,0,False,0,False,True,True,True,False,False,False,False,False,2,0,1.0986122886681098,5.765191102784844,2.772588722239781,0.6931471805599453,0.6931471805599453,1.0986122886681098,1.6094379124341005,0,False,0,False,False,0,False,37,False,4,False,False
4835,train,0,1,False,99,False,16,False,2.0,1,False,1,False,0,False,2,1,False,0.5,1,False,1,False,0,False,1,False,0,False,0,False,False,False,True,False,True,False,False,False,0,0,0.6931471805599453,4.605170185988092,2.833213344056216,0.6931471805599453,0.6931471805599453,0.6931471805599453,1.0986122886681098,0,False,0,False,False,0,False,22,False,2,False,False
4847,train,1,45,False,116,False,21,False,90.0,1,False,1,False,0,False,5,22,True,0.5,45,True,1,False,0,False,1,False,0,False,0,False,True,False,True,False,True,False,False,False,3,0,3.828641396489095,4.762173934797756,3.091042453358316,0.6931471805599453,0.6931471805599453,3.828641396489095,4.51085950651685,0,False,0,False,False,0,False,49,False,90,True,False
4862,train,0,1,False,194,False,10,False,2.0,1,False,1,False,1,True,0,23,False,0.5,1,False,0,False,0,False,1,False,0,False,0,False,True,True,True,False,False,False,False,False,1,0,0.6931471805599453,5.272999558563747,2.3978952727983707,0.6931471805599453,0.6931471805599453,0.6931471805599453,1.0986122886681098,0,False,0,False,False,0,False,37,False,2,False,False
4882,train,0,1,False,503,False,91,False,2.0,1,False,1,False,0,False,6,9,True,0.5,1,False,1,False,0,False,1,False,0,False,0,False,False,False,True,True,True,False,False,False,0,0,0.6931471805599453,6.222576268071369,4.5217885770490405,0.6931471805599453,0.6931471805599453,0.6931471805599453,1.0986122886681098,0,False,0,False,False,0,False,27,False,2,False,False
4899,train,1,1,False,174,False,10,False,2.0,1,False,1,False,1,True,1,0,False,0.5,1,False,0,False,0,False,1,False,0,False,0,False,True,True,True,False,False,False,False,False,1,0,0.6931471805599453,5.1647859739235145,2.3978952727983707,0.6931471805599453,0.6931471805599453,0.6931471805599453,1.0986122886681098,0,False,0,False,False,0,False,37,False,2,False,False
4913,train,0,1,False,63,False,11,False,2.0,1,False,1,False,0,False,2,3,False,0.5,1,False,1,False,0,False,1,False,0,False,0,False,False,False,True,False,True,False,False,False,0,1,0.6931471805599453,4.158883083359672,2.4849066497880004,0.6931471805599453,0.6931471805599453,0.6931471805599453,1.0986122886681098,0,False,0,False,False,0,False,45,False,2,False,False
4921,train,1,5,False,1076,False,180,False,2.0,4,False,1,False,0,False,3,17,False,0.375,3,False,1,False,0,False,4,True,0,False,0,False,True,False,True,True,True,False,False,False,1,1,1.791759469228055,6.981934677156389,5.198497031265826,1.6094379124341005,0.6931471805599453,1.3862943611198906,2.19722457733622,0,False,0,False,False,0,False,38,False,8,False,False
4926,train,0,2,False,15,False,2,False,4.0,1,False,1,False,0,False,5,17,True,0.5,2,False,1,False,0,False,1,False,0,False,0,False,False,False,True,False,True,False,False,False,0,1,1.0986122886681098,2.772588722239781,1.0986122886681098,0.6931471805599453,0.6931471805599453,1.0986122886681098,1.6094379124341005,0,False,0,False,False,0,False,45,False,4,False,False
4933,train,0,1,False,6305,True,468,True,2.0,1,False,1,False,1,True,6,16,True,0.5,1,False,0,False,0,False,1,False,0,False,0,False,True,True,True,True,False,False,False,False,3,2,0.6931471805599453,8.749256840105007,6.150602768446279,0.6931471805599453,0.6931471805599453,0.6931471805599453,1.0986122886681098,0,False,0,False,False,0,False,37,False,2,False,True
4943,train,0,30,False,48,False,10,False,17.0,4,False,1,False,2,True,0,18,False,0.5588235294117647,38,True,0,False,0,False,2,False,2,True,0,False,True,True,True,False,False,False,False,False,3,0,3.4339872044851463,3.8918202981106265,2.3978952727983707,1.6094379124341005,0.6931471805599453,3.6635616461296463,4.23410650459726,0,False,0,False,False,0,False,29,False,68,False,False
4958,train,0,2,False,3877,True,350,True,2.0,2,False,1,False,2,True,2,16,False,0.5,2,False,0,False,0,False,2,False,0,False,0,False,True,True,True,True,False,False,False,False,3,2,1.0986122886681098,8.263074835802596,5.860786223465865,1.0986122886681098,0.6931471805599453,1.0986122886681098,1.6094379124341005,0,False,0,False,False,0,False,45,False,4,False,True
4966,train,0,2,False,68,False,8,False,2.0,1,False,1,False,0,False,3,2,False,0.0,0,False,1,False,0,False,1,False,0,False,0,False,False,False,True,False,True,False,False,False,0,0,1.0986122886681098,4.23410650459726,2.19722457733622,0.6931471805599453,0.6931471805599453,0.0,1.0986122886681098,0,False,0,False,False,0,False,27,False,2,False,False
4972,train,0,3,False,11,False,2,False,5.0,1,False,1,False,0,False,4,18,False,0.4,2,False,1,False,0,False,1,False,0,False,0,False,False,False,True,False,True,False,False,False,0,1,1.3862943611198906,2.4849066497880004,1.0986122886681098,0.6931471805599453,0.6931471805599453,1.0986122886681098,1.791759469228055,0,False,0,False,False,0,False,44,False,5,False,False
4995,train,0,81,True,688,False,76,False,64.1875,16,True,1,False,0,False,3,16,False,0.9211295034079844,946,True,3,True,0,False,16,True,0,False,0,False,True,False,True,True,True,False,False,True,7,0,4.406719247264253,6.535241271013659,4.343805421853684,2.833213344056216,0.6931471805599453,6.853299093186078,6.93537044601511,0,False,0,False,False,5,True,33,False,1027,True,False
5005,train,0,1,False,9455,True,655,True,2.0,1,False,1,False,1,True,2,16,False,0.5,1,False,0,False,0,False,1,False,0,False,0,False,True,True,True,True,False,False,False,False,3,2,0.6931471805599453,9.15440473964588,6.486160788944089,0.6931471805599453,0.6931471805599453,0.6931471805599453,1.0986122886681098,0,False,0,False,False,0,False,61,False,2,False,True
5024,train,0,0,False,0,False,0,False,1.0,1,False,1,False,0,False,5,15,True,1.0,1,False,1,False,0,False,1,False,0,False,0,False,False,False,False,False,True,False,False,False,0,1,0.0,0.0,0.0,0.6931471805599453,0.6931471805599453,0.6931471805599453,0.6931471805599453,0,False,0,False,False,0,False,18,False,1,False,False
5037,train,1,1,False,35,False,5,False,2.0,1,False,1,False,0,False,4,19,False,0.5,1,False,1,False,0,False,1,False,0,False,0,False,False,False,True,False,True,False,False,False,0,0,0.6931471805599453,3.58351893845611,1.791759469228055,0.6931471805599453,0.6931471805599453,0.6931471805599453,1.0986122886681098,0,False,0,False,False,0,False,39,False,2,False,False
5038,train,0,2,False,8925,True,659,True,4.0,1,False,1,False,1,True,5,16,True,0.5,2,False,0,False,0,False,1,False,0,False,0,False,True,True,True,True,False,False,False,False,3,2,1.0986122886681098,9.096723645189217,6.492239835020471,0.6931471805599453,0.6931471805599453,1.0986122886681098,1.6094379124341005,0,False,0,False,False,0,False,52,False,4,False,True
5053,train,0,49,False,0,False,0,False,27.25,4,False,1,False,0,False,2,17,False,0.5504587155963303,60,True,0,False,0,False,4,True,0,False,0,False,True,False,False,False,False,False,False,True,4,0,3.912023005428146,0.0,0.0,1.6094379124341005,0.6931471805599453,4.110873864173311,4.700480365792417,0,False,0,False,False,3,True,44,False,109,True,False
5066,train,0,20,False,11,False,2,False,28.0,1,False,1,False,0,False,5,18,True,0.2857142857142857,8,False,1,False,0,False,1,False,0,False,0,False,False,False,True,False,True,False,False,False,0,1,3.044522437723423,2.4849066497880004,1.0986122886681098,0.6931471805599453,0.6931471805599453,2.19722457733622,3.367295829986474,0,False,0,False,False,0,False,27,False,28,False,False
5077,train,0,1,False,155,False,6,False,2.0,1,False,1,False,0,False,0,18,False,0.5,1,False,1,False,0,False,1,False,0,False,0,False,False,False,True,False,True,False,False,False,0,0,0.6931471805599453,5.049856007249537,1.9459101490553128,0.6931471805599453,0.6931471805599453,0.6931471805599453,1.0986122886681098,0,False,0,False,False,0,False,50,False,2,False,False
5101,train,0,10,False,302,False,41,False,10.0,3,False,1,False,1,True,0,15,False,0.6666666666666666,20,True,1,False,0,False,3,False,0,False,0,False,True,True,True,False,True,False,False,False,2,0,2.3978952727983707,5.713732805509369,3.737669618283368,1.3862943611198906,0.6931471805599453,3.044522437723423,3.4339872044851463,0,False,0,False,False,0,False,26,False,30,False,False
5108,train,0,16,False,11,False,2,False,9.5,2,False,1,False,0,False,1,14,False,0.1578947368421052,3,False,1,False,0,False,2,False,0,False,0,False,False,False,True,False,True,False,False,False,0,0,2.833213344056216,2.4849066497880004,1.0986122886681098,1.0986122886681098,0.6931471805599453,1.3862943611198906,2.995732273553991,0,False,0,False,False,0,False,28,False,19,False,False
5127,train,1,1820,True,840,False,147,False,258.2307692307692,13,True,8,True,0,False,0,19,False,0.4578492701817098,1537,True,2,False,3,True,9,True,0,False,1,True,True,False,True,True,True,True,False,False,9,0,7.507141079727608,6.734591659972948,4.997212273764115,2.6390573296152584,2.19722457733622,7.338238150065589,8.119100837637486,0,False,0,False,False,0,False,52,False,3357,True,False
5150,train,0,2,False,6276,True,442,True,2.0,2,False,1,False,2,True,3,16,False,0.5,2,False,0,False,0,False,2,False,0,False,0,False,True,True,True,True,False,False,False,False,3,2,1.0986122886681098,8.744647438317532,6.093569770045136,1.0986122886681098,0.6931471805599453,1.0986122886681098,1.6094379124341005,0,False,0,False,False,0,False,45,False,4,False,True
5180,train,0,1,False,0,False,0,False,2.0,1,False,1,False,0,False,4,0,False,0.5,1,False,1,False,0,False,1,False,0,False,0,False,False,False,False,False,True,False,False,False,0,1,0.6931471805599453,0.0,0.0,0.6931471805599453,0.6931471805599453,0.6931471805599453,1.0986122886681098,0,False,0,False,False,0,False,29,False,2,False,False
5182,train,0,1,False,618,False,100,False,1.0,1,False,1,False,0,False,5,14,True,0.0,0,False,1,False,0,False,1,False,0,False,0,False,False,False,True,True,True,False,False,False,0,0,0.6931471805599453,6.428105272684596,4.61512051684126,0.6931471805599453,0.6931471805599453,0.0,0.6931471805599453,0,False,0,False,False,0,False,44,False,1,False,False
5184,train,0,1,False,6444,True,480,True,2.0,1,False,1,False,1,True,5,16,True,0.5,1,False,0,False,0,False,1,False,0,False,0,False,True,True,True,True,False,False,False,False,3,2,0.6931471805599453,8.771059915373288,6.175867270105761,0.6931471805599453,0.6931471805599453,0.6931471805599453,1.0986122886681098,0,False,0,False,False,0,False,45,False,2,False,True
5187,train,0,1,False,174,False,10,False,2.0,1,False,1,False,1,True,1,6,False,0.5,1,False,0,False,0,False,1,False,0,False,0,False,True,True,True,False,False,False,False,False,1,0,0.6931471805599453,5.1647859739235145,2.3978952727983707,0.6931471805599453,0.6931471805599453,0.6931471805599453,1.0986122886681098,0,False,0,False,False,0,False,37,False,2,False,False
5212,train,0,2,False,5708,True,426,True,2.0,2,False,1,False,2,True,1,16,False,0.5,2,False,0,False,0,False,2,False,0,False,0,False,True,True,True,True,False,False,False,False,3,2,1.0986122886681098,8.64979915596426,6.056784013228625,1.0986122886681098,0.6931471805599453,1.0986122886681098,1.6094379124341005,0,False,0,False,False,0,False,45,False,4,False,True
5217,train,1,29,False,13,False,3,False,55.0,1,False,2,True,0,False,5,11,True,0.4727272727272727,26,True,1,False,0,False,1,False,0,False,0,False,True,False,True,False,True,True,False,False,2,1,3.4011973816621555,2.6390573296152584,1.3862943611198906,0.6931471805599453,1.0986122886681098,3.295836866004329,4.02535169073515,0,False,0,False,False,0,False,31,False,55,False,False
5232,train,0,2,False,0,False,0,False,2.0,2,False,1,False,0,False,0,17,False,0.5,2,False,1,False,0,False,2,False,0,False,0,False,False,False,False,False,True,False,False,False,0,0,1.0986122886681098,0.0,0.0,1.0986122886681098,0.6931471805599453,1.0986122886681098,1.6094379124341005,0,False,0,False,False,0,False,21,False,4,False,False
5242,train,0,23,False,12,False,2,False,8.333333333333334,3,False,1,False,1,True,1,13,False,0.08,2,False,1,False,0,False,3,False,0,False,0,False,True,True,True,False,True,False,False,False,1,0,3.1780538303479458,2.5649493574615367,1.0986122886681098,1.3862943611198906,0.6931471805599453,1.0986122886681098,3.258096538021482,0,False,0,False,False,0,False,33,False,25,False,False
5248,train,1,2,False,6357,True,456,True,4.0,1,False,1,False,1,True,4,16,False,0.5,2,False,0,False,0,False,1,False,0,False,0,False,True,True,True,True,False,False,False,False,3,2,1.0986122886681098,8.757469141470748,6.124683390894205,0.6931471805599453,0.6931471805599453,1.0986122886681098,1.6094379124341005,0,False,0,False,False,0,False,53,False,4,False,True
5264,train,1,9,False,622,False,104,False,3.0,3,False,1,False,0,False,6,15,True,0.0,0,False,1,False,0,False,3,False,0,False,0,False,True,False,True,True,True,False,False,True,1,0,2.302585092994046,6.434546518787453,4.653960350157523,1.3862943611198906,0.6931471805599453,0.0,2.302585092994046,0,False,0,False,False,1,True,36,False,9,False,False
5270,validation,1,54,True,530,False,92,False,13.2,5,False,1,False,0,False,6,16,True,0.1818181818181818,12,False,1,False,0,False,5,True,0,False,0,False,True,False,True,True,True,False,False,False,3,0,4.007333185232471,6.274762021241939,4.532599493153256,1.791759469228055,0.6931471805599453,2.5649493574615367,4.204692619390966,0,False,0,False,False,0,False,50,False,66,False,False
5287,validation,0,1,False,83,False,14,False,2.0,1,False,1,False,0,False,3,14,False,0.5,1,False,1,False,0,False,1,False,0,False,0,False,False,False,True,False,True,False,False,False,0,1,0.6931471805599453,4.430816798843313,2.70805020110221,0.6931471805599453,0.6931471805599453,0.6931471805599453,1.0986122886681098,0,False,0,False,False,0,False,42,False,2,False,False
5303,validation,0,1,False,0,False,0,False,2.0,1,False,1,False,0,False,4,15,False,0.5,1,False,1,False,0,False,1,False,0,False,0,False,False,False,False,False,True,False,False,False,0,0,0.6931471805599453,0.0,0.0,0.6931471805599453,0.6931471805599453,0.6931471805599453,1.0986122886681098,0,False,0,False,False,0,False,50,False,2,False,False
5313,validation,0,1,False,564,False,73,False,2.0,1,False,2,True,0,False,5,8,True,0.5,1,False,1,False,0,False,1,False,0,False,0,False,True,False,True,True,True,True,False,False,1,0,0.6931471805599453,6.336825731146441,4.30406509320417,0.6931471805599453,1.0986122886681098,0.6931471805599453,1.0986122886681098,0,False,0,False,False,0,False,24,False,2,False,False
5330,validation,0,6,False,24395,True,1563,True,6.0,2,False,1,False,2,True,3,17,False,0.5,6,False,0,False,0,False,2,False,0,False,0,False,True,True,True,True,False,False,False,False,3,2,1.9459101490553128,10.102174463416349,7.355001921105257,1.0986122886681098,0.6931471805599453,1.9459101490553128,2.5649493574615367,0,False,0,False,False,0,False,44,False,12,False,True
5336,validation,1,3,False,755,False,102,False,2.0,2,False,1,False,0,False,0,11,False,0.25,1,False,1,False,0,False,2,False,0,False,0,False,False,False,True,True,True,False,False,False,0,1,1.3862943611198906,6.628041376179533,4.634728988229636,1.0986122886681098,0.6931471805599453,0.6931471805599453,1.6094379124341005,0,False,0,False,False,0,False,33,False,4,False,False
5344,validation,1,4,False,517,False,90,False,2.5,2,False,1,False,0,False,4,22,False,0.2,1,False,1,False,0,False,2,False,0,False,0,False,True,False,True,True,True,False,False,False,1,1,1.6094379124341005,6.249975242259483,4.51085950651685,1.0986122886681098,0.6931471805599453,0.6931471805599453,1.791759469228055,0,False,0,False,False,0,False,42,False,5,False,False
5352,validation,1,3,False,11909,True,823,True,3.0,2,False,1,False,2,True,4,15,False,0.5,3,False,0,False,0,False,2,False,0,False,0,False,True,True,True,True,False,False,False,False,3,2,1.3862943611198906,9.385133662349348,6.714170529909472,1.0986122886681098,0.6931471805599453,1.3862943611198906,1.9459101490553128,0,False,0,False,False,0,False,44,False,6,False,True
5355,validation,1,2,False,232,False,25,False,4.0,1,False,1,False,0,False,1,18,False,0.5,2,False,1,False,0,False,1,False,0,False,0,False,True,False,True,False,True,False,False,False,1,1,1.0986122886681098,5.4510384535657,3.258096538021482,0.6931471805599453,0.6931471805599453,1.0986122886681098,1.6094379124341005,0,False,0,False,False,0,False,52,False,4,False,False
5374,validation,0,5,False,19606,True,1364,True,3.333333333333333,3,False,1,False,0,False,0,15,False,0.5,5,False,0,False,0,False,3,False,0,False,0,False,True,False,True,True,False,False,False,False,2,2,1.791759469228055,9.88364192431542,7.21890970761906,1.3862943611198906,0.6931471805599453,1.791759469228055,2.3978952727983707,0,False,0,False,False,0,False,66,False,10,False,True
5377,validation,1,2,False,188,False,10,False,2.0,2,False,2,True,1,True,0,20,False,0.5,2,False,0,False,0,False,2,False,0,False,0,False,True,True,True,False,False,True,False,False,3,0,1.0986122886681098,5.241747015059643,2.3978952727983707,1.0986122886681098,1.0986122886681098,1.0986122886681098,1.6094379124341005,0,False,0,False,False,0,False,37,False,4,False,False
5382,validation,0,16,False,94,False,13,False,8.5,2,False,1,False,0,False,0,15,False,0.0588235294117647,1,False,1,False,0,False,2,False,0,False,0,False,False,False,True,False,True,False,False,False,0,0,2.833213344056216,4.553876891600541,2.6390573296152584,1.0986122886681098,0.6931471805599453,0.6931471805599453,2.8903717578961645,0,False,0,False,False,0,False,27,False,17,False,False
5386,validation,0,2,False,0,False,0,False,2.0,2,False,1,False,1,True,3,19,False,0.5,2,False,1,False,0,False,2,False,0,False,0,False,True,True,False,False,True,False,False,False,1,0,1.0986122886681098,0.0,0.0,1.0986122886681098,0.6931471805599453,1.0986122886681098,1.6094379124341005,0,False,0,False,False,0,False,21,False,4,False,False
5389,validation,1,4,False,965,False,155,False,2.5,2,False,1,False,0,False,1,16,False,0.2,1,False,1,False,0,False,2,False,0,False,0,False,True,False,True,True,True,False,False,False,1,0,1.6094379124341005,6.873163834212518,5.049856007249537,1.0986122886681098,0.6931471805599453,0.6931471805599453,1.791759469228055,0,False,0,False,False,0,False,25,False,5,False,False
5393,validation,1,10,False,1434,False,231,False,3.6666666666666665,3,False,1,False,0,False,4,2,False,0.0909090909090909,1,False,1,False,0,False,3,False,0,False,0,False,True,False,True,True,True,False,False,True,2,0,2.3978952727983707,7.268920128193722,5.44673737166631,1.3862943611198906,0.6931471805599453,0.6931471805599453,2.4849066497880004,0,False,0,False,False,1,True,36,False,11,False,False
5401,validation,0,12,False,30481,True,2167,True,6.0,4,False,1,False,0,False,3,15,False,0.5,12,False,0,False,0,False,4,True,0,False,0,False,True,False,True,True,False,False,False,False,3,2,2.5649493574615367,10.324891624445796,7.681560362559537,1.6094379124341005,0.6931471805599453,2.5649493574615367,3.218875824868201,0,False,0,False,False,0,False,66,False,24,False,True
5403,validation,0,2,False,0,False,0,False,2.0,2,False,1,False,1,True,5,21,True,0.5,2,False,1,False,0,False,2,False,0,False,0,False,True,True,False,False,True,False,False,False,1,0,1.0986122886681098,0.0,0.0,1.0986122886681098,0.6931471805599453,1.0986122886681098,1.6094379124341005,0,False,0,False,False,0,False,21,False,4,False,False
5423,validation,1,5,False,146,False,26,False,8.0,1,False,1,False,1,True,1,0,False,0.375,3,False,0,False,0,False,1,False,0,False,0,False,True,True,True,False,False,False,False,False,2,0,1.791759469228055,4.990432586778736,3.295836866004329,0.6931471805599453,0.6931471805599453,1.3862943611198906,2.19722457733622,0,False,0,False,False,0,False,61,False,8,False,False
5457,validation,0,377,True,78,False,12,False,19.82857142857143,35,True,20,True,9,True,6,0,True,0.4567723342939481,317,True,9,True,1,True,30,True,2,True,2,True,True,True,True,False,True,True,True,True,13,0,5.934894195619588,4.3694478524670215,2.5649493574615367,3.58351893845611,3.044522437723423,5.762051382780177,6.543911845564792,0,False,2,True,False,2,True,20,False,694,True,False
5460,validation,0,13,False,380,False,65,False,7.0,2,False,1,False,0,False,6,18,True,0.0714285714285714,1,False,1,False,0,False,2,False,0,False,0,False,True,False,True,True,True,False,True,False,1,0,2.6390573296152584,5.942799375126701,4.189654742026425,1.0986122886681098,0.6931471805599453,0.6931471805599453,2.70805020110221,0,False,1,True,False,0,False,33,False,14,False,False
5464,validation,1,6,False,166,False,24,False,6.0,1,False,1,False,0,False,0,16,False,0.0,0,False,1,False,0,False,1,False,0,False,0,False,True,False,True,False,True,False,False,False,1,0,1.9459101490553128,5.117993812416755,3.218875824868201,0.6931471805599453,0.6931471805599453,0.0,1.9459101490553128,0,False,0,False,False,0,False,44,False,6,False,False
5470,validation,0,7,False,23755,True,1334,True,7.0,2,False,1,False,2,True,1,23,False,0.5,7,False,0,False,0,False,2,False,0,False,0,False,True,True,True,True,False,False,False,False,3,2,2.079441541679836,10.075590409135753,7.19668657083435,1.0986122886681098,0.6931471805599453,2.079441541679836,2.70805020110221,0,False,0,False,False,0,False,63,False,14,False,True
5476,validation,0,16,False,25534,True,1849,True,6.4,5,False,2,True,0,False,0,17,False,0.5,16,False,0,False,0,False,5,True,0,False,0,False,True,False,True,True,False,True,False,False,4,2,2.833213344056216,10.147805339081744,7.52294091807237,1.791759469228055,1.0986122886681098,2.833213344056216,3.49650756146648,0,False,0,False,False,0,False,68,False,32,False,True
5481,validation,0,2,False,0,False,0,False,1.5,2,False,1,False,2,True,5,15,True,0.3333333333333333,1,False,0,False,0,False,2,False,0,False,0,False,True,True,False,False,False,False,False,False,1,0,1.0986122886681098,0.0,0.0,1.0986122886681098,0.6931471805599453,0.6931471805599453,1.3862943611198906,0,False,0,False,False,0,False,21,False,3,False,False
5487,validation,1,4,False,195,False,29,False,8.0,1,False,1,False,0,False,1,23,False,0.5,4,False,1,False,0,False,1,False,0,False,0,False,False,False,True,False,True,False,False,False,0,0,1.6094379124341005,5.278114659230517,3.4011973816621555,0.6931471805599453,0.6931471805599453,1.6094379124341005,2.19722457733622,0,False,0,False,False,0,False,41,False,8,False,False
5493,validation,0,3,False,12044,True,827,True,3.0,2,False,1,False,2,True,5,15,True,0.5,3,False,0,False,0,False,2,False,0,False,0,False,True,True,True,True,False,False,False,False,3,2,1.3862943611198906,9.396404915048972,6.71901315438526,1.0986122886681098,0.6931471805599453,1.3862943611198906,1.9459101490553128,0,False,0,False,False,0,False,69,False,6,False,True
5499,validation,1,34,False,904,False,120,False,6.8,5,False,1,False,0,False,0,2,False,0.0,0,False,2,False,0,False,5,True,0,False,0,False,True,False,True,True,True,False,True,True,4,0,3.555348061489413,6.807934943699926,4.795790545596741,1.791759469228055,0.6931471805599453,0.0,3.555348061489413,0,False,1,True,False,1,True,37,False,34,False,False
5514,validation,0,10,False,16617,True,1261,True,6.666666666666667,3,False,1,False,0,False,0,15,False,0.5,10,False,0,False,0,False,3,False,0,False,0,False,True,False,True,True,False,False,False,False,2,2,2.3978952727983707,9.718241724224926,7.140453043101158,1.3862943611198906,0.6931471805599453,2.3978952727983707,3.044522437723423,0,False,0,False,False,0,False,66,False,20,False,True
5516,validation,0,5,False,17251,True,1153,True,5.0,2,False,1,False,2,True,0,15,False,0.5,5,False,0,False,0,False,2,False,0,False,0,False,True,True,True,True,False,False,False,False,3,2,1.791759469228055,9.755683357767731,7.050989447068045,1.0986122886681098,0.6931471805599453,1.791759469228055,2.3978952727983707,0,False,0,False,False,0,False,44,False,10,False,True
5517,validation,0,1,False,188,False,10,False,2.0,1,False,1,False,1,True,1,0,False,0.5,1,False,0,False,0,False,1,False,0,False,0,False,True,True,True,False,False,False,False,False,1,0,0.6931471805599453,5.241747015059643,2.3978952727983707,0.6931471805599453,0.6931471805599453,0.6931471805599453,1.0986122886681098,0,False,0,False,False,0,False,37,False,2,False,False
5522,validation,0,1,False,867,False,141,False,2.0,1,False,1,False,0,False,1,10,False,0.5,1,False,1,False,0,False,1,False,0,False,0,False,False,False,True,True,True,False,False,False,0,0,0.6931471805599453,6.766191714660351,4.955827057601261,0.6931471805599453,0.6931471805599453,0.6931471805599453,1.0986122886681098,0,False,0,False,False,0,False,19,False,2,False,False
5526,validation,0,81,True,176,False,28,False,33.5,4,False,1,False,0,False,2,11,False,0.3955223880597014,53,True,1,False,0,False,4,True,0,False,0,False,True,False,True,False,True,False,False,True,5,0,4.406719247264253,5.176149732573829,3.367295829986474,1.6094379124341005,0.6931471805599453,3.9889840465642745,4.90527477843843,0,False,0,False,False,1,True,39,False,134,True,False
5539,validation,0,6,False,8614,True,620,True,6.0,2,False,1,False,2,True,3,15,False,0.5,6,False,0,False,0,False,2,False,0,False,0,False,True,True,True,True,False,False,False,False,3,2,1.9459101490553128,9.06126014896203,6.431331081933479,1.0986122886681098,0.6931471805599453,1.9459101490553128,2.5649493574615367,0,False,0,False,False,0,False,44,False,12,False,True
5541,validation,0,1,False,188,False,10,False,2.0,1,False,1,False,1,True,0,23,False,0.5,1,False,0,False,0,False,1,False,0,False,0,False,True,True,True,False,False,False,False,False,1,0,0.6931471805599453,5.241747015059643,2.3978952727983707,0.6931471805599453,0.6931471805599453,0.6931471805599453,1.0986122886681098,0,False,0,False,False,0,False,37,False,2,False,False
5599,validation,1,2,False,339,False,28,False,3.0,1,False,2,True,0,False,5,11,True,0.3333333333333333,1,False,0,False,0,False,1,False,0,False,0,False,True,False,True,False,False,True,False,False,2,0,1.0986122886681098,5.828945617610208,3.367295829986474,0.6931471805599453,1.0986122886681098,0.6931471805599453,1.3862943611198906,0,False,0,False,False,0,False,44,False,3,False,False
5609,validation,1,1,False,233,False,23,False,2.0,1,False,1,False,0,False,6,13,True,0.5,1,False,1,False,0,False,1,False,0,False,0,False,True,False,True,False,True,False,False,False,1,0,0.6931471805599453,5.455321115357702,3.1780538303479458,0.6931471805599453,0.6931471805599453,0.6931471805599453,1.0986122886681098,0,False,0,False,False,0,False,25,False,2,False,False
5615,validation,0,2,False,178,False,30,False,2.0,2,False,1,False,2,True,4,20,False,0.5,2,False,0,False,0,False,2,False,0,False,0,False,True,True,True,False,False,False,False,False,1,0,1.0986122886681098,5.187385805840755,3.4339872044851463,1.0986122886681098,0.6931471805599453,1.0986122886681098,1.6094379124341005,0,False,0,False,False,0,False,35,False,4,False,False
5623,validation,0,25,False,55,False,5,False,5.583333333333333,12,True,1,False,3,True,3,19,False,0.6268656716417911,42,True,4,True,0,False,12,True,0,False,0,False,True,True,True,False,True,False,False,False,5,0,3.258096538021482,4.02535169073515,1.791759469228055,2.5649493574615367,0.6931471805599453,3.7612001156935615,4.219507705176107,0,False,0,False,False,0,False,27,False,67,False,False
5630,validation,0,90,True,592,False,84,False,45.66666666666666,3,False,1,False,0,False,3,19,False,0.3430656934306569,47,True,1,False,0,False,3,False,0,False,0,False,True,False,True,True,True,False,False,True,4,1,4.51085950651685,6.385194398997726,4.442651256490317,1.3862943611198906,0.6931471805599453,3.871201010907891,4.927253685157205,0,False,0,False,False,1,True,26,False,137,True,False
5634,validation,0,98,True,513,False,76,False,28.2,5,False,1,False,0,False,0,4,False,0.3049645390070922,43,True,2,False,0,False,5,True,0,False,0,False,True,False,True,True,True,False,False,True,6,0,4.59511985013459,6.2422232654551655,4.343805421853684,1.791759469228055,0.6931471805599453,3.784189633918261,4.955827057601261,0,False,0,False,False,2,True,97,True,141,True,False
5647,validation,0,4,False,285,False,38,False,2.5,2,False,1,False,0,False,5,0,True,0.2,1,False,1,False,0,False,2,False,0,False,0,False,False,False,True,False,True,False,False,False,0,0,1.6094379124341005,5.655991810819852,3.6635616461296463,1.0986122886681098,0.6931471805599453,0.6931471805599453,1.791759469228055,0,False,0,False,False,0,False,37,False,5,False,False
5659,validation,1,6,False,364,False,52,False,3.0,2,False,1,False,0,False,0,23,False,0.0,0,False,1,False,0,False,2,False,0,False,0,False,True,False,True,True,True,False,False,False,1,1,1.9459101490553128,5.899897353582492,3.970291913552122,1.0986122886681098,0.6931471805599453,0.0,1.9459101490553128,0,False,0,False,False,0,False,23,False,6,False,False
5671,test,1,2,False,216,False,30,False,4.0,1,False,1,False,0,False,5,22,True,0.5,2,False,1,False,0,False,1,False,0,False,0,False,True,False,True,False,True,False,False,False,1,1,1.0986122886681098,5.37989735354046,3.4339872044851463,0.6931471805599453,0.6931471805599453,1.0986122886681098,1.6094379124341005,0,False,0,False,False,0,False,23,False,4,False,False
5674,test,1,5,False,585,False,103,False,3.0,2,False,1,False,0,False,3,3,False,0.1666666666666666,1,False,1,False,0,False,2,False,0,False,0,False,True,False,True,True,True,False,False,False,1,1,1.791759469228055,6.373319789577012,4.6443908991413725,1.0986122886681098,0.6931471805599453,0.6931471805599453,1.9459101490553128,0,False,0,False,False,0,False,45,False,6,False,False
5695,test,1,0,False,399,False,54,False,13.0,1,False,1,False,0,False,0,9,False,1.0,13,False,1,False,0,False,1,False,0,False,0,False,True,False,True,True,True,False,True,False,1,1,0.0,5.991464547107982,4.007333185232471,0.6931471805599453,0.6931471805599453,2.6390573296152584,2.6390573296152584,0,False,1,True,False,0,False,40,False,13,False,False
5700,test,0,14,False,134,False,19,False,27.0,1,False,1,False,0,False,5,22,True,0.4814814814814814,13,False,0,False,0,False,1,False,0,False,0,False,False,False,True,False,False,False,False,False,0,1,2.70805020110221,4.90527477843843,2.995732273553991,0.6931471805599453,0.6931471805599453,2.6390573296152584,3.332204510175204,0,False,0,False,False,0,False,39,False,27,False,False
5701,test,0,5,False,11,False,2,False,7.0,1,False,1,False,0,False,5,22,True,0.2857142857142857,2,False,1,False,0,False,1,False,0,False,0,False,False,False,True,False,True,False,False,False,0,1,1.791759469228055,2.4849066497880004,1.0986122886681098,0.6931471805599453,0.6931471805599453,1.0986122886681098,2.079441541679836,0,False,0,False,False,0,False,36,False,7,False,False
5702,test,0,3,False,181,False,33,False,19.0,2,False,1,False,0,False,5,22,True,0.9210526315789472,35,True,0,False,0,False,2,False,0,False,0,False,True,False,True,False,False,False,False,True,2,0,1.3862943611198906,5.204006687076795,3.5263605246161616,1.0986122886681098,0.6931471805599453,3.58351893845611,3.6635616461296463,0,False,0,False,False,2,True,48,False,38,False,False
5723,test,1,1,False,755,False,114,False,2.0,1,False,1,False,0,False,3,15,False,0.5,1,False,1,False,0,False,1,False,0,False,0,False,True,False,True,True,True,False,False,False,1,1,0.6931471805599453,6.628041376179533,4.74493212836325,0.6931471805599453,0.6931471805599453,0.6931471805599453,1.0986122886681098,0,False,0,False,False,0,False,46,False,2,False,False
5727,test,0,1876,True,837,False,154,False,100.41666666666669,24,True,1,False,8,True,0,0,False,0.2215767634854771,534,True,0,False,1,True,9,True,14,True,0,False,True,True,True,True,False,False,False,False,8,0,7.537430036586509,6.731018100482083,5.043425116919247,3.218875824868201,0.6931471805599453,6.282266746896006,7.787796878181171,0,False,0,False,True,0,False,6,False,2410,True,False
5730,test,0,4,False,0,False,0,False,2.6666666666666665,3,False,1,False,1,True,1,14,False,0.5,4,False,1,False,0,False,3,False,0,False,0,False,True,True,False,False,True,False,False,False,1,0,1.6094379124341005,0.0,0.0,1.3862943611198906,0.6931471805599453,1.6094379124341005,2.19722457733622,0,False,0,False,False,0,False,21,False,8,False,False
5731,test,0,78,True,229,False,29,False,32.90909090909091,11,True,1,False,2,True,1,15,False,0.7845303867403315,284,True,3,True,0,False,11,True,0,False,0,False,True,True,True,False,True,False,False,True,8,0,4.3694478524670215,5.438079308923196,3.4011973816621555,2.4849066497880004,0.6931471805599453,5.652489180268651,5.8944028342648505,0,False,0,False,False,1,True,32,False,362,True,False
5736,test,1,410,True,1955,False,283,False,87.0,6,False,2,True,0,False,5,4,True,0.21455938697318,112,True,2,False,0,False,6,True,0,False,0,False,True,False,True,True,True,True,False,True,7,0,6.018593214496234,7.578656850594762,5.648974238161206,1.9459101490553128,1.0986122886681098,4.727387818712341,6.259581464064923,0,False,0,False,False,2,True,43,False,522,True,False
5737,test,1,1,False,242,False,32,False,2.0,1,False,1,False,0,False,6,15,True,0.5,1,False,1,False,0,False,1,False,0,False,0,False,False,False,True,False,True,False,False,False,0,1,0.6931471805599453,5.493061443340548,3.49650756146648,0.6931471805599453,0.6931471805599453,0.6931471805599453,1.0986122886681098,0,False,0,False,False,0,False,28,False,2,False,False
5742,test,1,6,False,472,False,68,False,14.0,1,False,1,False,0,False,2,18,False,0.5714285714285714,8,False,1,False,0,False,1,False,0,False,0,False,True,False,True,True,True,False,False,False,1,1,1.9459101490553128,6.159095388491933,4.23410650459726,0.6931471805599453,0.6931471805599453,2.19722457733622,2.70805020110221,0,False,0,False,False,0,False,43,False,14,False,False
5754,test,0,3,False,65,False,9,False,14.5,2,False,1,False,2,True,6,16,True,0.896551724137931,26,True,0,False,0,False,2,False,0,False,0,False,True,True,True,False,False,False,False,False,2,0,1.3862943611198906,4.189654742026425,2.302585092994046,1.0986122886681098,0.6931471805599453,3.295836866004329,3.4011973816621555,0,False,0,False,False,0,False,22,False,29,False,False
5757,test,0,9,False,36,False,8,False,1.3333333333333333,9,True,1,False,0,False,0,21,False,0.25,3,False,9,True,3,True,3,False,3,True,0,False,True,False,True,False,True,False,False,False,4,0,2.302585092994046,3.610917912644224,2.19722457733622,2.302585092994046,0.6931471805599453,1.3862943611198906,2.5649493574615367,0,False,0,False,True,0,False,8,False,12,False,False
5777,test,1,2,False,138,False,20,False,1.5,2,False,1,False,0,False,2,10,False,0.3333333333333333,1,False,1,False,0,False,2,False,0,False,0,False,True,False,True,False,True,False,False,False,1,0,1.0986122886681098,4.934473933130692,3.044522437723423,1.0986122886681098,0.6931471805599453,0.6931471805599453,1.3862943611198906,0,False,0,False,False,0,False,57,False,3,False,False
5795,test,1,16,False,1433,False,202,False,19.0,1,False,1,False,1,True,3,4,False,0.1578947368421052,3,False,0,False,0,False,1,False,0,False,0,False,True,True,True,True,False,False,False,False,2,0,2.833213344056216,7.268223021159565,5.313205979041787,0.6931471805599453,0.6931471805599453,1.3862943611198906,2.995732273553991,0,False,0,False,False,0,False,52,False,19,False,False
5797,test,0,15,False,341,False,60,False,12.666666666666666,3,False,1,False,0,False,0,16,False,0.6052631578947368,23,True,1,False,0,False,3,False,0,False,0,False,True,False,True,True,True,False,False,True,2,0,2.772588722239781,5.834810737062605,4.110873864173311,1.3862943611198906,0.6931471805599453,3.1780538303479458,3.6635616461296463,0,False,0,False,False,1,True,40,False,38,False,False
5798,test,0,21,False,12,False,2,False,21.0,1,False,1,False,0,False,0,18,False,0.0,0,False,1,False,0,False,1,False,0,False,0,False,True,False,True,False,True,False,True,False,1,1,3.091042453358316,2.5649493574615367,1.0986122886681098,0.6931471805599453,0.6931471805599453,0.0,3.091042453358316,0,False,1,True,False,0,False,31,False,21,False,False
5799,test,0,63,True,459,False,71,False,31.666666666666668,3,False,1,False,0,False,1,15,False,0.3368421052631579,32,True,1,False,0,False,3,False,0,False,0,False,True,False,True,True,True,False,False,True,4,1,4.158883083359672,6.131226489483141,4.276666119016055,1.3862943611198906,0.6931471805599453,3.49650756146648,4.564348191467836,0,False,0,False,False,1,True,44,False,95,True,False
5800,test,0,5,False,0,False,0,False,3.333333333333333,3,False,1,False,1,True,1,20,False,0.5,5,False,1,False,0,False,3,False,0,False,0,False,True,True,False,False,True,False,False,False,1,0,1.791759469228055,0.0,0.0,1.3862943611198906,0.6931471805599453,1.791759469228055,2.3978952727983707,0,False,0,False,False,0,False,21,False,10,False,False
5808,test,1,1,False,200,False,38,False,2.0,1,False,1,False,0,False,5,16,True,0.5,1,False,0,False,0,False,1,False,0,False,0,False,True,False,True,False,False,False,False,False,1,0,0.6931471805599453,5.303304908059076,3.6635616461296463,0.6931471805599453,0.6931471805599453,0.6931471805599453,1.0986122886681098,0,False,0,False,False,0,False,42,False,2,False,False
5812,test,1,779,True,3517,True,570,True,49.61111111111112,36,True,1,False,0,False,4,22,False,0.5638297872340425,1007,True,20,True,0,False,36,True,0,False,0,False,True,False,True,True,True,False,True,True,11,0,6.659293919683638,8.165647925297504,6.3473892096560105,3.610917912644224,0.6931471805599453,6.915723448631314,7.488293515159428,0,False,1,True,False,5,True,29,False,1786,True,True
5818,test,1,167,True,1931,False,285,False,39.833333333333336,6,False,1,False,0,False,5,0,True,0.301255230125523,72,True,1,False,0,False,6,True,0,False,0,False,True,False,True,True,True,False,False,True,6,0,5.123963979403259,7.566311014772463,5.655991810819852,1.9459101490553128,0.6931471805599453,4.290459441148391,5.480638923341991,0,False,0,False,False,2,True,37,False,239,True,False
5827,test,1,5,False,549,False,79,False,8.0,1,False,2,True,0,False,3,7,False,0.375,3,False,1,False,0,False,1,False,0,False,0,False,True,False,True,True,True,True,False,False,2,1,1.791759469228055,6.309918278226516,4.382026634673881,0.6931471805599453,1.0986122886681098,1.3862943611198906,2.19722457733622,0,False,0,False,False,0,False,42,False,8,False,False
5829,test,0,5,False,29,False,6,False,5.0,2,False,2,True,0,False,1,7,False,0.5,5,False,2,False,0,False,2,False,0,False,0,False,True,False,True,False,True,True,False,False,1,0,1.791759469228055,3.4011973816621555,1.9459101490553128,1.0986122886681098,1.0986122886681098,1.791759469228055,2.3978952727983707,0,False,0,False,False,0,False,22,False,10,False,False
5844,test,1,13,False,1141,False,170,False,4.25,4,False,2,True,2,True,2,17,False,0.2352941176470588,4,False,0,False,0,False,4,True,0,False,0,False,True,True,True,True,False,True,True,False,5,0,2.6390573296152584,7.040536390215956,5.14166355650266,1.6094379124341005,1.0986122886681098,1.6094379124341005,2.8903717578961645,0,False,1,True,False,0,False,25,False,17,False,False
5865,test,1,1,False,1102,False,171,False,2.0,1,False,1,False,1,True,2,15,False,0.5,1,False,0,False,0,False,1,False,0,False,0,False,True,True,True,True,False,False,False,False,2,0,0.6931471805599453,7.005789019253503,5.147494476813453,0.6931471805599453,0.6931471805599453,0.6931471805599453,1.0986122886681098,0,False,0,False,False,0,False,43,False,2,False,False
5898,test,0,14,False,12,False,2,False,4.25,4,False,1,False,0,False,6,0,True,0.1764705882352941,3,False,2,False,0,False,4,True,0,False,0,False,True,False,True,False,True,False,False,False,1,0,2.70805020110221,2.5649493574615367,1.0986122886681098,1.6094379124341005,0.6931471805599453,1.3862943611198906,2.8903717578961645,0,False,0,False,False,0,False,24,False,17,False,False
5899,test,0,27,False,12,False,2,False,12.0,3,False,1,False,0,False,6,3,True,0.25,9,False,1,False,0,False,3,False,0,False,0,False,False,False,True,False,True,False,False,False,0,0,3.332204510175204,2.5649493574615367,1.0986122886681098,1.3862943611198906,0.6931471805599453,2.302585092994046,3.610917912644224,0,False,0,False,False,0,False,31,False,36,False,False
5900,test,0,168,True,190,False,29,False,34.44444444444444,9,True,1,False,0,False,6,18,True,0.4580645161290322,142,True,9,True,1,True,8,True,0,False,0,False,True,False,True,False,True,False,False,False,7,1,5.1298987149230735,5.25227342804663,3.4011973816621555,2.302585092994046,0.6931471805599453,4.962844630259907,5.739792912179234,0,False,0,False,False,0,False,31,False,310,True,False
5903,test,0,2,False,247,False,40,False,5.0,2,False,1,False,0,False,1,8,False,0.8,8,False,1,False,0,False,2,False,0,False,0,False,False,False,True,False,True,False,False,False,0,1,1.0986122886681098,5.513428746164983,3.713572066704308,1.0986122886681098,0.6931471805599453,2.19722457733622,2.3978952727983707,0,False,0,False,False,0,False,46,False,10,False,False
5917,test,0,96,True,337,False,52,False,26.0,7,True,1,False,0,False,3,21,False,0.4725274725274725,86,True,2,False,0,False,7,True,0,False,0,False,True,False,True,True,True,False,False,True,6,0,4.574710978503383,5.823045895483019,3.970291913552122,2.079441541679836,0.6931471805599453,4.465908118654584,5.209486152841421,0,False,0,False,False,4,True,38,False,182,True,False
5924,test,0,3,False,0,False,0,False,2.0,3,False,1,False,1,True,3,3,False,0.5,3,False,1,False,0,False,3,False,0,False,0,False,True,True,False,False,True,False,False,False,1,0,1.3862943611198906,0.0,0.0,1.3862943611198906,0.6931471805599453,1.3862943611198906,1.9459101490553128,0,False,0,False,False,0,False,21,False,6,False,False
5928,test,0,194,True,627,False,102,False,27.4,10,True,1,False,0,False,4,3,False,0.291970802919708,80,True,2,False,0,False,10,True,0,False,0,False,True,False,True,True,True,False,False,True,6,0,5.272999558563747,6.442540166468199,4.634728988229636,2.3978952727983707,0.6931471805599453,4.394449154672439,5.616771097666572,0,False,0,False,False,5,True,48,False,274,True,False
5945,test,0,51,False,299,False,44,False,12.0,5,False,1,False,5,True,6,23,True,0.15,9,False,0,False,1,True,4,True,0,False,0,False,True,True,True,False,False,False,False,False,3,0,3.951243718581428,5.703782474656201,3.80666248977032,1.791759469228055,0.6931471805599453,2.302585092994046,4.110873864173311,0,False,0,False,False,0,False,28,False,60,False,False
5962,test,0,0,False,277,False,40,False,21.0,1,False,1,False,0,False,1,13,False,1.0,21,True,0,False,0,False,1,False,0,False,0,False,True,False,True,False,False,False,False,True,2,0,0.0,5.627621113690637,3.713572066704308,0.6931471805599453,0.6931471805599453,3.091042453358316,3.091042453358316,0,False,0,False,False,1,True,24,False,21,False,False
6013,test,0,6,False,87,False,12,False,3.5,2,False,1,False,0,False,5,3,True,0.1428571428571428,1,False,1,False,0,False,2,False,0,False,0,False,False,False,True,False,True,False,False,False,0,0,1.9459101490553128,4.477336814478207,2.5649493574615367,1.0986122886681098,0.6931471805599453,0.6931471805599453,2.079441541679836,0,False,0,False,False,0,False,53,False,7,False,False
