repository,pr_number,title,body,html_url,author_login,author_association,state,draft,base_branch,head_branch,created_at,updated_at,closed_at,merged_at,was_merged,resolution_hours,merge_hours,additions,deletions,total_changes,changed_files,commit_count,title_length,body_length,body_word_count,labels,label_count,requested_reviewers,requested_reviewer_count,file_records_returned,test_files_changed,documentation_files_changed,configuration_files_changed,security_sensitive_files_changed,files_added,files_modified,files_removed,files_renamed,has_test_changes,has_documentation_changes,has_configuration_changes,has_security_sensitive_changes,expected_outcome,period,period_start_date,period_end_date,actual_outcome,outcome_matches_selection,commit_count_iqr_outlier,resolution_hours_iqr_outlier,configuration_files_changed_iqr_outlier,test_files_changed_iqr_outlier,deletions_iqr_outlier,files_modified_iqr_outlier,additions_iqr_outlier,total_changes_iqr_outlier,body_length_iqr_outlier,body_word_count_iqr_outlier,files_added_iqr_outlier,changed_files_iqr_outlier,documentation_files_changed_iqr_outlier,security_sensitive_files_changed_iqr_outlier,files_removed_iqr_outlier,files_renamed_iqr_outlier,title_length_iqr_outlier,requested_reviewer_count_iqr_outlier,label_count_iqr_outlier,iqr_outlier_feature_count,has_any_iqr_outlier,merge_target,outcome_label,log1p_body_length,log1p_body_word_count,log1p_additions,log1p_deletions,log1p_total_changes,log1p_changed_files,log1p_commit_count,has_description,has_detailed_description,short_title,very_long_description,change_density_per_file,deletion_ratio,has_zero_code_change,has_multiple_commits,pr_size_band,created_year,created_month,created_quarter,created_day_of_week,created_hour_utc,created_on_weekend,created_day_name,author_role_group,delayed_over_24_hours,merge_delay_target,delayed_over_72_hours,delayed_over_168_hours,split
pallets/flask,2577,Use string concat in jsonify,"#1262 added a newline at the end of the response body from `jsonfiy`. It passed a tuple to the `Response`, which is more appropriate for streaming responses. Instead, use a simple `+ '\n'` and pass a string. This allows the content length header to be calculated while creating the response object (#1877).

ref pallets/werkzeug#1130",https://github.com/pallets/flask/pull/2577,davidism,MEMBER,closed,False,master,jsonify-str,2018-01-03 21:10:09+00:00,2020-11-14 03:36:20+00:00,2018-01-03 21:18:00+00:00,2018-01-03 21:18:00+00:00,1,0.1308333333333333,0.1308333333333333,1,1,2,1,1,28,335,54,[],0,[],0,1,0,0,0,0,0,1,0,0,False,False,False,False,Merged,2018-Q1,2018-01-01,2018-03-31,Merged,True,False,False,False,False,False,False,False,False,False,False,False,False,False,False,False,False,False,False,False,0,False,1,Merged,5.817111159963204,4.007333185232471,0.6931471805599453,0.6931471805599453,1.0986122886681098,0.6931471805599453,0.6931471805599453,True,True,False,False,2.0,0.5,False,False,Very small,2018,1,1,2,21,False,Wednesday,Internal or trusted,0,0,0,0,train
pallets/flask,2582,cleanup werkzeug import,Flask now requires werkzeug >= 0.9. There is no need to try import these werkzeug modules.,https://github.com/pallets/flask/pull/2582,lepture,CONTRIBUTOR,closed,False,master,clean-up,2018-01-06 09:24:12+00:00,2020-11-14 03:36:17+00:00,2018-01-06 09:49:02+00:00,2018-01-06 09:49:02+00:00,1,0.4138888888888888,0.4138888888888888,3,16,19,2,1,23,90,16,[],0,['davidism'],1,2,0,0,0,0,0,2,0,0,False,False,False,False,Merged,2018-Q1,2018-01-01,2018-03-31,Merged,True,False,False,False,False,False,False,False,False,False,False,False,False,False,False,False,False,False,True,False,1,True,1,Merged,4.51085950651685,2.833213344056216,1.3862943611198906,2.833213344056216,2.995732273553991,1.0986122886681098,0.6931471805599453,True,False,False,False,9.5,0.8421052631578947,False,False,Small,2018,1,1,5,9,True,Saturday,Previous contributor,0,0,0,0,train
pallets/flask,2592,reset standard os env after each test,"Uses monkeypatch to unset env vars for the test session, and also reset them after each test in case they were changed without cleanup.

This doesn't affect Travis, but local tests will now pass if you happen to have a var set or a `.flaskenv` file.

closes #2589 ",https://github.com/pallets/flask/pull/2592,davidism,MEMBER,closed,False,master,tests-env,2018-01-10 21:57:34+00:00,2020-11-14 03:36:14+00:00,2018-01-10 22:02:00+00:00,2018-01-10 22:01:59+00:00,1,0.0738888888888888,0.0736111111111111,43,18,61,2,1,37,267,48,['testing'],1,[],0,2,2,0,0,0,0,2,0,0,True,False,False,False,Merged,2018-Q1,2018-01-01,2018-03-31,Merged,True,False,False,False,True,False,False,False,False,False,False,False,False,False,False,False,False,False,False,False,1,True,1,Merged,5.5909869805108565,3.8918202981106265,3.784189633918261,2.9444389791664403,4.127134385045092,1.0986122886681098,0.6931471805599453,True,False,False,False,30.5,0.2950819672131147,False,False,Medium,2018,1,1,2,21,False,Wednesday,Internal or trusted,0,0,0,0,train
pallets/flask,2603,Update cli help for FLASK_ENV,This PR replace FLASK_DEBUG with FLASK_ENV in command and change the cli help string.,https://github.com/pallets/flask/pull/2603,greyli,CONTRIBUTOR,closed,False,master,patch-8,2018-01-22 03:10:48+00:00,2020-11-14 03:36:12+00:00,2018-01-23 23:39:43+00:00,2018-01-23 23:39:43+00:00,1,44.48194444444445,44.48194444444445,3,3,6,1,1,29,85,14,[],0,[],0,1,0,0,0,0,0,1,0,0,False,False,False,False,Merged,2018-Q1,2018-01-01,2018-03-31,Merged,True,False,False,False,False,False,False,False,False,False,False,False,False,False,False,False,False,False,False,False,0,False,1,Merged,4.454347296253507,2.70805020110221,1.3862943611198906,1.3862943611198906,1.9459101490553128,0.6931471805599453,0.6931471805599453,True,False,False,False,6.0,0.5,False,False,Very small,2018,1,1,0,3,False,Monday,Previous contributor,1,0,0,0,train
pallets/flask,2609,allow nightly to fail on travis,"For some reason nightly just fails with ""invocation error"" on Travis. May be related to pytest-dev/pytest#3011.",https://github.com/pallets/flask/pull/2609,davidism,MEMBER,closed,False,master,nightly-travis,2018-01-28 20:08:33+00:00,2020-11-14 03:36:10+00:00,2018-01-28 22:16:34+00:00,2018-01-28 22:16:33+00:00,1,2.133611111111111,2.1333333333333333,3,0,3,1,1,31,111,16,['testing'],1,[],0,1,0,0,1,0,0,1,0,0,False,False,True,False,Merged,2018-Q1,2018-01-01,2018-03-31,Merged,True,False,False,True,False,False,False,False,False,False,False,False,False,False,False,False,False,False,False,False,1,True,1,Merged,4.718498871295094,2.833213344056216,1.3862943611198906,0.0,1.3862943611198906,0.6931471805599453,0.6931471805599453,True,False,False,False,3.0,0.0,False,False,Very small,2018,1,1,6,20,True,Sunday,Internal or trusted,0,0,0,0,train
pallets/flask,2622,bump dependency versions,closes #2586 ,https://github.com/pallets/flask/pull/2622,davidism,MEMBER,closed,False,master,versions,2018-02-06 16:07:04+00:00,2020-11-14 03:36:08+00:00,2018-02-06 16:14:10+00:00,2018-02-06 16:14:10+00:00,1,0.1183333333333333,0.1183333333333333,29,32,61,4,1,24,12,2,['packaging'],1,[],0,4,0,1,2,0,0,4,0,0,False,True,True,False,Merged,2018-Q1,2018-01-01,2018-03-31,Merged,True,False,False,True,False,True,True,False,False,False,False,False,False,False,False,False,False,False,False,False,3,True,1,Merged,2.5649493574615367,1.0986122886681098,3.4011973816621555,3.49650756146648,4.127134385045092,1.6094379124341005,0.6931471805599453,True,False,False,False,15.25,0.5245901639344263,False,False,Medium,2018,2,1,1,16,False,Tuesday,Internal or trusted,0,0,0,0,train
pallets/flask,2630,Fix docs for test_request_context,"This corrects the docstring for `test_request_context` to say that it returns a `RequestContext`, rather than a WSGI environment; this is in line with the rest of the documentation, as well as the function's actual behaviour.

Fixes #2627.",https://github.com/pallets/flask/pull/2630,keysmashes,CONTRIBUTOR,closed,False,master,2627-test_request_context-docs,2018-02-12 22:32:34+00:00,2020-11-14 03:36:06+00:00,2018-02-13 01:33:08+00:00,2018-02-13 01:33:08+00:00,1,3.0094444444444446,3.0094444444444446,2,2,4,1,1,33,241,37,[],0,[],0,1,0,0,0,0,0,1,0,0,False,False,False,False,Merged,2018-Q1,2018-01-01,2018-03-31,Merged,True,False,False,False,False,False,False,False,False,False,False,False,False,False,False,False,False,False,False,False,0,False,1,Merged,5.488937726156687,3.6375861597263857,1.0986122886681098,1.0986122886681098,1.6094379124341005,0.6931471805599453,0.6931471805599453,True,False,False,False,4.0,0.5,False,False,Very small,2018,2,1,0,22,False,Monday,Previous contributor,0,0,0,0,train
pallets/flask,2637,rewrite quickstart Unique URLs section,closes #2632 ,https://github.com/pallets/flask/pull/2637,davidism,MEMBER,closed,False,master,quickstart-unique-urls,2018-02-24 16:04:26+00:00,2020-11-14 03:36:04+00:00,2018-02-24 16:10:26+00:00,2018-02-24 16:10:26+00:00,1,0.1,0.1,13,14,27,1,1,38,12,2,['docs'],1,[],0,1,0,1,0,0,0,1,0,0,False,True,False,False,Merged,2018-Q1,2018-01-01,2018-03-31,Merged,True,False,False,False,False,False,False,False,False,False,False,False,False,False,False,False,False,False,False,False,0,False,1,Merged,2.5649493574615367,1.0986122886681098,2.6390573296152584,2.70805020110221,3.332204510175204,0.6931471805599453,0.6931471805599453,True,False,False,False,27.0,0.5185185185185185,False,False,Small,2018,2,1,5,16,True,Saturday,Internal or trusted,0,0,0,0,train
pallets/flask,2652,Add documentation link in README,,https://github.com/pallets/flask/pull/2652,greyli,CONTRIBUTOR,closed,False,master,patch-8,2018-03-05 23:50:57+00:00,2020-11-14 03:27:09+00:00,2018-03-06 00:45:01+00:00,2018-03-06 00:45:01+00:00,1,0.9011111111111112,0.9011111111111112,1,0,1,1,1,32,0,0,[],0,[],0,1,0,1,0,0,0,1,0,0,False,True,False,False,Merged,2018-Q1,2018-01-01,2018-03-31,Merged,True,False,False,False,False,False,False,False,False,False,False,False,False,False,False,False,False,False,False,False,0,False,1,Merged,0.0,0.0,0.6931471805599453,0.0,0.6931471805599453,0.6931471805599453,0.6931471805599453,False,False,False,False,1.0,0.0,False,False,Very small,2018,3,1,0,23,False,Monday,Previous contributor,0,0,0,0,train
pallets/flask,2676,rewrite tutorial docs and example,"This is a complete rewrite of the tutorial, both the docs and the example code. The goal is to provide a better foundation for new developers to work with. There's  a bit more code, and it's a bit more complex, but I'm hoping it sets up patterns and concepts better so that developers start with better habits.

* Use the application factory and blueprints from the start.
* Use the instance folder for config and the database.
* Multiple users, stored in the database with hashed passwords.
* Delete posts.
* Build a Wheel file, install it in another virtualenv.
* Override `SECRET_KEY` using config in the instance folder.
* Use other WSGI server in production (Waitress, since it works on Windows).
* 100% test coverage using pytest and coverage.
* All described code links to the API docs.
* General reorganization.

I've removed all the other examples. I'm going to add a JavaScript example back in but wanted to rewrite it as well. That will be the next PR. The other examples are all covered by the tutorial now.

Added a `gh` Sphinx role that adds links to GitHub files. It will select the correct tag on GitHub based on the docs version being built. I'll expand this to work with issues and extract it to pallets-sphinx-themes at some point.

You can find the rendered docs here: http://flask-dev.davidism.com/tutorial/. The only change is in the installation instructions, Flask needs to be installed from GitHub since 1.0 isn't released yet. You can find the example project on my branch: https://github.com/davidism/flask/tree/tutorial/examples/tutorial.

closes #2513 ",https://github.com/pallets/flask/pull/2676,davidism,MEMBER,closed,False,master,tutorial,2018-03-29 20:58:11+00:00,2020-11-14 02:42:43+00:00,2018-04-09 08:09:04+00:00,2018-04-09 08:09:04+00:00,1,251.18138888888888,251.18138888888888,3340,2237,5577,103,1,33,1599,261,['docs'],1,[],0,103,10,32,8,8,35,10,57,1,True,True,True,True,Merged,2018-Q1,2018-01-01,2018-03-31,Merged,True,False,True,True,True,True,True,True,True,False,False,True,True,True,True,True,True,False,False,False,13,True,1,Merged,7.377758908227872,5.568344503761097,8.114025442356757,7.71333788887187,8.626585568187433,4.6443908991413725,0.6931471805599453,True,True,False,False,54.14563106796116,0.4011117088040165,False,False,Very large,2018,3,1,3,20,False,Thursday,Internal or trusted,1,1,1,1,train
pallets/flask,2685,rework context docs,"closes #1151 

Mostly keeps the same sections and concepts. References to old version behavior is removed since it's no longer relevant. Added more explanation about what to do about ""no app / request context"" errors, since it comes up constantly on Stack Overflow. Added more cross references and cleaned up many API docs as well to make them more consistent. Added documentation for `_AppCtxGlobals` rather than recreating it in the `g` docs. Added documentation about the `test_request_context` arguments.

This is an inherently advanced topic, so I don't think there's any way to make it completely clear to all readers. Hopefully it's at least easier to follow to get an idea of how the process works.",https://github.com/pallets/flask/pull/2685,davidism,MEMBER,closed,False,master,app-context-docs,2018-04-09 07:13:09+00:00,2020-11-14 03:36:00+00:00,2018-04-09 07:22:17+00:00,2018-04-09 07:22:17+00:00,1,0.1522222222222222,0.1522222222222222,542,375,917,7,1,19,710,115,['docs'],1,[],0,7,0,3,0,0,0,7,0,0,False,True,False,False,Merged,2018-Q2,2018-04-01,2018-06-30,Merged,True,False,False,False,False,True,True,True,True,False,False,False,True,True,False,False,False,False,False,False,6,True,1,Merged,6.566672429803241,4.7535901911063645,6.297109319933935,5.929589143389895,6.822197390620491,2.079441541679836,0.6931471805599453,True,True,False,False,131.0,0.4089422028353326,False,False,Very large,2018,4,2,0,7,False,Monday,Internal or trusted,0,0,0,0,train
pallets/flask,2699,add javascript ajax example,"I removed the jQuery example when rewriting the tutorial. This adds a more general JavaScript example back in, demonstrating the same simple `add` endpoint but with `XMLHttpRequest`, `fetch`, and `jQuery`.",https://github.com/pallets/flask/pull/2699,davidism,MEMBER,closed,False,master,javascript,2018-04-12 18:09:00+00:00,2020-11-14 02:42:41+00:00,2018-04-12 18:28:50+00:00,2018-04-12 18:28:50+00:00,1,0.3305555555555555,0.3305555555555555,341,13,354,21,1,27,205,30,[],0,[],0,21,2,4,5,1,14,7,0,0,True,True,True,True,Merged,2018-Q2,2018-04-01,2018-06-30,Merged,True,False,False,True,True,False,True,True,True,False,False,True,True,True,True,False,False,False,False,False,9,True,1,Merged,5.327876168789581,3.4339872044851463,5.834810737062605,2.6390573296152584,5.872117789475416,3.091042453358316,0.6931471805599453,True,False,False,False,16.857142857142858,0.0367231638418079,False,False,Large,2018,4,2,3,18,False,Thursday,Internal or trusted,0,0,0,0,train
pallets/flask,2719,Fix typo in docs,`static_url` --> `static_url_path`,https://github.com/pallets/flask/pull/2719,greyli,CONTRIBUTOR,closed,False,master,patch-9,2018-04-24 00:09:59+00:00,2020-11-14 03:27:22+00:00,2018-04-24 00:57:32+00:00,2018-04-24 00:57:32+00:00,1,0.7925,0.7925,1,1,2,1,1,16,34,3,[],0,[],0,1,0,1,0,0,0,1,0,0,False,True,False,False,Merged,2018-Q2,2018-04-01,2018-06-30,Merged,True,False,False,False,False,False,False,False,False,False,False,False,False,False,False,False,False,False,False,False,0,False,1,Merged,3.555348061489413,1.3862943611198906,0.6931471805599453,0.6931471805599453,1.0986122886681098,0.6931471805599453,0.6931471805599453,True,False,False,False,2.0,0.5,False,False,Very small,2018,4,2,1,0,False,Tuesday,Previous contributor,0,0,0,0,train
pallets/flask,2730,Fix registering partials as view functions,,https://github.com/pallets/flask/pull/2730,ThiefMaster,MEMBER,closed,False,1.0-maintenance,fix-nameless-view-funcs,2018-04-27 11:44:50+00:00,2020-11-14 03:27:21+00:00,2018-04-27 11:55:39+00:00,2018-04-27 11:55:39+00:00,1,0.1802777777777778,0.1802777777777778,5,1,6,3,1,42,0,0,['bug'],1,[],0,3,1,1,0,0,0,3,0,0,True,True,False,False,Merged,2018-Q2,2018-04-01,2018-06-30,Merged,True,False,False,False,True,False,False,False,False,False,False,False,False,False,False,False,False,False,False,False,1,True,1,Merged,0.0,0.0,1.791759469228055,0.6931471805599453,1.9459101490553128,1.3862943611198906,0.6931471805599453,False,False,False,False,2.0,0.1666666666666666,False,False,Very small,2018,4,2,4,11,False,Friday,Internal or trusted,0,0,0,0,train
pallets/flask,2746,allow empty prefix and no lead slash in bp route,"closes #2742

Fix `url_prefx=''` or `url_prefix='/'` when Blueprint routes don't begin with a leading slash. Technically, routes should start with a leading slash, so don't rely on this behavior.",https://github.com/pallets/flask/pull/2746,davidism,MEMBER,closed,False,1.0-maintenance,2742-empty-url-prefix,2018-04-29 22:35:46+00:00,2020-11-14 03:27:20+00:00,2018-04-29 22:46:59+00:00,2018-04-29 22:46:59+00:00,1,0.1869444444444444,0.1869444444444444,1,1,2,1,1,48,197,29,['blueprints'],1,[],0,1,0,0,0,0,0,1,0,0,False,False,False,False,Merged,2018-Q2,2018-04-01,2018-06-30,Merged,True,False,False,False,False,False,False,False,False,False,False,False,False,False,False,False,False,False,False,False,0,False,1,Merged,5.288267030694535,3.4011973816621555,0.6931471805599453,0.6931471805599453,1.0986122886681098,0.6931471805599453,0.6931471805599453,True,False,False,False,2.0,0.5,False,False,Very small,2018,4,2,6,22,True,Sunday,Internal or trusted,0,0,0,0,train
pallets/flask,2765,Add option to not overwrite debug flag in cli,"This is intended for custom CLIs that may load a config file which already sets the debug flag and does not make use of the `FLASK_*` env vars at all.

Filed against 1,0-maintenance since this is functionality that was present before and was lost between 0.12 and 1.0.",https://github.com/pallets/flask/pull/2765,ThiefMaster,MEMBER,closed,False,1.0-maintenance,custom-cli-ignore-debug,2018-05-08 16:10:09+00:00,2020-11-14 02:33:32+00:00,2018-06-14 11:31:01+00:00,2018-06-14 11:31:01+00:00,1,883.3477777777778,883.3477777777778,39,9,48,3,1,45,270,48,['cli'],1,['davidism'],1,3,1,1,0,0,0,3,0,0,True,True,False,False,Merged,2018-Q2,2018-04-01,2018-06-30,Merged,True,False,True,False,True,False,False,False,False,False,False,False,False,False,False,False,False,False,True,False,3,True,1,Merged,5.602118820879701,3.8918202981106265,3.688879454113936,2.302585092994046,3.8918202981106265,1.3862943611198906,0.6931471805599453,True,False,False,False,16.0,0.1875,False,False,Small,2018,5,2,1,16,False,Tuesday,Internal or trusted,1,1,1,1,train
pallets/flask,2793,Update gevent wsgi documentation,"gevent.wsgi is deprecated since gevent 1.1 and removed in gevent 1.3. 
gevent.pywsgi should be used instead",https://github.com/pallets/flask/pull/2793,tiagocoutinho,CONTRIBUTOR,closed,False,master,patch-1,2018-05-21 06:11:04+00:00,2020-11-14 03:27:15+00:00,2018-05-21 06:57:11+00:00,2018-05-21 06:57:11+00:00,1,0.7686111111111111,0.7686111111111111,1,1,2,1,1,32,108,16,[],0,[],0,1,0,1,0,0,0,1,0,0,False,True,False,False,Merged,2018-Q2,2018-04-01,2018-06-30,Merged,True,False,False,False,False,False,False,False,False,False,False,False,False,False,False,False,False,False,False,False,0,False,1,Merged,4.691347882229144,2.833213344056216,0.6931471805599453,0.6931471805599453,1.0986122886681098,0.6931471805599453,0.6931471805599453,True,False,False,False,2.0,0.5,False,False,Very small,2018,5,2,0,6,False,Monday,Previous contributor,0,0,0,0,train
pallets/flask,2808,fix typos in appcontext.rst,,https://github.com/pallets/flask/pull/2808,saulurias,CONTRIBUTOR,closed,False,master,typo-fixment,2018-05-29 17:08:52+00:00,2020-11-14 03:27:12+00:00,2018-05-29 17:11:31+00:00,2018-05-29 17:11:31+00:00,1,0.0441666666666666,0.0441666666666666,1,1,2,1,1,27,0,0,[],0,[],0,1,0,1,0,0,0,1,0,0,False,True,False,False,Merged,2018-Q2,2018-04-01,2018-06-30,Merged,True,False,False,False,False,False,False,False,False,False,False,False,False,False,False,False,False,False,False,False,0,False,1,Merged,0.0,0.0,0.6931471805599453,0.6931471805599453,1.0986122886681098,0.6931471805599453,0.6931471805599453,False,False,False,False,2.0,0.5,False,False,Very small,2018,5,2,1,17,False,Tuesday,Previous contributor,0,0,0,0,train
pallets/flask,2834,Remove unnecessary period in documentation,"Except for this one, I also notice that there are [two sentences](http://flask.pocoo.org/docs/dev/testing/#testing-cli-commands) end with period instead of colon before a code snippet, should we change it?",https://github.com/pallets/flask/pull/2834,greyli,CONTRIBUTOR,closed,False,master,remove-unnecessary-period,2018-06-17 04:16:40+00:00,2020-11-14 03:20:32+00:00,2018-06-18 03:43:58+00:00,2018-06-18 03:43:58+00:00,1,23.455,23.455,1,1,2,1,1,42,205,26,[],0,[],0,1,0,1,0,0,0,1,0,0,False,True,False,False,Merged,2018-Q2,2018-04-01,2018-06-30,Merged,True,False,False,False,False,False,False,False,False,False,False,False,False,False,False,False,False,False,False,False,0,False,1,Merged,5.327876168789581,3.295836866004329,0.6931471805599453,0.6931471805599453,1.0986122886681098,0.6931471805599453,0.6931471805599453,True,False,False,False,2.0,0.5,False,False,Very small,2018,6,2,6,4,True,Sunday,Previous contributor,0,0,0,0,train
pallets/flask,2850,Fix grammatical error: incorrect verb conjugation,"Before: 
> However, as a project **get** bigger

After: 
>However, as a project **gets** bigger",https://github.com/pallets/flask/pull/2850,billfienberg,CONTRIBUTOR,closed,False,master,patch-1,2018-06-29 19:36:20+00:00,2020-11-14 03:20:26+00:00,2018-06-29 20:49:02+00:00,2018-06-29 20:49:02+00:00,1,1.211666666666667,1.211666666666667,1,1,2,1,1,49,99,15,[],0,[],0,1,0,1,0,0,0,1,0,0,False,True,False,False,Merged,2018-Q2,2018-04-01,2018-06-30,Merged,True,False,False,False,False,False,False,False,False,False,False,False,False,False,False,False,False,False,False,False,0,False,1,Merged,4.605170185988092,2.772588722239781,0.6931471805599453,0.6931471805599453,1.0986122886681098,0.6931471805599453,0.6931471805599453,True,False,False,False,2.0,0.5,False,False,Very small,2018,6,2,4,19,False,Friday,Previous contributor,0,0,0,0,train
pallets/flask,2854,Update docs to be more clear about from config instantiation,"This PR updates documentation to be more clear that `config.from_object` does not instantiate the object. It also provides examples as to how to use `@property` in a configuration class.

Addresses #2853.

<!--
Commit checklist:

* add tests that fail without the patch
* ensure all tests pass with ``pytest``
* add documentation to the relevant docstrings or pages
* add ``versionadded`` or ``versionchanged`` directives to relevant docstrings
* add a changelog entry if this patch changes code

Tests, coverage, and docs will be run automatically when you submit the pull
request, but running them yourself can save time.
-->
",https://github.com/pallets/flask/pull/2854,dougthor42,CONTRIBUTOR,closed,False,1.0-maintenance,update-docs-to-be-more-clear-about-from_config-instantiation-#2853,2018-07-06 20:21:18+00:00,2020-11-14 02:33:38+00:00,2019-01-06 22:43:17+00:00,2019-01-06 22:43:17+00:00,1,4418.366388888889,4418.366388888889,42,0,42,2,1,60,642,99,['docs'],1,[],0,2,0,1,0,0,0,2,0,0,False,True,False,False,Merged,2018-Q3,2018-07-01,2018-09-30,Merged,True,False,True,False,False,False,False,False,False,False,False,False,False,False,False,False,False,False,False,False,1,True,1,Merged,6.466144724237619,4.605170185988092,3.7612001156935615,0.0,3.7612001156935615,1.0986122886681098,0.6931471805599453,True,True,False,False,21.0,0.0,False,False,Small,2018,7,3,4,20,False,Friday,Previous contributor,1,1,1,1,train
pallets/flask,2861,[docs] Fix broken Sphinx cross-references; use :doc: tags where necessary,"This PR…

* Fixes broken cross-references to other documentation
* Fixes all warnings from Sphinx when building the docs
* Makes an explicit call-out to contributing guidelines in README

I hit the broken cross-references when reading the docs, when opening the link to the uWSGI docs from the Standalone WSGI Containers page would give me a 404 error. It seems like there was some rearranging at some point and this was probably overlooked, so this should fix the broken links and make a better experience for others browsing the docs. :slightly_smiling_face: 

Additionally, in an oversight, I missed the contributing guidelines in the root directory of the repository but I did scan the README. When I came back to this, I found the contributing guidelines, but I would have noticed them quicker and submitted this PR a day earlier if I had seen them mentioned in the README. So I thought an explicit call-out to the existing contributing guidelines (which were well-written and very helpful to me) in the README might be useful for others too.

I successfully ran the tests on the docs and I was able to build them locally on my workstation.

<!--
Commit checklist:

* add tests that fail without the patch
* ensure all tests pass with ``pytest``
* add documentation to the relevant docstrings or pages
* add ``versionadded`` or ``versionchanged`` directives to relevant docstrings
* add a changelog entry if this patch changes code

Tests, coverage, and docs will be run automatically when you submit the pull
request, but running them yourself can save time.
-->
",https://github.com/pallets/flask/pull/2861,justwheel,CONTRIBUTOR,closed,False,master,fix/uwsgi-docs,2018-07-11 14:54:46+00:00,2020-11-14 03:20:19+00:00,2018-07-20 17:42:09+00:00,2018-07-20 17:42:09+00:00,1,218.78972222222225,218.78972222222225,26,17,43,4,2,73,1591,262,['docs'],1,[],0,4,0,4,0,0,0,4,0,0,False,True,False,False,Merged,2018-Q3,2018-07-01,2018-09-30,Merged,True,True,True,False,False,False,True,False,False,False,False,False,False,True,False,False,False,False,False,False,4,True,1,Merged,7.372746366404328,5.572154032177765,3.295836866004329,2.8903717578961645,3.784189633918261,1.6094379124341005,1.0986122886681098,True,True,False,False,10.75,0.3953488372093023,False,True,Small,2018,7,3,2,14,False,Wednesday,Previous contributor,1,1,1,1,train
pallets/flask,2872,Fix grammatical error,Incorrect articles was used,https://github.com/pallets/flask/pull/2872,cktan98,CONTRIBUTOR,closed,False,master,master,2018-07-24 18:00:40+00:00,2020-11-14 03:20:17+00:00,2018-07-24 18:04:58+00:00,2018-07-24 18:04:58+00:00,1,0.0716666666666666,0.0716666666666666,1,1,2,1,1,21,27,4,[],0,[],0,1,0,1,0,0,0,1,0,0,False,True,False,False,Merged,2018-Q3,2018-07-01,2018-09-30,Merged,True,False,False,False,False,False,False,False,False,False,False,False,False,False,False,False,False,False,False,False,0,False,1,Merged,3.332204510175204,1.6094379124341005,0.6931471805599453,0.6931471805599453,1.0986122886681098,0.6931471805599453,0.6931471805599453,True,False,False,False,2.0,0.5,False,False,Very small,2018,7,3,1,18,False,Tuesday,Previous contributor,0,0,0,0,train
pallets/flask,2877,Add prefix for all commands in documentation,"This patch does the following things:

* Add ""$"" prefix for all command except Windows-specific commands.
* Add "">"" prefix for all Windows commands.
* Change ""#"" to ""$"" in some commands.",https://github.com/pallets/flask/pull/2877,greyli,CONTRIBUTOR,closed,False,master,add-dollar-sign-for-commands,2018-07-29 02:24:34+00:00,2020-11-14 03:20:15+00:00,2018-09-09 08:41:57+00:00,2018-09-09 08:41:57+00:00,1,1014.2897222222222,1014.2897222222222,112,112,224,19,2,44,190,32,[],0,[],0,19,0,19,0,0,0,19,0,0,False,True,False,False,Merged,2018-Q3,2018-07-01,2018-09-30,Merged,True,True,True,False,False,True,True,True,True,False,False,False,True,True,False,False,False,False,False,False,8,True,1,Merged,5.25227342804663,3.49650756146648,4.727387818712341,4.727387818712341,5.41610040220442,2.995732273553991,1.0986122886681098,True,False,False,False,11.789473684210526,0.5,False,True,Large,2018,7,3,6,2,True,Sunday,Previous contributor,1,1,1,1,train
pallets/flask,2898,Fix #2897 - Add `extra_files` option to `flask run` CLI,"Fix #2897 

To define a list of files the reloader should watch additionally to the modules
as in ``extra_files`` argument used in the ``app.run`` and ``werkzeug.serving.run_simple``
you can either use the ``--extra-files`` (or multiple ``-f``) option or define the
``FLASK_RUN_EXTRA_FILES`` environment variable.

```bash
    # on windows use ``;`` instead of ``:`` to separate paths
    export FLASK_RUN_EXTRA_FILES=/path/to/file1:/path/to/file2
    flask run
     * Running on http://127.0.0.1:8000/
     * Detected change in '/path/to/file1', reloading
```

On command line the same can be achieved with ``flask run -f /path/to/file1 -f /path/to/file2``.
",https://github.com/pallets/flask/pull/2898,rochacbruno,CONTRIBUTOR,closed,False,master,2897-Add-Extra-Files-to-CLI,2018-08-31 22:11:54+00:00,2020-11-14 02:09:35+00:00,2019-05-24 14:32:46+00:00,2019-05-24 14:32:46+00:00,1,6376.347777777778,6376.347777777778,47,2,49,3,2,55,673,84,['cli'],1,[],0,3,0,2,0,0,0,3,0,0,False,True,False,False,Merged,2018-Q3,2018-07-01,2018-09-30,Merged,True,True,True,False,False,False,False,False,False,False,False,False,False,False,False,False,False,False,False,False,2,True,1,Merged,6.513230110912307,4.442651256490317,3.871201010907891,1.0986122886681098,3.912023005428146,1.3862943611198906,1.0986122886681098,True,True,False,False,16.333333333333332,0.0408163265306122,False,True,Small,2018,8,3,4,22,False,Friday,Previous contributor,1,1,1,1,train
pallets/flask,2910,fix issue: no theme named 'flask' found,"While build docs, some errors occurred.
```
Running Sphinx v1.7.8
loading pickled environment... not yet created

Theme error:
no theme named 'flask' found (missing theme.conf?)
```
For details, see https://github.com/pallets/pallets-sphinx-themes/issues/15

## Reason

If we use a theme of a sphinx extension which doesn't add themes into ``sphinx.html_themes`` entry points, at the same time we don't declare it as our extensions, ``sphinx`` will not find the theme.

## Solutions

There are two solutions:

1. The sphinx extension adds its themes into ``sphinx.html_themes`` entry points.

2. In the ``docs``' ``conf.py``, we declare the sphinx extension as our extensions.

I think solution **2** will be more applicable.",https://github.com/pallets/flask/pull/2910,garenchan,CONTRIBUTOR,closed,False,master,docs,2018-09-17 08:35:28+00:00,2020-11-14 03:20:15+00:00,2018-09-17 13:39:46+00:00,2018-09-17 13:39:46+00:00,1,5.071666666666666,5.071666666666666,2,6,8,1,2,39,747,104,[],0,[],0,1,0,1,0,0,0,1,0,0,False,True,False,False,Merged,2018-Q3,2018-07-01,2018-09-30,Merged,True,True,False,False,False,False,False,False,False,False,False,False,False,False,False,False,False,False,False,False,1,True,1,Merged,6.617402977974478,4.653960350157523,1.0986122886681098,1.9459101490553128,2.19722457733622,0.6931471805599453,1.0986122886681098,True,True,False,False,8.0,0.75,False,True,Very small,2018,9,3,0,8,False,Monday,Previous contributor,0,0,0,0,train
pallets/flask,2913,Install CONTRIBUTING.rst with MANIFEST.in,"Without CONTRIBUTING.rst filoe, documentation is not buildable:
docs/contributing.rst:1: WARNING: Problems with ""include"" directive path:
InputError: [Errno 2] No such file or directory: 'CONTRIBUTING.rst'.
",https://github.com/pallets/flask/pull/2913,onovy,CONTRIBUTOR,closed,False,1.0-maintenance,contributing-manifest,2018-09-18 07:49:41+00:00,2020-11-14 02:33:39+00:00,2019-01-06 18:51:52+00:00,2019-01-06 18:51:52+00:00,1,2651.0363888888887,2651.0363888888887,1,1,2,1,1,41,208,23,"['docs', 'packaging']",2,[],0,1,0,0,0,0,0,1,0,0,False,False,False,False,Merged,2018-Q3,2018-07-01,2018-09-30,Merged,True,False,True,False,False,False,False,False,False,False,False,False,False,False,False,False,False,False,False,False,1,True,1,Merged,5.342334251964811,3.1780538303479458,0.6931471805599453,0.6931471805599453,1.0986122886681098,0.6931471805599453,0.6931471805599453,True,False,False,False,2.0,0.5,False,False,Very small,2018,9,3,1,7,False,Tuesday,Previous contributor,1,1,1,1,train
pallets/flask,2915,fix @click.command example by adding parens,"Otherwise the example fails with the following error: 
""name = name or cmd.name AttributeError: 'function' object has no attribute 'name'"". 

More details: https://stackoverflow.com/a/51923415/4619705",https://github.com/pallets/flask/pull/2915,loomchild,CONTRIBUTOR,closed,False,master,master,2018-09-19 16:56:57+00:00,2020-11-14 03:20:14+00:00,2018-09-19 17:01:35+00:00,2018-09-19 17:01:35+00:00,1,0.0772222222222222,0.0772222222222222,1,1,2,1,1,43,203,23,[],0,[],0,1,0,1,0,0,0,1,0,0,False,True,False,False,Merged,2018-Q3,2018-07-01,2018-09-30,Merged,True,False,False,False,False,False,False,False,False,False,False,False,False,False,False,False,False,False,False,False,0,False,1,Merged,5.318119993844216,3.1780538303479458,0.6931471805599453,0.6931471805599453,1.0986122886681098,0.6931471805599453,0.6931471805599453,True,False,False,False,2.0,0.5,False,False,Very small,2018,9,3,2,16,False,Wednesday,Previous contributor,0,0,0,0,train
pallets/flask,2917,Docs: fix some errors in errorhandling.rst,"1. Grammar error: 'return' should be 'returns'; 'would is' should be 'would be'.
2. Reloader is used to reload and fork process if modules were changed rather than when an exception occurred.
3. The sample code is not concise enough.",https://github.com/pallets/flask/pull/2917,garenchan,CONTRIBUTOR,closed,False,master,docs1,2018-09-21 05:19:19+00:00,2020-11-14 02:33:51+00:00,2018-11-28 13:25:22+00:00,2018-11-28 13:25:22+00:00,1,1640.1008333333334,1640.1008333333334,4,9,13,1,1,42,235,40,['docs'],1,[],0,1,0,1,0,0,0,1,0,0,False,True,False,False,Merged,2018-Q3,2018-07-01,2018-09-30,Merged,True,False,True,False,False,False,False,False,False,False,False,False,False,False,False,False,False,False,False,False,1,True,1,Merged,5.4638318050256105,3.713572066704308,1.6094379124341005,2.302585092994046,2.6390573296152584,0.6931471805599453,0.6931471805599453,True,False,False,False,13.0,0.6923076923076923,False,False,Small,2018,9,3,4,5,False,Friday,Previous contributor,1,1,1,1,train
pallets/flask,2928,Fix #2926 `Default port overrides requesting a system assigned port`,"Fix #2926 

In `app.py`, compare possible port values with `None` explicitly, instead of relying on bool casting. Thanks to this, `0` is treated as legitimate port value, and not overwritten by the default value.
",https://github.com/pallets/flask/pull/2928,vorelq,CONTRIBUTOR,closed,False,master,2926-default-port-overrides-zero,2018-09-28 20:30:27+00:00,2020-11-14 02:09:38+00:00,2019-05-19 18:40:55+00:00,2019-05-19 18:40:55+00:00,1,5590.174444444445,5590.174444444445,14,8,22,3,1,68,214,34,[],0,[],0,3,1,1,0,0,0,3,0,0,True,True,False,False,Merged,2018-Q3,2018-07-01,2018-09-30,Merged,True,False,True,False,True,False,False,False,False,False,False,False,False,False,False,False,False,False,False,False,2,True,1,Merged,5.3706380281276624,3.555348061489413,2.70805020110221,2.19722457733622,3.1354942159291497,1.3862943611198906,0.6931471805599453,True,False,False,False,7.333333333333333,0.3636363636363636,False,False,Small,2018,9,3,4,20,False,Friday,Previous contributor,1,1,1,1,train
pallets/flask,2934,Fix issue #2933: Make sure the attachment filename is text type.,"1. If attachment filename is bytes type and contains non-ascii coded bytes,
then the following ASCII encoding process will raise a ``UnicodeDecodeError`` exception.

2. Since the following exception handling uses ``unicodedata`` for normalization, this also implies that the attachment filename is a ``unicode`` when encoding .
https://github.com/pallets/flask/blob/363205bdc3abcfeed08c7e85e397fb7a7dc9ef07/flask/helpers.py#L570-L577

3. Since ``UnicodeDecodeError`` exception was raised, we can see that an ASCII decoding process was also performed implicitly when encoding bytes string. So this solution won't introduce unnecessary overhead.

fixes #2933 ",https://github.com/pallets/flask/pull/2934,garenchan,CONTRIBUTOR,closed,False,1.0-maintenance,bugfix-#2933,2018-10-04 12:52:24+00:00,2020-11-14 02:33:31+00:00,2019-01-07 15:23:00+00:00,2019-01-07 15:22:59+00:00,1,2282.51,2282.509722222222,10,1,11,3,1,64,664,78,[],0,[],0,3,1,1,0,0,0,3,0,0,True,True,False,False,Merged,2018-Q4,2018-10-01,2018-12-31,Merged,True,False,True,False,True,False,False,False,False,False,False,False,False,False,False,False,False,False,False,False,2,True,1,Merged,6.499787040655854,4.3694478524670215,2.3978952727983707,0.6931471805599453,2.4849066497880004,1.3862943611198906,0.6931471805599453,True,True,False,False,3.6666666666666665,0.0909090909090909,False,False,Small,2018,10,4,3,12,False,Thursday,Previous contributor,1,1,1,1,train
pallets/flask,2940,Fixed typo in app.py,"This patch fixes a typo in the ""handle_user_exception"" method in app.py.

<!--
Link to any relevant issues or pull requests.

Commit checklist:

* add tests that fail without the patch
* ensure all tests pass with ``pytest``
* add documentation to the relevant docstrings or pages
* add ``versionadded`` or ``versionchanged`` directives to relevant docstrings
* add a changelog entry if this patch changes code

Tests, coverage, and docs will be run automatically when you submit the pull
request, but running them yourself can save time.
-->
",https://github.com/pallets/flask/pull/2940,olujedai,NONE,closed,False,master,fix-typo-in-app.py,2018-10-13 17:12:54+00:00,2020-11-14 03:20:12+00:00,2018-10-13 18:56:17+00:00,2018-10-13 18:56:17+00:00,1,1.7230555555555556,1.7230555555555556,1,1,2,1,3,20,557,87,[],0,[],0,1,0,0,0,0,0,1,0,0,False,False,False,False,Merged,2018-Q4,2018-10-01,2018-12-31,Merged,True,True,False,False,False,False,False,False,False,False,False,False,False,False,False,False,False,False,False,False,1,True,1,Merged,6.324358962381311,4.477336814478207,0.6931471805599453,0.6931471805599453,1.0986122886681098,0.6931471805599453,1.3862943611198906,True,True,False,False,2.0,0.5,False,True,Very small,2018,10,4,5,17,True,Saturday,External or unknown,0,0,0,0,train
pallets/flask,2963,Fix #2961：ignore colon followed by slash when split app_import_path,"Flask currently supports importing app through a combination of module path and app variable name, such as '/usr/app.py:my_app'. When the module path contains a colon, it will conflict with this import way and a `flask.cli.NoAppException` will be raised.

A file path on a Windows system may contain a colon followed by a slash. So we solved this problem on Windows by ignoring the colon followed by a slash when we split `app_import_path`. 

Fix issue #2961.",https://github.com/pallets/flask/pull/2963,garenchan,CONTRIBUTOR,closed,False,1.0-maintenance,bugfix-#2961,2018-10-24 15:12:15+00:00,2020-11-14 02:42:37+00:00,2018-10-24 16:06:40+00:00,2018-10-24 16:06:40+00:00,1,0.9069444444444444,0.9069444444444444,17,4,21,2,1,67,463,75,[],0,[],0,2,1,0,0,0,0,2,0,0,True,False,False,False,Merged,2018-Q4,2018-10-01,2018-12-31,Merged,True,False,False,False,True,False,False,False,False,False,False,False,False,False,False,False,False,False,False,False,1,True,1,Merged,6.139884552226255,4.330733340286331,2.8903717578961645,1.6094379124341005,3.091042453358316,1.0986122886681098,0.6931471805599453,True,True,False,False,10.5,0.1904761904761904,False,False,Small,2018,10,4,2,15,False,Wednesday,Previous contributor,0,0,0,0,train
pallets/flask,2969,Use https for external links wherever possible,"Update docs to use https for external links wherever possible.

Please also consider supporting https on all the subdomains of pocoo.org in near future :-)",https://github.com/pallets/flask/pull/2969,codeaditya,CONTRIBUTOR,closed,False,master,update-links,2018-10-27 12:35:16+00:00,2020-11-14 02:42:36+00:00,2018-10-27 20:56:10+00:00,2018-10-27 20:56:10+00:00,1,8.348333333333333,8.348333333333333,17,17,34,13,1,46,157,25,[],0,[],0,13,0,13,0,0,0,13,0,0,False,True,False,False,Merged,2018-Q4,2018-10-01,2018-12-31,Merged,True,False,False,False,False,False,True,False,False,False,False,False,True,True,False,False,False,False,False,False,3,True,1,Merged,5.062595033026967,3.258096538021482,2.8903717578961645,2.8903717578961645,3.555348061489413,2.6390573296152584,0.6931471805599453,True,False,False,False,2.6153846153846154,0.5,False,False,Small,2018,10,4,5,12,True,Saturday,Previous contributor,0,0,0,0,train
pallets/flask,2986,Do not handle RoutingExceptions with app error handlers,Fixes https://github.com/pallets/flask/issues/2984,https://github.com/pallets/flask/pull/2986,taion,CONTRIBUTOR,closed,False,1.0-maintenance,do-not-handle-routing-exception,2018-11-01 20:42:50+00:00,2020-11-14 02:21:50+00:00,2019-01-07 17:58:33+00:00,2019-01-07 17:58:33+00:00,1,1605.2619444444445,1605.2619444444445,29,3,32,3,2,55,50,2,[],0,[],0,3,1,1,0,0,0,3,0,0,True,True,False,False,Merged,2018-Q4,2018-10-01,2018-12-31,Merged,True,True,True,False,True,False,False,False,False,False,False,False,False,False,False,False,False,False,False,False,3,True,1,Merged,3.9318256327243257,1.0986122886681098,3.4011973816621555,1.3862943611198906,3.49650756146648,1.3862943611198906,1.0986122886681098,True,False,False,False,10.666666666666666,0.09375,False,True,Small,2018,11,4,3,20,False,Thursday,Previous contributor,1,1,1,1,train
pallets/flask,2993,Update documentation for users to use flask-caching instead of Werkzeug cache,"Update the documentation to point users to use flask-caching instead of the deprecated Werkzeug cache. I have linked to [flask-caching's documentation](https://flask-caching.readthedocs.io/en/latest/) instead of copying flask-caching example code.
",https://github.com/pallets/flask/pull/2993,data-get,CONTRIBUTOR,closed,False,1.0-maintenance,update-cache-documentation,2018-11-12 20:49:50+00:00,2020-11-14 02:33:53+00:00,2018-11-13 19:09:32+00:00,2018-11-13 19:09:31+00:00,1,22.328333333333333,22.328055555555554,4,55,59,1,1,77,247,27,['docs'],1,[],0,1,0,1,0,0,0,1,0,0,False,True,False,False,Merged,2018-Q4,2018-10-01,2018-12-31,Merged,True,False,False,False,False,True,False,False,False,False,False,False,False,False,False,False,False,False,False,False,1,True,1,Merged,5.513428746164983,3.332204510175204,1.6094379124341005,4.02535169073515,4.0943445622221,0.6931471805599453,0.6931471805599453,True,False,False,False,59.0,0.9322033898305084,False,False,Medium,2018,11,4,0,20,False,Monday,Previous contributor,0,0,0,0,train
pallets/flask,3011,Use imperative tense for CLI help text,"Fix #3005
Continue #3009 ",https://github.com/pallets/flask/pull/3011,greyli,CONTRIBUTOR,closed,False,1.0-maintenance,improve-cli-help-text,2018-12-01 01:05:07+00:00,2020-11-14 02:33:34+00:00,2019-01-06 14:38:15+00:00,2019-01-06 14:38:15+00:00,1,877.5522222222222,877.5522222222222,3,3,6,1,1,38,25,4,[],0,[],0,1,0,0,0,0,0,1,0,0,False,False,False,False,Merged,2018-Q4,2018-10-01,2018-12-31,Merged,True,False,True,False,False,False,False,False,False,False,False,False,False,False,False,False,False,False,False,False,1,True,1,Merged,3.258096538021482,1.6094379124341005,1.3862943611198906,1.3862943611198906,1.9459101490553128,0.6931471805599453,0.6931471805599453,True,False,False,False,6.0,0.5,False,False,Very small,2018,12,4,5,1,True,Saturday,Previous contributor,1,1,1,1,train
pallets/flask,3031,Fix typos found while completing the Flask tutorial,Fix minor typos in `blog.rst` and `database.rst`.,https://github.com/pallets/flask/pull/3031,jseldess,CONTRIBUTOR,closed,False,1.0-maintenance,fix-typos,2018-12-14 17:00:49+00:00,2020-11-14 02:33:43+00:00,2019-01-06 16:11:40+00:00,2019-01-06 16:11:40+00:00,1,551.1808333333333,551.1808333333333,2,2,4,2,1,51,49,7,[],0,[],0,2,0,2,0,0,0,2,0,0,False,True,False,False,Merged,2018-Q4,2018-10-01,2018-12-31,Merged,True,False,True,False,False,False,False,False,False,False,False,False,False,False,False,False,False,False,False,False,1,True,1,Merged,3.912023005428146,2.079441541679836,1.0986122886681098,1.0986122886681098,1.6094379124341005,1.0986122886681098,0.6931471805599453,True,False,False,False,2.0,0.5,False,False,Very small,2018,12,4,4,17,False,Friday,Previous contributor,1,1,1,1,train
pallets/flask,3049,"Corrected a typo in a docstring: ""Help object"" --> ""Helper object""",,https://github.com/pallets/flask/pull/3049,RohanTalip,CONTRIBUTOR,closed,False,1.0-maintenance,scriptinfo-typo,2018-12-27 08:58:02+00:00,2020-11-14 02:33:33+00:00,2019-01-06 17:16:29+00:00,2019-01-06 17:16:29+00:00,1,248.3075,248.3075,1,1,2,1,1,66,0,0,['docs'],1,[],0,1,0,0,0,0,0,1,0,0,False,False,False,False,Merged,2018-Q4,2018-10-01,2018-12-31,Merged,True,False,True,False,False,False,False,False,False,False,False,False,False,False,False,False,False,False,False,False,1,True,1,Merged,0.0,0.0,0.6931471805599453,0.6931471805599453,1.0986122886681098,0.6931471805599453,0.6931471805599453,False,False,False,False,2.0,0.5,False,False,Very small,2018,12,4,3,8,False,Thursday,Previous contributor,1,1,1,1,train
pallets/flask,3056,Fix syntax warning in docstring,"This fixes the `SyntaxWarning` introduced in CPython master. This is similar to https://github.com/pallets/jinja/issues/646 where `DeprecationWarning` is now converted to `SyntaxWarning`. I have added `r` to convert the docstring as raw string that fixes the issue.

Before patch warning : 

```
flask/app.py:1693: SyntaxWarning: invalid escape sequence \s
```

Relevant CPython issue : https://bugs.python.org/issue32912",https://github.com/pallets/flask/pull/3056,tirkarthi,CONTRIBUTOR,closed,False,1.0-maintenance,fix-syntax-warning,2018-12-31 08:28:33+00:00,2020-11-14 02:33:40+00:00,2019-01-06 18:25:47+00:00,2019-01-06 18:25:47+00:00,1,153.95388888888888,153.95388888888888,9,8,17,1,1,31,429,52,['docs'],1,[],0,1,0,0,0,0,0,1,0,0,False,False,False,False,Merged,2018-Q4,2018-10-01,2018-12-31,Merged,True,False,False,False,False,False,False,False,False,False,False,False,False,False,False,False,False,False,False,False,0,False,1,Merged,6.063785208687608,3.970291913552122,2.302585092994046,2.19722457733622,2.8903717578961645,0.6931471805599453,0.6931471805599453,True,True,False,False,17.0,0.4705882352941176,False,False,Small,2018,12,4,0,8,False,Monday,Previous contributor,1,1,1,0,train
pallets/flask,3059,Add support for PathLike objects in static file helpers,"See: https://www.python.org/dev/peps/pep-0519/

This is mostly encountered with pathlib in python 3, but this API
suggests any PathLike object can be treated like a filepath with
`__fspath__` function.",https://github.com/pallets/flask/pull/3059,mattrobenolt,CONTRIBUTOR,closed,False,master,fspath,2019-01-04 01:25:53+00:00,2020-11-14 02:33:45+00:00,2019-01-05 23:44:54+00:00,2019-01-05 23:44:54+00:00,1,46.316944444444445,46.316944444444445,62,5,67,4,1,55,205,27,[],0,[],0,4,1,1,0,0,0,4,0,0,True,True,False,False,Merged,2019-Q1,2019-01-01,2019-03-31,Merged,True,False,False,False,True,False,True,True,False,False,False,False,False,False,False,False,False,False,False,False,3,True,1,Merged,5.327876168789581,3.332204510175204,4.143134726391533,1.791759469228055,4.219507705176107,1.6094379124341005,0.6931471805599453,True,False,False,False,16.75,0.0746268656716417,False,False,Medium,2019,1,1,4,1,False,Friday,Previous contributor,1,0,0,0,train
pallets/flask,3063,clear KeyError in production for Werkzeug 0.15,"Werkzeug 0.15 adds the `KeyError` message to `BadRequestKeyError`. Flask was previously adding this manually. Now it should *clear* the message when not in development mode. 1.0.x will keep compatibility with Werkzeug 0.14 and 0.15, 1.1 will bump the version requirement.",https://github.com/pallets/flask/pull/3063,davidism,MEMBER,closed,False,1.0-maintenance,key-error,2019-01-05 20:53:22+00:00,2020-11-14 02:33:46+00:00,2019-01-05 23:07:07+00:00,2019-01-05 23:07:07+00:00,1,2.2291666666666665,2.2291666666666665,12,11,23,2,1,46,271,40,[],0,[],0,2,1,0,0,0,0,2,0,0,True,False,False,False,Merged,2019-Q1,2019-01-01,2019-03-31,Merged,True,False,False,False,True,False,False,False,False,False,False,False,False,False,False,False,False,False,False,False,1,True,1,Merged,5.605802066295998,3.713572066704308,2.5649493574615367,2.4849066497880004,3.1780538303479458,1.0986122886681098,0.6931471805599453,True,False,False,False,11.5,0.4782608695652174,False,False,Small,2019,1,1,5,20,True,Saturday,Internal or trusted,0,0,0,0,train
pallets/flask,3065,"use ""-m virtualenv"" in installation doc","On Fedora, `yum install python-virtualenv` installs virtualenv for Python 2, but it doesn't add the `virtualenv` command to the path. Use `python2 -m virutalenv` instead of the `virutalenv` command.

closes #3035 ",https://github.com/pallets/flask/pull/3065,davidism,MEMBER,closed,False,1.0-maintenance,fedora,2019-01-06 18:27:26+00:00,2020-11-14 02:33:41+00:00,2019-01-06 18:34:53+00:00,2019-01-06 18:34:53+00:00,1,0.1241666666666666,0.1241666666666666,3,3,6,1,1,39,214,31,['docs'],1,[],0,1,0,1,0,0,0,1,0,0,False,True,False,False,Merged,2019-Q1,2019-01-01,2019-03-31,Merged,True,False,False,False,False,False,False,False,False,False,False,False,False,False,False,False,False,False,False,False,0,False,1,Merged,5.3706380281276624,3.4657359027997265,1.3862943611198906,1.3862943611198906,1.9459101490553128,0.6931471805599453,0.6931471805599453,True,False,False,False,6.0,0.5,False,False,Very small,2019,1,1,6,18,True,Sunday,Internal or trusted,0,0,0,0,train
pallets/flask,3067,clarify where to call flask run from in tutorial,closes #2967 ,https://github.com/pallets/flask/pull/3067,davidism,MEMBER,closed,False,1.0-maintenance,tutorial-flask-run,2019-01-06 23:11:14+00:00,2020-11-14 02:33:35+00:00,2019-01-06 23:11:31+00:00,2019-01-06 23:11:31+00:00,1,0.0047222222222222,0.0047222222222222,4,2,6,2,1,48,12,2,['docs'],1,[],0,2,0,2,0,0,0,2,0,0,False,True,False,False,Merged,2019-Q1,2019-01-01,2019-03-31,Merged,True,False,False,False,False,False,False,False,False,False,False,False,False,False,False,False,False,False,False,False,0,False,1,Merged,2.5649493574615367,1.0986122886681098,1.6094379124341005,1.0986122886681098,1.9459101490553128,1.0986122886681098,0.6931471805599453,True,False,False,False,3.0,0.3333333333333333,False,False,Very small,2019,1,1,6,23,True,Sunday,Internal or trusted,0,0,0,0,train
pallets/flask,3069,Allow customizing url map class,"For speeding up url route matching, I defined a custom rule class and a custom url map class. But  `Flask` currently only allows modifying url rule class, it should support modify url map class too.

```python
    #: The rule object to use for URL rules created.  This is used by
    #: :meth:`add_url_rule`.  Defaults to :class:`werkzeug.routing.Rule`.
    #:
    #: .. versionadded:: 0.7
    url_rule_class = Rule
```",https://github.com/pallets/flask/pull/3069,shidenggui,CONTRIBUTOR,closed,False,master,feature_allow_customizing_url_map,2019-01-08 08:06:12+00:00,2020-11-14 02:09:39+00:00,2019-05-19 04:57:10+00:00,2019-05-19 04:57:10+00:00,1,3140.8494444444445,3140.8494444444445,9,1,10,2,1,31,427,64,[],0,[],0,2,0,1,0,0,0,2,0,0,False,True,False,False,Merged,2019-Q1,2019-01-01,2019-03-31,Merged,True,False,True,False,False,False,False,False,False,False,False,False,False,False,False,False,False,False,False,False,1,True,1,Merged,6.059123195581797,4.174387269895637,2.302585092994046,0.6931471805599453,2.3978952727983707,1.0986122886681098,0.6931471805599453,True,True,False,False,5.0,0.1,False,False,Very small,2019,1,1,1,8,False,Tuesday,Previous contributor,1,1,1,1,train
pallets/flask,3082,_compat.py: Use feature detection instead of version detection,"Describe what this patch does to fix the issue.

When run on Python 3, linters such as Pylint and Flake8 will correctly flag __unicode__ and __long__ as _undefined names_ because _compat.py does not currently follow the Python porting best practice [___use feature detection instead of version detection___](https://docs.python.org/3/howto/pyporting.html#use-feature-detection-instead-of-version-detection).  This PR allows this codebase to pass those Pylint and Flake8 tests without adding any linter directives.

flake8 testing of https://github.com/pallets/flask on Python 3.7.1

$ __flake8 . --count --select=E901,E999,F821,F822,F823 --show-source --statistics__
```
./flask/_compat.py:41:17: F821 undefined name 'unicode'
    text_type = unicode
                ^
./flask/_compat.py:42:26: F821 undefined name 'unicode'
    string_types = (str, unicode)
                         ^
./flask/_compat.py:43:27: F821 undefined name 'long'
    integer_types = (int, long)
                          ^
3     F821 undefined name 'unicode'
3
```

Link to any relevant issues or pull requests.

<!--
Commit checklist:

* add tests that fail without the patch
* ensure all tests pass with ``pytest``
* add documentation to the relevant docstrings or pages
* add ``versionadded`` or ``versionchanged`` directives to relevant docstrings
* add a changelog entry if this patch changes code

Tests, coverage, and docs will be run automatically when you submit the pull
request, but running them yourself can save time.
-->
",https://github.com/pallets/flask/pull/3082,cclauss,CONTRIBUTOR,closed,False,master,patch-2,2019-01-25 08:46:28+00:00,2020-11-14 02:21:48+00:00,2019-01-25 13:56:54+00:00,2019-01-25 13:56:54+00:00,1,5.1738888888888885,5.1738888888888885,6,6,12,1,1,62,1544,191,[],0,[],0,1,0,0,0,0,0,1,0,0,False,False,False,False,Merged,2019-Q1,2019-01-01,2019-03-31,Merged,True,False,False,False,False,False,False,False,False,False,False,False,False,False,False,False,False,False,False,False,0,False,1,Merged,7.342779189331845,5.2574953720277815,1.9459101490553128,1.9459101490553128,2.5649493574615367,0.6931471805599453,0.6931471805599453,True,True,False,False,12.0,0.5,False,False,Small,2019,1,1,4,8,False,Friday,Previous contributor,0,0,0,0,train
pallets/flask,3101,Fix formatting issue in quickstart guide,"Due to a formatting issue in the reStructuredText input, the HTML
output produced a description list (`<dl>`) within the ordered list.
",https://github.com/pallets/flask/pull/3101,tbm,CONTRIBUTOR,closed,False,master,docs-formatting,2019-02-23 00:03:22+00:00,2020-11-14 02:21:47+00:00,2019-02-23 00:32:13+00:00,2019-02-23 00:32:13+00:00,1,0.4808333333333333,0.4808333333333333,4,4,8,1,1,40,135,21,[],0,[],0,1,0,1,0,0,0,1,0,0,False,True,False,False,Merged,2019-Q1,2019-01-01,2019-03-31,Merged,True,False,False,False,False,False,False,False,False,False,False,False,False,False,False,False,False,False,False,False,0,False,1,Merged,4.912654885736052,3.091042453358316,1.6094379124341005,1.6094379124341005,2.19722457733622,0.6931471805599453,0.6931471805599453,True,False,False,False,8.0,0.5,False,False,Very small,2019,2,1,5,0,True,Saturday,Previous contributor,0,0,0,0,train
pallets/flask,3104,moving match_request to RequestContext.push to enable ModelConverter,"`match_request` will be called in `RequestContext.push` after `current_app`, `request`, and `session` are already populated.

closes #3088 ",https://github.com/pallets/flask/pull/3104,eladm26,CONTRIBUTOR,closed,False,master,adding_models_converter,2019-02-24 22:05:08+00:00,2020-11-14 01:53:02+00:00,2019-06-13 19:46:54+00:00,2019-06-13 19:46:54+00:00,1,2613.696111111111,2613.696111111111,52,26,78,5,2,68,140,16,[],0,[],0,5,3,1,0,0,1,4,0,0,True,True,False,False,Merged,2019-Q1,2019-01-01,2019-03-31,Merged,True,True,True,False,True,True,True,False,False,False,False,True,False,False,False,False,False,False,False,False,6,True,1,Merged,4.948759890378168,2.833213344056216,3.970291913552122,3.295836866004329,4.3694478524670215,1.791759469228055,1.0986122886681098,True,False,False,False,15.6,0.3333333333333333,False,True,Medium,2019,2,1,6,22,True,Sunday,Previous contributor,1,1,1,1,train
pallets/flask,3113,doc: Improve description for valid view func return value,"* improve wording.
* remove unnecessary spaces.

Alternate fix of #3112 ",https://github.com/pallets/flask/pull/3113,greyli,CONTRIBUTOR,closed,False,1.0-maintenance,improve-doc-quickstart,2019-03-06 02:42:04+00:00,2020-11-14 02:21:46+00:00,2019-03-06 13:40:22+00:00,2019-03-06 13:40:22+00:00,1,10.971666666666666,10.971666666666666,4,4,8,1,1,57,74,11,[],0,[],0,1,0,1,0,0,0,1,0,0,False,True,False,False,Merged,2019-Q1,2019-01-01,2019-03-31,Merged,True,False,False,False,False,False,False,False,False,False,False,False,False,False,False,False,False,False,False,False,0,False,1,Merged,4.31748811353631,2.4849066497880004,1.6094379124341005,1.6094379124341005,2.19722457733622,0.6931471805599453,0.6931471805599453,True,False,False,False,8.0,0.5,False,False,Very small,2019,3,1,2,2,False,Wednesday,Previous contributor,0,0,0,0,train
pallets/flask,3129,Fix some HTML injection paths in examples,"These are unlikely to be copy-pasted by users but it's best practice to avoid it and other examples do.
",https://github.com/pallets/flask/pull/3129,adamchainz,CONTRIBUTOR,closed,False,1.0.x,fix_html_injection,2019-03-23 23:11:40+00:00,2020-11-14 02:21:36+00:00,2019-05-16 16:52:14+00:00,2019-05-16 16:52:14+00:00,1,1289.6761111111111,1289.6761111111111,4,4,8,1,1,41,103,19,['docs'],1,[],0,1,0,1,0,0,0,1,0,0,False,True,False,False,Merged,2019-Q1,2019-01-01,2019-03-31,Merged,True,False,True,False,False,False,False,False,False,False,False,False,False,False,False,False,False,False,False,False,1,True,1,Merged,4.6443908991413725,2.995732273553991,1.6094379124341005,1.6094379124341005,2.19722457733622,0.6931471805599453,0.6931471805599453,True,False,False,False,8.0,0.5,False,False,Very small,2019,3,1,5,23,True,Saturday,Previous contributor,1,1,1,1,train
pallets/flask,3137,Update CONTRIBUTING.rst discord link + style info,"Describe what this patch does to fix the issue.

Link to any relevant issues or pull requests.

<!--
Commit checklist:

* add tests that fail without the patch
* ensure all tests pass with ``pytest``
* add documentation to the relevant docstrings or pages
* add ``versionadded`` or ``versionchanged`` directives to relevant docstrings
* add a changelog entry if this patch changes code

Tests, coverage, and docs will be run automatically when you submit the pull
request, but running them yourself can save time.
-->
",https://github.com/pallets/flask/pull/3137,Abdur-rahmaanJ,CONTRIBUTOR,closed,False,1.0.x,patch-2,2019-04-03 08:47:28+00:00,2020-11-14 02:21:37+00:00,2019-05-16 16:49:00+00:00,2019-05-16 16:49:00+00:00,1,1040.0255555555557,1040.0255555555557,3,2,5,1,2,49,532,85,['docs'],1,[],0,1,0,1,0,0,0,1,0,0,False,True,False,False,Merged,2019-Q2,2019-04-01,2019-06-30,Merged,True,True,True,False,False,False,False,False,False,False,False,False,False,False,False,False,False,False,False,False,2,True,1,Merged,6.278521424165844,4.454347296253507,1.3862943611198906,1.0986122886681098,1.791759469228055,0.6931471805599453,1.0986122886681098,True,True,False,False,5.0,0.4,False,True,Very small,2019,4,2,2,8,False,Wednesday,Previous contributor,1,1,1,1,train
pallets/flask,3159,Improved CONTRIBUTING.rst,"
",https://github.com/pallets/flask/pull/3159,abhinavsagar,CONTRIBUTOR,closed,False,1.0.x,updatedoc,2019-04-23 17:56:40+00:00,2020-11-14 02:21:36+00:00,2019-05-16 17:23:18+00:00,2019-05-16 17:23:18+00:00,1,551.4438888888889,551.4438888888889,15,3,18,1,2,25,0,0,['docs'],1,[],0,1,0,1,0,0,0,1,0,0,False,True,False,False,Merged,2019-Q2,2019-04-01,2019-06-30,Merged,True,True,True,False,False,False,False,False,False,False,False,False,False,False,False,False,False,False,False,False,2,True,1,Merged,0.0,0.0,2.772588722239781,1.3862943611198906,2.9444389791664403,0.6931471805599453,1.0986122886681098,False,False,False,False,18.0,0.1666666666666666,False,True,Small,2019,4,2,1,17,False,Tuesday,Previous contributor,1,1,1,1,train
pallets/flask,3173,Add link to official Discord chat server,All Pallets projects should have a link to the official chat server on Discord.,https://github.com/pallets/flask/pull/3173,pwlandoll,CONTRIBUTOR,closed,False,1.0-maintenance,1.0-maintenance,2019-05-06 13:41:55+00:00,2020-11-14 02:21:43+00:00,2019-05-06 14:49:30+00:00,2019-05-06 14:49:30+00:00,1,1.1263888888888889,1.1263888888888889,1,0,1,1,1,40,79,14,[],0,[],0,1,0,1,0,0,0,1,0,0,False,True,False,False,Merged,2019-Q2,2019-04-01,2019-06-30,Merged,True,False,False,False,False,False,False,False,False,False,False,False,False,False,False,False,False,False,False,False,0,False,1,Merged,4.382026634673881,2.70805020110221,0.6931471805599453,0.0,0.6931471805599453,0.6931471805599453,0.6931471805599453,True,False,False,False,1.0,0.0,False,False,Very small,2019,5,2,0,13,False,Monday,Previous contributor,0,0,0,0,train
pallets/flask,3183,Pre-commit: Black,Reformat everything with [black](https://github.com/python/black).,https://github.com/pallets/flask/pull/3183,singingwolfboy,CONTRIBUTOR,closed,False,master,pre-commit,2019-05-06 19:41:04+00:00,2020-11-14 02:21:41+00:00,2019-05-06 20:34:47+00:00,2019-05-06 20:34:47+00:00,1,0.8952777777777777,0.8952777777777777,3798,3463,7261,65,2,17,66,4,[],0,[],0,65,34,0,5,3,1,64,0,0,True,False,True,True,Merged,2019-Q2,2019-04-01,2019-06-30,Merged,True,True,False,True,True,True,True,True,True,False,False,True,True,False,True,False,False,False,False,False,10,True,1,Merged,4.204692619390966,1.6094379124341005,8.242493153187626,8.150179269682326,8.89041055197428,4.189654742026425,1.0986122886681098,True,False,False,False,111.70769230769233,0.4769315521278061,False,True,Very large,2019,5,2,0,19,False,Monday,Previous contributor,0,0,0,0,train
pallets/flask,3199,Fix various small spelling errors.,"This patch fixes a few small spelling errors throughout the documentation. 

I didn't change common programming or Python jargon. For example, I didn't change virtualenv (to ""virtual environment""), ""runtime"", or ""auto escaping"".

I turned ReST to REST because the latter spelling seems to have taken over.",https://github.com/pallets/flask/pull/3199,alysbrooks,CONTRIBUTOR,closed,False,1.0.x,master,2019-05-14 20:16:56+00:00,2020-11-14 02:21:35+00:00,2019-05-16 18:54:34+00:00,2019-05-16 18:54:34+00:00,1,46.62722222222222,46.62722222222222,14,14,28,9,1,34,309,46,['docs'],1,[],0,9,0,9,0,0,0,9,0,0,False,True,False,False,Merged,2019-Q2,2019-04-01,2019-06-30,Merged,True,False,False,False,False,False,True,False,False,False,False,False,True,True,False,False,False,False,False,False,3,True,1,Merged,5.736572297479192,3.8501476017100575,2.70805020110221,2.70805020110221,3.367295829986474,2.302585092994046,0.6931471805599453,True,False,False,False,3.111111111111111,0.5,False,False,Small,2019,5,2,1,20,False,Tuesday,Previous contributor,1,0,0,0,train
pallets/flask,3230,Enable stylecheck tox run on Azure pipelines (fixes #3228),,https://github.com/pallets/flask/pull/3230,lordmauve,CONTRIBUTOR,closed,False,master,azure-stylecheck,2019-05-31 12:16:08+00:00,2020-11-14 02:09:32+00:00,2019-05-31 12:21:24+00:00,2019-05-31 12:21:24+00:00,1,0.0877777777777777,0.0877777777777777,3,0,3,1,1,58,0,0,[],0,[],0,1,0,0,1,0,0,1,0,0,False,False,True,False,Merged,2019-Q2,2019-04-01,2019-06-30,Merged,True,False,False,True,False,False,False,False,False,False,False,False,False,False,False,False,False,False,False,False,1,True,1,Merged,0.0,0.0,1.3862943611198906,0.0,1.3862943611198906,0.6931471805599453,0.6931471805599453,False,False,False,False,3.0,0.0,False,False,Very small,2019,5,2,4,12,False,Friday,Previous contributor,0,0,0,0,train
pallets/flask,3236,Do not register empty CLI groups from Blueprint,"(Fixes #3224)

Check if the CLI group is empty during Blueprint registration, and exit early if it is.",https://github.com/pallets/flask/pull/3236,lordmauve,CONTRIBUTOR,closed,False,master,no-cligroup-empty,2019-05-31 15:51:25+00:00,2020-11-14 02:09:29+00:00,2019-05-31 17:05:01+00:00,2019-05-31 17:05:01+00:00,1,1.2266666666666666,1.2266666666666666,12,0,12,2,1,47,104,18,['cli'],1,[],0,2,1,0,0,0,0,2,0,0,True,False,False,False,Merged,2019-Q2,2019-04-01,2019-06-30,Merged,True,False,False,False,True,False,False,False,False,False,False,False,False,False,False,False,False,False,False,False,1,True,1,Merged,4.653960350157523,2.9444389791664403,2.5649493574615367,0.0,2.5649493574615367,1.0986122886681098,0.6931471805599453,True,False,False,False,6.0,0.0,False,False,Small,2019,5,2,4,15,False,Friday,Previous contributor,0,0,0,0,train
pallets/flask,3244,Clarify documentation about how url_for uses configuration values (#2759),This attempts to clarify the documentation as discussed in #2759 and #3219.,https://github.com/pallets/flask/pull/3244,paulgb,CONTRIBUTOR,closed,False,master,master,2019-05-31 19:37:44+00:00,2020-11-14 02:09:26+00:00,2019-06-01 12:59:02+00:00,2019-06-01 12:59:02+00:00,1,17.355,17.355,7,1,8,2,1,73,75,12,['docs'],1,[],0,2,0,1,0,0,0,2,0,0,False,True,False,False,Merged,2019-Q2,2019-04-01,2019-06-30,Merged,True,False,False,False,False,False,False,False,False,False,False,False,False,False,False,False,False,False,False,False,0,False,1,Merged,4.330733340286331,2.5649493574615367,2.079441541679836,0.6931471805599453,2.19722457733622,1.0986122886681098,0.6931471805599453,True,False,False,False,4.0,0.125,False,False,Very small,2019,5,2,4,19,False,Friday,Previous contributor,0,0,0,0,train
pallets/flask,3260,adds api error handling example to documentation,"Describe what this patch does to fix the issue.

This adds documentation to the error handling page. I was having a hard time finding anything on the proper use of abort with the flask error handler. After settling on a good pattern, I added it here.

Link to any relevant issues or pull requests.

<!--
Commit checklist:

* add tests that fail without the patch
* ensure all tests pass with ``pytest``
* add documentation to the relevant docstrings or pages
* add ``versionadded`` or ``versionchanged`` directives to relevant docstrings
* add a changelog entry if this patch changes code

Tests, coverage, and docs will be run automatically when you submit the pull
request, but running them yourself can save time.
-->
",https://github.com/pallets/flask/pull/3260,LBWright,CONTRIBUTOR,closed,False,1.0.x,error-handling,2019-06-12 13:59:17+00:00,2020-11-14 02:09:21+00:00,2019-06-12 18:07:05+00:00,2019-06-12 18:07:05+00:00,1,4.13,4.13,26,0,26,1,2,48,737,122,['docs'],1,[],0,1,0,1,0,0,0,1,0,0,False,True,False,False,Merged,2019-Q2,2019-04-01,2019-06-30,Merged,True,True,False,False,False,False,False,False,False,False,False,False,False,False,False,False,False,False,False,False,1,True,1,Merged,6.6039438246004725,4.812184355372417,3.295836866004329,0.0,3.295836866004329,0.6931471805599453,1.0986122886681098,True,True,False,False,26.0,0.0,False,True,Small,2019,6,2,2,13,False,Wednesday,Previous contributor,0,0,0,0,train
pallets/flask,3274,Fix typo,"
",https://github.com/pallets/flask/pull/3274,abhinavsagar,CONTRIBUTOR,closed,False,1.0.x,patch-1,2019-06-30 09:08:01+00:00,2020-11-14 01:52:54+00:00,2019-07-01 18:31:49+00:00,2019-07-01 18:31:48+00:00,1,33.39666666666667,33.396388888888886,1,1,2,1,1,8,0,0,['docs'],1,[],0,1,0,0,0,0,0,1,0,0,False,False,False,False,Merged,2019-Q2,2019-04-01,2019-06-30,Merged,True,False,False,False,False,False,False,False,False,False,False,False,False,False,False,False,False,False,False,False,0,False,1,Merged,0.0,0.0,0.6931471805599453,0.6931471805599453,1.0986122886681098,0.6931471805599453,0.6931471805599453,False,False,True,False,2.0,0.5,False,False,Very small,2019,6,2,6,9,True,Sunday,Previous contributor,1,0,0,0,train
pallets/flask,3278,Fixes for PEP451 import loaders and pytest 5.x,"- pytest 5.x drops python2 compatibility and therefore only implements PEP 451
- pytest 5.x made the repr of `ExcInfo` less confusing (fixed tests depending
  on the old format)

Resolves #3275
Resolves #3277",https://github.com/pallets/flask/pull/3278,asottile,CONTRIBUTOR,closed,False,1.0.x,importlib_spec,2019-07-01 14:26:08+00:00,2020-11-14 01:52:55+00:00,2019-07-01 17:47:33+00:00,2019-07-01 17:47:33+00:00,1,3.3569444444444443,3.3569444444444443,57,25,82,6,1,46,213,33,[],0,[],0,6,3,2,0,0,0,6,0,0,True,True,False,False,Merged,2019-Q3,2019-07-01,2019-09-30,Merged,True,False,False,False,True,True,True,True,False,False,False,False,False,False,False,False,False,False,False,False,4,True,1,Merged,5.365976015021851,3.5263605246161616,4.060443010546419,3.258096538021482,4.418840607796598,1.9459101490553128,0.6931471805599453,True,False,False,False,13.666666666666666,0.3048780487804878,False,False,Medium,2019,7,3,0,14,False,Monday,Previous contributor,0,0,0,0,train
pallets/flask,3282,use app.name as app.logger name,"#2436 greatly simplified how logging is set up in Flask. Part of that removed the `LOGGER_NAME` config and hard-coded `""flask.app""`. However, #2866 points out that due to this it is no longer possible to distinguish logs when dispatching multiple apps.

This partially reverts the logger name behavior change from 1.0. There is still no config, but the logger's name is now the same as `app.name` (basically the value passed to `Flask(import_name)`).

The information that's currently logged does make sense as coming from the user's project rather than Flask itself, although we may introduce the `""flask.app""` logger again in the future for logging things truly internal to Flask and not the user's app.

This may require projects to update their logging config to reference their app's name instead of `""flask.app""`.

Closes #2866 ",https://github.com/pallets/flask/pull/3282,davidism,MEMBER,closed,False,master,logger-name,2019-07-01 22:03:32+00:00,2020-11-14 01:52:52+00:00,2019-07-02 00:42:51+00:00,2019-07-02 00:42:51+00:00,1,2.6552777777777776,2.6552777777777776,40,25,65,8,1,31,841,131,['logging'],1,[],0,8,2,4,0,0,0,8,0,0,True,True,False,False,Merged,2019-Q3,2019-07-01,2019-09-30,Merged,True,False,False,False,True,True,True,False,False,False,False,False,True,True,False,False,False,False,False,False,5,True,1,Merged,6.735780014242327,4.882801922586371,3.713572066704308,3.258096538021482,4.189654742026425,2.19722457733622,0.6931471805599453,True,True,False,False,8.125,0.3846153846153846,False,False,Medium,2019,7,3,0,22,False,Monday,Internal or trusted,0,0,0,0,train
pallets/flask,3290,Comment out helpful tips in ISSUE_TEMPLATE so they're visible only when editing,The comments are now visible only to the issue creator and do not need to be manually removed before submitting the issue.,https://github.com/pallets/flask/pull/3290,aadibajpai,NONE,closed,False,master,master,2019-07-07 19:40:29+00:00,2020-11-14 01:52:52+00:00,2019-07-07 19:43:26+00:00,2019-07-07 19:43:26+00:00,1,0.0491666666666666,0.0491666666666666,8,10,18,1,2,79,122,22,[],0,[],0,1,0,1,0,0,0,1,0,0,False,True,False,False,Merged,2019-Q3,2019-07-01,2019-09-30,Merged,True,True,False,False,False,False,False,False,False,False,False,False,False,False,False,False,False,True,False,False,2,True,1,Merged,4.812184355372417,3.1354942159291497,2.19722457733622,2.3978952727983707,2.9444389791664403,0.6931471805599453,1.0986122886681098,True,False,False,False,18.0,0.5555555555555556,False,True,Small,2019,7,3,6,19,True,Sunday,External or unknown,0,0,0,0,train
pallets/flask,3299,pass sys.argv to flask cli,"closes #3297 

Can be removed when pallets/click#536 is fixed.",https://github.com/pallets/flask/pull/3299,davidism,MEMBER,closed,False,master,click-args,2019-07-10 18:47:10+00:00,2020-11-14 01:52:50+00:00,2019-07-10 19:42:59+00:00,2019-07-10 19:42:59+00:00,1,0.9302777777777778,0.9302777777777778,12,2,14,3,1,26,64,9,"['bug', 'cli']",2,[],0,3,0,1,0,0,0,3,0,0,False,True,False,False,Merged,2019-Q3,2019-07-01,2019-09-30,Merged,True,False,False,False,False,False,False,False,False,False,False,False,False,False,False,False,False,False,False,False,0,False,1,Merged,4.174387269895637,2.302585092994046,2.5649493574615367,1.0986122886681098,2.70805020110221,1.3862943611198906,0.6931471805599453,True,False,False,False,4.666666666666667,0.1428571428571428,False,False,Small,2019,7,3,2,18,False,Wednesday,Internal or trusted,0,0,0,0,train
pallets/flask,3308," Add version '3.7' and a comma in ""Running the test"" of contributing guide.","Now python 3.7 has been added into [tox.ini](https://github.com/pallets/flask/blob/master/tox.ini), but the contributing guide has not been updated yet.
 And i added a missing comma.
<!--
Commit checklist:

* add tests that fail without the patch
* ensure all tests pass with ``pytest``
* add documentation to the relevant docstrings or pages
* add ``versionadded`` or ``versionchanged`` directives to relevant docstrings
* add a changelog entry if this patch changes code

Tests, coverage, and docs will be run automatically when you submit the pull
request, but running them yourself can save time.
-->
",https://github.com/pallets/flask/pull/3308,MakDon,CONTRIBUTOR,closed,False,master,master,2019-07-21 13:40:54+00:00,2020-11-14 01:52:49+00:00,2019-07-21 16:03:14+00:00,2019-07-21 16:03:14+00:00,1,2.3722222222222222,2.3722222222222222,1,1,2,1,1,74,617,91,[],0,[],0,1,0,1,0,0,0,1,0,0,False,True,False,False,Merged,2019-Q3,2019-07-01,2019-09-30,Merged,True,False,False,False,False,False,False,False,False,False,False,False,False,False,False,False,False,False,False,False,0,False,1,Merged,6.42648845745769,4.5217885770490405,0.6931471805599453,0.6931471805599453,1.0986122886681098,0.6931471805599453,0.6931471805599453,True,True,False,False,2.0,0.5,False,False,Very small,2019,7,3,6,13,True,Sunday,Previous contributor,0,0,0,0,train
pallets/flask,3321,Fix github link generator for docs,"Using packaging.version to check whether the version is dev version.

resolve #3320 ",https://github.com/pallets/flask/pull/3321,greyli,CONTRIBUTOR,closed,False,1.0.x,fix-gh-link-generator,2019-08-01 14:59:28+00:00,2021-04-28 10:04:33+00:00,2019-08-01 19:56:31+00:00,2019-08-01 19:56:31+00:00,1,4.950833333333334,4.950833333333334,3,1,4,1,1,34,85,12,[],0,[],0,1,0,1,0,0,0,1,0,0,False,True,False,False,Merged,2019-Q3,2019-07-01,2019-09-30,Merged,True,False,False,False,False,False,False,False,False,False,False,False,False,False,False,False,False,False,False,False,0,False,1,Merged,4.454347296253507,2.5649493574615367,1.3862943611198906,0.6931471805599453,1.6094379124341005,0.6931471805599453,0.6931471805599453,True,False,False,False,4.0,0.25,False,False,Very small,2019,8,3,3,14,False,Thursday,Previous contributor,0,0,0,0,train
pallets/flask,3336,Fix typo in pop documentation,"
<!--
Commit checklist:

* add tests that fail without the patch
* ensure all tests pass with ``pytest``
* add documentation to the relevant docstrings or pages
* add ``versionadded`` or ``versionchanged`` directives to relevant docstrings
* add a changelog entry if this patch changes code

Tests, coverage, and docs will be run automatically when you submit the pull
request, but running them yourself can save time.
-->

Just fixes a minor typo I noticed while reading the docs.",https://github.com/pallets/flask/pull/3336,arnavb,CONTRIBUTOR,closed,False,master,patch-1,2019-08-16 01:06:03+00:00,2020-11-14 01:52:45+00:00,2019-08-16 01:30:06+00:00,2019-08-16 01:30:06+00:00,1,0.4008333333333333,0.4008333333333333,1,1,2,1,1,29,493,79,[],0,[],0,1,0,0,0,0,0,1,0,0,False,False,False,False,Merged,2019-Q3,2019-07-01,2019-09-30,Merged,True,False,False,False,False,False,False,False,False,False,False,False,False,False,False,False,False,False,False,False,0,False,1,Merged,6.202535517187923,4.382026634673881,0.6931471805599453,0.6931471805599453,1.0986122886681098,0.6931471805599453,0.6931471805599453,True,True,False,False,2.0,0.5,False,False,Very small,2019,8,3,4,1,False,Friday,Previous contributor,0,0,0,0,train
pallets/flask,3344,Fix the contibution docs,"The guidelines for the first time setup of Flask for development lacks any details about the installation of pre-commit module. The command to install the pre-commit hooks is not set as a code block and is rendered as a quote.
As someone who decided to make a few contributions on the framework, this is a quite irritating start of the journey 😄 I've added a link to the official guide for the installation of the pre-commit and fixed the markdown to make the command a code block.",https://github.com/pallets/flask/pull/3344,henryh9n,NONE,closed,False,1.1.x,fix-the-contibution-docs,2019-08-28 22:54:24+00:00,2020-11-14 01:43:03+00:00,2019-09-23 19:24:09+00:00,2019-09-23 19:24:09+00:00,1,620.4958333333333,620.4958333333333,3,1,4,1,1,24,482,87,['docs'],1,[],0,1,0,1,0,0,0,1,0,0,False,True,False,False,Merged,2019-Q3,2019-07-01,2019-09-30,Merged,True,False,True,False,False,False,False,False,False,False,False,False,False,False,False,False,False,False,False,False,1,True,1,Merged,6.180016653652572,4.477336814478207,1.3862943611198906,0.6931471805599453,1.6094379124341005,0.6931471805599453,0.6931471805599453,True,True,False,False,4.0,0.25,False,False,Very small,2019,8,3,2,22,False,Wednesday,External or unknown,1,1,1,1,train
pallets/flask,3369,get_cookie_name in SessionInterface for easier overriding in SecureCookieSessionInterface,"Most of the other arguments passed into ``response.set_cookie()`` in ``SecureCookieSessionInterface.save_session()`` use the overridable methods of ``SessionInterface`` to fill in each argument. Except for the cookie name, which is statically set to ``app.session_cookie_name``.

Sometimes a cookie name needs to be set dynamically based on the current request, for example, a cookie name that is dependent on the current subpath in the URL. At the moment, the best way of doing this is to override the ``save_session()`` method of ``SecureCookieSessionInterface`` and make it dynamically pass in the cookie name to ``response.set_cookie()``. 

To avoid having to override the whole of ``save_session()``, this pull request adds in an overridable ``get_cookie_name()`` method on ``SessionInterface`` to match the other ``get_xxx()`` methods of that class.

Note: I originally posted a question about this in Stackoverflow (_[""Something like get_cookie_name in Flask's SessionInterface?""](https://stackoverflow.com/questions/55281983/something-like-get-cookie-name-in-flasks-sessioninterface)_) and also asked the question (using the Stackoverflow link) in the Flask Discord chat. I was not satisfied with the response I got, so I've opened up this pull request.

<!--
Commit checklist:

* add tests that fail without the patch
* ensure all tests pass with ``pytest``
* add documentation to the relevant docstrings or pages
* add ``versionadded`` or ``versionchanged`` directives to relevant docstrings
* add a changelog entry if this patch changes code

Tests, coverage, and docs will be run automatically when you submit the pull
request, but running them yourself can save time.
-->
",https://github.com/pallets/flask/pull/3369,doronhorwitz,CONTRIBUTOR,closed,False,master,get-cookie-name,2019-09-22 11:00:01+00:00,2021-01-26 12:09:16+00:00,2019-10-13 02:20:32+00:00,2019-10-13 02:20:32+00:00,1,495.3419444444445,495.3419444444445,73,5,78,3,1,89,1703,232,[],0,[],0,3,1,1,0,1,0,3,0,0,True,True,False,True,Merged,2019-Q3,2019-07-01,2019-09-30,Merged,True,False,True,False,True,False,False,True,False,False,False,False,False,False,True,False,False,True,False,False,5,True,1,Merged,7.440733707389261,5.4510384535657,4.30406509320417,1.791759469228055,4.3694478524670215,1.3862943611198906,0.6931471805599453,True,True,False,False,26.0,0.0641025641025641,False,False,Medium,2019,9,3,6,11,True,Sunday,Previous contributor,1,1,1,1,train
pallets/flask,3376,update docs for new theme,"Apply the update docs config and theme to the 0.12.x branch so it can be built on Read the Docs.

related to #3350 ",https://github.com/pallets/flask/pull/3376,davidism,MEMBER,closed,False,0.12.x,migrate-docs,2019-09-24 13:41:30+00:00,2020-11-14 01:43:03+00:00,2019-09-24 13:41:49+00:00,2019-09-24 13:41:49+00:00,1,0.0052777777777777,0.0052777777777777,65,135,200,15,1,25,116,23,['docs'],1,[],0,15,0,15,1,0,4,7,4,0,False,True,True,False,Merged,2019-Q3,2019-07-01,2019-09-30,Merged,True,False,False,True,False,True,True,True,True,False,False,True,True,True,False,True,False,False,False,False,9,True,1,Merged,4.762173934797756,3.1780538303479458,4.189654742026425,4.912654885736052,5.303304908059076,2.772588722239781,0.6931471805599453,True,False,False,False,13.333333333333334,0.675,False,False,Medium,2019,9,3,1,13,False,Tuesday,Internal or trusted,0,0,0,0,train
pallets/flask,3381,fix typo in request context docs,"Fixed typos I saw in the Request Context documentation.

<!--
Commit checklist:

* add tests that fail without the patch
* ensure all tests pass with ``pytest``
* add documentation to the relevant docstrings or pages
* add ``versionadded`` or ``versionchanged`` directives to relevant docstrings
* add a changelog entry if this patch changes code

Tests, coverage, and docs will be run automatically when you submit the pull
request, but running them yourself can save time.
-->
",https://github.com/pallets/flask/pull/3381,seeksort,CONTRIBUTOR,closed,False,1.1.x,request-context-typo,2019-10-05 22:15:53+00:00,2020-11-14 01:43:02+00:00,2019-10-08 16:11:19+00:00,2019-10-08 16:11:19+00:00,1,65.92388888888888,65.92388888888888,2,2,4,1,1,32,491,77,['docs'],1,[],0,1,0,1,0,0,0,1,0,0,False,True,False,False,Merged,2019-Q4,2019-10-01,2019-12-31,Merged,True,False,False,False,False,False,False,False,False,False,False,False,False,False,False,False,False,False,False,False,0,False,1,Merged,6.198478716492308,4.356708826689592,1.0986122886681098,1.0986122886681098,1.6094379124341005,0.6931471805599453,0.6931471805599453,True,True,False,False,4.0,0.5,False,False,Very small,2019,10,4,5,22,True,Saturday,Previous contributor,1,1,0,0,train
pallets/flask,3382,Add hyperlink of contributing-testsuite in CONTRIBUTING,Add hyperlink of `contributing-testsuite` in CONTRIBUTING.rst and remove the duplicate dot.,https://github.com/pallets/flask/pull/3382,Mellcap,NONE,closed,False,master,fix_hyperlink_of_contributing,2019-10-06 17:58:31+00:00,2020-11-14 01:43:02+00:00,2019-10-06 20:26:01+00:00,2019-10-06 20:26:01+00:00,1,2.458333333333333,2.458333333333333,2,2,4,1,4,55,91,11,[],0,[],0,1,0,1,0,0,0,1,0,0,False,True,False,False,Merged,2019-Q4,2019-10-01,2019-12-31,Merged,True,True,False,False,False,False,False,False,False,False,False,False,False,False,False,False,False,False,False,False,1,True,1,Merged,4.5217885770490405,2.4849066497880004,1.0986122886681098,1.0986122886681098,1.6094379124341005,0.6931471805599453,1.6094379124341005,True,False,False,False,4.0,0.5,False,True,Very small,2019,10,4,6,17,True,Sunday,External or unknown,0,0,0,0,train
pallets/flask,3395,Update reqcontext.rst,"Redundant ""are"" was removed.",https://github.com/pallets/flask/pull/3395,decaz,CONTRIBUTOR,closed,False,master,patch-1,2019-10-14 20:52:58+00:00,2020-11-14 01:43:00+00:00,2019-10-14 21:00:03+00:00,2019-10-14 21:00:03+00:00,1,0.1180555555555555,0.1180555555555555,1,1,2,1,1,21,28,4,[],0,[],0,1,0,1,0,0,0,1,0,0,False,True,False,False,Merged,2019-Q4,2019-10-01,2019-12-31,Merged,True,False,False,False,False,False,False,False,False,False,False,False,False,False,False,False,False,False,False,False,0,False,1,Merged,3.367295829986474,1.6094379124341005,0.6931471805599453,0.6931471805599453,1.0986122886681098,0.6931471805599453,0.6931471805599453,True,False,False,False,2.0,0.5,False,False,Very small,2019,10,4,0,20,False,Monday,Previous contributor,0,0,0,0,train
pallets/flask,3401,Declare support for Python 3.8,"Hello,

Python 3.8 is released, so I believe that it would be nice to declare support for it.

Python 3.8.0 release announcement:
https://discuss.python.org/t/python-3-8-0-is-now-available/2478

Best regards!

P.S. Unfortunately, Azure Pipelines don't support Python 3.8 yet.
https://github.com/microsoft/azure-pipelines-image-generation/issues/1317",https://github.com/pallets/flask/pull/3401,Jamim,CONTRIBUTOR,closed,False,1.1.x,feature/python-3.8,2019-10-18 23:08:46+00:00,2020-11-14 01:42:55+00:00,2019-11-19 03:05:02+00:00,2019-11-19 03:05:02+00:00,1,747.9377777777778,747.9377777777778,34,33,67,4,2,30,359,35,[],0,[],0,4,0,1,3,0,0,4,0,0,False,True,True,False,Merged,2019-Q4,2019-10-01,2019-12-31,Merged,True,True,True,True,False,True,True,False,False,False,False,False,False,False,False,False,False,False,False,False,5,True,1,Merged,5.886104031450156,3.58351893845611,3.555348061489413,3.5263605246161616,4.219507705176107,1.6094379124341005,1.0986122886681098,True,False,False,False,16.75,0.4925373134328358,False,True,Medium,2019,10,4,4,23,False,Friday,Previous contributor,1,1,1,1,train
pallets/flask,3408,Make the documentation build reproducibly,"Whilst working on the [Reproducible Builds](https://reproducible-builds.org/) effort we noticed that flask could not be built reproducibly.

This is because it includes an absolute build directory in the documentation as the `json_module` attribute points to a Python class/module which has a string representation including its path.

This commit skips this (inherited) member from the documentation.

(This was originally filed in Debian as [#943674](https://bugs.debian.org/943674).)",https://github.com/pallets/flask/pull/3408,lamby,CONTRIBUTOR,closed,False,master,943674-flask-please-make-the-build-reproducible,2019-10-28 09:18:48+00:00,2020-11-14 01:42:57+00:00,2019-10-28 14:59:01+00:00,2019-10-28 14:59:01+00:00,1,5.670277777777778,5.670277777777778,1,0,1,1,1,41,492,62,['docs'],1,[],0,1,0,1,0,0,0,1,0,0,False,True,False,False,Merged,2019-Q4,2019-10-01,2019-12-31,Merged,True,False,False,False,False,False,False,False,False,False,False,False,False,False,False,False,False,False,False,False,0,False,1,Merged,6.20050917404269,4.143134726391533,0.6931471805599453,0.0,0.6931471805599453,0.6931471805599453,0.6931471805599453,True,True,False,False,1.0,0.0,False,False,Very small,2019,10,4,0,9,False,Monday,Previous contributor,0,0,0,0,train
pallets/flask,3412,Add `async` support,"This will require Python 2 support to be dropped, which as I understand isn't likely to happen till 2020. Which is a bonus as it gives time to consider this change and the implications of it. (I also need to spend some time cleaning up this implementation, yet it serves as a proof of concept).

I've written [this blog post](https://pgjones.dev/blog/flask-async-quart-sync-2019/) to add some extra context, but I see a key aspect to this change is that whilst it adds `async` support it does not do so throughout and specifically does not support ASGI. This means that Flask is constrained (when using `async`) to have worse performance than the ASGI equivalents. This is necessary as I don't think Flask can be `async` throughout (or support ASGI) whilst being backwards compatible. Yet this change is good overall, in that users would be able to add some async usage to their existing codebases. I would also like to note that they can switch to Quart if their usage becomes mostly async. 

This allows for async functions to be passed to the Flask class
instance, for example as a view function,

    @app.route(""/"")
    async def index():
        return ""Async hello""

this comes with a cost though of poorer performance than using the
sync equivalent.
",https://github.com/pallets/flask/pull/3412,pgjones,MEMBER,closed,False,master,async,2019-11-01 11:02:20+00:00,2021-04-07 12:47:58+00:00,2021-04-07 12:32:20+00:00,2021-04-07 12:32:20+00:00,1,12553.5,12553.5,380,23,403,13,5,19,1269,208,['async'],1,[],0,13,1,4,2,0,2,11,0,0,True,True,True,False,Merged,2019-Q4,2019-10-01,2019-12-31,Merged,True,True,True,True,True,True,True,True,True,False,False,True,True,True,False,False,False,False,False,False,11,True,1,Merged,7.146772179452637,5.342334251964811,5.942799375126701,3.1780538303479458,6.001414877961151,2.6390573296152584,1.791759469228055,True,True,False,False,31.0,0.0570719602977667,False,True,Large,2019,11,4,4,11,False,Friday,Internal or trusted,1,1,1,1,train
pallets/flask,3425,Update `versionadded` for `Config.from_file`,"According to the change log at https://github.com/pallets/flask/blob/master/CHANGES.rst, the release `Config.from_file` will be published with is now 2.0.0 rather than 1.2.0.
",https://github.com/pallets/flask/pull/3425,homeworkprod,CONTRIBUTOR,closed,False,master,patch-1,2019-11-13 22:14:30+00:00,2020-11-14 01:42:52+00:00,2019-11-19 02:23:40+00:00,2019-11-19 02:23:40+00:00,1,124.15277777777776,124.15277777777776,1,1,2,1,1,44,174,20,['docs'],1,[],0,1,0,0,0,0,0,1,0,0,False,False,False,False,Merged,2019-Q4,2019-10-01,2019-12-31,Merged,True,False,False,False,False,False,False,False,False,False,False,False,False,False,False,False,False,False,False,False,0,False,1,Merged,5.1647859739235145,3.044522437723423,0.6931471805599453,0.6931471805599453,1.0986122886681098,0.6931471805599453,0.6931471805599453,True,False,False,False,2.0,0.5,False,False,Very small,2019,11,4,2,22,False,Wednesday,Previous contributor,1,1,1,0,train
pallets/flask,3434,lazy load app on reload only,"fixes #3431
fixes #3430

If neither `--eager-loading` or `--lazy-loader` are passed to `flask run`, the default is now to eager load on the first run, then lazy load on reloads. This makes the command fail immediately if there is already an error, and the server remains up if errors are introduced later.",https://github.com/pallets/flask/pull/3434,davidism,MEMBER,closed,False,master,eager-load,2019-11-18 20:40:47+00:00,2020-11-14 01:42:53+00:00,2019-11-19 02:22:39+00:00,2019-11-19 02:22:38+00:00,1,5.697777777777778,5.6975,72,41,113,4,2,28,308,52,"['docs', 'cli']",2,[],0,4,0,3,0,0,0,4,0,0,False,True,False,False,Merged,2019-Q4,2019-10-01,2019-12-31,Merged,True,True,False,False,False,True,True,True,True,False,False,False,False,True,False,False,False,False,False,False,6,True,1,Merged,5.733341276897746,3.970291913552122,4.290459441148391,3.737669618283368,4.736198448394496,1.6094379124341005,1.0986122886681098,True,True,False,False,28.25,0.3628318584070796,False,True,Medium,2019,11,4,0,20,False,Monday,Internal or trusted,0,0,0,0,train
pallets/flask,3437,Updated Issue Template,"* Mentioned Pallets Discord as a way of getting help
* Updated it to use the new format, to fix the warning that shows right now",https://github.com/pallets/flask/pull/3437,RDIL,CONTRIBUTOR,closed,False,master,patch-1,2019-11-22 16:13:37+00:00,2020-11-14 01:42:43+00:00,2020-02-11 01:27:51+00:00,2020-02-11 01:27:51+00:00,1,1929.2372222222225,1929.2372222222225,2,4,6,1,1,22,129,26,[],0,[],0,1,0,1,0,0,0,1,0,0,False,True,False,False,Merged,2019-Q4,2019-10-01,2019-12-31,Merged,True,False,True,False,False,False,False,False,False,False,False,False,False,False,False,False,False,False,False,False,1,True,1,Merged,4.867534450455582,3.295836866004329,1.0986122886681098,1.6094379124341005,1.9459101490553128,0.6931471805599453,0.6931471805599453,True,False,False,False,6.0,0.6666666666666666,False,False,Very small,2019,11,4,4,16,False,Friday,Previous contributor,1,1,1,1,train
pallets/flask,3456,Fix a bug that the static endpoint will unexpectedly catch all,"Fixes #3452

Strip the ending slash when passed to `os.path.basename`, so that the last part can be used for static url path correctly.

<!--
Commit checklist:

* add tests that fail without the patch
* ensure all tests pass with ``pytest``
* add documentation to the relevant docstrings or pages
* add ``versionadded`` or ``versionchanged`` directives to relevant docstrings
* add a changelog entry if this patch changes code

Tests, coverage, and docs will be run automatically when you submit the pull
request, but running them yourself can save time.
-->
",https://github.com/pallets/flask/pull/3456,frostming,CONTRIBUTOR,closed,False,1.1.x,bugfix/3452,2019-12-26 01:36:30+00:00,2020-11-14 01:42:41+00:00,2020-02-12 15:09:32+00:00,2020-02-12 15:09:32+00:00,1,1165.5505555555555,1165.5505555555555,15,0,15,3,2,62,573,91,[],0,[],0,3,1,1,0,0,0,3,0,0,True,True,False,False,Merged,2019-Q4,2019-10-01,2019-12-31,Merged,True,True,True,False,True,False,False,False,False,False,False,False,False,False,False,False,False,False,False,False,3,True,1,Merged,6.352629396319567,4.5217885770490405,2.772588722239781,0.0,2.772588722239781,1.3862943611198906,1.0986122886681098,True,True,False,False,5.0,0.0,False,True,Small,2019,12,4,3,1,False,Thursday,Previous contributor,1,1,1,1,train
pallets/flask,3460,static_folder and static_url_path can be different,"It's confusing when not adding the `static_url_path` to `Flask` Class.

<!--
Commit checklist:

* add tests that fail without the patch
* ensure all tests pass with ``pytest``
* add documentation to the relevant docstrings or pages
* add ``versionadded`` or ``versionchanged`` directives to relevant docstrings
* add a changelog entry if this patch changes code

Tests, coverage, and docs will be run automatically when you submit the pull
request, but running them yourself can save time.
-->
",https://github.com/pallets/flask/pull/3460,yingshaoxo,CONTRIBUTOR,closed,False,1.1.x,patch-1,2020-01-03 07:09:55+00:00,2020-11-14 01:42:43+00:00,2020-02-11 02:40:25+00:00,2020-02-11 02:40:25+00:00,1,931.5083333333332,931.5083333333332,1,1,2,1,1,50,506,78,['docs'],1,[],0,1,0,1,0,0,0,1,0,0,False,True,False,False,Merged,2020-Q1,2020-01-01,2020-03-31,Merged,True,False,True,False,False,False,False,False,False,False,False,False,False,False,False,False,False,False,False,False,1,True,1,Merged,6.228511003591184,4.3694478524670215,0.6931471805599453,0.6931471805599453,1.0986122886681098,0.6931471805599453,0.6931471805599453,True,True,False,False,2.0,0.5,False,False,Very small,2020,1,1,4,7,False,Friday,Previous contributor,1,1,1,1,train
pallets/flask,3473,Add missing import for escape in doc,"`flask.escape` used in [Variable Rule](https://flask.palletsprojects.com/en/1.1.x/quickstart/#variable-rules) section but doesn't import, this PR will add the missing import statement.

Fix #3471 ",https://github.com/pallets/flask/pull/3473,greyli,CONTRIBUTOR,closed,False,1.1.x,fix-doc-import,2020-01-22 15:15:59+00:00,2020-11-14 01:42:42+00:00,2020-02-11 02:12:50+00:00,2020-02-11 02:12:50+00:00,1,466.9475,466.9475,8,4,12,1,1,36,197,19,['docs'],1,[],0,1,0,1,0,0,0,1,0,0,False,True,False,False,Merged,2020-Q1,2020-01-01,2020-03-31,Merged,True,False,True,False,False,False,False,False,False,False,False,False,False,False,False,False,False,False,False,False,1,True,1,Merged,5.288267030694535,2.995732273553991,2.19722457733622,1.6094379124341005,2.5649493574615367,0.6931471805599453,0.6931471805599453,True,False,False,False,12.0,0.3333333333333333,False,False,Small,2020,1,1,2,15,False,Wednesday,Previous contributor,1,1,1,1,train
pallets/flask,3479,A better expression for the intended meaning,"
<!--
Commit checklist:

* add tests that fail without the patch
* ensure all tests pass with ``pytest``
* add documentation to the relevant docstrings or pages
* add ``versionadded`` or ``versionchanged`` directives to relevant docstrings
* add a changelog entry if this patch changes code

Tests, coverage, and docs will be run automatically when you submit the pull
request, but running them yourself can save time.
-->
",https://github.com/pallets/flask/pull/3479,candleindark,CONTRIBUTOR,closed,False,1.1.x,patch-2,2020-02-06 20:05:40+00:00,2020-11-14 01:42:44+00:00,2020-02-06 20:07:34+00:00,2020-02-06 20:07:33+00:00,1,0.0316666666666666,0.0313888888888888,1,1,2,1,1,44,432,68,['docs'],1,[],0,1,0,1,0,0,0,1,0,0,False,True,False,False,Merged,2020-Q1,2020-01-01,2020-03-31,Merged,True,False,False,False,False,False,False,False,False,False,False,False,False,False,False,False,False,False,False,False,0,False,1,Merged,6.07073772800249,4.23410650459726,0.6931471805599453,0.6931471805599453,1.0986122886681098,0.6931471805599453,0.6931471805599453,True,True,False,False,2.0,0.5,False,False,Very small,2020,2,1,3,20,False,Thursday,Previous contributor,0,0,0,0,train
pallets/flask,3492,CLI checks for cryptography library,"The check was already happening in Werkzeug, this updates the Flask CLI so it doesn't require PyOpenSS.",https://github.com/pallets/flask/pull/3492,davidism,MEMBER,closed,False,master,cryptography,2020-02-10 00:13:54+00:00,2020-11-14 01:42:43+00:00,2020-02-11 01:56:12+00:00,2020-02-11 01:56:12+00:00,1,25.705,25.705,11,7,18,3,1,35,103,17,['cli'],1,[],0,3,1,1,0,0,0,3,0,0,True,True,False,False,Merged,2020-Q1,2020-01-01,2020-03-31,Merged,True,False,False,False,True,False,False,False,False,False,False,False,False,False,False,False,False,False,False,False,1,True,1,Merged,4.6443908991413725,2.8903717578961645,2.4849066497880004,2.079441541679836,2.9444389791664403,1.3862943611198906,0.6931471805599453,True,False,False,False,6.0,0.3888888888888889,False,False,Small,2020,2,1,0,0,False,Monday,Internal or trusted,1,0,0,0,train
pallets/flask,3497,Pin Werkzeug < 1.0 for 0.12,Pins Werkzeug to a compatible version.,https://github.com/pallets/flask/pull/3497,mitsuhiko,CONTRIBUTOR,closed,False,0.12.x,feature/pin-wz-012,2020-02-10 19:24:58+00:00,2020-11-14 01:42:46+00:00,2020-02-10 19:27:40+00:00,2020-02-10 19:27:40+00:00,1,0.045,0.045,1,1,2,1,1,27,38,6,[],0,[],0,1,0,0,1,0,0,1,0,0,False,False,True,False,Merged,2020-Q1,2020-01-01,2020-03-31,Merged,True,False,False,True,False,False,False,False,False,False,False,False,False,False,False,False,False,False,False,False,1,True,1,Merged,3.6635616461296463,1.9459101490553128,0.6931471805599453,0.6931471805599453,1.0986122886681098,0.6931471805599453,0.6931471805599453,True,False,False,False,2.0,0.5,False,False,Very small,2020,2,1,0,19,False,Monday,Previous contributor,0,0,0,0,train
pallets/flask,3517,typo fix,"Describe what this patch does to fix the issue.

Link to any relevant issues or pull requests.

<!--
Commit checklist:

* add tests that fail without the patch
* ensure all tests pass with ``pytest``
* add documentation to the relevant docstrings or pages
* add ``versionadded`` or ``versionchanged`` directives to relevant docstrings
* add a changelog entry if this patch changes code

Tests, coverage, and docs will be run automatically when you submit the pull
request, but running them yourself can save time.
-->
",https://github.com/pallets/flask/pull/3517,kylepollina,CONTRIBUTOR,closed,False,1.1.x,patch-1,2020-02-27 22:08:02+00:00,2020-11-14 01:33:53+00:00,2020-02-27 22:22:04+00:00,2020-02-27 22:22:04+00:00,1,0.2338888888888889,0.2338888888888889,1,1,2,1,1,8,532,85,[],0,[],0,1,0,1,0,0,0,1,0,0,False,True,False,False,Merged,2020-Q1,2020-01-01,2020-03-31,Merged,True,False,False,False,False,False,False,False,False,False,False,False,False,False,False,False,False,False,False,False,0,False,1,Merged,6.278521424165844,4.454347296253507,0.6931471805599453,0.6931471805599453,1.0986122886681098,0.6931471805599453,0.6931471805599453,True,True,True,False,2.0,0.5,False,False,Very small,2020,2,1,3,22,False,Thursday,Previous contributor,0,0,0,0,train
pallets/flask,3524,Remove deprecated `license_file` option,"Starting with wheel 0.32.0 (2018-09-29), the `license_file` option is
deprecated in favor of `license_files`.

https://wheel.readthedocs.io/en/stable/news.html

The wheel will continue to include `LICENSE`, it is now included
automatically:

https://wheel.readthedocs.io/en/stable/user_guide.html#including-license-files-in-the-generated-wheel-file

See https://github.com/FactoryBoy/factory_boy/pull/696 for inspiration and more discussion.

Describe what this patch does to fix the issue.

Link to any relevant issues or pull requests.

<!--
Commit checklist:

* add tests that fail without the patch
* ensure all tests pass with ``pytest``
* add documentation to the relevant docstrings or pages
* add ``versionadded`` or ``versionchanged`` directives to relevant docstrings
* add a changelog entry if this patch changes code

Tests, coverage, and docs will be run automatically when you submit the pull
request, but running them yourself can save time.
-->
",https://github.com/pallets/flask/pull/3524,jeffwidman,CONTRIBUTOR,closed,False,master,patch-2,2020-03-02 18:21:23+00:00,2020-11-14 01:33:52+00:00,2020-03-11 14:40:07+00:00,2020-03-11 14:40:07+00:00,1,212.31222222222223,212.31222222222223,0,3,3,1,1,39,987,120,[],0,[],0,1,0,0,1,0,0,1,0,0,False,False,True,False,Merged,2020-Q1,2020-01-01,2020-03-31,Merged,True,False,True,True,False,False,False,False,False,False,False,False,False,False,False,False,False,False,False,False,2,True,1,Merged,6.895682697747868,4.795790545596741,0.0,1.3862943611198906,1.3862943611198906,0.6931471805599453,0.6931471805599453,True,True,False,False,3.0,1.0,False,False,Very small,2020,3,1,0,18,False,Monday,Previous contributor,1,1,1,1,train
pallets/flask,3530,docs: testing.rst function def missing colon,docs: testing.rst function def missing colon,https://github.com/pallets/flask/pull/3530,valleygtc,NONE,closed,False,1.1.x,docs-fix,2020-03-05 10:34:31+00:00,2020-11-14 01:33:49+00:00,2020-04-02 18:55:01+00:00,2020-04-02 18:55:01+00:00,1,680.3416666666667,680.3416666666667,2,2,4,1,1,44,44,6,['docs'],1,[],0,1,0,1,0,0,0,1,0,0,False,True,False,False,Merged,2020-Q1,2020-01-01,2020-03-31,Merged,True,False,True,False,False,False,False,False,False,False,False,False,False,False,False,False,False,False,False,False,1,True,1,Merged,3.80666248977032,1.9459101490553128,1.0986122886681098,1.0986122886681098,1.6094379124341005,0.6931471805599453,0.6931471805599453,True,False,False,False,4.0,0.5,False,False,Very small,2020,3,1,3,10,False,Thursday,External or unknown,1,1,1,1,train
pallets/flask,3537,Update deprecated for config.from_json,,https://github.com/pallets/flask/pull/3537,shanavas786,CONTRIBUTOR,closed,False,master,master,2020-03-18 07:09:04+00:00,2020-11-14 01:33:49+00:00,2020-04-02 18:54:26+00:00,2020-04-02 18:54:26+00:00,1,371.7561111111111,371.7561111111111,1,1,2,1,1,38,0,0,['docs'],1,[],0,1,0,0,0,0,0,1,0,0,False,False,False,False,Merged,2020-Q1,2020-01-01,2020-03-31,Merged,True,False,True,False,False,False,False,False,False,False,False,False,False,False,False,False,False,False,False,False,1,True,1,Merged,0.0,0.0,0.6931471805599453,0.6931471805599453,1.0986122886681098,0.6931471805599453,0.6931471805599453,False,False,False,False,2.0,0.5,False,False,Very small,2020,3,1,2,7,False,Wednesday,Previous contributor,1,1,1,1,train
pallets/flask,3544,Grammar and clarity fix,"Describe what this patch does to fix the issue.

Link to any relevant issues or pull requests.

<!--
Commit checklist:

* add tests that fail without the patch
* ensure all tests pass with ``pytest``
* add documentation to the relevant docstrings or pages
* add ``versionadded`` or ``versionchanged`` directives to relevant docstrings
* add a changelog entry if this patch changes code

Tests, coverage, and docs will be run automatically when you submit the pull
request, but running them yourself can save time.
-->
",https://github.com/pallets/flask/pull/3544,mattc41190,CONTRIBUTOR,closed,False,1.1.x,patch-2,2020-03-25 14:21:36+00:00,2020-11-14 01:33:50+00:00,2020-03-25 14:39:46+00:00,2020-03-25 14:39:46+00:00,1,0.3027777777777777,0.3027777777777777,1,1,2,1,1,23,532,85,[],0,[],0,1,0,1,0,0,0,1,0,0,False,True,False,False,Merged,2020-Q1,2020-01-01,2020-03-31,Merged,True,False,False,False,False,False,False,False,False,False,False,False,False,False,False,False,False,False,False,False,0,False,1,Merged,6.278521424165844,4.454347296253507,0.6931471805599453,0.6931471805599453,1.0986122886681098,0.6931471805599453,0.6931471805599453,True,True,False,False,2.0,0.5,False,False,Very small,2020,3,1,2,14,False,Wednesday,Previous contributor,0,0,0,0,train
pallets/flask,3554,Drop Python 2,"- Remove `_compat` module and other compat code.
- Run [pyupgrade](https://github.com/asottile/pyupgrade).
- Use f-strings everywhere.
- Remove deprecated code from 1.1.x.
- Remove old docs.
",https://github.com/pallets/flask/pull/3554,davidism,MEMBER,closed,False,master,drop-python2,2020-04-04 18:58:38+00:00,2020-11-14 01:33:47+00:00,2020-04-04 19:13:36+00:00,2020-04-04 19:13:36+00:00,1,0.2494444444444444,0.2494444444444444,586,2052,2638,84,7,13,194,25,[],0,[],0,84,27,26,7,2,0,78,6,0,True,True,True,True,Merged,2020-Q2,2020-04-01,2020-06-30,Merged,True,True,False,True,True,True,True,True,True,False,False,False,True,True,True,True,False,False,False,False,11,True,1,Merged,5.272999558563747,3.258096538021482,6.375024819828097,7.627057417018934,7.878155336503324,4.442651256490317,2.079441541679836,True,False,True,False,31.404761904761905,0.7778620166793025,False,True,Very large,2020,4,2,5,18,True,Saturday,Internal or trusted,0,0,0,0,train
pallets/flask,3563,deprecate passing script_info to factory,closes #3552 ,https://github.com/pallets/flask/pull/3563,davidism,MEMBER,closed,False,master,deprecate-script-info-arg,2020-04-07 22:55:50+00:00,2020-11-14 01:33:46+00:00,2020-04-07 22:57:46+00:00,2020-04-07 22:57:46+00:00,1,0.0322222222222222,0.0322222222222222,45,38,83,5,1,40,12,2,['cli'],1,[],0,5,2,2,0,0,0,5,0,0,True,True,False,False,Merged,2020-Q2,2020-04-01,2020-06-30,Merged,True,False,False,False,True,True,True,False,True,False,False,False,False,False,False,False,False,False,False,False,4,True,1,Merged,2.5649493574615367,1.0986122886681098,3.828641396489095,3.6635616461296463,4.430816798843313,1.791759469228055,0.6931471805599453,True,False,False,False,16.6,0.4578313253012048,False,False,Medium,2020,4,2,1,22,False,Tuesday,Internal or trusted,0,0,0,0,train
pallets/flask,3579,Officially support using pathlib.Path for static_folder.,"* No longer causes `AttributeError: 'PosixPath' object has no attribute 'rstrip'`.

* This was broken by e6178fe489b7828acc2bb8fd4b56a70b11ab6c6a which was released in 1.1.2.

* Add a regression test that now passes.

See #3557.

(That issue was repurposed for migrating to pathlib internally, which this PR does not resolve. Merely officially supporting Paths for `static_folder` need not require that.)  

<!--
Commit checklist:

* add tests that fail without the patch
* ensure all tests pass with ``pytest``
* add documentation to the relevant docstrings or pages
* add ``versionadded`` or ``versionchanged`` directives to relevant docstrings
* add a changelog entry if this patch changes code

Tests, coverage, and docs will be run automatically when you submit the pull
request, but running them yourself can save time.
-->
",https://github.com/pallets/flask/pull/3579,jab,CONTRIBUTOR,closed,False,master,pathlib-for-static_folder,2020-04-20 19:20:59+00:00,2020-11-14 01:21:37+00:00,2020-07-06 17:45:04+00:00,2020-07-06 17:45:04+00:00,1,1846.401388888889,1846.401388888889,20,1,21,3,1,56,850,125,[],0,['davidism'],1,3,1,1,0,0,0,3,0,0,True,True,False,False,Merged,2020-Q2,2020-04-01,2020-06-30,Merged,True,False,True,False,True,False,False,False,False,False,False,False,False,False,False,False,False,False,True,False,3,True,1,Merged,6.746412128573375,4.836281906951478,3.044522437723423,0.6931471805599453,3.091042453358316,1.3862943611198906,0.6931471805599453,True,True,False,False,7.0,0.0476190476190476,False,False,Small,2020,4,2,0,19,False,Monday,Previous contributor,1,1,1,1,train
pallets/flask,3616,add readthedocs config,,https://github.com/pallets/flask/pull/3616,davidism,MEMBER,closed,False,master,rtd-config,2020-05-18 21:59:52+00:00,2020-11-14 01:33:42+00:00,2020-05-18 22:04:41+00:00,2020-05-18 22:04:41+00:00,1,0.0802777777777777,0.0802777777777777,8,0,8,1,1,22,0,0,[],0,[],0,1,0,0,1,0,1,0,0,0,False,False,True,False,Merged,2020-Q2,2020-04-01,2020-06-30,Merged,True,False,False,True,False,False,False,False,False,False,False,True,False,False,False,False,False,False,False,False,2,True,1,Merged,0.0,0.0,2.19722457733622,0.0,2.19722457733622,0.6931471805599453,0.6931471805599453,False,False,False,False,8.0,0.0,False,False,Very small,2020,5,2,0,21,False,Monday,Internal or trusted,0,0,0,0,train
pallets/flask,3624,Bump sphinx from 3.0.3 to 3.0.4,"Bumps [sphinx](https://github.com/sphinx-doc/sphinx) from 3.0.3 to 3.0.4.
<details>
<summary>Changelog</summary>
<p><em>Sourced from <a href=""https://github.com/sphinx-doc/sphinx/blob/3.x/CHANGES"">sphinx's changelog</a>.</em></p>
<blockquote>
<h1>Release 3.0.4 (released May 27, 2020)</h1>
<h2>Bugs fixed</h2>
<ul>
<li><a href=""https://github-redirect.dependabot.com/sphinx-doc/sphinx/issues/7567"">#7567</a>: autodoc: parametrized types are shown twice for generic types</li>
<li><a href=""https://github-redirect.dependabot.com/sphinx-doc/sphinx/issues/7637"">#7637</a>: autodoc: system defined TypeVars are shown in Python 3.9</li>
<li><a href=""https://github-redirect.dependabot.com/sphinx-doc/sphinx/issues/7696"">#7696</a>: html: Updated jQuery version from 3.4.1 to 3.5.1 for security reasons</li>
<li><a href=""https://github-redirect.dependabot.com/sphinx-doc/sphinx/issues/7611"">#7611</a>: md5 fails when OpenSSL FIPS is enabled</li>
<li><a href=""https://github-redirect.dependabot.com/sphinx-doc/sphinx/issues/7626"">#7626</a>: release package does not contain <code>CODE_OF_CONDUCT</code></li>
</ul>
</blockquote>
</details>
<details>
<summary>Commits</summary>
<ul>
<li><a href=""https://github.com/sphinx-doc/sphinx/commit/b797f7f75c1611182997b2171882acb11b63c776""><code>b797f7f</code></a> Bump to 3.0.4 final</li>
<li><a href=""https://github.com/sphinx-doc/sphinx/commit/c1ef87a23b9364d371fd4124d918a356305f1de5""><code>c1ef87a</code></a> Fix <a href=""https://github-redirect.dependabot.com/sphinx-doc/sphinx/issues/7696"">#7696</a>: html: Updated jQuery version from 3.4.1 to 3.5.1</li>
<li><a href=""https://github.com/sphinx-doc/sphinx/commit/f777ad38dfae84b804e86cfa767e57379d2011c8""><code>f777ad3</code></a> Merge pull request <a href=""https://github-redirect.dependabot.com/sphinx-doc/sphinx/issues/7638"">#7638</a> from tk0miya/7626_missing_CODE_OF_CONDUCT</li>
<li><a href=""https://github.com/sphinx-doc/sphinx/commit/f73256176f9820351c1f529232b4c0679811e7fc""><code>f732561</code></a> Merge pull request <a href=""https://github-redirect.dependabot.com/sphinx-doc/sphinx/issues/7640"">#7640</a> from tk0miya/suppress_system_defined_TypeVars</li>
<li><a href=""https://github.com/sphinx-doc/sphinx/commit/1fbfb7281e6298311fde3403558d6a8a3c03372f""><code>1fbfb72</code></a> Suppress arguments if all system defined TypeVars on py39</li>
<li><a href=""https://github.com/sphinx-doc/sphinx/commit/cf5660cb399e1eddd1c27d0c1380e4fd8a675a0a""><code>cf5660c</code></a> Fix <a href=""https://github-redirect.dependabot.com/sphinx-doc/sphinx/issues/7626"">#7626</a>: release package does not contain <code>CODE_OF_CONDUCT</code></li>
<li><a href=""https://github.com/sphinx-doc/sphinx/commit/d670214403eb09372ef5b2e1dd1cf04258b84e56""><code>d670214</code></a> Merge pull request <a href=""https://github-redirect.dependabot.com/sphinx-doc/sphinx/issues/7614"">#7614</a> from lhupfeldt/3.0.x</li>
<li><a href=""https://github.com/sphinx-doc/sphinx/commit/7d41eddd6ee4b8fb47ffa2d8fa75d69801950815""><code>7d41edd</code></a> Introduce fips safe sha1, see issue <a href=""https://github-redirect.dependabot.com/sphinx-doc/sphinx/issues/7611"">#7611</a></li>
<li><a href=""https://github.com/sphinx-doc/sphinx/commit/8bbc7b83c059e099db41dc8774c155cb1723e9aa""><code>8bbc7b8</code></a> Rename fips_safe_md5 to md5</li>
<li><a href=""https://github.com/sphinx-doc/sphinx/commit/193d1410acf297a32b9e69b0626901790c7e1647""><code>193d141</code></a> Fix mypy and flake8 checks</li>
<li>Additional commits viewable in <a href=""https://github.com/sphinx-doc/sphinx/compare/v3.0.3...v3.0.4"">compare view</a></li>
</ul>
</details>
<br />


[![Dependabot compatibility score](https://api.dependabot.com/badges/compatibility_score?dependency-name=sphinx&package-manager=pip&previous-version=3.0.3&new-version=3.0.4)](https://dependabot.com/compatibility-score/?dependency-name=sphinx&package-manager=pip&previous-version=3.0.3&new-version=3.0.4)

Dependabot will resolve any conflicts with this PR as long as you don't alter it yourself. You can also trigger a rebase manually by commenting `@dependabot rebase`.

[//]: # (dependabot-automerge-start)
[//]: # (dependabot-automerge-end)

---

**Note:** This repo was added to Dependabot recently, so you'll receive a maximum of 5 PRs for your first few update runs. Once an update run creates fewer than 5 PRs we'll remove that limit.

You can always request more updates by clicking `Bump now` in your [Dependabot dashboard](https://app.dependabot.com).

<details>
<summary>Dependabot commands and options</summary>
<br />

You can trigger Dependabot actions by commenting on this PR:
- `@dependabot rebase` will rebase this PR
- `@dependabot recreate` will recreate this PR, overwriting any edits that have been made to it
- `@dependabot merge` will merge this PR after your CI passes on it
- `@dependabot squash and merge` will squash and merge this PR after your CI passes on it
- `@dependabot cancel merge` will cancel a previously requested merge and block automerging
- `@dependabot reopen` will reopen this PR if it is closed
- `@dependabot close` will close this PR and stop Dependabot recreating it. You can achieve the same result by closing it manually
- `@dependabot ignore this major version` will close this PR and stop Dependabot creating any more for this major version (unless you reopen the PR or upgrade to it yourself)
- `@dependabot ignore this minor version` will close this PR and stop Dependabot creating any more for this minor version (unless you reopen the PR or upgrade to it yourself)
- `@dependabot ignore this dependency` will close this PR and stop Dependabot creating any more for this dependency (unless you reopen the PR or upgrade to it yourself)
- `@dependabot use these labels` will set the current labels as the default for future PRs for this repo and language
- `@dependabot use these reviewers` will set the current reviewers as the default for future PRs for this repo and language
- `@dependabot use these assignees` will set the current assignees as the default for future PRs for this repo and language
- `@dependabot use this milestone` will set the current milestone as the default for future PRs for this repo and language
- `@dependabot badge me` will comment on this PR with code to add a ""Dependabot enabled"" badge to your readme

Additionally, you can set the following in your Dependabot [dashboard](https://app.dependabot.com):
- Update frequency (including time of day and day of week)
- Pull request limits (per update run and/or open at any time)
- Out-of-range updates (receive only lockfile updates, if desired)
- Security updates (receive only security updates, if desired)



</details>",https://github.com/pallets/flask/pull/3624,dependabot-preview[bot],CONTRIBUTOR,closed,False,master,dependabot/pip/sphinx-3.0.4,2020-05-27 08:34:06+00:00,2020-11-14 01:33:41+00:00,2020-05-27 13:46:57+00:00,2020-05-27 13:46:57+00:00,1,5.214166666666666,5.214166666666666,2,2,4,2,1,31,6663,629,['dependencies'],1,[],0,2,0,0,0,0,0,2,0,0,False,False,False,False,Merged,2020-Q2,2020-04-01,2020-06-30,Merged,True,False,False,False,False,False,False,False,False,True,True,False,False,False,False,False,False,False,False,False,2,True,1,Merged,8.804475183846678,6.4457198193855785,1.0986122886681098,1.0986122886681098,1.6094379124341005,1.0986122886681098,0.6931471805599453,True,True,False,True,2.0,0.5,False,False,Very small,2020,5,2,2,8,False,Wednesday,Previous contributor,0,0,0,0,train
pallets/flask,3636,Bump pytest from 5.4.2 to 5.4.3,"Bumps [pytest](https://github.com/pytest-dev/pytest) from 5.4.2 to 5.4.3.
<details>
<summary>Release notes</summary>
<p><em>Sourced from <a href=""https://github.com/pytest-dev/pytest/releases"">pytest's releases</a>.</em></p>
<blockquote>
<h2>5.4.3</h2>
<h1>pytest 5.4.3 (2020-06-02)</h1>
<h2>Bug Fixes</h2>
<ul>
<li><a href=""https://github-redirect.dependabot.com/pytest-dev/pytest/issues/6428"">#6428</a>: Paths appearing in error messages are now correct in case the current working directory has
changed since the start of the session.</li>
<li><a href=""https://github-redirect.dependabot.com/pytest-dev/pytest/issues/6755"">#6755</a>: Support deleting paths longer than 260 characters on windows created inside tmpdir.</li>
<li><a href=""https://github-redirect.dependabot.com/pytest-dev/pytest/issues/6956"">#6956</a>: Prevent pytest from printing ConftestImportFailure traceback to stdout.</li>
<li><a href=""https://github-redirect.dependabot.com/pytest-dev/pytest/issues/7150"">#7150</a>: Prevent hiding the underlying exception when <code>ConfTestImportFailure</code> is raised.</li>
<li><a href=""https://github-redirect.dependabot.com/pytest-dev/pytest/issues/7215"">#7215</a>: Fix regression where running with <code>--pdb</code> would call the <code>tearDown</code> methods of <code>unittest.TestCase</code>
subclasses for skipped tests.</li>
</ul>
</blockquote>
</details>
<details>
<summary>Changelog</summary>
<p><em>Sourced from <a href=""https://github.com/pytest-dev/pytest/blob/master/CHANGELOG.rst"">pytest's changelog</a>.</em></p>
</details>
<details>
<summary>Commits</summary>
<ul>
<li><a href=""https://github.com/pytest-dev/pytest/commit/b322004047774f4b0992bfc8b9b1123069a6d0f1""><code>b322004</code></a> Preparing release version 5.4.3</li>
<li><a href=""https://github.com/pytest-dev/pytest/commit/2d795dc07be8015522133eff2fd7d5603eb29388""><code>2d795dc</code></a> Merge pull request <a href=""https://github-redirect.dependabot.com/pytest-dev/pytest/issues/7298"">#7298</a> from nicoddemus/backport-6755</li>
<li><a href=""https://github.com/pytest-dev/pytest/commit/2d6b846978f4a4c0e903646c2a549d215036608b""><code>2d6b846</code></a> Merge pull request <a href=""https://github-redirect.dependabot.com/pytest-dev/pytest/issues/7299"">#7299</a> from nicoddemus/backport-7294</li>
<li><a href=""https://github.com/pytest-dev/pytest/commit/703d0f50d8bc19e3d52313a28d349a2240c97184""><code>703d0f5</code></a> Merge pull request <a href=""https://github-redirect.dependabot.com/pytest-dev/pytest/issues/7294"">#7294</a> from nicoddemus/codecov-adjustments</li>
<li><a href=""https://github.com/pytest-dev/pytest/commit/56e64824053abea9299b8ecd306ef02fe13a31e9""><code>56e6482</code></a> Fix removal of very long paths on Windows (<a href=""https://github-redirect.dependabot.com/pytest-dev/pytest/issues/6755"">#6755</a>)</li>
<li><a href=""https://github.com/pytest-dev/pytest/commit/589176e9fededd5976809be934ce770ee99dd2a1""><code>589176e</code></a> Merge pull request <a href=""https://github-redirect.dependabot.com/pytest-dev/pytest/issues/7285"">#7285</a> from nicoddemus/backport-7220</li>
<li><a href=""https://github.com/pytest-dev/pytest/commit/3734a2773379f95ddf04b22a463950acb589b6eb""><code>3734a27</code></a> [5.4] Do not call TestCase.tearDown for skipped tests (<a href=""https://github-redirect.dependabot.com/pytest-dev/pytest/issues/7236"">#7236</a>) (<a href=""https://github-redirect.dependabot.com/pytest-dev/pytest/issues/7283"">#7283</a>)</li>
<li><a href=""https://github.com/pytest-dev/pytest/commit/e1a21e46b00959b8831b195c524bbf504e458bec""><code>e1a21e4</code></a> Merge pull request <a href=""https://github-redirect.dependabot.com/pytest-dev/pytest/issues/7220"">#7220</a> from nicoddemus/issue-6428</li>
<li><a href=""https://github.com/pytest-dev/pytest/commit/551400e8d6f20bddde19a29be3545bb8109a4f13""><code>551400e</code></a> Do not call TestCase.tearDown for skipped tests (<a href=""https://github-redirect.dependabot.com/pytest-dev/pytest/issues/7236"">#7236</a>)</li>
<li><a href=""https://github.com/pytest-dev/pytest/commit/b7b729298cb780b3468e3a0580a27ce62b6e818a""><code>b7b7292</code></a> Merge pull request <a href=""https://github-redirect.dependabot.com/pytest-dev/pytest/issues/7271"">#7271</a> from asottile/backport-7257</li>
<li>Additional commits viewable in <a href=""https://github.com/pytest-dev/pytest/compare/5.4.2...5.4.3"">compare view</a></li>
</ul>
</details>
<br />


[![Dependabot compatibility score](https://api.dependabot.com/badges/compatibility_score?dependency-name=pytest&package-manager=pip&previous-version=5.4.2&new-version=5.4.3)](https://dependabot.com/compatibility-score/?dependency-name=pytest&package-manager=pip&previous-version=5.4.2&new-version=5.4.3)

Dependabot will resolve any conflicts with this PR as long as you don't alter it yourself. You can also trigger a rebase manually by commenting `@dependabot rebase`.

[//]: # (dependabot-automerge-start)
[//]: # (dependabot-automerge-end)

---

<details>
<summary>Dependabot commands and options</summary>
<br />

You can trigger Dependabot actions by commenting on this PR:
- `@dependabot rebase` will rebase this PR
- `@dependabot recreate` will recreate this PR, overwriting any edits that have been made to it
- `@dependabot merge` will merge this PR after your CI passes on it
- `@dependabot squash and merge` will squash and merge this PR after your CI passes on it
- `@dependabot cancel merge` will cancel a previously requested merge and block automerging
- `@dependabot reopen` will reopen this PR if it is closed
- `@dependabot close` will close this PR and stop Dependabot recreating it. You can achieve the same result by closing it manually
- `@dependabot ignore this major version` will close this PR and stop Dependabot creating any more for this major version (unless you reopen the PR or upgrade to it yourself)
- `@dependabot ignore this minor version` will close this PR and stop Dependabot creating any more for this minor version (unless you reopen the PR or upgrade to it yourself)
- `@dependabot ignore this dependency` will close this PR and stop Dependabot creating any more for this dependency (unless you reopen the PR or upgrade to it yourself)
- `@dependabot use these labels` will set the current labels as the default for future PRs for this repo and language
- `@dependabot use these reviewers` will set the current reviewers as the default for future PRs for this repo and language
- `@dependabot use these assignees` will set the current assignees as the default for future PRs for this repo and language
- `@dependabot use this milestone` will set the current milestone as the default for future PRs for this repo and language
- `@dependabot badge me` will comment on this PR with code to add a ""Dependabot enabled"" badge to your readme

Additionally, you can set the following in your Dependabot [dashboard](https://app.dependabot.com):
- Update frequency (including time of day and day of week)
- Pull request limits (per update run and/or open at any time)
- Automerge options (never/patch/minor, and dev/runtime dependencies)
- Out-of-range updates (receive only lockfile updates, if desired)
- Security updates (receive only security updates, if desired)



</details>",https://github.com/pallets/flask/pull/3636,dependabot-preview[bot],CONTRIBUTOR,closed,False,master,dependabot/pip/pytest-5.4.3,2020-06-03 08:52:49+00:00,2020-11-14 01:33:40+00:00,2020-06-03 12:27:23+00:00,2020-06-03 12:27:23+00:00,1,3.576111111111111,3.576111111111111,2,2,4,2,1,31,7221,626,['dependencies'],1,[],0,2,0,0,0,0,0,2,0,0,False,False,False,False,Merged,2020-Q2,2020-04-01,2020-06-30,Merged,True,False,False,False,False,False,False,False,False,True,True,False,False,False,False,False,False,False,False,False,2,True,1,Merged,8.884887201837403,6.440946540632921,1.0986122886681098,1.0986122886681098,1.6094379124341005,1.0986122886681098,0.6931471805599453,True,True,False,True,2.0,0.5,False,False,Very small,2020,6,2,2,8,False,Wednesday,Previous contributor,0,0,0,0,train
pallets/flask,3644,Bump tox from 3.15.1 to 3.15.2,"Bumps [tox](https://github.com/tox-dev/tox) from 3.15.1 to 3.15.2.
<details>
<summary>Changelog</summary>
<p><em>Sourced from <a href=""https://github.com/tox-dev/tox/blob/master/docs/changelog.rst"">tox's changelog</a>.</em></p>
<blockquote>
<h1>v3.15.2 (2020-06-06)</h1>
<h2>Bugfixes</h2>
<ul>
<li>Add an option to allow a process to suicide before sending the SIGTERM. - by jhesketh <a href=""https://github-redirect.dependabot.com/tox-dev/tox/issues/1497"">#1497</a></li>
<li>PyPy 7.3.1 on Windows uses the <code>Script</code> folder instead of <code>bin</code>. - by gaborbernat <a href=""https://github-redirect.dependabot.com/tox-dev/tox/issues/1597"">#1597</a></li>
</ul>
<h2>Miscellaneous</h2>
<ul>
<li>Allow to run the tests with pip 19.3.1 once again while preserving the ability to use pip 20.1 - by hroncok <a href=""https://github-redirect.dependabot.com/tox-dev/tox/issues/1594"">#1594</a></li>
</ul>
</blockquote>
</details>
<details>
<summary>Commits</summary>
<ul>
<li><a href=""https://github.com/tox-dev/tox/commit/d340d89e28ef212fecdbf81f2648fb4f5a4a238d""><code>d340d89</code></a> release 3.15.2</li>
<li><a href=""https://github.com/tox-dev/tox/commit/121ef6ba07c0a8e6302e50aabca16c747f036fff""><code>121ef6b</code></a> PyPy 7.3.1 now generates Scripts instead of bin on Windows (<a href=""https://github-redirect.dependabot.com/tox-dev/tox/issues/1597"">#1597</a>)</li>
<li><a href=""https://github.com/tox-dev/tox/commit/63601760459251b18441c8f5a1887b465ad470c3""><code>6360176</code></a> Add option to delay propegating SIGINT to child process (<a href=""https://github-redirect.dependabot.com/tox-dev/tox/issues/1588"">#1588</a>)</li>
<li><a href=""https://github.com/tox-dev/tox/commit/a421aeb75cc019cfc53bb8903d5e442f34bcc632""><code>a421aeb</code></a> Allow both pre- and post- PEP 610 outputs in test_venv_special_chars_issue252...</li>
<li><a href=""https://github.com/tox-dev/tox/commit/dd0bb805b54c25be2e7f73f2c06b41aafa29de54""><code>dd0bb80</code></a> Merge pull request <a href=""https://github-redirect.dependabot.com/tox-dev/tox/issues/1587"">#1587</a> from tox-dev/release-3.15.1</li>
<li>See full diff in <a href=""https://github.com/tox-dev/tox/compare/3.15.1...3.15.2"">compare view</a></li>
</ul>
</details>
<br />


[![Dependabot compatibility score](https://api.dependabot.com/badges/compatibility_score?dependency-name=tox&package-manager=pip&previous-version=3.15.1&new-version=3.15.2)](https://dependabot.com/compatibility-score/?dependency-name=tox&package-manager=pip&previous-version=3.15.1&new-version=3.15.2)

Dependabot will resolve any conflicts with this PR as long as you don't alter it yourself. You can also trigger a rebase manually by commenting `@dependabot rebase`.

[//]: # (dependabot-automerge-start)
[//]: # (dependabot-automerge-end)

---

<details>
<summary>Dependabot commands and options</summary>
<br />

You can trigger Dependabot actions by commenting on this PR:
- `@dependabot rebase` will rebase this PR
- `@dependabot recreate` will recreate this PR, overwriting any edits that have been made to it
- `@dependabot merge` will merge this PR after your CI passes on it
- `@dependabot squash and merge` will squash and merge this PR after your CI passes on it
- `@dependabot cancel merge` will cancel a previously requested merge and block automerging
- `@dependabot reopen` will reopen this PR if it is closed
- `@dependabot close` will close this PR and stop Dependabot recreating it. You can achieve the same result by closing it manually
- `@dependabot ignore this major version` will close this PR and stop Dependabot creating any more for this major version (unless you reopen the PR or upgrade to it yourself)
- `@dependabot ignore this minor version` will close this PR and stop Dependabot creating any more for this minor version (unless you reopen the PR or upgrade to it yourself)
- `@dependabot ignore this dependency` will close this PR and stop Dependabot creating any more for this dependency (unless you reopen the PR or upgrade to it yourself)
- `@dependabot use these labels` will set the current labels as the default for future PRs for this repo and language
- `@dependabot use these reviewers` will set the current reviewers as the default for future PRs for this repo and language
- `@dependabot use these assignees` will set the current assignees as the default for future PRs for this repo and language
- `@dependabot use this milestone` will set the current milestone as the default for future PRs for this repo and language
- `@dependabot badge me` will comment on this PR with code to add a ""Dependabot enabled"" badge to your readme

Additionally, you can set the following in your Dependabot [dashboard](https://app.dependabot.com):
- Update frequency (including time of day and day of week)
- Pull request limits (per update run and/or open at any time)
- Automerge options (never/patch/minor, and dev/runtime dependencies)
- Out-of-range updates (receive only lockfile updates, if desired)
- Security updates (receive only security updates, if desired)



</details>",https://github.com/pallets/flask/pull/3644,dependabot-preview[bot],CONTRIBUTOR,closed,False,master,dependabot/pip/tox-3.15.2,2020-06-08 08:44:34+00:00,2020-11-14 01:33:38+00:00,2020-06-08 14:14:53+00:00,2020-06-08 14:14:52+00:00,1,5.505277777777778,5.505,1,1,2,1,1,30,5046,551,['dependencies'],1,[],0,1,0,0,0,0,0,1,0,0,False,False,False,False,Merged,2020-Q2,2020-04-01,2020-06-30,Merged,True,False,False,False,False,False,False,False,False,True,True,False,False,False,False,False,False,False,False,False,2,True,1,Merged,8.526549286340263,6.313548046277095,0.6931471805599453,0.6931471805599453,1.0986122886681098,0.6931471805599453,0.6931471805599453,True,True,False,True,2.0,0.5,False,False,Very small,2020,6,2,0,8,False,Monday,Previous contributor,0,0,0,0,train
pallets/flask,3648,Bump pip-tools from 5.2.0 to 5.2.1,"Bumps [pip-tools](https://github.com/jazzband/pip-tools) from 5.2.0 to 5.2.1.
<details>
<summary>Release notes</summary>
<p><em>Sourced from <a href=""https://github.com/jazzband/pip-tools/releases"">pip-tools's releases</a>.</em></p>
<blockquote>
<h2>5.2.1</h2>
<p>Bug Fixes:</p>
<ul>
<li>Fix a bug where <code>pip-compile</code> would lose some dependencies on update a <code>requirements.txt</code> (<a href=""https://github-redirect.dependabot.com/jazzband/pip-tools/pull/1159"">1159</a>). Thanks <a href=""https://github.com/richafrank"">@richafrank</a></li>
</ul>
</blockquote>
</details>
<details>
<summary>Changelog</summary>
<p><em>Sourced from <a href=""https://github.com/jazzband/pip-tools/blob/master/CHANGELOG.md"">pip-tools's changelog</a>.</em></p>
<blockquote>
<h1>5.2.1 (2020-06-09)</h1>
<p>Bug Fixes:</p>
<ul>
<li>Fix a bug where <code>pip-compile</code> would lose some dependencies on update
a <code>requirements.txt</code>
(<a href=""https://github-redirect.dependabot.com/jazzband/pip-tools/pull/1159"">1159</a>). Thanks <a href=""https://github.com/richafrank"">@richafrank</a></li>
</ul>
</blockquote>
</details>
<details>
<summary>Commits</summary>
<ul>
<li><a href=""https://github.com/jazzband/pip-tools/commit/a54027c120c8c13d07bf2c459b1743db80808e19""><code>a54027c</code></a> 5.2.1 changelog</li>
<li><a href=""https://github.com/jazzband/pip-tools/commit/0d053140f6fb7c074c6ca6498778ad5e2a05a453""><code>0d05314</code></a> Merge pull request <a href=""https://github-redirect.dependabot.com/jazzband/pip-tools/issues/1159"">#1159</a> from richafrank/recompile-drops-dependencies</li>
<li><a href=""https://github.com/jazzband/pip-tools/commit/1c65e5527c6916b1dc1fc21b5e2958ff4c24c241""><code>1c65e55</code></a> Local repository needs to notify proxied repo of ireq copying</li>
<li>See full diff in <a href=""https://github.com/jazzband/pip-tools/compare/5.2.0...5.2.1"">compare view</a></li>
</ul>
</details>
<br />


[![Dependabot compatibility score](https://api.dependabot.com/badges/compatibility_score?dependency-name=pip-tools&package-manager=pip&previous-version=5.2.0&new-version=5.2.1)](https://dependabot.com/compatibility-score/?dependency-name=pip-tools&package-manager=pip&previous-version=5.2.0&new-version=5.2.1)

Dependabot will resolve any conflicts with this PR as long as you don't alter it yourself. You can also trigger a rebase manually by commenting `@dependabot rebase`.

[//]: # (dependabot-automerge-start)
If all status checks pass Dependabot will automatically merge this pull request.

[//]: # (dependabot-automerge-end)

---

<details>
<summary>Dependabot commands and options</summary>
<br />

You can trigger Dependabot actions by commenting on this PR:
- `@dependabot rebase` will rebase this PR
- `@dependabot recreate` will recreate this PR, overwriting any edits that have been made to it
- `@dependabot merge` will merge this PR after your CI passes on it
- `@dependabot squash and merge` will squash and merge this PR after your CI passes on it
- `@dependabot cancel merge` will cancel a previously requested merge and block automerging
- `@dependabot reopen` will reopen this PR if it is closed
- `@dependabot close` will close this PR and stop Dependabot recreating it. You can achieve the same result by closing it manually
- `@dependabot ignore this major version` will close this PR and stop Dependabot creating any more for this major version (unless you reopen the PR or upgrade to it yourself)
- `@dependabot ignore this minor version` will close this PR and stop Dependabot creating any more for this minor version (unless you reopen the PR or upgrade to it yourself)
- `@dependabot ignore this dependency` will close this PR and stop Dependabot creating any more for this dependency (unless you reopen the PR or upgrade to it yourself)
- `@dependabot use these labels` will set the current labels as the default for future PRs for this repo and language
- `@dependabot use these reviewers` will set the current reviewers as the default for future PRs for this repo and language
- `@dependabot use these assignees` will set the current assignees as the default for future PRs for this repo and language
- `@dependabot use this milestone` will set the current milestone as the default for future PRs for this repo and language
- `@dependabot badge me` will comment on this PR with code to add a ""Dependabot enabled"" badge to your readme

Additionally, you can set the following in your Dependabot [dashboard](https://app.dependabot.com):
- Update frequency (including time of day and day of week)
- Pull request limits (per update run and/or open at any time)
- Automerge options (never/patch/minor, and dev/runtime dependencies)
- Out-of-range updates (receive only lockfile updates, if desired)
- Security updates (receive only security updates, if desired)



</details>",https://github.com/pallets/flask/pull/3648,dependabot-preview[bot],CONTRIBUTOR,closed,False,master,dependabot/pip/pip-tools-5.2.1,2020-06-10 08:38:28+00:00,2020-11-14 01:33:36+00:00,2020-06-10 08:41:31+00:00,2020-06-10 08:41:31+00:00,1,0.0508333333333333,0.0508333333333333,1,1,2,1,1,34,4830,529,['dependencies'],1,[],0,1,0,0,0,0,0,1,0,0,False,False,False,False,Merged,2020-Q2,2020-04-01,2020-06-30,Merged,True,False,False,False,False,False,False,False,False,True,True,False,False,False,False,False,False,False,False,False,2,True,1,Merged,8.482808764554406,6.272877006546167,0.6931471805599453,0.6931471805599453,1.0986122886681098,0.6931471805599453,0.6931471805599453,True,True,False,True,2.0,0.5,False,False,Very small,2020,6,2,2,8,False,Wednesday,Previous contributor,0,0,0,0,train
pallets/flask,3659,[docs] streaming contents: use app.response_class,Examples should use app.response_class to encourage code that doesn't need to be changed should the response class be customized later on.,https://github.com/pallets/flask/pull/3659,ioistired,CONTRIBUTOR,closed,False,master,patch-1,2020-06-18 03:01:07+00:00,2020-11-14 01:21:43+00:00,2020-06-18 14:23:50+00:00,2020-06-18 14:23:50+00:00,1,11.37861111111111,11.37861111111111,4,8,12,1,1,49,138,21,['docs'],1,[],0,1,0,1,0,0,0,1,0,0,False,True,False,False,Merged,2020-Q2,2020-04-01,2020-06-30,Merged,True,False,False,False,False,False,False,False,False,False,False,False,False,False,False,False,False,False,False,False,0,False,1,Merged,4.934473933130692,3.091042453358316,1.6094379124341005,2.19722457733622,2.5649493574615367,0.6931471805599453,0.6931471805599453,True,False,False,False,12.0,0.6666666666666666,False,False,Small,2020,6,2,3,3,False,Thursday,Previous contributor,0,0,0,0,train
pallets/flask,3669,Error Docs Revision/Consolidation,"This patch is a revision/addition to PR #3594 which addresses issue #3573. I fixed up grammar/spelling issues and organized the information for readability.
<!--
Commit checklist:

* add tests that fail without the patch
* ensure all tests pass with ``pytest``
* add documentation to the relevant docstrings or pages
* add ``versionadded`` or ``versionchanged`` directives to relevant docstrings
* add a changelog entry if this patch changes code

Tests, coverage, and docs will be run automatically when you submit the pull
request, but running them yourself can save time.
-->
",https://github.com/pallets/flask/pull/3669,ebonnecab,CONTRIBUTOR,closed,False,master,error-docs,2020-06-30 17:18:23+00:00,2020-11-14 01:21:27+00:00,2020-07-28 21:17:38+00:00,2020-07-28 21:17:37+00:00,1,675.9875,675.9872222222223,397,430,827,5,6,33,590,91,['docs'],1,[],0,5,0,5,0,0,1,4,0,0,False,True,False,False,Merged,2020-Q2,2020-04-01,2020-06-30,Merged,True,True,True,False,False,True,True,True,True,False,False,True,False,True,False,False,False,False,False,False,8,True,1,Merged,6.3818160174060985,4.5217885770490405,5.986452005284438,6.066108090103747,6.71901315438526,1.791759469228055,1.9459101490553128,True,True,False,False,165.4,0.5199516324062878,False,True,Very large,2020,6,2,1,17,False,Tuesday,Previous contributor,1,1,1,1,train
pallets/flask,3671,Bump pre-commit from 2.5.1 to 2.6.0,"Bumps [pre-commit](https://github.com/pre-commit/pre-commit) from 2.5.1 to 2.6.0.
<details>
<summary>Release notes</summary>
<p><em>Sourced from <a href=""https://github.com/pre-commit/pre-commit/releases"">pre-commit's releases</a>.</em></p>
<blockquote>
<h2>pre-commit v2.6.0</h2>
<h3>Fixes</h3>
<ul>
<li>Fix node hooks when <code>NPM_CONFIG_USERCONFIG</code> is set
<ul>
<li><a href=""https://github-redirect.dependabot.com/pre-commit/pre-commit/issues/1521"">#1521</a> PR by <a href=""https://github.com/asottile"">@asottile</a>.</li>
<li><a href=""https://github-redirect.dependabot.com/pre-commit/pre-commit/issues/1516"">#1516</a> issue by <a href=""https://github.com/rkm"">@rkm</a>.</li>
</ul>
</li>
</ul>
<h3>Features</h3>
<ul>
<li>Skip <code>rbenv</code> / <code>ruby-download</code> if system ruby is available
<ul>
<li><a href=""https://github-redirect.dependabot.com/pre-commit/pre-commit/issues/1509"">#1509</a> PR by <a href=""https://github.com/asottile"">@asottile</a>.</li>
</ul>
</li>
<li>Partial support for ruby on windows (if system ruby is installed)
<ul>
<li><a href=""https://github-redirect.dependabot.com/pre-commit/pre-commit/issues/1509"">#1509</a> PR by <a href=""https://github.com/asottile"">@asottile</a>.</li>
<li><a href=""https://github-redirect.dependabot.com/pre-commit/pre-commit/issues/201"">#201</a> issue by <a href=""https://github.com/asottile"">@asottile</a>.</li>
</ul>
</li>
</ul>
</blockquote>
</details>
<details>
<summary>Changelog</summary>
<p><em>Sourced from <a href=""https://github.com/pre-commit/pre-commit/blob/master/CHANGELOG.md"">pre-commit's changelog</a>.</em></p>
<blockquote>
<h1>2.6.0 - 2020-07-01</h1>
<h3>Fixes</h3>
<ul>
<li>Fix node hooks when <code>NPM_CONFIG_USERCONFIG</code> is set
<ul>
<li><a href=""https://github-redirect.dependabot.com/pre-commit/pre-commit/issues/1521"">#1521</a> PR by <a href=""https://github.com/asottile"">@asottile</a>.</li>
<li><a href=""https://github-redirect.dependabot.com/pre-commit/pre-commit/issues/1516"">#1516</a> issue by <a href=""https://github.com/rkm"">@rkm</a>.</li>
</ul>
</li>
</ul>
<h3>Features</h3>
<ul>
<li>Skip <code>rbenv</code> / <code>ruby-download</code> if system ruby is available
<ul>
<li><a href=""https://github-redirect.dependabot.com/pre-commit/pre-commit/issues/1509"">#1509</a> PR by <a href=""https://github.com/asottile"">@asottile</a>.</li>
</ul>
</li>
<li>Partial support for ruby on windows (if system ruby is installed)
<ul>
<li><a href=""https://github-redirect.dependabot.com/pre-commit/pre-commit/issues/1509"">#1509</a> PR by <a href=""https://github.com/asottile"">@asottile</a>.</li>
<li><a href=""https://github-redirect.dependabot.com/pre-commit/pre-commit/issues/201"">#201</a> issue by <a href=""https://github.com/asottile"">@asottile</a>.</li>
</ul>
</li>
</ul>
</blockquote>
</details>
<details>
<summary>Commits</summary>
<ul>
<li><a href=""https://github.com/pre-commit/pre-commit/commit/6fe1702ee106f4d7f4a8ad73550db2145208ef24""><code>6fe1702</code></a> v2.6.0</li>
<li><a href=""https://github.com/pre-commit/pre-commit/commit/e2fe94cbe75b79e48baf78660b3b26f4e19e2040""><code>e2fe94c</code></a> Merge pull request <a href=""https://github-redirect.dependabot.com/pre-commit/pre-commit/issues/1521"">#1521</a> from pre-commit/npm_config_userconfig</li>
<li><a href=""https://github.com/pre-commit/pre-commit/commit/6ec47ea73640190d86186fd50b7a32fa0a9c4b9b""><code>6ec47ea</code></a> fix node hooks when NPM_CONFIG_USERCONFIG is set</li>
<li><a href=""https://github.com/pre-commit/pre-commit/commit/7d46852aa9fd48e0d1d359b29fb80421016d299b""><code>7d46852</code></a> Merge pull request <a href=""https://github-redirect.dependabot.com/pre-commit/pre-commit/issues/1518"">#1518</a> from pre-commit/xfail_node_windows</li>
<li><a href=""https://github.com/pre-commit/pre-commit/commit/1392471854f6a2bdf57bafd3b56c9da183fad331""><code>1392471</code></a> xfail a flaky node test on windows</li>
<li><a href=""https://github.com/pre-commit/pre-commit/commit/a336a6b0b554d5b4335f3d420219154c8ad66c30""><code>a336a6b</code></a> Merge pull request <a href=""https://github-redirect.dependabot.com/pre-commit/pre-commit/issues/1506"">#1506</a> from Pierre-Sassoulas/master</li>
<li><a href=""https://github.com/pre-commit/pre-commit/commit/ecaf70128a65d30807a783e0917ae2b5063db7c2""><code>ecaf701</code></a> Merge pull request <a href=""https://github-redirect.dependabot.com/pre-commit/pre-commit/issues/1509"">#1509</a> from pre-commit/system_language_version_ruby</li>
<li><a href=""https://github.com/pre-commit/pre-commit/commit/e1e6a32c512275e4f7bf7a057bc5d4baa27303fa""><code>e1e6a32</code></a> skip rbenv if ruby and gem are installed with default language_version</li>
<li><a href=""https://github.com/pre-commit/pre-commit/commit/fd53cdea17ed17a1775fc5e23e75d6ecdbdb04b6""><code>fd53cde</code></a> Add foor missing required dependencies in CONTRIBUTING.md</li>
<li>See full diff in <a href=""https://github.com/pre-commit/pre-commit/compare/v2.5.1...v2.6.0"">compare view</a></li>
</ul>
</details>
<br />


[![Dependabot compatibility score](https://api.dependabot.com/badges/compatibility_score?dependency-name=pre-commit&package-manager=pip&previous-version=2.5.1&new-version=2.6.0)](https://dependabot.com/compatibility-score/?dependency-name=pre-commit&package-manager=pip&previous-version=2.5.1&new-version=2.6.0)

Dependabot will resolve any conflicts with this PR as long as you don't alter it yourself. You can also trigger a rebase manually by commenting `@dependabot rebase`.

[//]: # (dependabot-automerge-start)
If all status checks pass Dependabot will automatically merge this pull request.

[//]: # (dependabot-automerge-end)

---

<details>
<summary>Dependabot commands and options</summary>
<br />

You can trigger Dependabot actions by commenting on this PR:
- `@dependabot rebase` will rebase this PR
- `@dependabot recreate` will recreate this PR, overwriting any edits that have been made to it
- `@dependabot merge` will merge this PR after your CI passes on it
- `@dependabot squash and merge` will squash and merge this PR after your CI passes on it
- `@dependabot cancel merge` will cancel a previously requested merge and block automerging
- `@dependabot reopen` will reopen this PR if it is closed
- `@dependabot close` will close this PR and stop Dependabot recreating it. You can achieve the same result by closing it manually
- `@dependabot ignore this major version` will close this PR and stop Dependabot creating any more for this major version (unless you reopen the PR or upgrade to it yourself)
- `@dependabot ignore this minor version` will close this PR and stop Dependabot creating any more for this minor version (unless you reopen the PR or upgrade to it yourself)
- `@dependabot ignore this dependency` will close this PR and stop Dependabot creating any more for this dependency (unless you reopen the PR or upgrade to it yourself)
- `@dependabot use these labels` will set the current labels as the default for future PRs for this repo and language
- `@dependabot use these reviewers` will set the current reviewers as the default for future PRs for this repo and language
- `@dependabot use these assignees` will set the current assignees as the default for future PRs for this repo and language
- `@dependabot use this milestone` will set the current milestone as the default for future PRs for this repo and language
- `@dependabot badge me` will comment on this PR with code to add a ""Dependabot enabled"" badge to your readme

Additionally, you can set the following in your Dependabot [dashboard](https://app.dependabot.com):
- Update frequency (including time of day and day of week)
- Pull request limits (per update run and/or open at any time)
- Automerge options (never/patch/minor, and dev/runtime dependencies)
- Out-of-range updates (receive only lockfile updates, if desired)
- Security updates (receive only security updates, if desired)



</details>",https://github.com/pallets/flask/pull/3671,dependabot-preview[bot],CONTRIBUTOR,closed,False,master,dependabot/pip/pre-commit-2.6.0,2020-07-02 08:18:54+00:00,2020-11-14 01:21:40+00:00,2020-07-02 08:21:02+00:00,2020-07-02 08:21:02+00:00,1,0.0355555555555555,0.0355555555555555,1,1,2,1,1,35,7897,685,['dependencies'],1,[],0,1,0,0,0,0,0,1,0,0,False,False,False,False,Merged,2020-Q3,2020-07-01,2020-09-30,Merged,True,False,False,False,False,False,False,False,False,True,True,False,False,False,False,False,False,False,False,False,2,True,1,Merged,8.974364841846596,6.530877627725885,0.6931471805599453,0.6931471805599453,1.0986122886681098,0.6931471805599453,0.6931471805599453,True,True,False,True,2.0,0.5,False,False,Very small,2020,7,3,3,8,False,Thursday,Previous contributor,0,0,0,0,train
pallets/flask,3677,Bump sphinx from 3.1.1 to 3.1.2,"Bumps [sphinx](https://github.com/sphinx-doc/sphinx) from 3.1.1 to 3.1.2.
<details>
<summary>Changelog</summary>
<p><em>Sourced from <a href=""https://github.com/sphinx-doc/sphinx/blob/3.x/CHANGES"">sphinx's changelog</a>.</em></p>
<blockquote>
<h1>Release 3.1.2 (released Jul 05, 2020)</h1>
<h2>Incompatible changes</h2>
<ul>
<li><a href=""https://github-redirect.dependabot.com/sphinx-doc/sphinx/issues/7650"">#7650</a>: autodoc: the signature of base function will be shown for decorated
functions, not a signature of decorator</li>
</ul>
<h2>Bugs fixed</h2>
<ul>
<li><a href=""https://github-redirect.dependabot.com/sphinx-doc/sphinx/issues/7844"">#7844</a>: autodoc: Failed to detect module when relative module name given</li>
<li><a href=""https://github-redirect.dependabot.com/sphinx-doc/sphinx/issues/7856"">#7856</a>: autodoc: AttributeError is raised when non-class object is given to
the autoclass directive</li>
<li><a href=""https://github-redirect.dependabot.com/sphinx-doc/sphinx/issues/7850"">#7850</a>: autodoc: KeyError is raised for invalid mark up when autodoc_typehints
is 'description'</li>
<li><a href=""https://github-redirect.dependabot.com/sphinx-doc/sphinx/issues/7812"">#7812</a>: autodoc: crashed if the target name matches to both an attribute and
module that are same name</li>
<li><a href=""https://github-redirect.dependabot.com/sphinx-doc/sphinx/issues/7650"">#7650</a>: autodoc: function signature becomes <code>(*args, **kwargs)</code> if the
function is decorated by generic decorator</li>
<li><a href=""https://github-redirect.dependabot.com/sphinx-doc/sphinx/issues/7812"">#7812</a>: autosummary: generates broken stub files if the target code contains
an attribute and module that are same name</li>
<li><a href=""https://github-redirect.dependabot.com/sphinx-doc/sphinx/issues/7806"">#7806</a>: viewcode: Failed to resolve viewcode references on 3rd party builders</li>
<li><a href=""https://github-redirect.dependabot.com/sphinx-doc/sphinx/issues/7838"">#7838</a>: html theme: List items have extra vertical space</li>
<li><a href=""https://github-redirect.dependabot.com/sphinx-doc/sphinx/issues/7878"">#7878</a>: html theme: Undesired interaction between &quot;overflow&quot; and &quot;float&quot;</li>
</ul>
</blockquote>
</details>
<details>
<summary>Commits</summary>
<ul>
<li><a href=""https://github.com/sphinx-doc/sphinx/commit/1cb5fa2f6a02ac4425e3db40c8c40bba7d831a9e""><code>1cb5fa2</code></a> Bump to 3.1.2 final</li>
<li><a href=""https://github.com/sphinx-doc/sphinx/commit/d83d5924eb66373e601bd24963ba46d1bfc50a45""><code>d83d592</code></a> Merge pull request <a href=""https://github-redirect.dependabot.com/sphinx-doc/sphinx/issues/7878"">#7878</a> from mgeier/float-clearing</li>
<li><a href=""https://github.com/sphinx-doc/sphinx/commit/c40cb79461da8b7b1322fb8ed69c0c16f0191e9f""><code>c40cb79</code></a> Update CHANGES for PR <a href=""https://github-redirect.dependabot.com/sphinx-doc/sphinx/issues/7878"">#7878</a></li>
<li><a href=""https://github.com/sphinx-doc/sphinx/commit/3098aba3431eb8c40ea052d6b8fc90328802c389""><code>3098aba</code></a> basic CSS: apply &quot;clearfix&quot; to admonitions etc.</li>
<li><a href=""https://github.com/sphinx-doc/sphinx/commit/045fc6807820ba1a1976799a237cc01cfc8403c8""><code>045fc68</code></a> basic CSS: remove overflow-x from admonition/topic, allow more &quot;floating&quot;</li>
<li><a href=""https://github.com/sphinx-doc/sphinx/commit/3e643735143be400462438fadfde494b8caf014d""><code>3e64373</code></a> Merge pull request <a href=""https://github-redirect.dependabot.com/sphinx-doc/sphinx/issues/7916"">#7916</a> from tk0miya/7650_signatures_for_decorator</li>
<li><a href=""https://github.com/sphinx-doc/sphinx/commit/9b74e6cd675937dc53745513167a8c93531374fe""><code>9b74e6c</code></a> autodoc: the signature of base function will be shown for decorated functions</li>
<li><a href=""https://github.com/sphinx-doc/sphinx/commit/cc4534d12fb875bc11d7b26f9a0553d42af4ad53""><code>cc4534d</code></a> Update CHANGES for PR <a href=""https://github-redirect.dependabot.com/sphinx-doc/sphinx/issues/7852"">#7852</a></li>
<li><a href=""https://github.com/sphinx-doc/sphinx/commit/2cc6264f2db6ba6c2e498a661ebcf88e820bc525""><code>2cc6264</code></a> Merge pull request <a href=""https://github-redirect.dependabot.com/sphinx-doc/sphinx/issues/7852"">#7852</a> from mgeier/basic-css-simple-lists</li>
<li><a href=""https://github.com/sphinx-doc/sphinx/commit/f743df6c20eb7895ff299fc8d8b43353f20d9116""><code>f743df6</code></a> Merge pull request <a href=""https://github-redirect.dependabot.com/sphinx-doc/sphinx/issues/7914"">#7914</a> from tk0miya/7812_autodoc_name_conflicts</li>
<li>Additional commits viewable in <a href=""https://github.com/sphinx-doc/sphinx/compare/v3.1.1...v3.1.2"">compare view</a></li>
</ul>
</details>
<br />


[![Dependabot compatibility score](https://api.dependabot.com/badges/compatibility_score?dependency-name=sphinx&package-manager=pip&previous-version=3.1.1&new-version=3.1.2)](https://dependabot.com/compatibility-score/?dependency-name=sphinx&package-manager=pip&previous-version=3.1.1&new-version=3.1.2)

Dependabot will resolve any conflicts with this PR as long as you don't alter it yourself. You can also trigger a rebase manually by commenting `@dependabot rebase`.

[//]: # (dependabot-automerge-start)
If all status checks pass Dependabot will automatically merge this pull request.

[//]: # (dependabot-automerge-end)

---

<details>
<summary>Dependabot commands and options</summary>
<br />

You can trigger Dependabot actions by commenting on this PR:
- `@dependabot rebase` will rebase this PR
- `@dependabot recreate` will recreate this PR, overwriting any edits that have been made to it
- `@dependabot merge` will merge this PR after your CI passes on it
- `@dependabot squash and merge` will squash and merge this PR after your CI passes on it
- `@dependabot cancel merge` will cancel a previously requested merge and block automerging
- `@dependabot reopen` will reopen this PR if it is closed
- `@dependabot close` will close this PR and stop Dependabot recreating it. You can achieve the same result by closing it manually
- `@dependabot ignore this major version` will close this PR and stop Dependabot creating any more for this major version (unless you reopen the PR or upgrade to it yourself)
- `@dependabot ignore this minor version` will close this PR and stop Dependabot creating any more for this minor version (unless you reopen the PR or upgrade to it yourself)
- `@dependabot ignore this dependency` will close this PR and stop Dependabot creating any more for this dependency (unless you reopen the PR or upgrade to it yourself)
- `@dependabot use these labels` will set the current labels as the default for future PRs for this repo and language
- `@dependabot use these reviewers` will set the current reviewers as the default for future PRs for this repo and language
- `@dependabot use these assignees` will set the current assignees as the default for future PRs for this repo and language
- `@dependabot use this milestone` will set the current milestone as the default for future PRs for this repo and language
- `@dependabot badge me` will comment on this PR with code to add a ""Dependabot enabled"" badge to your readme

Additionally, you can set the following in your Dependabot [dashboard](https://app.dependabot.com):
- Update frequency (including time of day and day of week)
- Pull request limits (per update run and/or open at any time)
- Automerge options (never/patch/minor, and dev/runtime dependencies)
- Out-of-range updates (receive only lockfile updates, if desired)
- Security updates (receive only security updates, if desired)



</details>",https://github.com/pallets/flask/pull/3677,dependabot-preview[bot],CONTRIBUTOR,closed,False,master,dependabot/pip/sphinx-3.1.2,2020-07-06 08:39:31+00:00,2020-11-14 01:21:38+00:00,2020-07-06 08:45:55+00:00,2020-07-06 08:45:55+00:00,1,0.1066666666666666,0.1066666666666666,2,2,4,2,1,31,7679,699,['dependencies'],1,[],0,2,0,0,0,0,0,2,0,0,False,False,False,False,Merged,2020-Q3,2020-07-01,2020-09-30,Merged,True,False,False,False,False,False,False,False,False,True,True,False,False,False,False,False,False,False,False,False,2,True,1,Merged,8.946374826141717,6.551080335043404,1.0986122886681098,1.0986122886681098,1.6094379124341005,1.0986122886681098,0.6931471805599453,True,True,False,True,2.0,0.5,False,False,Very small,2020,7,3,0,8,False,Monday,Previous contributor,0,0,0,0,train
pallets/flask,3686,Bump tox from 3.16.1 to 3.17.0,"Bumps [tox](https://github.com/tox-dev/tox) from 3.16.1 to 3.17.0.
<details>
<summary>Changelog</summary>
<p><em>Sourced from <a href=""https://github.com/tox-dev/tox/blob/3.17.0/docs/changelog.rst"">tox's changelog</a>.</em></p>
<blockquote>
<h1>v3.17.0 (2020-07-14)</h1>
<h2>Features</h2>
<ul>
<li>The long arguments <code>--verbose</code> and <code>--quiet</code> (rather than only their short forms, <code>-v</code> and <code>-q</code>) are now accepted. <a href=""https://github-redirect.dependabot.com/tox-dev/tox/issues/1612"">#1612</a></li>
<li>The <code>ResultLog</code> now prefers <code>HOSTNAME</code> environment variable value (if set) over the full qualified domain name of localhost. This makes it possible to disable an undesired DNS lookup, which happened on all <code>tox</code> invocations, including trivial ones - by hroncok <a href=""https://github-redirect.dependabot.com/tox-dev/tox/issues/1615"">#1615</a></li>
</ul>
<h2>Documentation</h2>
<ul>
<li>Update packaging information for Flit. <a href=""https://github-redirect.dependabot.com/tox-dev/tox/issues/1613"">#1613</a></li>
</ul>
</blockquote>
</details>
<details>
<summary>Commits</summary>
<ul>
<li><a href=""https://github.com/tox-dev/tox/commit/31e0bc669e949336432735189ea577649e7f457d""><code>31e0bc6</code></a> release 3.17.0</li>
<li><a href=""https://github.com/tox-dev/tox/commit/cfe66fd0fe8a81bd65f79f589486b7721632a4cb""><code>cfe66fd</code></a> Use a HOSTNAME environment variable instead of socket.getfqdn() in ResultLog ...</li>
<li><a href=""https://github.com/tox-dev/tox/commit/9e61b2d5ed78385c52d584adbe67fbeb44a11f34""><code>9e61b2d</code></a> Update recommended packaging information for Flit (<a href=""https://github-redirect.dependabot.com/tox-dev/tox/issues/1613"">#1613</a>)</li>
<li><a href=""https://github.com/tox-dev/tox/commit/7cd99dae4074466cef05608e3cd615f58a252962""><code>7cd99da</code></a> Add long --verbose/--quiet cli arguments (<a href=""https://github-redirect.dependabot.com/tox-dev/tox/issues/1612"">#1612</a>)</li>
<li><a href=""https://github.com/tox-dev/tox/commit/9e2cb4476c33ac93f09157d55a7ccc65e6497de4""><code>9e2cb44</code></a> Merge pull request <a href=""https://github-redirect.dependabot.com/tox-dev/tox/issues/1610"">#1610</a> from tox-dev/release-3.16.1</li>
<li>See full diff in <a href=""https://github.com/tox-dev/tox/compare/3.16.1...3.17.0"">compare view</a></li>
</ul>
</details>
<br />


[![Dependabot compatibility score](https://api.dependabot.com/badges/compatibility_score?dependency-name=tox&package-manager=pip&previous-version=3.16.1&new-version=3.17.0)](https://dependabot.com/compatibility-score/?dependency-name=tox&package-manager=pip&previous-version=3.16.1&new-version=3.17.0)

Dependabot will resolve any conflicts with this PR as long as you don't alter it yourself. You can also trigger a rebase manually by commenting `@dependabot rebase`.

[//]: # (dependabot-automerge-start)
If all status checks pass Dependabot will automatically merge this pull request.

[//]: # (dependabot-automerge-end)

---

<details>
<summary>Dependabot commands and options</summary>
<br />

You can trigger Dependabot actions by commenting on this PR:
- `@dependabot rebase` will rebase this PR
- `@dependabot recreate` will recreate this PR, overwriting any edits that have been made to it
- `@dependabot merge` will merge this PR after your CI passes on it
- `@dependabot squash and merge` will squash and merge this PR after your CI passes on it
- `@dependabot cancel merge` will cancel a previously requested merge and block automerging
- `@dependabot reopen` will reopen this PR if it is closed
- `@dependabot close` will close this PR and stop Dependabot recreating it. You can achieve the same result by closing it manually
- `@dependabot ignore this major version` will close this PR and stop Dependabot creating any more for this major version (unless you reopen the PR or upgrade to it yourself)
- `@dependabot ignore this minor version` will close this PR and stop Dependabot creating any more for this minor version (unless you reopen the PR or upgrade to it yourself)
- `@dependabot ignore this dependency` will close this PR and stop Dependabot creating any more for this dependency (unless you reopen the PR or upgrade to it yourself)
- `@dependabot use these labels` will set the current labels as the default for future PRs for this repo and language
- `@dependabot use these reviewers` will set the current reviewers as the default for future PRs for this repo and language
- `@dependabot use these assignees` will set the current assignees as the default for future PRs for this repo and language
- `@dependabot use this milestone` will set the current milestone as the default for future PRs for this repo and language
- `@dependabot badge me` will comment on this PR with code to add a ""Dependabot enabled"" badge to your readme

Additionally, you can set the following in your Dependabot [dashboard](https://app.dependabot.com):
- Update frequency (including time of day and day of week)
- Pull request limits (per update run and/or open at any time)
- Automerge options (never/patch/minor, and dev/runtime dependencies)
- Out-of-range updates (receive only lockfile updates, if desired)
- Security updates (receive only security updates, if desired)



</details>",https://github.com/pallets/flask/pull/3686,dependabot-preview[bot],CONTRIBUTOR,closed,False,master,dependabot/pip/tox-3.17.0,2020-07-15 08:08:42+00:00,2020-11-14 01:21:35+00:00,2020-07-15 08:11:44+00:00,2020-07-15 08:11:44+00:00,1,0.0505555555555555,0.0505555555555555,1,1,2,1,1,30,5298,568,['dependencies'],1,[],0,1,0,0,0,0,0,1,0,0,False,False,False,False,Merged,2020-Q3,2020-07-01,2020-09-30,Merged,True,False,False,False,False,False,False,False,False,True,True,False,False,False,False,False,False,False,False,False,2,True,1,Merged,8.575273402492762,6.343880434126331,0.6931471805599453,0.6931471805599453,1.0986122886681098,0.6931471805599453,0.6931471805599453,True,True,False,True,2.0,0.5,False,False,Very small,2020,7,3,2,8,False,Wednesday,Previous contributor,0,0,0,0,train
pallets/flask,3699,remove unnecessary docstrings from tests,Remove docstrings with tests which contain no information except for what is already in the name of the test.,https://github.com/pallets/flask/pull/3699,MartinThoma,CONTRIBUTOR,closed,False,master,style,2020-07-26 13:29:56+00:00,2020-11-14 01:21:27+00:00,2020-07-29 02:44:24+00:00,2020-07-29 02:44:24+00:00,1,61.24111111111111,61.24111111111111,0,13,13,2,1,40,109,19,['docs'],1,[],0,2,2,0,0,0,0,2,0,0,True,False,False,False,Merged,2020-Q3,2020-07-01,2020-09-30,Merged,True,False,False,False,True,False,False,False,False,False,False,False,False,False,False,False,False,False,False,False,1,True,1,Merged,4.700480365792417,2.995732273553991,0.0,2.6390573296152584,2.6390573296152584,1.0986122886681098,0.6931471805599453,True,False,False,False,6.5,1.0,False,False,Small,2020,7,3,6,13,True,Sunday,Previous contributor,1,1,0,0,train
pallets/flask,3709,Common API Between Flask + Blueprint,Resolves #3215,https://github.com/pallets/flask/pull/3709,YKo20010,CONTRIBUTOR,closed,False,master,3215-flask-blueprint,2020-07-30 19:11:22+00:00,2020-11-14 01:21:22+00:00,2020-08-01 14:48:58+00:00,2020-08-01 14:48:58+00:00,1,43.626666666666665,43.626666666666665,473,495,968,5,1,36,14,2,[],0,[],0,5,0,1,0,0,1,4,0,0,False,True,False,False,Merged,2020-Q3,2020-07-01,2020-09-30,Merged,True,False,False,False,False,True,True,True,True,False,False,True,False,False,False,False,False,False,False,False,5,True,1,Merged,2.70805020110221,1.0986122886681098,6.161207321695077,6.206575926724928,6.876264611890766,1.791759469228055,0.6931471805599453,True,False,False,False,193.6,0.5113636363636364,False,False,Very large,2020,7,3,3,19,False,Thursday,Previous contributor,1,0,0,0,train
pallets/flask,3716,Bump pip-tools from 5.3.0 to 5.3.1,"Bumps [pip-tools](https://github.com/jazzband/pip-tools) from 5.3.0 to 5.3.1.
<details>
<summary>Release notes</summary>
<p><em>Sourced from <a href=""https://github.com/jazzband/pip-tools/releases"">pip-tools's releases</a>.</em></p>
<blockquote>
<h2>5.3.1</h2>
<p>Bug Fixes:</p>
<ul>
<li>Fix <code>pip-20.2</code> compatibility issue that caused <code>pip-tools</code> to sometime fail to stabilize in a constant number of rounds (<a href=""https://github-redirect.dependabot.com/jazzband/pip-tools/pull/1194"">1194</a>). Thanks <a href=""https://github.com/vphilippon"">@vphilippon</a></li>
</ul>
</blockquote>
</details>
<details>
<summary>Changelog</summary>
<p><em>Sourced from <a href=""https://github.com/jazzband/pip-tools/blob/master/CHANGELOG.md"">pip-tools's changelog</a>.</em></p>
<blockquote>
<h1>5.3.1 (2020-07-31)</h1>
<p>Bug Fixes:</p>
<ul>
<li>Fix <code>pip-20.2</code> compatibility issue that caused <code>pip-tools</code> to sometime fail to
stabilize in a constant number of rounds
(<a href=""https://github-redirect.dependabot.com/jazzband/pip-tools/pull/1194"">1194</a>). Thanks <a href=""https://github.com/vphilippon"">@vphilippon</a></li>
</ul>
</blockquote>
</details>
<details>
<summary>Commits</summary>
<ul>
<li><a href=""https://github.com/jazzband/pip-tools/commit/89a00b08416fa0115f1b4400218504261099d2d1""><code>89a00b0</code></a> Merge pull request <a href=""https://github-redirect.dependabot.com/jazzband/pip-tools/issues/1195"">#1195</a> from atugushev/release-5.3.1</li>
<li><a href=""https://github.com/jazzband/pip-tools/commit/e85720b313c1e1477523027f7dcaa062d8cd6495""><code>e85720b</code></a> 5.3.1 changelog</li>
<li><a href=""https://github.com/jazzband/pip-tools/commit/ed59c3675479ac687864fb0ce130a9bb2bdbe429""><code>ed59c36</code></a> Merge pull request <a href=""https://github-redirect.dependabot.com/jazzband/pip-tools/issues/1194"">#1194</a> from vphilippon/improve-RequirementSummary-eq-and-hash</li>
<li><a href=""https://github.com/jazzband/pip-tools/commit/0dad94e7251779bf31bbd922bf7b51cf824bd875""><code>0dad94e</code></a> Make RequirementSummary equality and hash unsentive to version format variation</li>
<li>See full diff in <a href=""https://github.com/jazzband/pip-tools/compare/5.3.0...5.3.1"">compare view</a></li>
</ul>
</details>
<br />


[![Dependabot compatibility score](https://api.dependabot.com/badges/compatibility_score?dependency-name=pip-tools&package-manager=pip&previous-version=5.3.0&new-version=5.3.1)](https://dependabot.com/compatibility-score/?dependency-name=pip-tools&package-manager=pip&previous-version=5.3.0&new-version=5.3.1)

Dependabot will resolve any conflicts with this PR as long as you don't alter it yourself. You can also trigger a rebase manually by commenting `@dependabot rebase`.

[//]: # (dependabot-automerge-start)
If all status checks pass Dependabot will automatically merge this pull request.

[//]: # (dependabot-automerge-end)

---

<details>
<summary>Dependabot commands and options</summary>
<br />

You can trigger Dependabot actions by commenting on this PR:
- `@dependabot rebase` will rebase this PR
- `@dependabot recreate` will recreate this PR, overwriting any edits that have been made to it
- `@dependabot merge` will merge this PR after your CI passes on it
- `@dependabot squash and merge` will squash and merge this PR after your CI passes on it
- `@dependabot cancel merge` will cancel a previously requested merge and block automerging
- `@dependabot reopen` will reopen this PR if it is closed
- `@dependabot close` will close this PR and stop Dependabot recreating it. You can achieve the same result by closing it manually
- `@dependabot ignore this major version` will close this PR and stop Dependabot creating any more for this major version (unless you reopen the PR or upgrade to it yourself)
- `@dependabot ignore this minor version` will close this PR and stop Dependabot creating any more for this minor version (unless you reopen the PR or upgrade to it yourself)
- `@dependabot ignore this dependency` will close this PR and stop Dependabot creating any more for this dependency (unless you reopen the PR or upgrade to it yourself)
- `@dependabot use these labels` will set the current labels as the default for future PRs for this repo and language
- `@dependabot use these reviewers` will set the current reviewers as the default for future PRs for this repo and language
- `@dependabot use these assignees` will set the current assignees as the default for future PRs for this repo and language
- `@dependabot use this milestone` will set the current milestone as the default for future PRs for this repo and language
- `@dependabot badge me` will comment on this PR with code to add a ""Dependabot enabled"" badge to your readme

Additionally, you can set the following in your Dependabot [dashboard](https://app.dependabot.com):
- Update frequency (including time of day and day of week)
- Pull request limits (per update run and/or open at any time)
- Automerge options (never/patch/minor, and dev/runtime dependencies)
- Out-of-range updates (receive only lockfile updates, if desired)
- Security updates (receive only security updates, if desired)



</details>",https://github.com/pallets/flask/pull/3716,dependabot-preview[bot],CONTRIBUTOR,closed,False,master,dependabot/pip/pip-tools-5.3.1,2020-08-03 09:00:24+00:00,2020-11-14 01:21:21+00:00,2020-08-03 09:03:23+00:00,2020-08-03 09:03:23+00:00,1,0.0497222222222222,0.0497222222222222,1,1,2,1,1,34,5186,548,['dependencies'],1,[],0,1,0,0,0,0,0,1,0,0,False,False,False,False,Merged,2020-Q3,2020-07-01,2020-09-30,Merged,True,False,False,False,False,False,False,False,False,True,True,False,False,False,False,False,False,False,False,False,2,True,1,Merged,8.553910774351401,6.3080984415095305,0.6931471805599453,0.6931471805599453,1.0986122886681098,0.6931471805599453,0.6931471805599453,True,True,False,True,2.0,0.5,False,False,Very small,2020,8,3,0,9,False,Monday,Previous contributor,0,0,0,0,train
pallets/flask,3728,Discover app factory deterministically,"Commit 2ae740dd4903bbe5f3864384bcdf2ab2d4638bce probably inadvertently
changed to iterate over a set of ""create_app"", ""make_app"" to discover
application factory functions. As sets don't guarantee order,
differences in the implementation of the type can make it
non-deterministic which factory function is used if a project implements
both. Revert to using a tuple.",https://github.com/pallets/flask/pull/3728,nphilipp,CONTRIBUTOR,closed,False,master,master--discover-app-factory-deterministically,2020-08-13 08:50:43+00:00,2020-11-14 00:59:28+00:00,2020-10-15 21:01:15+00:00,2020-10-15 21:01:15+00:00,1,1524.1755555555555,1524.1755555555555,1,1,2,1,1,38,369,49,[],0,[],0,1,0,0,0,0,0,1,0,0,False,False,False,False,Merged,2020-Q3,2020-07-01,2020-09-30,Merged,True,False,True,False,False,False,False,False,False,False,False,False,False,False,False,False,False,False,False,False,1,True,1,Merged,5.91350300563827,3.912023005428146,0.6931471805599453,0.6931471805599453,1.0986122886681098,0.6931471805599453,0.6931471805599453,True,False,False,False,2.0,0.5,False,False,Very small,2020,8,3,3,8,False,Thursday,Previous contributor,1,1,1,1,train
pallets/flask,3742,Bump pre-commit from 2.6.0 to 2.7.1,"Bumps [pre-commit](https://github.com/pre-commit/pre-commit) from 2.6.0 to 2.7.1.
<details>
<summary>Release notes</summary>
<p><em>Sourced from <a href=""https://github.com/pre-commit/pre-commit/releases"">pre-commit's releases</a>.</em></p>
<blockquote>
<h2>pre-commit v2.7.0</h2>
<h3>Features</h3>
<ul>
<li>Produce error message if an environment is immediately unhealthy
<ul>
<li><a href=""https://github-redirect.dependabot.com/pre-commit/pre-commit/issues/1535"">#1535</a> PR by <a href=""https://github.com/asottile"">@asottile</a>.</li>
</ul>
</li>
<li>Add --no-allow-missing-config option to init-templatedir
<ul>
<li><a href=""https://github-redirect.dependabot.com/pre-commit/pre-commit/issues/1539"">#1539</a> PR by <a href=""https://github.com/singergr"">@singergr</a>.</li>
</ul>
</li>
<li>Add warning for old list-style configuration
<ul>
<li><a href=""https://github-redirect.dependabot.com/pre-commit/pre-commit/issues/1544"">#1544</a> PR by <a href=""https://github.com/asottile"">@asottile</a>.</li>
</ul>
</li>
<li>Allow pre-commit to succeed on a readonly store.
<ul>
<li><a href=""https://github-redirect.dependabot.com/pre-commit/pre-commit/issues/1570"">#1570</a> PR by <a href=""https://github.com/asottile"">@asottile</a>.</li>
<li><a href=""https://github-redirect.dependabot.com/pre-commit/pre-commit/issues/1536"">#1536</a> issue by <a href=""https://github.com/asottile"">@asottile</a>.</li>
</ul>
</li>
</ul>
<h3>Fixes</h3>
<ul>
<li>Fix error messaging when the store directory is readonly
<ul>
<li><a href=""https://github-redirect.dependabot.com/pre-commit/pre-commit/issues/1546"">#1546</a> PR by <a href=""https://github.com/asottile"">@asottile</a>.</li>
<li><a href=""https://github-redirect.dependabot.com/pre-commit/pre-commit/issues/1536"">#1536</a> issue by <a href=""https://github.com/asottile"">@asottile</a>.</li>
</ul>
</li>
<li>Improve <code>diff</code> performance with many hooks
<ul>
<li><a href=""https://github-redirect.dependabot.com/pre-commit/pre-commit/issues/1566"">#1566</a> PR by <a href=""https://github.com/jhenkens"">@jhenkens</a>.</li>
<li><a href=""https://github-redirect.dependabot.com/pre-commit/pre-commit/issues/1564"">#1564</a> issue by <a href=""https://github.com/jhenkens"">@jhenkens</a>.</li>
</ul>
</li>
</ul>
</blockquote>
</details>
<details>
<summary>Changelog</summary>
<p><em>Sourced from <a href=""https://github.com/pre-commit/pre-commit/blob/master/CHANGELOG.md"">pre-commit's changelog</a>.</em></p>
<blockquote>
<h1>2.7.1 - 2020-08-23</h1>
<h3>Fixes</h3>
<ul>
<li>Improve performance of docker hooks by removing slow <code>ps</code> call
<ul>
<li><a href=""https://github-redirect.dependabot.com/pre-commit/pre-commit/issues/1572"">#1572</a> PR by <a href=""https://github.com/rkm"">@rkm</a>.</li>
<li><a href=""https://github-redirect.dependabot.com/pre-commit/pre-commit/issues/1569"">#1569</a> issue by <a href=""https://github.com/asottile"">@asottile</a>.</li>
</ul>
</li>
<li>Fix un-<code>healthy()</code> invalidation followed by install being reported as
un-<code>healthy()</code>.
<ul>
<li><a href=""https://github-redirect.dependabot.com/pre-commit/pre-commit/issues/1576"">#1576</a> PR by <a href=""https://github.com/asottile"">@asottile</a>.</li>
<li><a href=""https://github-redirect.dependabot.com/pre-commit/pre-commit/issues/1575"">#1575</a> issue by <a href=""https://github.com/jab"">@jab</a>.</li>
</ul>
</li>
<li>Fix rare file race condition on windows with <code>os.replace()</code>
<ul>
<li><a href=""https://github-redirect.dependabot.com/pre-commit/pre-commit/issues/1577"">#1577</a> PR by <a href=""https://github.com/asottile"">@asottile</a>.</li>
</ul>
</li>
</ul>
<h1>2.7.0 - 2020-08-22</h1>
<h3>Features</h3>
<ul>
<li>Produce error message if an environment is immediately unhealthy
<ul>
<li><a href=""https://github-redirect.dependabot.com/pre-commit/pre-commit/issues/1535"">#1535</a> PR by <a href=""https://github.com/asottile"">@asottile</a>.</li>
</ul>
</li>
<li>Add --no-allow-missing-config option to init-templatedir
<ul>
<li><a href=""https://github-redirect.dependabot.com/pre-commit/pre-commit/issues/1539"">#1539</a> PR by <a href=""https://github.com/singergr"">@singergr</a>.</li>
</ul>
</li>
<li>Add warning for old list-style configuration
<ul>
<li><a href=""https://github-redirect.dependabot.com/pre-commit/pre-commit/issues/1544"">#1544</a> PR by <a href=""https://github.com/asottile"">@asottile</a>.</li>
</ul>
</li>
<li>Allow pre-commit to succeed on a readonly store.
<ul>
<li><a href=""https://github-redirect.dependabot.com/pre-commit/pre-commit/issues/1570"">#1570</a> PR by <a href=""https://github.com/asottile"">@asottile</a>.</li>
<li><a href=""https://github-redirect.dependabot.com/pre-commit/pre-commit/issues/1536"">#1536</a> issue by <a href=""https://github.com/asottile"">@asottile</a>.</li>
</ul>
</li>
</ul>
<h3>Fixes</h3>
<ul>
<li>Fix error messaging when the store directory is readonly
<ul>
<li><a href=""https://github-redirect.dependabot.com/pre-commit/pre-commit/issues/1546"">#1546</a> PR by <a href=""https://github.com/asottile"">@asottile</a>.</li>
<li><a href=""https://github-redirect.dependabot.com/pre-commit/pre-commit/issues/1536"">#1536</a> issue by <a href=""https://github.com/asottile"">@asottile</a>.</li>
</ul>
</li>
<li>Improve <code>diff</code> performance with many hooks
<ul>
<li><a href=""https://github-redirect.dependabot.com/pre-commit/pre-commit/issues/1566"">#1566</a> PR by <a href=""https://github.com/jhenkens"">@jhenkens</a>.</li>
<li><a href=""https://github-redirect.dependabot.com/pre-commit/pre-commit/issues/1564"">#1564</a> issue by <a href=""https://github.com/jhenkens"">@jhenkens</a>.</li>
</ul>
</li>
</ul>
</blockquote>
</details>
<details>
<summary>Commits</summary>
<ul>
<li><a href=""https://github.com/pre-commit/pre-commit/commit/f511afe40e3f0ea7474d37f19c69741d3e167876""><code>f511afe</code></a> v2.7.1</li>
<li><a href=""https://github.com/pre-commit/pre-commit/commit/7c804cabe6a7169c03939453a950dce9b3bd8197""><code>7c804ca</code></a> Merge pull request <a href=""https://github-redirect.dependabot.com/pre-commit/pre-commit/issues/1577"">#1577</a> from pre-commit/os_replace</li>
<li><a href=""https://github.com/pre-commit/pre-commit/commit/fe70c72691bd725c5f870cae1b579d9bf9f9dca9""><code>fe70c72</code></a> Merge pull request <a href=""https://github-redirect.dependabot.com/pre-commit/pre-commit/issues/1576"">#1576</a> from pre-commit/immediately_unhealthy_cache</li>
<li><a href=""https://github.com/pre-commit/pre-commit/commit/79b098c409460166d810c51a3048ba427a0e9e80""><code>79b098c</code></a> fix atomic file replace on windows</li>
<li><a href=""https://github.com/pre-commit/pre-commit/commit/b63b37ac36caf89de55a7ae45bb57d981b1b1e36""><code>b63b37a</code></a> fix cache of invalidated unhealthy environment version info</li>
<li><a href=""https://github.com/pre-commit/pre-commit/commit/2e0ee5f5b216cba29e41f2b2fe1106e1d1e2e52c""><code>2e0ee5f</code></a> Merge pull request <a href=""https://github-redirect.dependabot.com/pre-commit/pre-commit/issues/1572"">#1572</a> from rkm/issues/1569-docker-perf</li>
<li><a href=""https://github.com/pre-commit/pre-commit/commit/eb8b48aeb439ee69610a7c08a3a1de75fbbfe572""><code>eb8b48a</code></a> remove docker_is_running check from source</li>
<li><a href=""https://github.com/pre-commit/pre-commit/commit/f1de792877f904b7349d3ae163a3694f2854ade1""><code>f1de792</code></a> v2.7.0</li>
<li><a href=""https://github.com/pre-commit/pre-commit/commit/a438dbfcf662c37f545db22f11a7209bb1fd1470""><code>a438dbf</code></a> Merge pull request <a href=""https://github-redirect.dependabot.com/pre-commit/pre-commit/issues/1570"">#1570</a> from pre-commit/readonly</li>
<li><a href=""https://github.com/pre-commit/pre-commit/commit/bf33f4c91c2e73bac36ec37a3dcf92bef8f0492c""><code>bf33f4c</code></a> allow pre-commit to succeed on a readonly store directory</li>
<li>Additional commits viewable in <a href=""https://github.com/pre-commit/pre-commit/compare/v2.6.0...v2.7.1"">compare view</a></li>
</ul>
</details>
<br />


[![Dependabot compatibility score](https://api.dependabot.com/badges/compatibility_score?dependency-name=pre-commit&package-manager=pip&previous-version=2.6.0&new-version=2.7.1)](https://dependabot.com/compatibility-score/?dependency-name=pre-commit&package-manager=pip&previous-version=2.6.0&new-version=2.7.1)

Dependabot will resolve any conflicts with this PR as long as you don't alter it yourself. You can also trigger a rebase manually by commenting `@dependabot rebase`.

[//]: # (dependabot-automerge-start)
If all status checks pass Dependabot will automatically merge this pull request.

[//]: # (dependabot-automerge-end)

---

<details>
<summary>Dependabot commands and options</summary>
<br />

You can trigger Dependabot actions by commenting on this PR:
- `@dependabot rebase` will rebase this PR
- `@dependabot recreate` will recreate this PR, overwriting any edits that have been made to it
- `@dependabot merge` will merge this PR after your CI passes on it
- `@dependabot squash and merge` will squash and merge this PR after your CI passes on it
- `@dependabot cancel merge` will cancel a previously requested merge and block automerging
- `@dependabot reopen` will reopen this PR if it is closed
- `@dependabot close` will close this PR and stop Dependabot recreating it. You can achieve the same result by closing it manually
- `@dependabot ignore this major version` will close this PR and stop Dependabot creating any more for this major version (unless you reopen the PR or upgrade to it yourself)
- `@dependabot ignore this minor version` will close this PR and stop Dependabot creating any more for this minor version (unless you reopen the PR or upgrade to it yourself)
- `@dependabot ignore this dependency` will close this PR and stop Dependabot creating any more for this dependency (unless you reopen the PR or upgrade to it yourself)
- `@dependabot use these labels` will set the current labels as the default for future PRs for this repo and language
- `@dependabot use these reviewers` will set the current reviewers as the default for future PRs for this repo and language
- `@dependabot use these assignees` will set the current assignees as the default for future PRs for this repo and language
- `@dependabot use this milestone` will set the current milestone as the default for future PRs for this repo and language
- `@dependabot badge me` will comment on this PR with code to add a ""Dependabot enabled"" badge to your readme

Additionally, you can set the following in your Dependabot [dashboard](https://app.dependabot.com):
- Update frequency (including time of day and day of week)
- Pull request limits (per update run and/or open at any time)
- Automerge options (never/patch/minor, and dev/runtime dependencies)
- Out-of-range updates (receive only lockfile updates, if desired)
- Security updates (receive only security updates, if desired)



</details>",https://github.com/pallets/flask/pull/3742,dependabot-preview[bot],CONTRIBUTOR,closed,False,master,dependabot/pip/pre-commit-2.7.1,2020-08-24 08:17:05+00:00,2020-11-14 00:59:43+00:00,2020-08-24 08:19:34+00:00,2020-08-24 08:19:34+00:00,1,0.0413888888888888,0.0413888888888888,1,1,2,1,1,35,10857,856,['dependencies'],1,[],0,1,0,0,0,0,0,1,0,0,False,False,False,False,Merged,2020-Q3,2020-07-01,2020-09-30,Merged,True,False,False,False,False,False,False,False,False,True,True,False,False,False,False,False,False,False,False,False,2,True,1,Merged,9.292657414465396,6.75343791859778,0.6931471805599453,0.6931471805599453,1.0986122886681098,0.6931471805599453,0.6931471805599453,True,True,False,True,2.0,0.5,False,False,Very small,2020,8,3,0,8,False,Monday,Previous contributor,0,0,0,0,train
pallets/flask,3756,Bump pytest from 6.0.1 to 6.0.2,"Bumps [pytest](https://github.com/pytest-dev/pytest) from 6.0.1 to 6.0.2.
<details>
<summary>Release notes</summary>
<p><em>Sourced from <a href=""https://github.com/pytest-dev/pytest/releases"">pytest's releases</a>.</em></p>
<blockquote>
<h2>6.0.2</h2>
<h1>pytest 6.0.2 (2020-09-04)</h1>
<h2>Bug Fixes</h2>
<ul>
<li><a href=""https://github-redirect.dependabot.com/pytest-dev/pytest/issues/7148"">#7148</a>: Fixed <code>--log-cli</code> potentially causing unrelated <code>print</code> output to be swallowed.</li>
<li><a href=""https://github-redirect.dependabot.com/pytest-dev/pytest/issues/7672"">#7672</a>: Fixed log-capturing level restored incorrectly if <code>caplog.set_level</code> is called more than once.</li>
<li><a href=""https://github-redirect.dependabot.com/pytest-dev/pytest/issues/7686"">#7686</a>: Fixed NotSetType.token being used as the parameter ID when the parametrization list is empty.
Regressed in pytest 6.0.0.</li>
<li><a href=""https://github-redirect.dependabot.com/pytest-dev/pytest/issues/7707"">#7707</a>: Fix internal error when handling some exceptions that contain multiple lines or the style uses multiple lines (<code>--tb=line</code> for example).</li>
</ul>
</blockquote>
</details>
<details>
<summary>Changelog</summary>
<p><em>Sourced from <a href=""https://github.com/pytest-dev/pytest/blob/master/CHANGELOG.rst"">pytest's changelog</a>.</em></p>
</details>
<details>
<summary>Commits</summary>
<ul>
<li><a href=""https://github.com/pytest-dev/pytest/commit/09b1d7cc997200dca5adb3e62e593c312d6864d3""><code>09b1d7c</code></a> Prepare release version 6.0.2</li>
<li><a href=""https://github.com/pytest-dev/pytest/commit/ea65ea877ef773a8561c352ec809ec6aeccf4c47""><code>ea65ea8</code></a> Merge pull request <a href=""https://github-redirect.dependabot.com/pytest-dev/pytest/issues/7717"">#7717</a> from bluetech/backport-7614</li>
<li><a href=""https://github.com/pytest-dev/pytest/commit/f4f30d7073ba818c14a8cae66c1cc6e33e3c4084""><code>f4f30d7</code></a> Merge pull request <a href=""https://github-redirect.dependabot.com/pytest-dev/pytest/issues/7716"">#7716</a> from bluetech/backport-7697</li>
<li><a href=""https://github.com/pytest-dev/pytest/commit/309810ac2ca027c9e37f4dc64e6c77e999503e2a""><code>309810a</code></a> Merge pull request <a href=""https://github-redirect.dependabot.com/pytest-dev/pytest/issues/7715"">#7715</a> from bluetech/backport-7651</li>
<li><a href=""https://github.com/pytest-dev/pytest/commit/e63fac3aec18612419d0ba511caea5028c6df494""><code>e63fac3</code></a> Merge pull request <a href=""https://github-redirect.dependabot.com/pytest-dev/pytest/issues/7614"">#7614</a> from The-Compiler/log-print</li>
<li><a href=""https://github.com/pytest-dev/pytest/commit/cb91c5033e78b3df1db5e4d4e8ee612ad0d441a4""><code>cb91c50</code></a> Merge pull request <a href=""https://github-redirect.dependabot.com/pytest-dev/pytest/issues/7697"">#7697</a> from nicoddemus/file-docs</li>
<li><a href=""https://github.com/pytest-dev/pytest/commit/9a879ee23e96eba2e07943eac4e98d896655e3fb""><code>9a879ee</code></a> Merge pull request <a href=""https://github-redirect.dependabot.com/pytest-dev/pytest/issues/7651"">#7651</a> from bluetech/capture-safe-disable</li>
<li><a href=""https://github.com/pytest-dev/pytest/commit/e9d18bd8ac55d9de18ba292e3bd4ee66468bc06c""><code>e9d18bd</code></a> Merge pull request <a href=""https://github-redirect.dependabot.com/pytest-dev/pytest/issues/7711"">#7711</a> from nicoddemus/backport-7708</li>
<li><a href=""https://github.com/pytest-dev/pytest/commit/912870d33e21ea847435b56ed76702f42645de4a""><code>912870d</code></a> Merge pull request <a href=""https://github-redirect.dependabot.com/pytest-dev/pytest/issues/7708"">#7708</a> from nicoddemus/repr-line-7707</li>
<li><a href=""https://github.com/pytest-dev/pytest/commit/0115b716c0949b3dccababcb876dcfd7edabb5ed""><code>0115b71</code></a> Merge pull request <a href=""https://github-redirect.dependabot.com/pytest-dev/pytest/issues/7688"">#7688</a> from nicoddemus/backport-7687</li>
<li>Additional commits viewable in <a href=""https://github.com/pytest-dev/pytest/compare/6.0.1...6.0.2"">compare view</a></li>
</ul>
</details>
<br />


[![Dependabot compatibility score](https://api.dependabot.com/badges/compatibility_score?dependency-name=pytest&package-manager=pip&previous-version=6.0.1&new-version=6.0.2)](https://dependabot.com/compatibility-score/?dependency-name=pytest&package-manager=pip&previous-version=6.0.1&new-version=6.0.2)

Dependabot will resolve any conflicts with this PR as long as you don't alter it yourself. You can also trigger a rebase manually by commenting `@dependabot rebase`.

[//]: # (dependabot-automerge-start)
If all status checks pass Dependabot will automatically merge this pull request.

[//]: # (dependabot-automerge-end)

---

<details>
<summary>Dependabot commands and options</summary>
<br />

You can trigger Dependabot actions by commenting on this PR:
- `@dependabot rebase` will rebase this PR
- `@dependabot recreate` will recreate this PR, overwriting any edits that have been made to it
- `@dependabot merge` will merge this PR after your CI passes on it
- `@dependabot squash and merge` will squash and merge this PR after your CI passes on it
- `@dependabot cancel merge` will cancel a previously requested merge and block automerging
- `@dependabot reopen` will reopen this PR if it is closed
- `@dependabot close` will close this PR and stop Dependabot recreating it. You can achieve the same result by closing it manually
- `@dependabot ignore this major version` will close this PR and stop Dependabot creating any more for this major version (unless you reopen the PR or upgrade to it yourself)
- `@dependabot ignore this minor version` will close this PR and stop Dependabot creating any more for this minor version (unless you reopen the PR or upgrade to it yourself)
- `@dependabot ignore this dependency` will close this PR and stop Dependabot creating any more for this dependency (unless you reopen the PR or upgrade to it yourself)
- `@dependabot use these labels` will set the current labels as the default for future PRs for this repo and language
- `@dependabot use these reviewers` will set the current reviewers as the default for future PRs for this repo and language
- `@dependabot use these assignees` will set the current assignees as the default for future PRs for this repo and language
- `@dependabot use this milestone` will set the current milestone as the default for future PRs for this repo and language
- `@dependabot badge me` will comment on this PR with code to add a ""Dependabot enabled"" badge to your readme

Additionally, you can set the following in your Dependabot [dashboard](https://app.dependabot.com):
- Update frequency (including time of day and day of week)
- Pull request limits (per update run and/or open at any time)
- Automerge options (never/patch/minor, and dev/runtime dependencies)
- Out-of-range updates (receive only lockfile updates, if desired)
- Security updates (receive only security updates, if desired)



</details>",https://github.com/pallets/flask/pull/3756,dependabot-preview[bot],CONTRIBUTOR,closed,False,master,dependabot/pip/pytest-6.0.2,2020-09-14 08:18:58+00:00,2020-11-14 00:59:41+00:00,2020-09-14 08:21:20+00:00,2020-09-14 08:21:20+00:00,1,0.0394444444444444,0.0394444444444444,2,2,4,2,1,31,7037,618,['dependencies'],1,[],0,2,0,0,0,0,0,2,0,0,False,False,False,False,Merged,2020-Q3,2020-07-01,2020-09-30,Merged,True,False,False,False,False,False,False,False,False,True,True,False,False,False,False,False,False,False,False,False,2,True,1,Merged,8.85907931788153,6.428105272684596,1.0986122886681098,1.0986122886681098,1.6094379124341005,1.0986122886681098,0.6931471805599453,True,True,False,True,2.0,0.5,False,False,Very small,2020,9,3,0,8,False,Monday,Previous contributor,0,0,0,0,train
pallets/flask,3771,aesthetic: add a space after a comma,This PR simply add a space in a code example.,https://github.com/pallets/flask/pull/3771,sblondon,CONTRIBUTOR,closed,False,master,sblondon-comma,2020-09-28 14:18:55+00:00,2020-11-14 00:59:39+00:00,2020-09-28 14:21:13+00:00,2020-09-28 14:21:13+00:00,1,0.0383333333333333,0.0383333333333333,1,1,2,1,1,36,45,10,['docs'],1,[],0,1,0,1,0,0,0,1,0,0,False,True,False,False,Merged,2020-Q3,2020-07-01,2020-09-30,Merged,True,False,False,False,False,False,False,False,False,False,False,False,False,False,False,False,False,False,False,False,0,False,1,Merged,3.828641396489095,2.3978952727983707,0.6931471805599453,0.6931471805599453,1.0986122886681098,0.6931471805599453,0.6931471805599453,True,False,False,False,2.0,0.5,False,False,Very small,2020,9,3,0,14,False,Monday,Previous contributor,0,0,0,0,train
pallets/flask,3773,Bump greenlet from 0.4.16 to 0.4.17,"Bumps [greenlet](https://github.com/python-greenlet/greenlet) from 0.4.16 to 0.4.17.
<details>
<summary>Changelog</summary>
<p><em>Sourced from <a href=""https://github.com/python-greenlet/greenlet/blob/master/NEWS"">greenlet's changelog</a>.</em></p>
<blockquote>
<h1>0.4.17</h1>
<ul>
<li>Support for PEP 567 ContextVars</li>
</ul>
</blockquote>
</details>
<details>
<summary>Commits</summary>
<ul>
<li><a href=""https://github.com/python-greenlet/greenlet/commit/71ecaa8188894dccdf35351614e65f07752c2414""><code>71ecaa8</code></a> Merge pull request <a href=""https://github-redirect.dependabot.com/python-greenlet/greenlet/issues/177"">#177</a> from python-greenlet/release-0.4.17</li>
<li><a href=""https://github.com/python-greenlet/greenlet/commit/084f0a412cee00dacbbd20a18758a04da07dc29e""><code>084f0a4</code></a> Prepare to release greenlet 0.4.17</li>
<li><a href=""https://github.com/python-greenlet/greenlet/commit/f49eb7be1cb43d53a80c2447a419d69db377c825""><code>f49eb7b</code></a> Merge pull request <a href=""https://github-redirect.dependabot.com/python-greenlet/greenlet/issues/174"">#174</a> from daxtens/travis-ppc64le</li>
<li><a href=""https://github.com/python-greenlet/greenlet/commit/aa940c45ae8721895518a4753ae54d7cb7edd9e9""><code>aa940c4</code></a> Test on ppc64le in Travis</li>
<li><a href=""https://github.com/python-greenlet/greenlet/commit/0c4d5104ec2b022cb49eca9f09fa7d3a859063ee""><code>0c4d510</code></a> Add Josh Snyder to AUTHORS</li>
<li><a href=""https://github.com/python-greenlet/greenlet/commit/894e82af579741b669bb78457ba5ae89b82cc22d""><code>894e82a</code></a> Merge pull request <a href=""https://github-redirect.dependabot.com/python-greenlet/greenlet/issues/172"">#172</a> from hashbrowncipher/contextvars</li>
<li><a href=""https://github.com/python-greenlet/greenlet/commit/b40eb60e03e7a277e5529c4b08d76f461e81626a""><code>b40eb60</code></a> Move context pointer to end of struct</li>
<li><a href=""https://github.com/python-greenlet/greenlet/commit/75e3c8781c30ae0aa9a2b0fbe3fff867396fb4c6""><code>75e3c87</code></a> Add another test</li>
<li><a href=""https://github.com/python-greenlet/greenlet/commit/7c1c96f00dbc89fc432b82a4250feedca4c9467f""><code>7c1c96f</code></a> Provide a feature flag indicating whether we handle context vars</li>
<li><a href=""https://github.com/python-greenlet/greenlet/commit/7fc4e8a6eb1e3bb8671f62b2bfef00885dce9033""><code>7fc4e8a</code></a> Support Python 2.6</li>
<li>Additional commits viewable in <a href=""https://github.com/python-greenlet/greenlet/compare/0.4.16...0.4.17"">compare view</a></li>
</ul>
</details>
<br />


[![Dependabot compatibility score](https://api.dependabot.com/badges/compatibility_score?dependency-name=greenlet&package-manager=pip&previous-version=0.4.16&new-version=0.4.17)](https://dependabot.com/compatibility-score/?dependency-name=greenlet&package-manager=pip&previous-version=0.4.16&new-version=0.4.17)

Dependabot will resolve any conflicts with this PR as long as you don't alter it yourself. You can also trigger a rebase manually by commenting `@dependabot rebase`.

[//]: # (dependabot-automerge-start)
If all status checks pass Dependabot will automatically merge this pull request.

[//]: # (dependabot-automerge-end)

---

<details>
<summary>Dependabot commands and options</summary>
<br />

You can trigger Dependabot actions by commenting on this PR:
- `@dependabot rebase` will rebase this PR
- `@dependabot recreate` will recreate this PR, overwriting any edits that have been made to it
- `@dependabot merge` will merge this PR after your CI passes on it
- `@dependabot squash and merge` will squash and merge this PR after your CI passes on it
- `@dependabot cancel merge` will cancel a previously requested merge and block automerging
- `@dependabot reopen` will reopen this PR if it is closed
- `@dependabot close` will close this PR and stop Dependabot recreating it. You can achieve the same result by closing it manually
- `@dependabot ignore this major version` will close this PR and stop Dependabot creating any more for this major version (unless you reopen the PR or upgrade to it yourself)
- `@dependabot ignore this minor version` will close this PR and stop Dependabot creating any more for this minor version (unless you reopen the PR or upgrade to it yourself)
- `@dependabot ignore this dependency` will close this PR and stop Dependabot creating any more for this dependency (unless you reopen the PR or upgrade to it yourself)
- `@dependabot use these labels` will set the current labels as the default for future PRs for this repo and language
- `@dependabot use these reviewers` will set the current reviewers as the default for future PRs for this repo and language
- `@dependabot use these assignees` will set the current assignees as the default for future PRs for this repo and language
- `@dependabot use this milestone` will set the current milestone as the default for future PRs for this repo and language
- `@dependabot badge me` will comment on this PR with code to add a ""Dependabot enabled"" badge to your readme

Additionally, you can set the following in your Dependabot [dashboard](https://app.dependabot.com):
- Update frequency (including time of day and day of week)
- Pull request limits (per update run and/or open at any time)
- Automerge options (never/patch/minor, and dev/runtime dependencies)
- Out-of-range updates (receive only lockfile updates, if desired)
- Security updates (receive only security updates, if desired)



</details>",https://github.com/pallets/flask/pull/3773,dependabot-preview[bot],CONTRIBUTOR,closed,False,master,dependabot/pip/greenlet-0.4.17,2020-10-01 08:24:05+00:00,2020-11-14 00:59:38+00:00,2020-10-01 08:26:45+00:00,2020-10-01 08:26:44+00:00,1,0.0444444444444444,0.0441666666666666,2,2,4,2,1,35,5485,533,['dependencies'],1,[],0,2,0,0,0,0,0,2,0,0,False,False,False,False,Merged,2020-Q4,2020-10-01,2020-12-31,Merged,True,False,False,False,False,False,False,False,False,True,True,False,False,False,False,False,False,False,False,False,2,True,1,Merged,8.60995467149755,6.280395838960195,1.0986122886681098,1.0986122886681098,1.6094379124341005,1.0986122886681098,0.6931471805599453,True,True,False,True,2.0,0.5,False,False,Very small,2020,10,4,3,8,False,Thursday,Previous contributor,0,0,0,0,train
pallets/flask,3785,Add python 3.9 to CI.,"Python 3.9 was released on October 5, 2020. Add 3.9 to CI and tox.

Actions support for Python 3.9 : https://github.com/actions/setup-python/issues/148
",https://github.com/pallets/flask/pull/3785,tirkarthi,CONTRIBUTOR,closed,False,master,add-py39,2020-10-10 05:36:13+00:00,2020-11-16 00:12:11+00:00,2020-11-01 03:05:26+00:00,2020-11-01 03:05:26+00:00,1,525.4869444444445,525.4869444444445,8,8,16,3,3,21,153,21,[],0,[],0,3,0,0,2,0,0,3,0,0,False,False,True,False,Merged,2020-Q4,2020-10-01,2020-12-31,Merged,True,True,True,True,False,False,False,False,False,False,False,False,False,False,False,False,False,False,False,False,3,True,1,Merged,5.0369526024136295,3.091042453358316,2.19722457733622,2.19722457733622,2.833213344056216,1.3862943611198906,1.3862943611198906,True,False,False,False,5.333333333333333,0.5,False,True,Small,2020,10,4,5,5,True,Saturday,Previous contributor,1,1,1,1,train
pallets/flask,3790,Bump pytest from 6.0.2 to 6.1.1,"Bumps [pytest](https://github.com/pytest-dev/pytest) from 6.0.2 to 6.1.1.
<details>
<summary>Release notes</summary>
<p><em>Sourced from <a href=""https://github.com/pytest-dev/pytest/releases"">pytest's releases</a>.</em></p>
<blockquote>
<h2>6.1.1</h2>
<h1>pytest 6.1.1 (2020-10-03)</h1>
<h2>Bug Fixes</h2>
<ul>
<li><a href=""https://github-redirect.dependabot.com/pytest-dev/pytest/issues/7807"">#7807</a>: Fixed regression in pytest 6.1.0 causing incorrect rootdir to be determined in some non-trivial cases where parent directories have config files as well.</li>
<li><a href=""https://github-redirect.dependabot.com/pytest-dev/pytest/issues/7814"">#7814</a>: Fixed crash in header reporting when testpaths is used and contains absolute paths (regression in 6.1.0).</li>
</ul>
<h2>6.1.0</h2>
<h1>pytest 6.1.0 (2020-09-26)</h1>
<h2>Breaking Changes</h2>
<ul>
<li>
<p><a href=""https://github-redirect.dependabot.com/pytest-dev/pytest/issues/5585"">#5585</a>: As per our policy, the following features which have been deprecated in the 5.X series are now
removed:</p>
<ul>
<li>The <code>funcargnames</code> read-only property of <code>FixtureRequest</code>, <code>Metafunc</code>, and <code>Function</code> classes. Use <code>fixturenames</code> attribute.</li>
<li><code>@pytest.fixture</code> no longer supports positional arguments, pass all arguments by keyword instead.</li>
<li>Direct construction of <code>Node</code> subclasses now raise an error, use <code>from_parent</code> instead.</li>
<li>The default value for <code>junit_family</code> has changed to <code>xunit2</code>. If you require the old format, add <code>junit_family=xunit1</code> to your configuration file.</li>
<li>The <code>TerminalReporter</code> no longer has a <code>writer</code> attribute. Plugin authors may use the public functions of the <code>TerminalReporter</code> instead of accessing the <code>TerminalWriter</code> object directly.</li>
<li>The <code>--result-log</code> option has been removed. Users are recommended to use the <a href=""https://github.com/pytest-dev/pytest-reportlog"">pytest-reportlog</a> plugin instead.</li>
</ul>
<p>For more information consult
<a href=""https://docs.pytest.org/en/stable/deprecations.html"">Deprecations and Removals</a> in the docs.</p>
</li>
</ul>
<h2>Deprecations</h2>
<ul>
<li>
<p><a href=""https://github-redirect.dependabot.com/pytest-dev/pytest/issues/6981"">#6981</a>: The <code>pytest.collect</code> module is deprecated: all its names can be imported from <code>pytest</code> directly.</p>
</li>
<li>
<p><a href=""https://github-redirect.dependabot.com/pytest-dev/pytest/issues/7097"">#7097</a>: The <code>pytest._fillfuncargs</code> function is deprecated. This function was kept
for backward compatibility with an older plugin.</p>
<p>It's functionality is not meant to be used directly, but if you must replace
it, use function._request._fillfixtures() instead, though note this is not
a public API and may break in the future.</p>
</li>
<li>
<p><a href=""https://github-redirect.dependabot.com/pytest-dev/pytest/issues/7210"">#7210</a>: The special <code>-k '-expr'</code> syntax to <code>-k</code> is deprecated. Use <code>-k 'not expr'</code>
instead.</p>
<p>The special <code>-k 'expr:'</code> syntax to <code>-k</code> is deprecated. Please open an issue
if you use this and want a replacement.</p>
</li>
<li>
<p><a href=""https://github-redirect.dependabot.com/pytest-dev/pytest/issues/7255"">#7255</a>: The pytest_warning_captured &lt;_pytest.hookspec.pytest_warning_captured&gt; hook is deprecated in favor
of pytest_warning_recorded &lt;_pytest.hookspec.pytest_warning_recorded&gt;, and will be removed in a future version.</p>
</li>
<li>
<p><a href=""https://github-redirect.dependabot.com/pytest-dev/pytest/issues/7648"">#7648</a>: The <code>gethookproxy()</code> and <code>isinitpath()</code> methods of <code>FSCollector</code> and <code>Package</code> are deprecated;</p>
</li>
</ul>
<!-- raw HTML omitted -->
</blockquote>
</details>
<details>
<summary>Changelog</summary>
<p><em>Sourced from <a href=""https://github.com/pytest-dev/pytest/blob/master/CHANGELOG.rst"">pytest's changelog</a>.</em></p>
</details>
<details>
<summary>Commits</summary>
<ul>
<li><a href=""https://github.com/pytest-dev/pytest/commit/0ad20b533ffc52ced7bb1a03fba664615e90c093""><code>0ad20b5</code></a> Prepare release version 6.1.1</li>
<li><a href=""https://github.com/pytest-dev/pytest/commit/9df5267648c2e1dc89e114487f2d0a1ce40bb0cb""><code>9df5267</code></a> Merge pull request <a href=""https://github-redirect.dependabot.com/pytest-dev/pytest/issues/7842"">#7842</a> from bluetech/backport-7817</li>
<li><a href=""https://github.com/pytest-dev/pytest/commit/1521849c87bfcad186b37c974417365b4d9163fe""><code>1521849</code></a> terminal: fix crash in header reporting when absolute testpaths is used</li>
<li><a href=""https://github.com/pytest-dev/pytest/commit/bcb94c4c8b1c8d3ffa9d7f4cb14b43ce7b2c8897""><code>bcb94c4</code></a> Merge pull request <a href=""https://github-redirect.dependabot.com/pytest-dev/pytest/issues/7822"">#7822</a> from bluetech/backport-7813</li>
<li><a href=""https://github.com/pytest-dev/pytest/commit/0f83df4f5547a6f72ef5ef070dab30f2ee372eb4""><code>0f83df4</code></a> Merge pull request <a href=""https://github-redirect.dependabot.com/pytest-dev/pytest/issues/7813"">#7813</a> from bluetech/findpaths-confusion</li>
<li><a href=""https://github.com/pytest-dev/pytest/commit/330caac2ca94902d8fa7b40fec9a181feec6ed2f""><code>330caac</code></a> [6.1.x] Improve docs about plugin discovery/loading at startup (<a href=""https://github-redirect.dependabot.com/pytest-dev/pytest/issues/7803"">#7803</a>)</li>
<li><a href=""https://github.com/pytest-dev/pytest/commit/08a1ab3a8acdfdeffd8f07058b44743df1d90150""><code>08a1ab3</code></a> Merge pull request <a href=""https://github-redirect.dependabot.com/pytest-dev/pytest/issues/7797"">#7797</a> from pytest-dev/release-6.1.0</li>
<li><a href=""https://github.com/pytest-dev/pytest/commit/868bc003ecb0af65548c14de997205cc0e37c3c6""><code>868bc00</code></a> Prepare release version 6.1.0</li>
<li><a href=""https://github.com/pytest-dev/pytest/commit/0b327cc75b5f7452eb80c604ce51c032da316a4b""><code>0b327cc</code></a> Merge pull request <a href=""https://github-redirect.dependabot.com/pytest-dev/pytest/issues/7796"">#7796</a> from bluetech/changelog-cleanups</li>
<li><a href=""https://github.com/pytest-dev/pytest/commit/d3c746eb8eb96e68e1c2624a46d99b9e60d455ec""><code>d3c746e</code></a> changelog: some consistency cleanups</li>
<li>Additional commits viewable in <a href=""https://github.com/pytest-dev/pytest/compare/6.0.2...6.1.1"">compare view</a></li>
</ul>
</details>
<br />


[![Dependabot compatibility score](https://api.dependabot.com/badges/compatibility_score?dependency-name=pytest&package-manager=pip&previous-version=6.0.2&new-version=6.1.1)](https://dependabot.com/compatibility-score/?dependency-name=pytest&package-manager=pip&previous-version=6.0.2&new-version=6.1.1)

Dependabot will resolve any conflicts with this PR as long as you don't alter it yourself. You can also trigger a rebase manually by commenting `@dependabot rebase`.

[//]: # (dependabot-automerge-start)
If all status checks pass Dependabot will automatically merge this pull request.

[//]: # (dependabot-automerge-end)

---

<details>
<summary>Dependabot commands and options</summary>
<br />

You can trigger Dependabot actions by commenting on this PR:
- `@dependabot rebase` will rebase this PR
- `@dependabot recreate` will recreate this PR, overwriting any edits that have been made to it
- `@dependabot merge` will merge this PR after your CI passes on it
- `@dependabot squash and merge` will squash and merge this PR after your CI passes on it
- `@dependabot cancel merge` will cancel a previously requested merge and block automerging
- `@dependabot reopen` will reopen this PR if it is closed
- `@dependabot close` will close this PR and stop Dependabot recreating it. You can achieve the same result by closing it manually
- `@dependabot ignore this major version` will close this PR and stop Dependabot creating any more for this major version (unless you reopen the PR or upgrade to it yourself)
- `@dependabot ignore this minor version` will close this PR and stop Dependabot creating any more for this minor version (unless you reopen the PR or upgrade to it yourself)
- `@dependabot ignore this dependency` will close this PR and stop Dependabot creating any more for this dependency (unless you reopen the PR or upgrade to it yourself)
- `@dependabot use these labels` will set the current labels as the default for future PRs for this repo and language
- `@dependabot use these reviewers` will set the current reviewers as the default for future PRs for this repo and language
- `@dependabot use these assignees` will set the current assignees as the default for future PRs for this repo and language
- `@dependabot use this milestone` will set the current milestone as the default for future PRs for this repo and language
- `@dependabot badge me` will comment on this PR with code to add a ""Dependabot enabled"" badge to your readme

Additionally, you can set the following in your Dependabot [dashboard](https://app.dependabot.com):
- Update frequency (including time of day and day of week)
- Pull request limits (per update run and/or open at any time)
- Automerge options (never/patch/minor, and dev/runtime dependencies)
- Out-of-range updates (receive only lockfile updates, if desired)
- Security updates (receive only security updates, if desired)



</details>",https://github.com/pallets/flask/pull/3790,dependabot-preview[bot],CONTRIBUTOR,closed,False,master,dependabot/pip/pytest-6.1.1,2020-10-15 21:01:43+00:00,2020-11-14 00:59:34+00:00,2020-10-15 21:03:40+00:00,2020-10-15 21:03:40+00:00,1,0.0325,0.0325,2,4,6,2,1,31,9547,891,['dependencies'],1,[],0,2,0,0,0,0,0,2,0,0,False,False,False,False,Merged,2020-Q4,2020-10-01,2020-12-31,Merged,True,False,False,False,False,False,False,False,False,True,True,False,False,False,False,False,False,False,False,False,2,True,1,Merged,9.16408698745872,6.79346613258001,1.0986122886681098,1.6094379124341005,1.9459101490553128,1.0986122886681098,0.6931471805599453,True,True,False,True,3.0,0.6666666666666666,False,False,Very small,2020,10,4,3,21,False,Thursday,Previous contributor,0,0,0,0,train
pallets/flask,3802,[Minor changes] Update documentation by removing outdated information,"I noticed something about the market share of Internet Explorer and thought ""that can't be true"". After fixing that I also found out that Mark Pilgrim's book has been published, so I updated that as well.
",https://github.com/pallets/flask/pull/3802,bartbroere,CONTRIBUTOR,closed,False,master,update-html-doc,2020-10-21 20:20:14+00:00,2020-11-14 00:59:31+00:00,2020-10-21 21:13:43+00:00,2020-10-21 21:13:43+00:00,1,0.8913888888888889,0.8913888888888889,2,3,5,1,5,69,204,36,['docs'],1,[],0,1,0,1,0,0,0,1,0,0,False,True,False,False,Merged,2020-Q4,2020-10-01,2020-12-31,Merged,True,True,False,False,False,False,False,False,False,False,False,False,False,False,False,False,False,False,False,False,1,True,1,Merged,5.3230099791384085,3.610917912644224,1.0986122886681098,1.3862943611198906,1.791759469228055,0.6931471805599453,1.791759469228055,True,False,False,False,5.0,0.6,False,True,Very small,2020,10,4,2,20,False,Wednesday,Previous contributor,0,0,0,0,train
pallets/flask,3816,Updating external_url_handler example to Python 3,"The external_url_handler in the documentation for `flask.url_for`
example [1] now uses Python 3 compatible `E(V).with_traceback(T)`
instead of the old `raise E, V, T`.

[1]: https://flask.palletsprojects.com/en/1.1.x/api/#flask.url_for

See also
https://docs.python.org/3/library/2to3.html?highlight=raise#2to3fixer-raise",https://github.com/pallets/flask/pull/3816,shoeffner,CONTRIBUTOR,closed,False,master,master,2020-10-29 15:52:26+00:00,2020-11-14 00:59:27+00:00,2020-10-29 16:33:21+00:00,2020-10-29 16:33:21+00:00,1,0.6819444444444445,0.6819444444444445,1,1,2,1,1,49,328,28,['docs'],1,[],0,1,0,0,0,0,0,1,0,0,False,False,False,False,Merged,2020-Q4,2020-10-01,2020-12-31,Merged,True,False,False,False,False,False,False,False,False,False,False,False,False,False,False,False,False,False,False,False,0,False,1,Merged,5.796057750765372,3.367295829986474,0.6931471805599453,0.6931471805599453,1.0986122886681098,0.6931471805599453,0.6931471805599453,True,False,False,False,2.0,0.5,False,False,Very small,2020,10,4,3,15,False,Thursday,Previous contributor,0,0,0,0,train
pallets/flask,3819,Bump tox from 3.20.0 to 3.20.1,"[//]: # (dependabot-start)
⚠️  **Dependabot is rebasing this PR** ⚠️ 

If you make any changes to it yourself then they will take precedence over the rebase.

---

[//]: # (dependabot-end)

Bumps [tox](https://github.com/tox-dev/tox) from 3.20.0 to 3.20.1.
<details>
<summary>Changelog</summary>
<p><em>Sourced from <a href=""https://github.com/tox-dev/tox/blob/master/docs/changelog.rst"">tox's changelog</a>.</em></p>
<blockquote>
<h1>v3.20.1 (2020-10-09)</h1>
<h2>Bugfixes</h2>
<ul>
<li>Relax importlib requirement to allow version&lt;3 - by usamasadiq <a href=""https://github-redirect.dependabot.com/tox-dev/tox/issues/1682"">#1682</a></li>
</ul>
</blockquote>
</details>
<details>
<summary>Commits</summary>
<ul>
<li><a href=""https://github.com/tox-dev/tox/commit/e4285063289fd3550427ef47a5e681cb41addbee""><code>e428506</code></a> release 3.20.1</li>
<li><a href=""https://github.com/tox-dev/tox/commit/e66fc6d717bfe22c4f34548e5c40f711b27b4b19""><code>e66fc6d</code></a> Fix negated factor condition example for not-a-and-not-b (<a href=""https://github-redirect.dependabot.com/tox-dev/tox/issues/1683"">#1683</a>)</li>
<li><a href=""https://github.com/tox-dev/tox/commit/cfe38bb853ff8573817c640a158b87eaad5b6e01""><code>cfe38bb</code></a> Update general.rst (<a href=""https://github-redirect.dependabot.com/tox-dev/tox/issues/1685"">#1685</a>)</li>
<li><a href=""https://github.com/tox-dev/tox/commit/471b39f0edd015b8e873695c3cfb893ede36fae6""><code>471b39f</code></a> Update constraint for importlib-metadata (<a href=""https://github-redirect.dependabot.com/tox-dev/tox/issues/1682"">#1682</a>)</li>
<li><a href=""https://github.com/tox-dev/tox/commit/9120bc77d94ea7efcc77c13249297e2f4b023b89""><code>9120bc7</code></a> Some headings aren't completely fixed, yet (<a href=""https://github-redirect.dependabot.com/tox-dev/tox/issues/1676"">#1676</a>)</li>
<li><a href=""https://github.com/tox-dev/tox/commit/c2f6c9cb9a1d70ac79524076845bc32ed25489ad""><code>c2f6c9c</code></a> Make headings consistent (<a href=""https://github-redirect.dependabot.com/tox-dev/tox/issues/1675"">#1675</a>)</li>
<li><a href=""https://github.com/tox-dev/tox/commit/800b4cc1261b490a8afa34b44dc804a82ecf0b81""><code>800b4cc</code></a> Improve docs grammar and clarity. (<a href=""https://github-redirect.dependabot.com/tox-dev/tox/issues/1671"">#1671</a>)</li>
<li><a href=""https://github.com/tox-dev/tox/commit/e9071c17f51031dd397f0b716fdb58a4a7df66be""><code>e9071c1</code></a> Merge pull request <a href=""https://github-redirect.dependabot.com/tox-dev/tox/issues/1669"">#1669</a> from tox-dev/release-3.20.0</li>
<li>See full diff in <a href=""https://github.com/tox-dev/tox/compare/3.20.0...3.20.1"">compare view</a></li>
</ul>
</details>
<br />


[![Dependabot compatibility score](https://api.dependabot.com/badges/compatibility_score?dependency-name=tox&package-manager=pip&previous-version=3.20.0&new-version=3.20.1)](https://dependabot.com/compatibility-score/?dependency-name=tox&package-manager=pip&previous-version=3.20.0&new-version=3.20.1)

Dependabot will resolve any conflicts with this PR as long as you don't alter it yourself. You can also trigger a rebase manually by commenting `@dependabot rebase`.

[//]: # (dependabot-automerge-start)
If all status checks pass Dependabot will automatically merge this pull request.

[//]: # (dependabot-automerge-end)

---

<details>
<summary>Dependabot commands and options</summary>
<br />

You can trigger Dependabot actions by commenting on this PR:
- `@dependabot rebase` will rebase this PR
- `@dependabot recreate` will recreate this PR, overwriting any edits that have been made to it
- `@dependabot merge` will merge this PR after your CI passes on it
- `@dependabot squash and merge` will squash and merge this PR after your CI passes on it
- `@dependabot cancel merge` will cancel a previously requested merge and block automerging
- `@dependabot reopen` will reopen this PR if it is closed
- `@dependabot close` will close this PR and stop Dependabot recreating it. You can achieve the same result by closing it manually
- `@dependabot ignore this major version` will close this PR and stop Dependabot creating any more for this major version (unless you reopen the PR or upgrade to it yourself)
- `@dependabot ignore this minor version` will close this PR and stop Dependabot creating any more for this minor version (unless you reopen the PR or upgrade to it yourself)
- `@dependabot ignore this dependency` will close this PR and stop Dependabot creating any more for this dependency (unless you reopen the PR or upgrade to it yourself)
- `@dependabot use these labels` will set the current labels as the default for future PRs for this repo and language
- `@dependabot use these reviewers` will set the current reviewers as the default for future PRs for this repo and language
- `@dependabot use these assignees` will set the current assignees as the default for future PRs for this repo and language
- `@dependabot use this milestone` will set the current milestone as the default for future PRs for this repo and language
- `@dependabot badge me` will comment on this PR with code to add a ""Dependabot enabled"" badge to your readme

Additionally, you can set the following in your Dependabot [dashboard](https://app.dependabot.com):
- Update frequency (including time of day and day of week)
- Pull request limits (per update run and/or open at any time)
- Automerge options (never/patch/minor, and dev/runtime dependencies)
- Out-of-range updates (receive only lockfile updates, if desired)
- Security updates (receive only security updates, if desired)



</details>",https://github.com/pallets/flask/pull/3819,dependabot-preview[bot],CONTRIBUTOR,closed,False,master,dependabot/pip/tox-3.20.1,2020-11-01 09:29:04+00:00,2020-11-16 00:12:09+00:00,2020-11-01 13:21:27+00:00,2020-11-01 13:21:27+00:00,1,3.873055555555556,3.873055555555556,4,3,7,1,1,30,5600,556,['dependencies'],1,[],0,1,0,0,0,0,0,1,0,0,False,False,False,False,Merged,2020-Q4,2020-10-01,2020-12-31,Merged,True,False,False,False,False,False,False,False,False,True,True,False,False,False,False,False,False,False,False,False,2,True,1,Merged,8.630700432209832,6.322565239927284,1.6094379124341005,1.3862943611198906,2.079441541679836,0.6931471805599453,0.6931471805599453,True,True,False,True,7.0,0.4285714285714285,False,False,Very small,2020,11,4,6,9,True,Sunday,Previous contributor,0,0,0,0,train
pallets/flask,3823,update requirements,,https://github.com/pallets/flask/pull/3823,davidism,MEMBER,closed,False,master,update-requirements,2020-11-01 13:27:53+00:00,2020-11-16 00:12:09+00:00,2020-11-01 13:30:03+00:00,2020-11-01 13:30:03+00:00,1,0.0361111111111111,0.0361111111111111,33,35,68,7,1,19,0,0,[],0,[],0,7,1,0,1,0,0,7,0,0,True,False,True,False,Merged,2020-Q4,2020-10-01,2020-12-31,Merged,True,False,False,True,True,True,True,False,False,False,False,False,True,False,False,False,False,False,False,False,5,True,1,Merged,0.0,0.0,3.5263605246161616,3.58351893845611,4.23410650459726,2.079441541679836,0.6931471805599453,False,False,False,False,9.714285714285714,0.5147058823529411,False,False,Medium,2020,11,4,6,13,True,Sunday,Internal or trusted,0,0,0,0,train
pallets/flask,3828,move send_file and send_from_directory to Werkzeug,"The implementations were moved to Werkzeug (pallets/werkzeug#1850, pallets/werkzeug#1962). Flask's functions become wrappers around Werkzeug to pass some Flask-specific values.

`cache_timeout` is renamed to `max_age`. `SEND_FILE_MAX_AGE_DEFAULT`, `app.send_file_max_age_default`, and `app.get_send_file_max_age` defaults to `None`. This tells the browser to use conditional requests rather than a 12 hour cache. (pallets/werkzeug#1886)

`attachment_filename` is renamed to `download_name`, and is always sent if a name is known. (pallets/werkzeug#1884)

Deprecate `helpers.safe_join` in favor of `werkzeug.utils.safe_join`.

Removed most of the tests, they're tested in Werkzeug.

In the file upload example, renamed the `uploaded_file` view to `download_file` to avoid a common source of confusion.",https://github.com/pallets/flask/pull/3828,davidism,MEMBER,closed,False,master,move-send-file,2020-11-05 17:23:01+00:00,2020-11-20 00:12:16+00:00,2020-11-05 17:33:14+00:00,2020-11-05 17:33:14+00:00,1,0.1702777777777777,0.1702777777777777,259,653,912,8,1,50,810,94,[],0,[],0,8,3,3,0,0,0,8,0,0,True,True,False,False,Merged,2020-Q4,2020-10-01,2020-12-31,Merged,True,False,False,False,True,True,True,True,True,False,False,False,True,True,False,False,False,False,False,False,7,True,1,Merged,6.698268054115413,4.553876891600541,5.560681631015528,6.483107351457199,6.816735880594968,2.19722457733622,0.6931471805599453,True,True,False,False,114.0,0.7160087719298246,False,False,Very large,2020,11,4,3,17,False,Thursday,Internal or trusted,0,0,0,0,train
pallets/flask,3836,Fix ci environment command syntax,"This change fixes the incorrect syntax introduced by #3835. Sorry about the mixup!
It has just come to my attention that I mistakenly committed the incorrect new syntax:
```
run: echo ""name=PY::$(python -VV | sha256sum | cut -d' ' -f1)"" >> $GITHUB_ENV
```
should become
```
run: echo ""PY=$(python -VV | sha256sum | cut -d' ' -f1)"" >> $GITHUB_ENV
```",https://github.com/pallets/flask/pull/3836,plourenco,CONTRIBUTOR,closed,False,master,ci-env-deprecated-fix,2020-11-17 17:53:12+00:00,2020-12-02 00:14:06+00:00,2020-11-17 17:58:44+00:00,2020-11-17 17:58:44+00:00,1,0.0922222222222222,0.0922222222222222,1,1,2,1,1,33,357,60,[],0,[],0,1,0,0,1,0,0,1,0,0,False,False,True,False,Merged,2020-Q4,2020-10-01,2020-12-31,Merged,True,False,False,True,False,False,False,False,False,False,False,False,False,False,False,False,False,False,False,False,1,True,1,Merged,5.8805329864007,4.110873864173311,0.6931471805599453,0.6931471805599453,1.0986122886681098,0.6931471805599453,0.6931471805599453,True,True,False,False,2.0,0.5,False,False,Very small,2020,11,4,1,17,False,Tuesday,Previous contributor,0,0,0,0,train
pallets/flask,3854,[pre-commit.ci] pre-commit autoupdate,,https://github.com/pallets/flask/pull/3854,pre-commit-ci[bot],CONTRIBUTOR,closed,False,master,pre-commit-ci-update-config,2020-12-21 16:44:53+00:00,2021-01-06 00:28:52+00:00,2020-12-22 05:51:15+00:00,2020-12-22 05:51:15+00:00,1,13.106111111111112,13.106111111111112,1,1,2,1,1,37,0,0,[],0,[],0,1,0,0,1,0,0,1,0,0,False,False,True,False,Merged,2020-Q4,2020-10-01,2020-12-31,Merged,True,False,False,True,False,False,False,False,False,False,False,False,False,False,False,False,False,False,False,False,1,True,1,Merged,0.0,0.0,0.6931471805599453,0.6931471805599453,1.0986122886681098,0.6931471805599453,0.6931471805599453,False,False,False,False,2.0,0.5,False,False,Very small,2020,12,4,0,16,False,Monday,Previous contributor,0,0,0,0,train
pallets/flask,3855,Bump sphinx from 3.2.1 to 3.4.1,"Bumps [sphinx](https://github.com/sphinx-doc/sphinx) from 3.2.1 to 3.4.1.
<details>
<summary>Changelog</summary>
<p><em>Sourced from <a href=""https://github.com/sphinx-doc/sphinx/blob/3.x/CHANGES"">sphinx's changelog</a>.</em></p>
<blockquote>
<h1>Release 3.4.1 (released Dec 25, 2020)</h1>
<h2>Bugs fixed</h2>
<ul>
<li><a href=""https://github-redirect.dependabot.com/sphinx-doc/sphinx/issues/8559"">#8559</a>: autodoc: AttributeError is raised when using forward-reference type
annotations</li>
<li><a href=""https://github-redirect.dependabot.com/sphinx-doc/sphinx/issues/8568"">#8568</a>: autodoc: TypeError is raised on checking slots attribute</li>
<li><a href=""https://github-redirect.dependabot.com/sphinx-doc/sphinx/issues/8567"">#8567</a>: autodoc: Instance attributes are incorrectly added to Parent class</li>
<li><a href=""https://github-redirect.dependabot.com/sphinx-doc/sphinx/issues/8566"">#8566</a>: autodoc: The <code>autodoc-process-docstring</code> event is emitted to the
alias classes unexpectedly</li>
<li><a href=""https://github-redirect.dependabot.com/sphinx-doc/sphinx/issues/8583"">#8583</a>: autodoc: Unnecessary object comparision via <code>__eq__</code> method</li>
<li><a href=""https://github-redirect.dependabot.com/sphinx-doc/sphinx/issues/8565"">#8565</a>: linkcheck: Fix PriorityQueue crash when link tuples are not
comparable</li>
</ul>
<h1>Release 3.4.0 (released Dec 20, 2020)</h1>
<h2>Incompatible changes</h2>
<ul>
<li><a href=""https://github-redirect.dependabot.com/sphinx-doc/sphinx/issues/8105"">#8105</a>: autodoc: the signature of class constructor will be shown for decorated
classes, not a signature of decorator</li>
</ul>
<h2>Deprecated</h2>
<ul>
<li>The <code>follow_wrapped</code> argument of <code>sphinx.util.inspect.signature()</code></li>
<li>The <code>no_docstring</code> argument of
<code>sphinx.ext.autodoc.Documenter.add_content()</code></li>
<li><code>sphinx.ext.autodoc.Documenter.get_object_members()</code></li>
<li><code>sphinx.ext.autodoc.DataDeclarationDocumenter</code></li>
<li><code>sphinx.ext.autodoc.GenericAliasDocumenter</code></li>
<li><code>sphinx.ext.autodoc.InstanceAttributeDocumenter</code></li>
<li><code>sphinx.ext.autodoc.SlotsAttributeDocumenter</code></li>
<li><code>sphinx.ext.autodoc.TypeVarDocumenter</code></li>
<li><code>sphinx.ext.autodoc.importer._getannotations()</code></li>
<li><code>sphinx.ext.autodoc.importer._getmro()</code></li>
<li><code>sphinx.pycode.ModuleAnalyzer.parse()</code></li>
<li><code>sphinx.util.osutil.movefile()</code></li>
<li><code>sphinx.util.requests.is_ssl_error()</code></li>
</ul>
<h2>Features added</h2>
<ul>
<li><a href=""https://github-redirect.dependabot.com/sphinx-doc/sphinx/issues/8119"">#8119</a>: autodoc: Allow to determine whether a member not included in
<code>__all__</code> attribute of the module should be documented or not via
:event:<code>autodoc-skip-member</code> event</li>
<li><a href=""https://github-redirect.dependabot.com/sphinx-doc/sphinx/issues/8219"">#8219</a>: autodoc: Parameters for generic class are not shown when super class is</li>
</ul>
<!-- raw HTML omitted -->
</blockquote>
</details>
<details>
<summary>Commits</summary>
<ul>
<li><a href=""https://github.com/sphinx-doc/sphinx/commit/f5406b918791d9504ca6638330d89dbd86ebcb93""><code>f5406b9</code></a> Bump to 3.4.1 final</li>
<li><a href=""https://github.com/sphinx-doc/sphinx/commit/b94752a293c37d61ee89bc4a9f3e5b937fde525d""><code>b94752a</code></a> Merge pull request <a href=""https://github-redirect.dependabot.com/sphinx-doc/sphinx/issues/8585"">#8585</a> from tk0miya/8583_unnecessary_eq</li>
<li><a href=""https://github.com/sphinx-doc/sphinx/commit/5c39d0c0688d011a26b806f9bcc90d194ad292f0""><code>5c39d0c</code></a> Fix <a href=""https://github-redirect.dependabot.com/sphinx-doc/sphinx/issues/8583"">#8583</a>: autodoc: Unnecessary object comparision via <code>__eq__</code> method</li>
<li><a href=""https://github.com/sphinx-doc/sphinx/commit/043260481b59c922fea042a1e9bbc4ff32fa1069""><code>0432604</code></a> Merge pull request <a href=""https://github-redirect.dependabot.com/sphinx-doc/sphinx/issues/8581"">#8581</a> from tk0miya/8566_autodoc_process_docstring_for_alia...</li>
<li><a href=""https://github.com/sphinx-doc/sphinx/commit/df8ab215c0c30da1de6ddadfef957b447510778a""><code>df8ab21</code></a> Fix <a href=""https://github-redirect.dependabot.com/sphinx-doc/sphinx/issues/8566"">#8566</a>: autodoc-process-docstring is emitted to the alias classes</li>
<li><a href=""https://github.com/sphinx-doc/sphinx/commit/46eaa5db8005492ae2ff28208f95b9ea8dab62b5""><code>46eaa5d</code></a> Merge pull request <a href=""https://github-redirect.dependabot.com/sphinx-doc/sphinx/issues/8579"">#8579</a> from francoisfreitag/fix-queue</li>
<li><a href=""https://github.com/sphinx-doc/sphinx/commit/a1b8b1febb6ce0b7423bb78df30b0fc424c12325""><code>a1b8b1f</code></a> Ensure linkcheck items are comparable</li>
<li><a href=""https://github.com/sphinx-doc/sphinx/commit/955d6558ec155dffaef999d890c2cdb224cbfbb9""><code>955d655</code></a> Merge pull request <a href=""https://github-redirect.dependabot.com/sphinx-doc/sphinx/issues/8571"">#8571</a> from tk0miya/8567_wrong_ivars_in_parent_class</li>
<li><a href=""https://github.com/sphinx-doc/sphinx/commit/70bb2262d6677e5bcf2c85786b5f410a3a0f68aa""><code>70bb226</code></a> Fix <a href=""https://github-redirect.dependabot.com/sphinx-doc/sphinx/issues/8567"">#8567</a>: autodoc: Instance attributes are incorrectly added to Parent class</li>
<li><a href=""https://github.com/sphinx-doc/sphinx/commit/31cad2ebe7a205154e1374bfa52338111e515719""><code>31cad2e</code></a> Merge pull request <a href=""https://github-redirect.dependabot.com/sphinx-doc/sphinx/issues/8570"">#8570</a> from tk0miya/8569_getslots_TypeError</li>
<li>Additional commits viewable in <a href=""https://github.com/sphinx-doc/sphinx/compare/v3.2.1...v3.4.1"">compare view</a></li>
</ul>
</details>
<br />


[![Dependabot compatibility score](https://api.dependabot.com/badges/compatibility_score?dependency-name=sphinx&package-manager=pip&previous-version=3.2.1&new-version=3.4.1)](https://dependabot.com/compatibility-score/?dependency-name=sphinx&package-manager=pip&previous-version=3.2.1&new-version=3.4.1)

Dependabot will resolve any conflicts with this PR as long as you don't alter it yourself. You can also trigger a rebase manually by commenting `@dependabot rebase`.

[//]: # (dependabot-automerge-start)
If all status checks pass Dependabot will automatically merge this pull request.

[//]: # (dependabot-automerge-end)

---

<details>
<summary>Dependabot commands and options</summary>
<br />

You can trigger Dependabot actions by commenting on this PR:
- `@dependabot rebase` will rebase this PR
- `@dependabot recreate` will recreate this PR, overwriting any edits that have been made to it
- `@dependabot merge` will merge this PR after your CI passes on it
- `@dependabot squash and merge` will squash and merge this PR after your CI passes on it
- `@dependabot cancel merge` will cancel a previously requested merge and block automerging
- `@dependabot reopen` will reopen this PR if it is closed
- `@dependabot close` will close this PR and stop Dependabot recreating it. You can achieve the same result by closing it manually
- `@dependabot ignore this major version` will close this PR and stop Dependabot creating any more for this major version (unless you reopen the PR or upgrade to it yourself)
- `@dependabot ignore this minor version` will close this PR and stop Dependabot creating any more for this minor version (unless you reopen the PR or upgrade to it yourself)
- `@dependabot ignore this dependency` will close this PR and stop Dependabot creating any more for this dependency (unless you reopen the PR or upgrade to it yourself)
- `@dependabot use these labels` will set the current labels as the default for future PRs for this repo and language
- `@dependabot use these reviewers` will set the current reviewers as the default for future PRs for this repo and language
- `@dependabot use these assignees` will set the current assignees as the default for future PRs for this repo and language
- `@dependabot use this milestone` will set the current milestone as the default for future PRs for this repo and language
- `@dependabot badge me` will comment on this PR with code to add a ""Dependabot enabled"" badge to your readme

Additionally, you can set the following in your Dependabot [dashboard](https://app.dependabot.com):
- Update frequency (including time of day and day of week)
- Pull request limits (per update run and/or open at any time)
- Automerge options (never/patch/minor, and dev/runtime dependencies)
- Out-of-range updates (receive only lockfile updates, if desired)
- Security updates (receive only security updates, if desired)



</details>",https://github.com/pallets/flask/pull/3855,dependabot-preview[bot],CONTRIBUTOR,closed,False,master,dependabot/pip/sphinx-3.4.1,2021-01-01 09:42:03+00:00,2021-01-16 00:47:33+00:00,2021-01-01 09:44:49+00:00,2021-01-01 09:44:49+00:00,1,0.0461111111111111,0.0461111111111111,2,2,4,2,1,31,8793,719,['dependencies'],1,[],0,2,0,0,0,0,0,2,0,0,False,False,False,False,Merged,2021-Q1,2021-01-01,2021-03-31,Merged,True,False,False,False,False,False,False,False,False,True,True,False,False,False,False,False,False,False,False,False,2,True,1,Merged,9.081824949740756,6.579251212010101,1.0986122886681098,1.0986122886681098,1.6094379124341005,1.0986122886681098,0.6931471805599453,True,True,False,True,2.0,0.5,False,False,Very small,2021,1,1,4,9,False,Friday,Previous contributor,0,0,0,0,train
pallets/flask,3859,Bump packaging from 20.4 to 20.8,"Bumps [packaging](https://github.com/pypa/packaging) from 20.4 to 20.8.
<details>
<summary>Release notes</summary>
<p><em>Sourced from <a href=""https://github.com/pypa/packaging/releases"">packaging's releases</a>.</em></p>
<blockquote>
<h2>Release 20.8</h2>
<ul>
<li>Revert back to setuptools for compatibility purposes for some Linux distros (:issue:<code>363</code>)</li>
<li>Do not insert an underscore in wheel tags when the interpreter version number
is more than 2 digits (:issue:<code>372</code>)</li>
</ul>
<h2>20.7</h2>
<p>No release notes provided.</p>
<h2>20.6</h2>
<p>No release notes provided.</p>
<h2>20.5</h2>
<p>No release notes provided.</p>
</blockquote>
</details>
<details>
<summary>Changelog</summary>
<p><em>Sourced from <a href=""https://github.com/pypa/packaging/blob/master/CHANGELOG.rst"">packaging's changelog</a>.</em></p>
<blockquote>
<h1>20.8 - 2020-12-11</h1>
<ul>
<li>Revert back to setuptools for compatibility purposes for some Linux distros (363)</li>
<li>Do not insert an underscore in wheel tags when the interpreter version number is more than 2 digits (372)</li>
</ul>
<h1>20.7 - 2020-11-28</h1>
<p>No unreleased changes.</p>
<h1>20.6 - 2020-11-28</h1>
<!-- raw HTML omitted -->
<p>This release was subsequently yanked, and these changes were included in 20.7.</p>
<!-- raw HTML omitted -->
<ul>
<li>Fix flit configuration, to include LICENSE files (357)</li>
<li>Make intel a recognized CPU architecture for the universal macOS platform tag (361)</li>
<li>Add some missing type hints to packaging.requirements (issue:350)</li>
</ul>
<h1>20.5 - 2020-11-27</h1>
<ul>
<li>Officially support Python 3.9 (343)</li>
<li>Deprecate the <code>LegacyVersion</code> and <code>LegacySpecifier</code> classes (321)</li>
<li>Handle <code>OSError</code> on non-dynamic executables when attempting to resolve the glibc version string.</li>
</ul>
</blockquote>
</details>
<details>
<summary>Commits</summary>
<ul>
<li><a href=""https://github.com/pypa/packaging/commit/d93c6eea7d2caa637176426d255895bdf7db4f64""><code>d93c6ee</code></a> Bump for release</li>
<li><a href=""https://github.com/pypa/packaging/commit/1534da56169d16a5f6b0ba90f748161c717dca9b""><code>1534da5</code></a> Update noxfile.py for going back to setuptools</li>
<li><a href=""https://github.com/pypa/packaging/commit/b299c3ddb38c76e83e09ade2b719a4283a49b1c6""><code>b299c3d</code></a> Add a changelog entry for reverting underscores in wheel tags</li>
<li><a href=""https://github.com/pypa/packaging/commit/611982be44d7d91453a97082f58d8ea349f89d00""><code>611982b</code></a> Don't put an underscore in the version portion of Python 3.10 compatibility t...</li>
<li><a href=""https://github.com/pypa/packaging/commit/4b9b3f8edaf1feba2bc84ac12172f7d4af47e277""><code>4b9b3f8</code></a> Remove unused test fixture (<a href=""https://github-redirect.dependabot.com/pypa/packaging/issues/373"">#373</a>)</li>
<li><a href=""https://github.com/pypa/packaging/commit/7e47a46880a594f17d1b110d388d22e5ead19fc4""><code>7e47a46</code></a> Fill in some missing changelog entries (<a href=""https://github-redirect.dependabot.com/pypa/packaging/issues/370"">#370</a>)</li>
<li><a href=""https://github.com/pypa/packaging/commit/d1ade532a2bbea33fc0de981ab4d542006cf1066""><code>d1ade53</code></a> Changelog entry for going back to setuptools</li>
<li><a href=""https://github.com/pypa/packaging/commit/14ad3520dc866295963c677c6813646b8a59a6a6""><code>14ad352</code></a> move back to setuptools (<a href=""https://github-redirect.dependabot.com/pypa/packaging/issues/367"">#367</a>)</li>
<li><a href=""https://github.com/pypa/packaging/commit/a6407e3a7e19bd979e93f58cfc7f6641a7378c46""><code>a6407e3</code></a> Annotate the public interface (<a href=""https://github-redirect.dependabot.com/pypa/packaging/issues/350"">#350</a>)</li>
<li><a href=""https://github.com/pypa/packaging/commit/fc86d7eeeeb68a224974c30e98d420560c75b0a4""><code>fc86d7e</code></a> Upload to git before uploading to PyPI (<a href=""https://github-redirect.dependabot.com/pypa/packaging/issues/359"">#359</a>)</li>
<li>Additional commits viewable in <a href=""https://github.com/pypa/packaging/compare/20.4...20.8"">compare view</a></li>
</ul>
</details>
<br />


[![Dependabot compatibility score](https://api.dependabot.com/badges/compatibility_score?dependency-name=packaging&package-manager=pip&previous-version=20.4&new-version=20.8)](https://dependabot.com/compatibility-score/?dependency-name=packaging&package-manager=pip&previous-version=20.4&new-version=20.8)

Dependabot will resolve any conflicts with this PR as long as you don't alter it yourself. You can also trigger a rebase manually by commenting `@dependabot rebase`.

[//]: # (dependabot-automerge-start)
If all status checks pass Dependabot will automatically merge this pull request.

[//]: # (dependabot-automerge-end)

---

<details>
<summary>Dependabot commands and options</summary>
<br />

You can trigger Dependabot actions by commenting on this PR:
- `@dependabot rebase` will rebase this PR
- `@dependabot recreate` will recreate this PR, overwriting any edits that have been made to it
- `@dependabot merge` will merge this PR after your CI passes on it
- `@dependabot squash and merge` will squash and merge this PR after your CI passes on it
- `@dependabot cancel merge` will cancel a previously requested merge and block automerging
- `@dependabot reopen` will reopen this PR if it is closed
- `@dependabot close` will close this PR and stop Dependabot recreating it. You can achieve the same result by closing it manually
- `@dependabot ignore this major version` will close this PR and stop Dependabot creating any more for this major version (unless you reopen the PR or upgrade to it yourself)
- `@dependabot ignore this minor version` will close this PR and stop Dependabot creating any more for this minor version (unless you reopen the PR or upgrade to it yourself)
- `@dependabot ignore this dependency` will close this PR and stop Dependabot creating any more for this dependency (unless you reopen the PR or upgrade to it yourself)
- `@dependabot use these labels` will set the current labels as the default for future PRs for this repo and language
- `@dependabot use these reviewers` will set the current reviewers as the default for future PRs for this repo and language
- `@dependabot use these assignees` will set the current assignees as the default for future PRs for this repo and language
- `@dependabot use this milestone` will set the current milestone as the default for future PRs for this repo and language
- `@dependabot badge me` will comment on this PR with code to add a ""Dependabot enabled"" badge to your readme

Additionally, you can set the following in your Dependabot [dashboard](https://app.dependabot.com):
- Update frequency (including time of day and day of week)
- Pull request limits (per update run and/or open at any time)
- Automerge options (never/patch/minor, and dev/runtime dependencies)
- Out-of-range updates (receive only lockfile updates, if desired)
- Security updates (receive only security updates, if desired)



</details>",https://github.com/pallets/flask/pull/3859,dependabot-preview[bot],CONTRIBUTOR,closed,False,master,dependabot/pip/packaging-20.8,2021-01-01 09:43:18+00:00,2021-01-16 00:47:31+00:00,2021-01-01 09:54:19+00:00,2021-01-01 09:54:19+00:00,1,0.1836111111111111,0.1836111111111111,4,6,10,3,1,32,7080,730,['dependencies'],1,[],0,3,0,0,0,0,0,3,0,0,False,False,False,False,Merged,2021-Q1,2021-01-01,2021-03-31,Merged,True,False,False,False,False,False,False,False,False,True,True,False,False,False,False,False,False,False,False,False,2,True,1,Merged,8.865170419651774,6.594413459749778,1.6094379124341005,1.9459101490553128,2.3978952727983707,1.3862943611198906,0.6931471805599453,True,True,False,True,3.333333333333333,0.6,False,False,Very small,2021,1,1,4,9,False,Friday,Previous contributor,0,0,0,0,train
pallets/flask,3880,Docs update: clarify json error handling,"This is a documentation fix. 

There is no `jsonify_error` method in the codebase. The usage here is unclear. Not sure if it is legacy, the user should implement it themselves, it should be imported from another lib, or just a mistype. 

I figured the best fix was to use `jsonify`. This will return a `200` unless otherwise specified, so I also included the error code.

Hope this is helpful.
",https://github.com/pallets/flask/pull/3880,elliott-king,CONTRIBUTOR,closed,False,master,patch-2,2021-01-27 17:18:01+00:00,2021-02-11 00:13:31+00:00,2021-01-27 18:00:02+00:00,2021-01-27 18:00:02+00:00,1,0.7002777777777778,0.7002777777777778,1,1,2,1,1,40,399,69,['docs'],1,[],0,1,0,1,0,0,0,1,0,0,False,True,False,False,Merged,2021-Q1,2021-01-01,2021-03-31,Merged,True,False,False,False,False,False,False,False,False,False,False,False,False,False,False,False,False,False,False,False,0,False,1,Merged,5.991464547107982,4.248495242049359,0.6931471805599453,0.6931471805599453,1.0986122886681098,0.6931471805599453,0.6931471805599453,True,True,False,False,2.0,0.5,False,False,Very small,2021,1,1,2,17,False,Wednesday,Previous contributor,0,0,0,0,train
pallets/flask,3887,Bump packaging from 20.8 to 20.9,"Bumps [packaging](https://github.com/pypa/packaging) from 20.8 to 20.9.
<details>
<summary>Release notes</summary>
<p><em>Sourced from <a href=""https://github.com/pypa/packaging/releases"">packaging's releases</a>.</em></p>
<blockquote>
<h2>Release 20.9</h2>
<ul>
<li>Run <a href=""https://pypi.org/project/isort/"">isort</a> over the code base (:issue:<code>377</code>)</li>
<li>Add support for the macosx_10_*_universal2 platform tags (:issue:<code>379</code>)</li>
<li>Introduce packaging.utils.parse_wheel_filename() and parse_sdist_filename() (:issue:<code>387</code> and :issue:<code>389</code>)</li>
</ul>
</blockquote>
</details>
<details>
<summary>Changelog</summary>
<p><em>Sourced from <a href=""https://github.com/pypa/packaging/blob/main/CHANGELOG.rst"">packaging's changelog</a>.</em></p>
<blockquote>
<h1>20.9 - 2021-01-29</h1>
<ul>
<li>Run <a href=""https://pypi.org/project/isort/"">isort</a> over the code base (377)</li>
<li>Add support for the <code>macosx_10_*_universal2</code> platform tags (379)</li>
<li>Introduce <code>packaging.utils.parse_wheel_filename()</code> and <code>parse_sdist_filename()</code> (387 and 389)</li>
</ul>
</blockquote>
</details>
<details>
<summary>Commits</summary>
<ul>
<li><a href=""https://github.com/pypa/packaging/commit/53fd698b1620aca027324001bf53c8ffda0c17d1""><code>53fd698</code></a> Bump for release</li>
<li><a href=""https://github.com/pypa/packaging/commit/faf1be88a75b15c299bafb91abdc0aaab762c6f6""><code>faf1be8</code></a> Release from 'main', not 'master' (<a href=""https://github-redirect.dependabot.com/pypa/packaging/issues/391"">#391</a>)</li>
<li><a href=""https://github.com/pypa/packaging/commit/9120541acf0c03d448308daa9f8d0e55e996f92d""><code>9120541</code></a> Change the return type for the build number portion of utils.parse_wheel_file...</li>
<li><a href=""https://github.com/pypa/packaging/commit/da68002685b0a7d0027e189129d6bde35303a58b""><code>da68002</code></a> Add functions for parsing wheel and sdist filenames (<a href=""https://github-redirect.dependabot.com/pypa/packaging/issues/387"">#387</a>)</li>
<li><a href=""https://github.com/pypa/packaging/commit/1b26f8455d8c886cbfd37839eafab3373d1809f2""><code>1b26f84</code></a> Support &quot;macosx_10_9_universal2&quot; wheels (<a href=""https://github-redirect.dependabot.com/pypa/packaging/issues/380"">#380</a>)</li>
<li><a href=""https://github.com/pypa/packaging/commit/28d2fa0742747cda4bc4530b2a5bc919b7382039""><code>28d2fa0</code></a> Use isort (<a href=""https://github-redirect.dependabot.com/pypa/packaging/issues/377"">#377</a>)</li>
<li><a href=""https://github.com/pypa/packaging/commit/353f270a4e49283c8e98ed8c801b457665774525""><code>353f270</code></a> Bump for development</li>
<li>See full diff in <a href=""https://github.com/pypa/packaging/compare/20.8...20.9"">compare view</a></li>
</ul>
</details>
<br />


[![Dependabot compatibility score](https://api.dependabot.com/badges/compatibility_score?dependency-name=packaging&package-manager=pip&previous-version=20.8&new-version=20.9)](https://dependabot.com/compatibility-score/?dependency-name=packaging&package-manager=pip&previous-version=20.8&new-version=20.9)

Dependabot will resolve any conflicts with this PR as long as you don't alter it yourself. You can also trigger a rebase manually by commenting `@dependabot rebase`.

[//]: # (dependabot-automerge-start)
If all status checks pass Dependabot will automatically merge this pull request.

[//]: # (dependabot-automerge-end)

---

<details>
<summary>Dependabot commands and options</summary>
<br />

You can trigger Dependabot actions by commenting on this PR:
- `@dependabot rebase` will rebase this PR
- `@dependabot recreate` will recreate this PR, overwriting any edits that have been made to it
- `@dependabot merge` will merge this PR after your CI passes on it
- `@dependabot squash and merge` will squash and merge this PR after your CI passes on it
- `@dependabot cancel merge` will cancel a previously requested merge and block automerging
- `@dependabot reopen` will reopen this PR if it is closed
- `@dependabot close` will close this PR and stop Dependabot recreating it. You can achieve the same result by closing it manually
- `@dependabot ignore this major version` will close this PR and stop Dependabot creating any more for this major version (unless you reopen the PR or upgrade to it yourself)
- `@dependabot ignore this minor version` will close this PR and stop Dependabot creating any more for this minor version (unless you reopen the PR or upgrade to it yourself)
- `@dependabot ignore this dependency` will close this PR and stop Dependabot creating any more for this dependency (unless you reopen the PR or upgrade to it yourself)
- `@dependabot use these labels` will set the current labels as the default for future PRs for this repo and language
- `@dependabot use these reviewers` will set the current reviewers as the default for future PRs for this repo and language
- `@dependabot use these assignees` will set the current assignees as the default for future PRs for this repo and language
- `@dependabot use this milestone` will set the current milestone as the default for future PRs for this repo and language
- `@dependabot badge me` will comment on this PR with code to add a ""Dependabot enabled"" badge to your readme

Additionally, you can set the following in your Dependabot [dashboard](https://app.dependabot.com):
- Update frequency (including time of day and day of week)
- Pull request limits (per update run and/or open at any time)
- Automerge options (never/patch/minor, and dev/runtime dependencies)
- Out-of-range updates (receive only lockfile updates, if desired)
- Security updates (receive only security updates, if desired)



</details>",https://github.com/pallets/flask/pull/3887,dependabot-preview[bot],CONTRIBUTOR,closed,False,master,dependabot/pip/packaging-20.9,2021-02-01 11:52:16+00:00,2021-02-17 00:15:14+00:00,2021-02-02 03:49:50+00:00,2021-02-02 03:49:49+00:00,1,15.959444444444443,15.959166666666668,3,3,6,3,1,32,5737,569,['dependencies'],1,[],0,3,0,0,0,0,0,3,0,0,False,False,False,False,Merged,2021-Q1,2021-01-01,2021-03-31,Merged,True,False,False,False,False,False,False,False,False,True,True,False,False,False,False,False,False,False,False,False,2,True,1,Merged,8.65486599654131,6.345636360828596,1.3862943611198906,1.3862943611198906,1.9459101490553128,1.3862943611198906,0.6931471805599453,True,True,False,True,2.0,0.5,False,False,Very small,2021,2,1,0,11,False,Monday,Previous contributor,0,0,0,0,train
pallets/flask,3891,Bump greenlet from 0.4.17 to 1.0.0,"Bumps [greenlet](https://github.com/python-greenlet/greenlet) from 0.4.17 to 1.0.0.
<details>
<summary>Changelog</summary>
<p><em>Sourced from <a href=""https://github.com/python-greenlet/greenlet/blob/master/CHANGES.rst"">greenlet's changelog</a>.</em></p>
<blockquote>
<h1>1.0.0 (2021-01-13)</h1>
<ul>
<li>Fix %s and %r formatting of a greenlet on Python 2. Previously it would result in a Unicode string instead of a native string. See <a href=""https://github-redirect.dependabot.com/python-greenlet/greenlet/issues/218"">issue 218</a>.</li>
<li>Move continuous integration from Travis CI to Github Actions.</li>
</ul>
<h1>1.0a1 (2020-11-20)</h1>
<ul>
<li>Add the ability to set a greenlet's PEP 567 contextvars context directly, by assigning to the greenlet's <code>gr_context</code> attribute. This restores support for some patterns of using greenlets atop an async environment that became more challenging in 0.4.17. Thanks to Joshua Oreman, Mike bayer, and Fantix King, among others. See <a href=""https://github-redirect.dependabot.com/python-greenlet/greenlet/pull/198/"">PR 198</a>.</li>
<li>The repr of greenlet objects now includes extra information about its state. This is purely informative and the details are subject to change. See <a href=""https://github-redirect.dependabot.com/python-greenlet/greenlet/issues/215"">issue 215</a>.</li>
<li>The <code>greenlet</code> module is now a package. There are no API changes, so all existing imports, including from C code, should continue to work.</li>
<li>(C API) The undocumented <code>GREENLET_VERSION</code> macro that defined a string giving the greenlet version is now deprecated and will not be updated.</li>
<li>(Documentation) Publish the change log to <a href=""https://greenlet.readthedocs.io"">https://greenlet.readthedocs.io</a></li>
</ul>
<h2>Supported Platforms</h2>
<ul>
<li>Drop support for Python 2.4, 2.5, 2.6, 3.0, 3.1, 3.2 and 3.4. The project metadata now includes the <code>python_requires</code> data to help installation tools understand supported versions.</li>
<li>Add partial support for AIX ppc64 and IBM i. Thanks to Jesse Gorzinski and Kevin Adler. See <a href=""https://github-redirect.dependabot.com/python-greenlet/greenlet/pull/197"">PR 197</a>.</li>
</ul>
<h2>Packaging Changes</h2>
<ul>
<li>Require setuptools to build from source.</li>
<li>Stop asking setuptools to build both .tar.gz and .zip sdists. PyPI has standardized on .tar.gz for all platforms.</li>
<li>Stop using a custom distutils command to build extensions. distutils is deprecated.</li>
<li>Remove the ability to use the deprecated command <code>python setup.py test</code>. Run greenlet tests with your favorite unittest-compatible test runner, e.g., <code>python -m unittest discover greenlet.tests</code>. See <a href=""https://github-redirect.dependabot.com/python-greenlet/greenlet/issues/185"">issue 185</a>.</li>
<li>The directory layout and resulting sdists have changed. See <a href=""https://github-redirect.dependabot.com/python-greenlet/greenlet/issues/184"">issue 184</a>.</li>
<li>greenlet is now always built with support for tracing and garbage collection, and, on Python 3.7 and above, support for context variables. The internal and undocumented C preprocessor macros that could be used to alter that at compile time have been removed (no combination other than the defaults was ever tested). This helps define a stable ABI.</li>
</ul>
</blockquote>
</details>
<details>
<summary>Commits</summary>
<ul>
<li><a href=""https://github.com/python-greenlet/greenlet/commit/c0e16261293cb401b643290adbb2d824c7200388""><code>c0e1626</code></a> Preparing release 1.0.0</li>
<li><a href=""https://github.com/python-greenlet/greenlet/commit/951b2076acc757e93c16dbfd465292485b8f116d""><code>951b207</code></a> Merge pull request <a href=""https://github-redirect.dependabot.com/python-greenlet/greenlet/issues/228"">#228</a> from python-greenlet/github-actions</li>
<li><a href=""https://github.com/python-greenlet/greenlet/commit/fa764abe680a0a0aee138a75dabfa4e147cc9ce2""><code>fa764ab</code></a> Move to GitHub actions and away from Travis.</li>
<li><a href=""https://github.com/python-greenlet/greenlet/commit/28802e8e40e5b9aa3b29d5a4c2611d7bb5e0a6e3""><code>28802e8</code></a> Merge pull request <a href=""https://github-redirect.dependabot.com/python-greenlet/greenlet/issues/226"">#226</a> from guillaumep/patch-1</li>
<li><a href=""https://github.com/python-greenlet/greenlet/commit/00dc6ebdaa8833d447590ea3b8717fbb4853ce15""><code>00dc6eb</code></a> Fix typo</li>
<li><a href=""https://github.com/python-greenlet/greenlet/commit/cdd06239a69cd785c4f62c399689056ff806efaf""><code>cdd0623</code></a> Merge pull request <a href=""https://github-redirect.dependabot.com/python-greenlet/greenlet/issues/221"">#221</a> from skoslowski/patch-1</li>
<li><a href=""https://github.com/python-greenlet/greenlet/commit/58a990acc27edbc972daa00c1a01d000b1acd7e1""><code>58a990a</code></a> Correct Context Vars PEP citation</li>
<li><a href=""https://github.com/python-greenlet/greenlet/commit/f005b37e7ac32c617d279e4a692bba768d4ab358""><code>f005b37</code></a> Merge pull request <a href=""https://github-redirect.dependabot.com/python-greenlet/greenlet/issues/219"">#219</a> from python-greenlet/issue218</li>
<li><a href=""https://github.com/python-greenlet/greenlet/commit/9ed87d556f2a67c66027dfcf2acde2c690c20e62""><code>9ed87d5</code></a> Use PyString_FromString in tp_repr on Py2.</li>
<li><a href=""https://github.com/python-greenlet/greenlet/commit/d4bd91852f7062aa0bb92b58b37d4173712f4226""><code>d4bd918</code></a> Tweak CHANGES.rst [skip ci]</li>
<li>Additional commits viewable in <a href=""https://github.com/python-greenlet/greenlet/compare/0.4.17...1.0.0"">compare view</a></li>
</ul>
</details>
<br />


[![Dependabot compatibility score](https://api.dependabot.com/badges/compatibility_score?dependency-name=greenlet&package-manager=pip&previous-version=0.4.17&new-version=1.0.0)](https://dependabot.com/compatibility-score/?dependency-name=greenlet&package-manager=pip&previous-version=0.4.17&new-version=1.0.0)

Dependabot will resolve any conflicts with this PR as long as you don't alter it yourself. You can also trigger a rebase manually by commenting `@dependabot rebase`.

[//]: # (dependabot-automerge-start)
If all status checks pass Dependabot will automatically merge this pull request.

[//]: # (dependabot-automerge-end)

---

<details>
<summary>Dependabot commands and options</summary>
<br />

You can trigger Dependabot actions by commenting on this PR:
- `@dependabot rebase` will rebase this PR
- `@dependabot recreate` will recreate this PR, overwriting any edits that have been made to it
- `@dependabot merge` will merge this PR after your CI passes on it
- `@dependabot squash and merge` will squash and merge this PR after your CI passes on it
- `@dependabot cancel merge` will cancel a previously requested merge and block automerging
- `@dependabot reopen` will reopen this PR if it is closed
- `@dependabot close` will close this PR and stop Dependabot recreating it. You can achieve the same result by closing it manually
- `@dependabot ignore this major version` will close this PR and stop Dependabot creating any more for this major version (unless you reopen the PR or upgrade to it yourself)
- `@dependabot ignore this minor version` will close this PR and stop Dependabot creating any more for this minor version (unless you reopen the PR or upgrade to it yourself)
- `@dependabot ignore this dependency` will close this PR and stop Dependabot creating any more for this dependency (unless you reopen the PR or upgrade to it yourself)
- `@dependabot use these labels` will set the current labels as the default for future PRs for this repo and language
- `@dependabot use these reviewers` will set the current reviewers as the default for future PRs for this repo and language
- `@dependabot use these assignees` will set the current assignees as the default for future PRs for this repo and language
- `@dependabot use this milestone` will set the current milestone as the default for future PRs for this repo and language
- `@dependabot badge me` will comment on this PR with code to add a ""Dependabot enabled"" badge to your readme

Additionally, you can set the following in your Dependabot [dashboard](https://app.dependabot.com):
- Update frequency (including time of day and day of week)
- Pull request limits (per update run and/or open at any time)
- Automerge options (never/patch/minor, and dev/runtime dependencies)
- Out-of-range updates (receive only lockfile updates, if desired)
- Security updates (receive only security updates, if desired)



</details>",https://github.com/pallets/flask/pull/3891,dependabot-preview[bot],CONTRIBUTOR,closed,False,master,dependabot/pip/greenlet-1.0.0,2021-02-01 11:57:11+00:00,2021-02-17 00:15:17+00:00,2021-02-02 03:39:09+00:00,2021-02-02 03:39:09+00:00,1,15.699444444444444,15.699444444444444,23,12,35,2,1,34,8642,891,['dependencies'],1,[],0,2,0,0,0,0,0,2,0,0,False,False,False,False,Merged,2021-Q1,2021-01-01,2021-03-31,Merged,True,False,False,False,False,False,False,False,False,True,True,False,False,False,False,False,False,False,False,False,2,True,1,Merged,9.064505023752638,6.79346613258001,3.1780538303479458,2.5649493574615367,3.58351893845611,1.0986122886681098,0.6931471805599453,True,True,False,True,17.5,0.3428571428571428,False,False,Small,2021,2,1,0,11,False,Monday,Previous contributor,0,0,0,0,train
pallets/flask,3895,use Jinja's tojson filter,"Set `app.jinja_env.policies[""json.dumps_function""]` to have Jinja's `|tojson` filter use Flask's `dumps` function, instead of overriding the filter.

Also have `htmlsafe_dumps` use `jinja2.utils.htmlsafe_json_dumps`. I debated deprecating Flask's implementation, especially since it's not documented as part of the public API. Figured it was still good enough to keep in for now, given that it's not entirely obvious that you would have to pass `dumps=flask.json.dumps` in order to get Flask's behavior.

closes #3881",https://github.com/pallets/flask/pull/3895,davidism,MEMBER,closed,False,master,jinja-tojson,2021-02-02 06:54:02+00:00,2021-02-17 00:15:12+00:00,2021-02-02 06:57:43+00:00,2021-02-02 06:57:43+00:00,1,0.0613888888888888,0.0613888888888888,28,88,116,7,1,25,521,69,['json'],1,[],0,7,1,4,0,0,0,7,0,0,True,True,False,False,Merged,2021-Q1,2021-01-01,2021-03-31,Merged,True,False,False,False,True,True,True,False,True,False,False,False,True,True,False,False,False,False,False,False,6,True,1,Merged,6.257667587882639,4.248495242049359,3.367295829986474,4.48863636973214,4.762173934797756,2.079441541679836,0.6931471805599453,True,True,False,False,16.571428571428573,0.7586206896551724,False,False,Medium,2021,2,1,1,6,False,Tuesday,Internal or trusted,0,0,0,0,train
pallets/flask,3907,Add syntatic sugar for route registration,"I know we briefly discussed this, but I'd like to make the case with a concrete implementation. My argument is that this is actually quite a nice API and requires little implementation (especially now with the nice Scaffold). There is also precedent, in my view, that the test client also has this API. (Also, everyone copies Flask so lets copy them :p). 

**Commit message**

This takes a popular API whereby instead of passing the HTTP method as
an argument to route it is instead used as the method name i.e.

    @app.route(""/"", methods=[""POST""])

is now writeable as,

    @app.post(""/"")

This is simply syntatic sugar, it doesn't do anything else, but makes
it slightly easier for users.

- [x] Add tests that demonstrate the correct behavior of the change. Tests should fail without the change.
- [x] Add or update relevant docs, in the docs folder and in code.
- [x] Add an entry in `CHANGES.rst` summarizing the change and linking to the issue.
- [x] Add `.. versionchanged::` entries in any relevant code docs.
- [x] Run `pre-commit` hooks and fix any issues.
- [x] Run `pytest` and `tox`, no tests failed.
",https://github.com/pallets/flask/pull/3907,pgjones,MEMBER,closed,False,master,sugar,2021-02-14 11:18:40+00:00,2021-03-24 00:15:09+00:00,2021-03-08 16:57:58+00:00,2021-03-08 16:57:58+00:00,1,533.655,533.655,61,0,61,3,1,41,1137,190,[],0,[],0,3,1,1,0,0,0,3,0,0,True,True,False,False,Merged,2021-Q1,2021-01-01,2021-03-31,Merged,True,False,True,False,True,False,False,True,False,False,False,False,False,False,False,False,False,False,False,False,3,True,1,Merged,7.037027614686276,5.25227342804663,4.127134385045092,0.0,4.127134385045092,1.3862943611198906,0.6931471805599453,True,True,False,False,20.33333333333333,0.0,False,False,Medium,2021,2,1,6,11,True,Sunday,Internal or trusted,1,1,1,1,train
pallets/flask,3922,various cleanup for consistency between projects,,https://github.com/pallets/flask/pull/3922,davidism,MEMBER,closed,False,master,consistency,2021-02-24 18:32:38+00:00,2021-03-11 00:14:29+00:00,2021-02-24 18:35:16+00:00,2021-02-24 18:35:16+00:00,1,0.0438888888888888,0.0438888888888888,40,31,71,10,4,48,0,0,[],0,[],0,10,0,5,4,0,0,9,0,1,False,True,True,False,Merged,2021-Q1,2021-01-01,2021-03-31,Merged,True,True,False,True,False,True,True,False,False,False,False,False,True,True,False,False,True,False,False,False,7,True,1,Merged,0.0,0.0,3.713572066704308,3.4657359027997265,4.276666119016055,2.3978952727983707,1.6094379124341005,False,False,False,False,7.1,0.4366197183098591,False,True,Medium,2021,2,1,2,18,False,Wednesday,Internal or trusted,0,0,0,0,train
pallets/flask,3932,Set default encoding to UTF-8 for load_dotenv,"This PR will set encoding to UTF-8 when calling `dotenv.load_dotenv()`.

fixes #3931 

Checklist:

- [x] Add tests that demonstrate the correct behavior of the change. Tests should fail without the change.
- [ ] Add or update relevant docs, in the docs folder and in code.
- [ ] Add an entry in `CHANGES.rst` summarizing the change and linking to the issue.
- [x] Add `.. versionchanged::` entries in any relevant code docs.
- [x] Run `pre-commit` hooks and fix any issues.
- [x] Run `pytest` and `tox`, no tests failed.
",https://github.com/pallets/flask/pull/3932,greyli,CONTRIBUTOR,closed,False,master,set-encoding,2021-03-10 13:43:37+00:00,2021-03-25 00:07:53+00:00,2021-03-10 14:30:24+00:00,2021-03-10 14:30:24+00:00,1,0.7797222222222222,0.7797222222222222,9,4,13,3,1,45,531,91,[],0,[],0,3,2,0,0,0,0,3,0,0,True,False,False,False,Merged,2021-Q1,2021-01-01,2021-03-31,Merged,True,False,False,False,True,False,False,False,False,False,False,False,False,False,False,False,False,False,False,False,1,True,1,Merged,6.2766434893416445,4.5217885770490405,2.302585092994046,1.6094379124341005,2.6390573296152584,1.3862943611198906,0.6931471805599453,True,True,False,False,4.333333333333333,0.3076923076923077,False,False,Small,2021,3,1,2,13,False,Wednesday,Previous contributor,0,0,0,0,train
pallets/flask,3943,[pre-commit.ci] pre-commit autoupdate,,https://github.com/pallets/flask/pull/3943,pre-commit-ci[bot],CONTRIBUTOR,closed,False,master,pre-commit-ci-update-config,2021-03-22 17:04:34+00:00,2021-04-06 00:06:51+00:00,2021-03-22 17:50:37+00:00,2021-03-22 17:50:37+00:00,1,0.7675,0.7675,1,1,2,1,1,37,0,0,[],0,[],0,1,0,0,1,0,0,1,0,0,False,False,True,False,Merged,2021-Q1,2021-01-01,2021-03-31,Merged,True,False,False,True,False,False,False,False,False,False,False,False,False,False,False,False,False,False,False,False,1,True,1,Merged,0.0,0.0,0.6931471805599453,0.6931471805599453,1.0986122886681098,0.6931471805599453,0.6931471805599453,False,False,False,False,2.0,0.5,False,False,Very small,2021,3,1,0,17,False,Monday,Previous contributor,0,0,0,0,train
pallets/flask,3952,[pre-commit.ci] pre-commit autoupdate,,https://github.com/pallets/flask/pull/3952,pre-commit-ci[bot],CONTRIBUTOR,closed,False,master,pre-commit-ci-update-config,2021-04-05 17:10:22+00:00,2021-04-20 00:06:29+00:00,2021-04-05 17:24:22+00:00,2021-04-05 17:24:22+00:00,1,0.2333333333333333,0.2333333333333333,1,1,2,1,1,37,0,0,[],0,[],0,1,0,0,1,0,0,1,0,0,False,False,True,False,Merged,2021-Q2,2021-04-01,2021-06-30,Merged,True,False,False,True,False,False,False,False,False,False,False,False,False,False,False,False,False,False,False,False,1,True,1,Merged,0.0,0.0,0.6931471805599453,0.6931471805599453,1.0986122886681098,0.6931471805599453,0.6931471805599453,False,False,False,False,2.0,0.5,False,False,Very small,2021,4,2,0,17,False,Monday,Previous contributor,0,0,0,0,train
pallets/flask,3971,Move get_root_path back to flask.helpers,[Many](https://github.com/search?p=1&q=%22from+flask.helpers+import+get_root_path%22&type=Code) applications and libraries use it so the move was somewhat disruptive.,https://github.com/pallets/flask/pull/3971,ThiefMaster,MEMBER,closed,False,master,get-root-path,2021-04-24 16:46:57+00:00,2021-05-12 00:02:01+00:00,2021-04-27 14:55:26+00:00,2021-04-27 14:55:26+00:00,1,70.14138888888888,70.14138888888888,52,49,101,2,1,40,166,12,[],0,[],0,2,0,0,0,0,0,2,0,0,False,False,False,False,Merged,2021-Q2,2021-04-01,2021-06-30,Merged,True,False,False,False,False,True,False,False,True,False,False,False,False,False,False,False,False,False,False,False,2,True,1,Merged,5.117993812416755,2.5649493574615367,3.970291913552122,3.912023005428146,4.624972813284271,1.0986122886681098,0.6931471805599453,True,False,False,False,50.5,0.4851485148514851,False,False,Medium,2021,4,2,5,16,True,Saturday,Internal or trusted,1,1,0,0,train
pallets/flask,3989,Async improvements,"- [x] Add tests that demonstrate the correct behavior of the change. Tests should fail without the change.
- [x] Add or update relevant docs, in the docs folder and in code.
- [x] Add an entry in `CHANGES.rst` summarizing the change and linking to the issue.
- [x] Add `.. versionchanged::` entries in any relevant code docs.
- [x] Run `pre-commit` hooks and fix any issues.
- [x] Run `pytest` and `tox`, no tests failed.
",https://github.com/pallets/flask/pull/3989,pgjones,MEMBER,closed,False,master,async,2021-05-02 19:55:34+00:00,2021-05-18 00:04:30+00:00,2021-05-03 13:23:00+00:00,2021-05-03 13:23:00+00:00,1,17.45722222222222,17.45722222222222,74,108,182,6,3,18,426,76,['async'],1,[],0,6,1,1,0,0,0,6,0,0,True,True,False,False,Merged,2021-Q2,2021-04-01,2021-06-30,Merged,True,True,False,False,True,True,True,True,True,False,False,False,False,False,False,False,False,False,False,False,6,True,1,Merged,6.056784013228625,4.343805421853684,4.31748811353631,4.691347882229144,5.209486152841421,1.9459101490553128,1.3862943611198906,True,True,False,False,30.33333333333333,0.5934065934065934,False,True,Medium,2021,5,2,6,19,True,Sunday,Internal or trusted,0,0,0,0,train
pallets/flask,4011,Install sphinx 4.1-dev from git,Otherwise docs builds are broken due to sphinx/issues#9216,https://github.com/pallets/flask/pull/4011,ThiefMaster,MEMBER,closed,False,2.0.x,fix-sphinx-build,2021-05-11 22:29:27+00:00,2021-05-26 00:08:09+00:00,2021-05-11 23:33:25+00:00,2021-05-11 23:33:25+00:00,1,1.066111111111111,1.066111111111111,9,13,22,3,1,31,58,8,[],0,[],0,3,0,0,0,0,0,3,0,0,False,False,False,False,Merged,2021-Q2,2021-04-01,2021-06-30,Merged,True,False,False,False,False,False,False,False,False,False,False,False,False,False,False,False,False,False,False,False,0,False,1,Merged,4.07753744390572,2.19722457733622,2.302585092994046,2.6390573296152584,3.1354942159291497,1.3862943611198906,0.6931471805599453,True,False,False,False,7.333333333333333,0.5909090909090909,False,False,Small,2021,5,2,1,22,False,Tuesday,Internal or trusted,0,0,0,0,train
pallets/flask,4047,set maximum versions for 1.1.x to avoid new major versions,"Our *strong* advice to all maintainers of applications experiencing issues with upgrades is to pin dependencies using a tool such as [pip-compile](https://pypi.org/project/pip-tools/). Issues can happen with any transitive dependencies in your stack, not only Flask's, so applications need to pin to control when they get updates.

In this *specific* case, because we intend the 2.0, etc. releases to be a new baseline and are immediately not supporting the 1.1.x line, we will make a new release to set maximum versions. We do not intend to do this in general for future releases.

fixes #4043",https://github.com/pallets/flask/pull/4047,davidism,MEMBER,closed,False,1.1.x,maximum-versions,2021-05-13 23:19:50+00:00,2021-05-13 23:21:04+00:00,2021-05-13 23:20:28+00:00,2021-05-13 23:20:28+00:00,1,0.0105555555555555,0.0105555555555555,11,9,20,3,1,58,598,94,[],0,[],0,3,0,1,1,0,0,3,0,0,False,True,True,False,Merged,2021-Q2,2021-04-01,2021-06-30,Merged,True,False,False,True,False,False,False,False,False,False,False,False,False,False,False,False,False,False,False,False,1,True,1,Merged,6.395261598115449,4.553876891600541,2.4849066497880004,2.302585092994046,3.044522437723423,1.3862943611198906,0.6931471805599453,True,True,False,False,6.666666666666667,0.45,False,False,Small,2021,5,2,3,23,False,Thursday,Internal or trusted,0,0,0,0,train
pallets/flask,4071,Improve decorator factory typing,"I added type parameters to `Callable` types in decorator factories. This required changing the type annotations for `setupmethod()`, which was removing type information from the functions it was called on. I also fixed the signatures for `add_url_rule()` because my changes to `setupmethod()` revealed some errors there.

There is still more room for improvement in usage of `Callable` elsewhere throughout the codebase, but this is at least a step forward.

- fixes #4060

Checklist:

- [x] Add tests that demonstrate the correct behavior of the change. Tests should fail without the change.
- [x] Add or update relevant docs, in the docs folder and in code.
- [x] Add an entry in `CHANGES.rst` summarizing the change and linking to the issue.
- [x] Add `.. versionchanged::` entries in any relevant code docs.
- [x] Run `pre-commit` hooks and fix any issues.
- [x] Run `pytest` and `tox`, no tests failed.
",https://github.com/pallets/flask/pull/4071,aphedges,CONTRIBUTOR,closed,False,2.0.x,improve-callable-typing,2021-05-17 21:33:11+00:00,2021-06-05 00:16:16+00:00,2021-05-21 08:09:05+00:00,2021-05-21 08:09:05+00:00,1,82.59833333333333,82.59833333333333,36,11,47,4,4,32,920,149,['typing'],1,[],0,4,0,1,0,0,0,4,0,0,False,True,False,False,Merged,2021-Q2,2021-04-01,2021-06-30,Merged,True,True,False,False,False,False,True,False,False,False,False,False,False,False,False,False,False,False,False,False,2,True,1,Merged,6.825460036255307,5.010635294096256,3.610917912644224,2.4849066497880004,3.871201010907891,1.6094379124341005,1.6094379124341005,True,True,False,False,11.75,0.2340425531914893,False,True,Small,2021,5,2,0,21,False,Monday,Previous contributor,1,1,1,0,train
pallets/flask,4100,Fix typo in docs/tutorial/index.rst,,https://github.com/pallets/flask/pull/4100,greyli,CONTRIBUTOR,closed,False,2.0.x,fix-typo,2021-05-24 08:33:59+00:00,2021-06-08 00:13:32+00:00,2021-05-24 08:36:57+00:00,2021-05-24 08:36:57+00:00,1,0.0494444444444444,0.0494444444444444,1,1,2,1,1,35,0,0,['docs'],1,[],0,1,0,1,0,0,0,1,0,0,False,True,False,False,Merged,2021-Q2,2021-04-01,2021-06-30,Merged,True,False,False,False,False,False,False,False,False,False,False,False,False,False,False,False,False,False,False,False,0,False,1,Merged,0.0,0.0,0.6931471805599453,0.6931471805599453,1.0986122886681098,0.6931471805599453,0.6931471805599453,False,False,False,False,2.0,0.5,False,False,Very small,2021,5,2,0,8,False,Monday,Previous contributor,0,0,0,0,train
pallets/flask,4139,Avoid race condition in example app,"When the race condition happen, it will return the error message(explanation) instead of redirecting user to other page without explaining
- fixes #4099
Checklist:
- [x] Add or update relevant docs, in the docs folder and in code.
- [x] Add an entry in `CHANGES.rst` summarizing the change and linking to the issue.
- [x] Add `.. versionchanged::` entries in any relevant code docs.
- [x] Run `pre-commit` hooks and fix any issues.
- [x] Run `pytest` and `tox`, no tests failed.
",https://github.com/pallets/flask/pull/4139,awijaya22,CONTRIBUTOR,closed,False,2.0.x,issue4099,2021-06-07 14:35:24+00:00,2021-08-21 00:02:56+00:00,2021-08-06 01:04:52+00:00,2021-08-06 01:04:52+00:00,1,1426.4911111111112,1426.4911111111112,45,41,86,2,1,35,485,82,['docs'],1,[],0,2,0,1,0,1,0,2,0,0,False,True,False,True,Merged,2021-Q2,2021-04-01,2021-06-30,Merged,True,False,True,False,False,True,False,False,True,False,False,False,False,False,True,False,False,False,False,False,4,True,1,Merged,6.186208623900494,4.418840607796598,3.828641396489095,3.737669618283368,4.465908118654584,1.0986122886681098,0.6931471805599453,True,True,False,False,43.0,0.4767441860465116,False,False,Medium,2021,6,2,0,14,False,Monday,Previous contributor,1,1,1,1,train
pallets/flask,4175,Fix typo in views docs,"The ""function"" in this section should be ""method"". Just caught this when reviewing the Chinese translation of this chapter (https://github.com/greyli/flask-docs-zh/pull/70).",https://github.com/pallets/flask/pull/4175,greyli,CONTRIBUTOR,closed,False,2.0.x,views-docs,2021-06-26 11:04:26+00:00,2021-07-12 00:02:40+00:00,2021-06-27 03:52:54+00:00,2021-06-27 03:52:54+00:00,1,16.807777777777776,16.807777777777776,2,2,4,1,1,22,173,20,['docs'],1,[],0,1,0,1,0,0,0,1,0,0,False,True,False,False,Merged,2021-Q2,2021-04-01,2021-06-30,Merged,True,False,False,False,False,False,False,False,False,False,False,False,False,False,False,False,False,False,False,False,0,False,1,Merged,5.159055299214529,3.044522437723423,1.0986122886681098,1.0986122886681098,1.6094379124341005,0.6931471805599453,0.6931471805599453,True,False,False,False,4.0,0.5,False,False,Very small,2021,6,2,5,11,True,Saturday,Previous contributor,0,0,0,0,train
pallets/flask,4181,Bump pip-tools from 6.1.0 to 6.2.0,"Bumps [pip-tools](https://github.com/jazzband/pip-tools) from 6.1.0 to 6.2.0.
<details>
<summary>Release notes</summary>
<p><em>Sourced from <a href=""https://github.com/jazzband/pip-tools/releases"">pip-tools's releases</a>.</em></p>
<blockquote>
<h2>6.2.0</h2>
<p>Features:</p>
<ul>
<li>Add <code>--emit-options/--no-emit-options</code> flags to <code>pip-compile</code> (<a href=""https://github-redirect.dependabot.com/jazzband/pip-tools/pull/1123"">#1123</a>). Thanks <a href=""https://github.com/atugushev""><code>@​atugushev</code></a></li>
<li>Add <code>--python-executable</code> option for <code>pip-sync</code> (<a href=""https://github-redirect.dependabot.com/jazzband/pip-tools/pull/1333"">#1333</a>). Thanks <a href=""https://github.com/MaratFM""><code>@​MaratFM</code></a></li>
<li>Log which python version was used during compile (<a href=""https://github-redirect.dependabot.com/jazzband/pip-tools/pull/828"">#828</a>). Thanks <a href=""https://github.com/graingert""><code>@​graingert</code></a></li>
</ul>
<p>Bug Fixes:</p>
<ul>
<li>Fix <code>pip-compile</code> package ordering (<a href=""https://github-redirect.dependabot.com/jazzband/pip-tools/pull/1419"">#1419</a>). Thanks <a href=""https://github.com/adamsol""><code>@​adamsol</code></a></li>
<li>Add <code>--strip-extras</code> option to <code>pip-compile</code> for producing constraint compatible output (<a href=""https://github-redirect.dependabot.com/jazzband/pip-tools/pull/1404"">#1404</a>). Thanks <a href=""https://github.com/ssbarnea""><code>@​ssbarnea</code></a></li>
<li>Fix <code>click</code> v7 <code>version_option</code> compatibility (<a href=""https://github-redirect.dependabot.com/jazzband/pip-tools/pull/1410"">#1410</a>). Thanks <a href=""https://github.com/FuegoFro""><code>@​FuegoFro</code></a></li>
<li>Pass <code>package_name</code> explicitly in <code>click.version_option</code> decorators for compatibility with <code>click&gt;=8.0</code> (<a href=""https://github-redirect.dependabot.com/jazzband/pip-tools/pull/1400"">#1400</a>). Thanks <a href=""https://github.com/nicoa""><code>@​nicoa</code></a></li>
</ul>
<p>Other Changes:</p>
<ul>
<li>Document updating requirements with <code>pre-commit</code> hooks (<a href=""https://github-redirect.dependabot.com/jazzband/pip-tools/pull/1387"">#1387</a>). Thanks <a href=""https://github.com/microcat49""><code>@​microcat49</code></a></li>
<li>Add <code>setuptools</code> and <code>wheel</code> dependencies to the <code>setup.cfg</code> (<a href=""https://github-redirect.dependabot.com/jazzband/pip-tools/pull/889"">#889</a>). Thanks <a href=""https://github.com/jayvdb""><code>@​jayvdb</code></a></li>
<li>Improve instructions for new contributors (<a href=""https://github-redirect.dependabot.com/jazzband/pip-tools/pull/1394"">#1394</a>). Thanks <a href=""https://github.com/FlorentJeannot""><code>@​FlorentJeannot</code></a></li>
<li>Better explain role of existing <code>requirements.txt</code> (<a href=""https://github-redirect.dependabot.com/jazzband/pip-tools/pull/1369"">#1369</a>). Thanks <a href=""https://github.com/mikepqr""><code>@​mikepqr</code></a></li>
</ul>
</blockquote>
</details>
<details>
<summary>Changelog</summary>
<p><em>Sourced from <a href=""https://github.com/jazzband/pip-tools/blob/master/CHANGELOG.md"">pip-tools's changelog</a>.</em></p>
<blockquote>
<h1>6.2.0 (2021-06-22)</h1>
<p>Features:</p>
<ul>
<li>Add <code>--emit-options/--no-emit-options</code> flags to <code>pip-compile</code>
(<a href=""https://github-redirect.dependabot.com/jazzband/pip-tools/pull/1123"">#1123</a>). Thanks <a href=""https://github.com/atugushev""><code>@​atugushev</code></a></li>
<li>Add <code>--python-executable</code> option for <code>pip-sync</code>
(<a href=""https://github-redirect.dependabot.com/jazzband/pip-tools/pull/1333"">#1333</a>). Thanks <a href=""https://github.com/MaratFM""><code>@​MaratFM</code></a></li>
<li>Log which python version was used during compile
(<a href=""https://github-redirect.dependabot.com/jazzband/pip-tools/pull/828"">#828</a>). Thanks <a href=""https://github.com/graingert""><code>@​graingert</code></a></li>
</ul>
<p>Bug Fixes:</p>
<ul>
<li>Fix <code>pip-compile</code> package ordering
(<a href=""https://github-redirect.dependabot.com/jazzband/pip-tools/pull/1419"">#1419</a>). Thanks <a href=""https://github.com/adamsol""><code>@​adamsol</code></a></li>
<li>Add <code>--strip-extras</code> option to <code>pip-compile</code> for producing constraint compatible
output (<a href=""https://github-redirect.dependabot.com/jazzband/pip-tools/pull/1404"">#1404</a>). Thanks <a href=""https://github.com/ssbarnea""><code>@​ssbarnea</code></a></li>
<li>Fix <code>click</code> v7 <code>version_option</code> compatibility
(<a href=""https://github-redirect.dependabot.com/jazzband/pip-tools/pull/1410"">#1410</a>). Thanks <a href=""https://github.com/FuegoFro""><code>@​FuegoFro</code></a></li>
<li>Pass <code>package_name</code> explicitly in <code>click.version_option</code> decorators for compatibility
with <code>click&gt;=8.0</code> (<a href=""https://github-redirect.dependabot.com/jazzband/pip-tools/pull/1400"">#1400</a>). Thanks
<a href=""https://github.com/nicoa""><code>@​nicoa</code></a></li>
</ul>
<p>Other Changes:</p>
<ul>
<li>Document updating requirements with <code>pre-commit</code> hooks
(<a href=""https://github-redirect.dependabot.com/jazzband/pip-tools/pull/1387"">#1387</a>). Thanks <a href=""https://github.com/microcat49""><code>@​microcat49</code></a></li>
<li>Add <code>setuptools</code> and <code>wheel</code> dependencies to the <code>setup.cfg</code>
(<a href=""https://github-redirect.dependabot.com/jazzband/pip-tools/pull/889"">#889</a>). Thanks <a href=""https://github.com/jayvdb""><code>@​jayvdb</code></a></li>
<li>Improve instructions for new contributors
(<a href=""https://github-redirect.dependabot.com/jazzband/pip-tools/pull/1394"">#1394</a>). Thanks <a href=""https://github.com/FlorentJeannot""><code>@​FlorentJeannot</code></a></li>
<li>Better explain role of existing <code>requirements.txt</code>
(<a href=""https://github-redirect.dependabot.com/jazzband/pip-tools/pull/1369"">#1369</a>). Thanks <a href=""https://github.com/mikepqr""><code>@​mikepqr</code></a></li>
</ul>
</blockquote>
</details>
<details>
<summary>Commits</summary>
<ul>
<li><a href=""https://github.com/jazzband/pip-tools/commit/39f751963347778392b69923acdc7b2c32db7122""><code>39f7519</code></a> Release 6.2.0 (<a href=""https://github-redirect.dependabot.com/jazzband/pip-tools/issues/1423"">#1423</a>)</li>
<li><a href=""https://github.com/jazzband/pip-tools/commit/8db87eb1913fb41b8d028eeccf42b75f95a515db""><code>8db87eb</code></a> Fix changelog category title template (<a href=""https://github-redirect.dependabot.com/jazzband/pip-tools/issues/1424"">#1424</a>)</li>
<li><a href=""https://github.com/jazzband/pip-tools/commit/d917eda54b5031f843164b203b14af56dcc63d50""><code>d917eda</code></a> Make GitHub recognise license (<a href=""https://github-redirect.dependabot.com/jazzband/pip-tools/issues/1426"">#1426</a>)</li>
<li><a href=""https://github.com/jazzband/pip-tools/commit/6da1c46ff726d945fc37bdd8b908aa354e7226ee""><code>6da1c46</code></a> Merge pull request <a href=""https://github-redirect.dependabot.com/jazzband/pip-tools/issues/1428"">#1428</a> from jazzband/pre-commit-ci-update-config</li>
<li><a href=""https://github.com/jazzband/pip-tools/commit/95d4dc7d6b3730fd6493d9761edc02a34b7ecfea""><code>95d4dc7</code></a> [pre-commit.ci] pre-commit autoupdate</li>
<li><a href=""https://github.com/jazzband/pip-tools/commit/db0f4a55976667c96c0266882a61254d67502a5d""><code>db0f4a5</code></a> Prettify CHANGELOG file (<a href=""https://github-redirect.dependabot.com/jazzband/pip-tools/issues/1425"">#1425</a>)</li>
<li><a href=""https://github.com/jazzband/pip-tools/commit/608572f7613f8d501e53c668355d78979e460999""><code>608572f</code></a> Add release drafter github action (<a href=""https://github-redirect.dependabot.com/jazzband/pip-tools/issues/1416"">#1416</a>)</li>
<li><a href=""https://github.com/jazzband/pip-tools/commit/d8ac360a3a0020499f340a9cd8af64efcd9b9396""><code>d8ac360</code></a> Add PyPy jobs to PR CI runs (<a href=""https://github-redirect.dependabot.com/jazzband/pip-tools/issues/1379"">#1379</a>)</li>
<li><a href=""https://github.com/jazzband/pip-tools/commit/295ba865d8d9bcf6bf84fe31bc07bc6c0cf2532b""><code>295ba86</code></a> Add --emit-options/--no-emit-options flag (<a href=""https://github-redirect.dependabot.com/jazzband/pip-tools/issues/1123"">#1123</a>)</li>
<li><a href=""https://github.com/jazzband/pip-tools/commit/cb53648f4683aea83a032cce7cd0bf197368140a""><code>cb53648</code></a> Fix pip-compile package ordering (<a href=""https://github-redirect.dependabot.com/jazzband/pip-tools/issues/1419"">#1419</a>)</li>
<li>Additional commits viewable in <a href=""https://github.com/jazzband/pip-tools/compare/6.1.0...6.2.0"">compare view</a></li>
</ul>
</details>
<br />


[![Dependabot compatibility score](https://dependabot-badges.githubapp.com/badges/compatibility_score?dependency-name=pip-tools&package-manager=pip&previous-version=6.1.0&new-version=6.2.0)](https://docs.github.com/en/github/managing-security-vulnerabilities/about-dependabot-security-updates#about-compatibility-scores)

Dependabot will resolve any conflicts with this PR as long as you don't alter it yourself. You can also trigger a rebase manually by commenting `@dependabot rebase`.

[//]: # (dependabot-automerge-start)
[//]: # (dependabot-automerge-end)

---

<details>
<summary>Dependabot commands and options</summary>
<br />

You can trigger Dependabot actions by commenting on this PR:
- `@dependabot rebase` will rebase this PR
- `@dependabot recreate` will recreate this PR, overwriting any edits that have been made to it
- `@dependabot merge` will merge this PR after your CI passes on it
- `@dependabot squash and merge` will squash and merge this PR after your CI passes on it
- `@dependabot cancel merge` will cancel a previously requested merge and block automerging
- `@dependabot reopen` will reopen this PR if it is closed
- `@dependabot close` will close this PR and stop Dependabot recreating it. You can achieve the same result by closing it manually
- `@dependabot ignore this major version` will close this PR and stop Dependabot creating any more for this major version (unless you reopen the PR or upgrade to it yourself)
- `@dependabot ignore this minor version` will close this PR and stop Dependabot creating any more for this minor version (unless you reopen the PR or upgrade to it yourself)
- `@dependabot ignore this dependency` will close this PR and stop Dependabot creating any more for this dependency (unless you reopen the PR or upgrade to it yourself)


</details>",https://github.com/pallets/flask/pull/4181,dependabot[bot],CONTRIBUTOR,closed,False,main,dependabot/pip/pip-tools-6.2.0,2021-07-01 08:02:20+00:00,2021-07-16 00:02:23+00:00,2021-07-01 10:09:16+00:00,2021-07-01 10:09:16+00:00,1,2.1155555555555554,2.1155555555555554,3,1,4,1,1,34,10638,641,['dependencies'],1,[],0,1,0,0,0,0,0,1,0,0,False,False,False,False,Merged,2021-Q3,2021-07-01,2021-09-30,Merged,True,False,False,False,False,False,False,False,False,True,True,False,False,False,False,False,False,False,False,False,2,True,1,Merged,9.272281773516363,6.464588303689961,1.3862943611198906,0.6931471805599453,1.6094379124341005,0.6931471805599453,0.6931471805599453,True,True,False,True,4.0,0.25,False,False,Very small,2021,7,3,3,8,False,Thursday,Previous contributor,0,0,0,0,train
pallets/flask,4184,Bump sphinx-tabs from 3.0.0 to 3.1.0,"Bumps [sphinx-tabs](https://github.com/executablebooks/sphinx-tabs) from 3.0.0 to 3.1.0.
<details>
<summary>Release notes</summary>
<p><em>Sourced from <a href=""https://github.com/executablebooks/sphinx-tabs/releases"">sphinx-tabs's releases</a>.</em></p>
<blockquote>
<h2>Version 3.1.0</h2>
<p>See <a href=""https://github.com/executablebooks/sphinx-tabs/blob/master/CHANGELOG.md"">CHANGELOG.md</a></p>
</blockquote>
</details>
<details>
<summary>Changelog</summary>
<p><em>Sourced from <a href=""https://github.com/executablebooks/sphinx-tabs/blob/master/CHANGELOG.md"">sphinx-tabs's changelog</a>.</em></p>
<blockquote>
<h2>3.1.0 - 2021-06-11</h2>
<h3>Added</h3>
<ul>
<li>👌 Added mew sphinx config <code>sphinx_tabs_disable_css_loading</code> option to disable css from loading</li>
</ul>
</blockquote>
</details>
<details>
<summary>Commits</summary>
<ul>
<li><a href=""https://github.com/executablebooks/sphinx-tabs/commit/d921af32e6fc21a77fd495e31d714bdc49773a73""><code>d921af3</code></a> 🚀 RELEASE: v3.1.0 (<a href=""https://github-redirect.dependabot.com/executablebooks/sphinx-tabs/issues/125"">#125</a>)</li>
<li><a href=""https://github.com/executablebooks/sphinx-tabs/commit/f4d1016524100903ef5fc3466a3eeba412acbdf2""><code>f4d1016</code></a> 🧪 TESTS: Skip failing rinohtype tests (<a href=""https://github-redirect.dependabot.com/executablebooks/sphinx-tabs/issues/124"">#124</a>)</li>
<li><a href=""https://github.com/executablebooks/sphinx-tabs/commit/5564197ef72fd4d1e9c2892787e690b2df0dda17""><code>5564197</code></a> 🧪 TESTS: Add tests for disable_css_loading option</li>
<li><a href=""https://github.com/executablebooks/sphinx-tabs/commit/54776a331666464d2f2f2eb4dcb26c6863932bc6""><code>54776a3</code></a> 👌 IMPROVE: Add sphinx option to disable css from loading</li>
<li><a href=""https://github.com/executablebooks/sphinx-tabs/commit/69f31ff4c3a44321dad5e12d87d18ea8655c777c""><code>69f31ff</code></a> 🧪 TESTS: Fix Jest version for JS testing (<a href=""https://github-redirect.dependabot.com/executablebooks/sphinx-tabs/issues/119"">#119</a>)</li>
<li><a href=""https://github.com/executablebooks/sphinx-tabs/commit/41cdcd34653ca218531e967549e8a95c77fa5881""><code>41cdcd3</code></a> 📚 DOCS: Add PDF format to the Read The Docs config (<a href=""https://github-redirect.dependabot.com/executablebooks/sphinx-tabs/issues/116"">#116</a>)</li>
<li>See full diff in <a href=""https://github.com/executablebooks/sphinx-tabs/compare/v3.0.0...v3.1.0"">compare view</a></li>
</ul>
</details>
<br />


[![Dependabot compatibility score](https://dependabot-badges.githubapp.com/badges/compatibility_score?dependency-name=sphinx-tabs&package-manager=pip&previous-version=3.0.0&new-version=3.1.0)](https://docs.github.com/en/github/managing-security-vulnerabilities/about-dependabot-security-updates#about-compatibility-scores)

Dependabot will resolve any conflicts with this PR as long as you don't alter it yourself. You can also trigger a rebase manually by commenting `@dependabot rebase`.

[//]: # (dependabot-automerge-start)
[//]: # (dependabot-automerge-end)

---

<details>
<summary>Dependabot commands and options</summary>
<br />

You can trigger Dependabot actions by commenting on this PR:
- `@dependabot rebase` will rebase this PR
- `@dependabot recreate` will recreate this PR, overwriting any edits that have been made to it
- `@dependabot merge` will merge this PR after your CI passes on it
- `@dependabot squash and merge` will squash and merge this PR after your CI passes on it
- `@dependabot cancel merge` will cancel a previously requested merge and block automerging
- `@dependabot reopen` will reopen this PR if it is closed
- `@dependabot close` will close this PR and stop Dependabot recreating it. You can achieve the same result by closing it manually
- `@dependabot ignore this major version` will close this PR and stop Dependabot creating any more for this major version (unless you reopen the PR or upgrade to it yourself)
- `@dependabot ignore this minor version` will close this PR and stop Dependabot creating any more for this minor version (unless you reopen the PR or upgrade to it yourself)
- `@dependabot ignore this dependency` will close this PR and stop Dependabot creating any more for this dependency (unless you reopen the PR or upgrade to it yourself)


</details>",https://github.com/pallets/flask/pull/4184,dependabot[bot],CONTRIBUTOR,closed,False,main,dependabot/pip/sphinx-tabs-3.1.0,2021-07-01 08:03:45+00:00,2021-07-16 00:02:24+00:00,2021-07-01 10:03:58+00:00,2021-07-01 10:03:58+00:00,1,2.0036111111111112,2.0036111111111112,24,24,48,2,1,36,4298,371,['dependencies'],1,[],0,2,0,0,0,0,0,2,0,0,False,False,False,False,Merged,2021-Q3,2021-07-01,2021-09-30,Merged,True,False,False,False,False,True,False,False,False,True,True,False,False,False,False,False,False,False,False,False,3,True,1,Merged,8.366137716496281,5.918893854273146,3.218875824868201,3.218875824868201,3.8918202981106265,1.0986122886681098,0.6931471805599453,True,True,False,True,24.0,0.5,False,False,Small,2021,7,3,3,8,False,Thursday,Previous contributor,0,0,0,0,train
pallets/flask,4190,Improve code example of api & jQuery docs,"The type attribute of script tag could be and is recommended to be omitted when it's of javascript, more details at <https://developer.mozilla.org/en-US/docs/Web/HTML/Element/script#attr-type>.",https://github.com/pallets/flask/pull/4190,yuxiaoy1,CONTRIBUTOR,closed,False,2.0.x,docs,2021-07-07 07:29:05+00:00,2021-08-21 00:02:56+00:00,2021-08-05 23:55:51+00:00,2021-08-05 23:55:51+00:00,1,712.4461111111111,712.4461111111111,4,5,9,2,2,41,193,22,['docs'],1,[],0,2,0,2,0,0,0,2,0,0,False,True,False,False,Merged,2021-Q3,2021-07-01,2021-09-30,Merged,True,True,True,False,False,False,False,False,False,False,False,False,False,False,False,False,False,False,False,False,2,True,1,Merged,5.267858159063328,3.1354942159291497,1.6094379124341005,1.791759469228055,2.302585092994046,1.0986122886681098,1.0986122886681098,True,False,False,False,4.5,0.5555555555555556,False,True,Very small,2021,7,3,2,7,False,Wednesday,Previous contributor,1,1,1,1,train
pallets/flask,4209,Bump sphinx from 4.0.2 to 4.1.2,"[//]: # (dependabot-start)
⚠️  **Dependabot is rebasing this PR** ⚠️ 

Rebasing might not happen immediately, so don't worry if this takes some time.

Note: if you make any changes to this PR yourself, they will take precedence over the rebase.

---

[//]: # (dependabot-end)

Bumps [sphinx](https://github.com/sphinx-doc/sphinx) from 4.0.2 to 4.1.2.
<details>
<summary>Changelog</summary>
<p><em>Sourced from <a href=""https://github.com/sphinx-doc/sphinx/blob/4.x/CHANGES"">sphinx's changelog</a>.</em></p>
<blockquote>
<h1>Release 4.1.2 (released Jul 27, 2021)</h1>
<h2>Incompatible changes</h2>
<ul>
<li><a href=""https://github-redirect.dependabot.com/sphinx-doc/sphinx/issues/9435"">#9435</a>: linkcheck: Disable checking automatically generated anchors on
github.com (ex. anchors in reST/Markdown documents)</li>
</ul>
<h2>Bugs fixed</h2>
<ul>
<li><a href=""https://github-redirect.dependabot.com/sphinx-doc/sphinx/issues/9489"">#9489</a>: autodoc: Custom types using <code>typing.NewType</code> are not displayed well
with the HEAD of 3.10</li>
<li><a href=""https://github-redirect.dependabot.com/sphinx-doc/sphinx/issues/9490"">#9490</a>: autodoc: Some objects under <code>typing</code> module are not displayed well
with the HEAD of 3.10</li>
<li><a href=""https://github-redirect.dependabot.com/sphinx-doc/sphinx/issues/9436"">#9436</a>, <a href=""https://github-redirect.dependabot.com/sphinx-doc/sphinx/issues/9471"">#9471</a>: autodoc: crashed if <code>autodoc_class_signature = &quot;separated&quot;</code></li>
<li><a href=""https://github-redirect.dependabot.com/sphinx-doc/sphinx/issues/9456"">#9456</a>: html search: html_copy_source can't control the search summaries</li>
<li><a href=""https://github-redirect.dependabot.com/sphinx-doc/sphinx/issues/9435"">#9435</a>: linkcheck: Failed to check anchors in github.com</li>
</ul>
<h1>Release 4.1.1 (released Jul 15, 2021)</h1>
<h2>Dependencies</h2>
<ul>
<li><a href=""https://github-redirect.dependabot.com/sphinx-doc/sphinx/issues/9434"">#9434</a>: sphinxcontrib-htmlhelp-2.0.0 or above</li>
<li><a href=""https://github-redirect.dependabot.com/sphinx-doc/sphinx/issues/9434"">#9434</a>: sphinxcontrib-serializinghtml-1.1.5 or above</li>
</ul>
<h2>Bugs fixed</h2>
<ul>
<li><a href=""https://github-redirect.dependabot.com/sphinx-doc/sphinx/issues/9438"">#9438</a>: html: HTML logo or Favicon specified as file not being found on output</li>
</ul>
<h1>Release 4.1.0 (released Jul 12, 2021)</h1>
<h2>Dependencies</h2>
<ul>
<li>Support jinja2-3.0</li>
</ul>
<h2>Deprecated</h2>
<ul>
<li>The <code>app</code> argument of <code>sphinx.environment.BuildEnvironment</code> becomes
required</li>
<li><code>sphinx.application.Sphinx.html_theme</code></li>
<li><code>sphinx.ext.autosummary._app</code></li>
<li><code>sphinx.util.docstrings.extract_metadata()</code></li>
</ul>
<!-- raw HTML omitted -->
</blockquote>
<p>... (truncated)</p>
</details>
<details>
<summary>Commits</summary>
<ul>
<li><a href=""https://github.com/sphinx-doc/sphinx/commit/4ba5c21b0182557157710a457bed470d335f7571""><code>4ba5c21</code></a> Bump to 4.1.2 final</li>
<li><a href=""https://github.com/sphinx-doc/sphinx/commit/4dc45f0a3d7e1cd7a1df524c23e8883e7639e95a""><code>4dc45f0</code></a> Merge pull request <a href=""https://github-redirect.dependabot.com/sphinx-doc/sphinx/issues/9494"">#9494</a> from tk0miya/9456_revert_9129</li>
<li><a href=""https://github.com/sphinx-doc/sphinx/commit/df562b4343aaa29163aefafe04906cb5bf7ffe83""><code>df562b4</code></a> Merge branch '4.1.x' into 9456_revert_9129</li>
<li><a href=""https://github.com/sphinx-doc/sphinx/commit/5d8f925e02e6ab339deb8a603a7355d46571c3e4""><code>5d8f925</code></a> Merge pull request <a href=""https://github-redirect.dependabot.com/sphinx-doc/sphinx/issues/9493"">#9493</a> from tk0miya/9436_autodoc_class_signature</li>
<li><a href=""https://github.com/sphinx-doc/sphinx/commit/ef53dec9c59a2379b69416fdd45c163606237c94""><code>ef53dec</code></a> Fix <a href=""https://github-redirect.dependabot.com/sphinx-doc/sphinx/issues/9456"">#9456</a>: html search: html_copy_source can't control the search summaries</li>
<li><a href=""https://github.com/sphinx-doc/sphinx/commit/4f364a30bc6e3df96cf8e1d7dd1a0d2115c30f0b""><code>4f364a3</code></a> Fix <a href=""https://github-redirect.dependabot.com/sphinx-doc/sphinx/issues/9436"">#9436</a>, <a href=""https://github-redirect.dependabot.com/sphinx-doc/sphinx/issues/9471"">#9471</a>: autodoc: crashed if autodoc_class_signature = &quot;separated&quot;</li>
<li><a href=""https://github.com/sphinx-doc/sphinx/commit/9218ad4adc20297ab3d3591b0513604bf1e35631""><code>9218ad4</code></a> Merge pull request <a href=""https://github-redirect.dependabot.com/sphinx-doc/sphinx/issues/9491"">#9491</a> from tk0miya/9489_NewType</li>
<li><a href=""https://github.com/sphinx-doc/sphinx/commit/68fb54806f2ce476159e5607fc303342c29e31be""><code>68fb548</code></a> Fix <a href=""https://github-redirect.dependabot.com/sphinx-doc/sphinx/issues/9490"">#9490</a>: autodoc: Some typing.* objects are broken</li>
<li><a href=""https://github.com/sphinx-doc/sphinx/commit/771507e073d46b12bcbdc56346a4ef06d2f653f5""><code>771507e</code></a> Fix <a href=""https://github-redirect.dependabot.com/sphinx-doc/sphinx/issues/9489"">#9489</a>: autodoc: Custom types using typing.NewType are broken</li>
<li><a href=""https://github.com/sphinx-doc/sphinx/commit/9ebdc987b08a52e857fee5a4099d64baadfae729""><code>9ebdc98</code></a> Merge pull request <a href=""https://github-redirect.dependabot.com/sphinx-doc/sphinx/issues/9467"">#9467</a> from tk0miya/9435_disable_rewrite_github_anchor</li>
<li>Additional commits viewable in <a href=""https://github.com/sphinx-doc/sphinx/compare/v4.0.2...v4.1.2"">compare view</a></li>
</ul>
</details>
<br />


[![Dependabot compatibility score](https://dependabot-badges.githubapp.com/badges/compatibility_score?dependency-name=sphinx&package-manager=pip&previous-version=4.0.2&new-version=4.1.2)](https://docs.github.com/en/github/managing-security-vulnerabilities/about-dependabot-security-updates#about-compatibility-scores)

Dependabot will resolve any conflicts with this PR as long as you don't alter it yourself. You can also trigger a rebase manually by commenting `@dependabot rebase`.

[//]: # (dependabot-automerge-start)
[//]: # (dependabot-automerge-end)

---

<details>
<summary>Dependabot commands and options</summary>
<br />

You can trigger Dependabot actions by commenting on this PR:
- `@dependabot rebase` will rebase this PR
- `@dependabot recreate` will recreate this PR, overwriting any edits that have been made to it
- `@dependabot merge` will merge this PR after your CI passes on it
- `@dependabot squash and merge` will squash and merge this PR after your CI passes on it
- `@dependabot cancel merge` will cancel a previously requested merge and block automerging
- `@dependabot reopen` will reopen this PR if it is closed
- `@dependabot close` will close this PR and stop Dependabot recreating it. You can achieve the same result by closing it manually
- `@dependabot ignore this major version` will close this PR and stop Dependabot creating any more for this major version (unless you reopen the PR or upgrade to it yourself)
- `@dependabot ignore this minor version` will close this PR and stop Dependabot creating any more for this minor version (unless you reopen the PR or upgrade to it yourself)
- `@dependabot ignore this dependency` will close this PR and stop Dependabot creating any more for this dependency (unless you reopen the PR or upgrade to it yourself)


</details>",https://github.com/pallets/flask/pull/4209,dependabot[bot],CONTRIBUTOR,closed,False,main,dependabot/pip/sphinx-4.1.2,2021-08-01 08:04:23+00:00,2021-08-16 00:02:44+00:00,2021-08-01 08:51:06+00:00,2021-08-01 08:51:05+00:00,1,0.7786111111111111,0.7783333333333333,6,6,12,2,1,31,7516,574,['dependencies'],1,[],0,2,0,0,0,0,0,2,0,0,False,False,False,False,Merged,2021-Q3,2021-07-01,2021-09-30,Merged,True,False,False,False,False,False,False,False,False,True,True,False,False,False,False,False,False,False,False,False,2,True,1,Merged,8.924922401177469,6.354370040797351,1.9459101490553128,1.9459101490553128,2.5649493574615367,1.0986122886681098,0.6931471805599453,True,True,False,True,6.0,0.5,False,False,Small,2021,8,3,6,8,True,Sunday,Previous contributor,0,0,0,0,train
pallets/flask,4221,docs in quickstart.rst in use wrong variable name.,"quickstart.rts in File upload section in request file parameter variable name is ""file"". but file save with file name in secure_filename() function in use ""f"".
",https://github.com/pallets/flask/pull/4221,kaushikk25,CONTRIBUTOR,closed,False,2.0.x,patch-1,2021-08-05 06:36:30+00:00,2021-08-21 00:02:55+00:00,2021-08-05 15:55:28+00:00,2021-08-05 15:55:28+00:00,1,9.31611111111111,9.31611111111111,1,1,2,1,1,50,159,25,['docs'],1,[],0,1,0,1,0,0,0,1,0,0,False,True,False,False,Merged,2021-Q3,2021-07-01,2021-09-30,Merged,True,False,False,False,False,False,False,False,False,False,False,False,False,False,False,False,False,False,False,False,0,False,1,Merged,5.075173815233827,3.258096538021482,0.6931471805599453,0.6931471805599453,1.0986122886681098,0.6931471805599453,0.6931471805599453,True,False,False,False,2.0,0.5,False,False,Very small,2021,8,3,3,6,False,Thursday,Previous contributor,0,0,0,0,train
pallets/flask,4234,Remove the mention of Flask-Uploads in the uploading docs,"The alternative of #4233, see that PR for more details.",https://github.com/pallets/flask/pull/4234,greyli,CONTRIBUTOR,closed,False,2.0.x,upload-docs,2021-08-13 11:19:18+00:00,2021-08-29 00:02:50+00:00,2021-08-14 12:21:11+00:00,2021-08-14 12:21:11+00:00,1,25.031388888888888,25.031388888888888,3,4,7,1,1,57,55,10,['docs'],1,[],0,1,0,1,0,0,0,1,0,0,False,True,False,False,Merged,2021-Q3,2021-07-01,2021-09-30,Merged,True,False,False,False,False,False,False,False,False,False,False,False,False,False,False,False,False,False,False,False,0,False,1,Merged,4.02535169073515,2.3978952727983707,1.3862943611198906,1.6094379124341005,2.079441541679836,0.6931471805599453,0.6931471805599453,True,False,False,False,7.0,0.5714285714285714,False,False,Very small,2021,8,3,4,11,False,Friday,Previous contributor,1,0,0,0,train
pallets/flask,4254,Bump tox from 3.24.1 to 3.24.3,"[//]: # (dependabot-start)
⚠️  **Dependabot is rebasing this PR** ⚠️ 

Rebasing might not happen immediately, so don't worry if this takes some time.

Note: if you make any changes to this PR yourself, they will take precedence over the rebase.

---

[//]: # (dependabot-end)

Bumps [tox](https://github.com/tox-dev/tox) from 3.24.1 to 3.24.3.
<details>
<summary>Changelog</summary>
<p><em>Sourced from <a href=""https://github.com/tox-dev/tox/blob/master/docs/changelog.rst"">tox's changelog</a>.</em></p>
<blockquote>
<h2>v3.24.3 (2021-08-21)</h2>
<p>Bugfixes
^^^^^^^^</p>
<ul>
<li><code>--parallel</code> reports now show ASCII OK/FAIL/SKIP lines when full Unicode output is not available - by :user:<code>brettcs</code>
<code>[#1421](https://github.com/tox-dev/tox/issues/1421) &lt;https://github.com/tox-dev/tox/issues/1421&gt;</code>_</li>
</ul>
<p>Miscellaneous
^^^^^^^^^^^^^</p>
<ul>
<li>Started enforcing valid references in Sphinx docs -- :user:<code>webknjaz</code>
<code>[#2168](https://github.com/tox-dev/tox/issues/2168) &lt;https://github.com/tox-dev/tox/issues/2168&gt;</code>_</li>
</ul>
<h2>v3.24.2 (2021-08-18)</h2>
<p>Bugfixes
^^^^^^^^</p>
<ul>
<li>include <code>LC_ALL</code> to implicit list of passenv variables - by :user:<code>ssbarnea</code>
<code>[#2162](https://github.com/tox-dev/tox/issues/2162) &lt;https://github.com/tox-dev/tox/issues/2162&gt;</code>_</li>
</ul>
</blockquote>
</details>
<details>
<summary>Commits</summary>
<ul>
<li><a href=""https://github.com/tox-dev/tox/commit/db3149ecd44c0b03418386074a3b07de2914a14d""><code>db3149e</code></a> release 3.24.3</li>
<li><a href=""https://github.com/tox-dev/tox/commit/8f5ca1165749efd71d4d3afc19285a9257fe1279""><code>8f5ca11</code></a> ASCII output for --parallel report lines (<a href=""https://github-redirect.dependabot.com/tox-dev/tox/issues/2164"">#2164</a>)</li>
<li><a href=""https://github.com/tox-dev/tox/commit/e1f1826d0533c3b45cbe72c9210ae0cca3ad2181""><code>e1f1826</code></a> ♲ Fix the rendering of PR templates (<a href=""https://github-redirect.dependabot.com/tox-dev/tox/issues/2169"">#2169</a>)</li>
<li><a href=""https://github.com/tox-dev/tox/commit/3dbc21f47ed2fe07dce09770e02e692e1c0e3045""><code>3dbc21f</code></a> 📝 Make Sphinx strict about broken references (<a href=""https://github-redirect.dependabot.com/tox-dev/tox/issues/2168"">#2168</a>)</li>
<li><a href=""https://github.com/tox-dev/tox/commit/63c98c2ff2bf6506499ed73e8c0806df79351951""><code>63c98c2</code></a> 📝 Document when <code>{tty}</code> was added (<a href=""https://github-redirect.dependabot.com/tox-dev/tox/issues/2166"">#2166</a>)</li>
<li><a href=""https://github.com/tox-dev/tox/commit/29a1ca98b5f6fc9d6adf4200c2fb566a0319cd65""><code>29a1ca9</code></a> 🐛 Fix the last version+date underline in changelog (<a href=""https://github-redirect.dependabot.com/tox-dev/tox/issues/2165"">#2165</a>)</li>
<li><a href=""https://github.com/tox-dev/tox/commit/8c8a29e34886f45f7e3b86dc62a1723aa14fd369""><code>8c8a29e</code></a> Merge pull request <a href=""https://github-redirect.dependabot.com/tox-dev/tox/issues/2163"">#2163</a> from tox-dev/release-3.24.2</li>
<li><a href=""https://github.com/tox-dev/tox/commit/3dc01d5c0f3ec51583de6c990107f12c608d82f6""><code>3dc01d5</code></a> release 3.24.2</li>
<li><a href=""https://github.com/tox-dev/tox/commit/bb609f5acfc580588925367b00533bf808e9d4c1""><code>bb609f5</code></a> Add LC_ALL to implicit tox passenv (<a href=""https://github-redirect.dependabot.com/tox-dev/tox/issues/2162"">#2162</a>)</li>
<li><a href=""https://github.com/tox-dev/tox/commit/8ded7b72cb7dbb8da3a3eccfe6f9a099edbcde5f""><code>8ded7b7</code></a> [pre-commit.ci] pre-commit autoupdate (<a href=""https://github-redirect.dependabot.com/tox-dev/tox/issues/2149"">#2149</a>)</li>
<li>Additional commits viewable in <a href=""https://github.com/tox-dev/tox/compare/3.24.1...3.24.3"">compare view</a></li>
</ul>
</details>
<br />


[![Dependabot compatibility score](https://dependabot-badges.githubapp.com/badges/compatibility_score?dependency-name=tox&package-manager=pip&previous-version=3.24.1&new-version=3.24.3)](https://docs.github.com/en/github/managing-security-vulnerabilities/about-dependabot-security-updates#about-compatibility-scores)

Dependabot will resolve any conflicts with this PR as long as you don't alter it yourself. You can also trigger a rebase manually by commenting `@dependabot rebase`.

[//]: # (dependabot-automerge-start)
[//]: # (dependabot-automerge-end)

---

<details>
<summary>Dependabot commands and options</summary>
<br />

You can trigger Dependabot actions by commenting on this PR:
- `@dependabot rebase` will rebase this PR
- `@dependabot recreate` will recreate this PR, overwriting any edits that have been made to it
- `@dependabot merge` will merge this PR after your CI passes on it
- `@dependabot squash and merge` will squash and merge this PR after your CI passes on it
- `@dependabot cancel merge` will cancel a previously requested merge and block automerging
- `@dependabot reopen` will reopen this PR if it is closed
- `@dependabot close` will close this PR and stop Dependabot recreating it. You can achieve the same result by closing it manually
- `@dependabot ignore this major version` will close this PR and stop Dependabot creating any more for this major version (unless you reopen the PR or upgrade to it yourself)
- `@dependabot ignore this minor version` will close this PR and stop Dependabot creating any more for this minor version (unless you reopen the PR or upgrade to it yourself)
- `@dependabot ignore this dependency` will close this PR and stop Dependabot creating any more for this dependency (unless you reopen the PR or upgrade to it yourself)


</details>",https://github.com/pallets/flask/pull/4254,dependabot[bot],CONTRIBUTOR,closed,False,main,dependabot/pip/tox-3.24.3,2021-09-01 08:03:33+00:00,2021-09-16 00:03:17+00:00,2021-09-01 08:40:46+00:00,2021-09-01 08:40:46+00:00,1,0.6202777777777778,0.6202777777777778,1,1,2,1,1,30,5688,463,['dependencies'],1,[],0,1,0,0,0,0,0,1,0,0,False,False,False,False,Merged,2021-Q3,2021-07-01,2021-09-30,Merged,True,False,False,False,False,False,False,False,False,True,True,False,False,False,False,False,False,False,False,False,2,True,1,Merged,8.646289764750648,6.139884552226255,0.6931471805599453,0.6931471805599453,1.0986122886681098,0.6931471805599453,0.6931471805599453,True,True,False,True,2.0,0.5,False,False,Very small,2021,9,3,2,8,False,Wednesday,Previous contributor,0,0,0,0,train
pallets/flask,4266,fix: typo docs/debugging.rst:72,"docs/debugging.rst:72: controled ==> controlled

Replaces: #4264 ",https://github.com/pallets/flask/pull/4266,kkirsche,CONTRIBUTOR,closed,False,2.0.x,patch-1,2021-09-14 16:30:35+00:00,2021-09-30 00:03:12+00:00,2021-09-15 00:50:08+00:00,2021-09-15 00:50:08+00:00,1,8.325833333333334,8.325833333333334,1,1,2,1,1,31,66,6,[],0,[],0,1,0,1,0,0,0,1,0,0,False,True,False,False,Merged,2021-Q3,2021-07-01,2021-09-30,Merged,True,False,False,False,False,False,False,False,False,False,False,False,False,False,False,False,False,False,False,False,0,False,1,Merged,4.204692619390966,1.9459101490553128,0.6931471805599453,0.6931471805599453,1.0986122886681098,0.6931471805599453,0.6931471805599453,True,False,False,False,2.0,0.5,False,False,Very small,2021,9,3,1,16,False,Tuesday,Previous contributor,0,0,0,0,train
pallets/flask,4271,DOC: Fix broken link to Flask-WTF,"The link to Flask-WTF is broken in the current online documentation. Simple change of the URL is needed.

- fixes #4270
",https://github.com/pallets/flask/pull/4271,KPLauritzen,CONTRIBUTOR,closed,False,2.0.x,b/broken-link-flaskwtf,2021-09-27 08:49:50+00:00,2021-10-16 00:03:08+00:00,2021-10-01 16:59:35+00:00,2021-10-01 16:59:34+00:00,1,104.1625,104.16222222222224,1,1,2,1,1,33,121,21,['docs'],1,[],0,1,0,1,0,0,0,1,0,0,False,True,False,False,Merged,2021-Q3,2021-07-01,2021-09-30,Merged,True,False,False,False,False,False,False,False,False,False,False,False,False,False,False,False,False,False,False,False,0,False,1,Merged,4.804021044733257,3.091042453358316,0.6931471805599453,0.6931471805599453,1.0986122886681098,0.6931471805599453,0.6931471805599453,True,False,False,False,2.0,0.5,False,False,Very small,2021,9,3,0,8,False,Monday,Previous contributor,1,1,1,0,train
pallets/flask,4283,use exception chaining,fixes flake8-bugbear B904,https://github.com/pallets/flask/pull/4283,davidism,MEMBER,closed,False,2.0.x,except-chain,2021-10-01 16:40:02+00:00,2021-10-16 00:03:11+00:00,2021-10-01 16:42:18+00:00,2021-10-01 16:42:18+00:00,1,0.0377777777777777,0.0377777777777777,21,20,41,5,1,22,25,3,[],0,[],0,5,0,0,0,0,0,5,0,0,False,False,False,False,Merged,2021-Q4,2021-10-01,2021-12-31,Merged,True,False,False,False,False,True,True,False,False,False,False,False,False,False,False,False,False,False,False,False,2,True,1,Merged,3.258096538021482,1.3862943611198906,3.091042453358316,3.044522437723423,3.737669618283368,1.791759469228055,0.6931471805599453,True,False,False,False,8.2,0.4878048780487805,False,False,Small,2021,10,4,4,16,False,Friday,Internal or trusted,0,0,0,0,train
pallets/flask,4287,release version 2.0.2,,https://github.com/pallets/flask/pull/4287,davidism,MEMBER,closed,False,2.0.x,release-2.0.2,2021-10-04 14:28:00+00:00,2021-10-19 00:03:24+00:00,2021-10-04 14:31:29+00:00,2021-10-04 14:31:29+00:00,1,0.0580555555555555,0.0580555555555555,2,2,4,2,1,21,0,0,[],0,[],0,2,0,1,0,0,0,2,0,0,False,True,False,False,Merged,2021-Q4,2021-10-01,2021-12-31,Merged,True,False,False,False,False,False,False,False,False,False,False,False,False,False,False,False,False,False,False,False,0,False,1,Merged,0.0,0.0,1.0986122886681098,1.0986122886681098,1.6094379124341005,1.0986122886681098,0.6931471805599453,False,False,False,False,2.0,0.5,False,False,Very small,2021,10,4,0,14,False,Monday,Internal or trusted,0,0,0,0,train
pallets/flask,4298,fix errorhandler type check,"- fixes #4295

Not really sure what was wrong with the original code and why it did not work, but I could reproduce it consistently. This change simplifies `typing.py` and it passes my local tests. I have tried `mypy` with following combinations (results in the comments):

```python
from werkzeug.exceptions import HTTPException

class MyHTTPException(HTTPException): pass


# PASS - base case
@app.errorhandler(Exception)
def handle_any_exception(e: Exception) -> tuple[str, int]:
    return ""generic error"", 500


# PASS - non-base exception, using werkzeug.exceptions.HTTPExceptions as example
@app.errorhandler(HTTPException)
def handle_http_exception(e: HTTPException) -> ResponseReturnValue:
    log.exception(""unknown error"", exc_info=e)
    return ""ERROR"", e.code


# PASS - handling more specific exception, accepting more general one as parameter, should work
@app.errorhandler(HTTPException)
def handle_http_exception_lower_type(e: Exception) -> ResponseReturnValue:
    return str(e), 500


# PASS - custom defined exception in error handler, base exception as parameter
@app.errorhandler(MyHTTPException)
def handle_my_http_exception(e: HTTPException) -> ResponseReturnValue:
    return ""error"", e.code


# FAIL - since handler is accepting broader exception than declared in errorhandler parameter
@app.errorhandler(Exception)
def handle_any_exception_wrong_parameter(e: HTTPException) -> ResponseReturnValue:
    return str(e), e.code


# FAIL - unrelated exceptions
@app.errorhandler(KeyError)
def handler_value_error(e: ValueError) -> tuple[str, int]:
    return ""value error"", 500


# PASS - works as before, no changes
@app.errorhandler(404)
def handle_404(error: Exception) -> tuple[str, int]:
    return ""not found"", 404
```

Equivalent calls to `app.register_error_handler` behave the same as a decorator usage, as expected.

I did not find any tests of framework to tests typing, that is why I performed manually local testing. If I should change the code to test this change, please do let me know.

Please let me know if I should have done something different regarding `CHANGES.rst`.
Checklist:

- [ ] Add tests that demonstrate the correct behavior of the change. Tests should fail without the change.
- [x] Add or update relevant docs, in the docs folder and in code.
- [x] Add an entry in `CHANGES.rst` summarizing the change and linking to the issue.
- [x] Add `.. versionchanged::` entries in any relevant code docs.
- [x] Run `pre-commit` hooks and fix any issues.
- [x] Run `pytest` and `tox`, no tests failed.
",https://github.com/pallets/flask/pull/4298,delicb,CONTRIBUTOR,closed,False,2.0.x,fix/issue4295,2021-10-07 13:34:39+00:00,2022-03-15 15:37:11+00:00,2021-11-15 21:37:42+00:00,2021-11-15 21:37:42+00:00,1,944.0508333333332,944.0508333333332,2,8,10,2,1,27,2609,334,[],0,[],0,2,0,1,0,0,0,2,0,0,False,True,False,False,Merged,2021-Q4,2021-10-01,2021-12-31,Merged,True,False,True,False,False,False,False,False,False,True,True,False,False,False,False,False,False,False,False,False,3,True,1,Merged,7.867105500316739,5.814130531825066,1.0986122886681098,2.19722457733622,2.3978952727983707,1.0986122886681098,0.6931471805599453,True,True,False,True,5.0,0.8,False,False,Very small,2021,10,4,3,13,False,Thursday,Previous contributor,1,1,1,1,train
pallets/flask,4304,Fix example `SECRET_KEY` generation code in documentation,"Removes the extra `)` in: 

```python
print(secrets.token_hex()))
                          ^
```",https://github.com/pallets/flask/pull/4304,rnevius,CONTRIBUTOR,closed,False,2.0.x,patch-1,2021-10-18 08:39:53+00:00,2021-11-02 00:03:26+00:00,2021-10-18 08:41:39+00:00,2021-10-18 08:41:39+00:00,1,0.0294444444444444,0.0294444444444444,1,1,2,1,1,57,102,9,[],0,[],0,1,0,1,0,0,0,1,0,0,False,True,False,False,Merged,2021-Q4,2021-10-01,2021-12-31,Merged,True,False,False,False,False,False,False,False,False,False,False,False,False,False,False,False,False,False,False,False,0,False,1,Merged,4.634728988229636,2.302585092994046,0.6931471805599453,0.6931471805599453,1.0986122886681098,0.6931471805599453,0.6931471805599453,True,False,False,False,2.0,0.5,False,False,Very small,2021,10,4,0,8,False,Monday,Previous contributor,0,0,0,0,train
pallets/flask,4326,update requirements,,https://github.com/pallets/flask/pull/4326,davidism,MEMBER,closed,False,2.0.x,update-requirements,2021-11-01 19:38:57+00:00,2021-11-16 00:03:31+00:00,2021-11-01 19:40:52+00:00,2021-11-01 19:40:52+00:00,1,0.0319444444444444,0.0319444444444444,37,37,74,5,1,19,0,0,[],0,[],0,5,0,0,1,0,0,5,0,0,False,False,True,False,Merged,2021-Q4,2021-10-01,2021-12-31,Merged,True,False,False,True,False,True,True,False,False,False,False,False,False,False,False,False,False,False,False,False,3,True,1,Merged,0.0,0.0,3.6375861597263857,3.6375861597263857,4.31748811353631,1.791759469228055,0.6931471805599453,False,False,False,False,14.8,0.5,False,False,Medium,2021,11,4,0,19,False,Monday,Internal or trusted,0,0,0,0,train
pallets/flask,4335,drop Python 3.6,"[Python 3.6 is end-of-life on December 2021.](https://www.python.org/dev/peps/pep-0494/#lifespan)

Greenlet doesn't compile on Python 3.11 yet, so it's excluded for tests.

Werkzeug removed compat code for `ContextVar`. When using greenlet (gevent or eventlet), greenlet>=1.0 is required, or PyPy>=7.3.7. Notes about this have been added to the installation, async, and deployment docs.",https://github.com/pallets/flask/pull/4335,davidism,MEMBER,closed,False,main,drop-python-3.6,2021-11-12 02:35:19+00:00,2021-11-27 00:03:38+00:00,2021-11-12 02:37:43+00:00,2021-11-12 02:37:43+00:00,1,0.04,0.04,178,82,260,15,3,15,390,49,[],0,[],0,15,2,5,3,0,0,15,0,0,True,True,True,False,Merged,2021-Q4,2021-10-01,2021-12-31,Merged,True,True,False,True,True,True,True,True,True,False,False,False,True,True,False,False,False,False,False,False,9,True,1,Merged,5.968707559985366,3.912023005428146,5.187385805840755,4.418840607796598,5.564520407322694,2.772588722239781,1.3862943611198906,True,False,False,False,17.333333333333332,0.3153846153846154,False,True,Large,2021,11,4,4,2,False,Friday,Internal or trusted,0,0,0,0,train
pallets/flask,4343,"document ""Adddress already in use"" error","Document how to handle an ""Address already in use"" error. Show an example of using `netstat` to identify the other application using the port. Explain how to disable ""AirPlay Receiver"" on MacOS. closes #4328",https://github.com/pallets/flask/pull/4343,davidism,MEMBER,closed,False,2.0.x,address-already-in-use,2021-11-16 16:44:02+00:00,2021-12-01 00:04:07+00:00,2021-11-16 17:05:34+00:00,2021-11-16 17:05:34+00:00,1,0.3588888888888888,0.3588888888888888,78,22,100,5,2,40,207,34,['docs'],1,[],0,5,0,5,0,0,0,5,0,0,False,True,False,False,Merged,2021-Q4,2021-10-01,2021-12-31,Merged,True,True,False,False,False,True,True,True,True,False,False,False,False,True,False,False,False,False,False,False,6,True,1,Merged,5.337538079701318,3.555348061489413,4.3694478524670215,3.1354942159291497,4.61512051684126,1.791759469228055,1.0986122886681098,True,False,False,False,20.0,0.22,False,True,Medium,2021,11,4,1,16,False,Tuesday,Internal or trusted,0,0,0,0,train
pallets/flask,4382,Fix the command for checking port on macOS in server docs,"The original `netstat` command is not working on macOS, I change it to `lsof` for a better output.

Continues #4343",https://github.com/pallets/flask/pull/4382,greyli,CONTRIBUTOR,closed,False,2.0.x,netstat-command,2021-12-12 04:22:02+00:00,2022-01-07 00:03:53+00:00,2021-12-23 02:24:49+00:00,2021-12-23 02:24:49+00:00,1,262.0463888888889,262.0463888888889,13,6,19,1,1,57,117,20,['docs'],1,[],0,1,0,1,0,0,0,1,0,0,False,True,False,False,Merged,2021-Q4,2021-10-01,2021-12-31,Merged,True,False,True,False,False,False,False,False,False,False,False,False,False,False,False,False,False,False,False,False,1,True,1,Merged,4.770684624465665,3.044522437723423,2.6390573296152584,1.9459101490553128,2.995732273553991,0.6931471805599453,0.6931471805599453,True,False,False,False,19.0,0.3157894736842105,False,False,Small,2021,12,4,6,4,True,Sunday,Previous contributor,1,1,1,1,train
pallets/flask,4397,Remove X-XSS-Protection suggestion,"According to [caniuse.com](https://caniuse.com/?search=X-XSS-Protection), this header is not supported by all major browsers except Safari and MDN includes this warning in their [documentation](https://developer.mozilla.org/en-US/docs/Web/HTTP/Headers/X-XSS-Protection):

> Warning: Even though this feature can protect users of older web browsers that don't yet support CSP, in some cases, XSS protection can create XSS vulnerabilities in otherwise safe websites. See the section below for more information. 

This pull request addresses #4392 

",https://github.com/pallets/flask/pull/4397,cameronthecoder,CONTRIBUTOR,closed,False,2.0.x,main,2021-12-31 05:19:48+00:00,2022-01-29 00:03:11+00:00,2022-01-14 16:34:55+00:00,2022-01-14 16:34:55+00:00,1,347.25194444444446,347.25194444444446,0,12,12,1,1,34,548,65,['docs'],1,[],0,1,0,1,0,1,0,1,0,0,False,True,False,True,Merged,2021-Q4,2021-10-01,2021-12-31,Merged,True,False,True,False,False,False,False,False,False,False,False,False,False,False,True,False,False,False,False,False,2,True,1,Merged,6.3080984415095305,4.189654742026425,0.0,2.5649493574615367,2.5649493574615367,0.6931471805599453,0.6931471805599453,True,True,False,False,12.0,1.0,False,False,Small,2021,12,4,4,5,False,Friday,Previous contributor,1,1,1,1,train
pallets/flask,4412,Adding Fish commands to docs,"Fixes [#4411](https://github.com/pallets/flask/issues/4411)

Adding Fish export commands to documentation
",https://github.com/pallets/flask/pull/4412,otherJL0,CONTRIBUTOR,closed,False,2.0.x,main,2022-01-11 13:07:14+00:00,2022-01-29 00:03:12+00:00,2022-01-14 16:29:30+00:00,2022-01-14 16:29:30+00:00,1,75.3711111111111,75.3711111111111,155,0,155,9,1,28,107,8,['docs'],1,[],0,9,0,9,0,0,0,9,0,0,False,True,False,False,Merged,2022-Q1,2022-01-01,2022-03-31,Merged,True,False,False,False,False,False,True,True,True,False,False,False,True,True,False,False,False,False,False,False,5,True,1,Merged,4.68213122712422,2.19722457733622,5.049856007249537,0.0,5.049856007249537,2.302585092994046,0.6931471805599453,True,False,False,False,17.22222222222222,0.0,False,False,Medium,2022,1,1,1,13,False,Tuesday,Previous contributor,1,1,1,0,train
pallets/flask,4432,Match typing declaration with implementation.,"Checklist:

- [ ] Add tests that demonstrate the correct behavior of the change. Tests should fail without the change.
- [ ] Add or update relevant docs, in the docs folder and in code.
- [ ] Add an entry in `CHANGES.rst` summarizing the change and linking to the issue.
- [ ] Add `.. versionchanged::` entries in any relevant code docs.

(No behaviour change, this fixes a typing error I have in PyCharm and other tools when calling `render_template()` with a `Template` object.)

- [x] Run `pre-commit` hooks and fix any issues.
- [x] Run `pytest` and `tox`, no tests failed.
",https://github.com/pallets/flask/pull/4432,sfermigier,CONTRIBUTOR,closed,False,main,main,2022-01-27 10:49:20+00:00,2022-02-23 00:05:01+00:00,2022-02-08 18:27:11+00:00,2022-02-08 18:27:11+00:00,1,295.6308333333333,295.6308333333333,2,1,3,1,1,45,587,103,[],0,[],0,1,0,0,0,0,0,1,0,0,False,False,False,False,Merged,2022-Q1,2022-01-01,2022-03-31,Merged,True,False,True,False,False,False,False,False,False,False,False,False,False,False,False,False,False,False,False,False,1,True,1,Merged,6.376726947898627,4.6443908991413725,1.0986122886681098,0.6931471805599453,1.3862943611198906,0.6931471805599453,0.6931471805599453,True,True,False,False,3.0,0.3333333333333333,False,False,Very small,2022,1,1,3,10,False,Thursday,Previous contributor,1,1,1,1,train
pallets/flask,4445,overriding FlaskClient.open works with redirects,"If the first argument to `open` is an existing request/environ/builder, other args and kwargs are ignored instead of raising an error. An existing request already preserves headers, etc., as that's how redirects work, so the other args shouldn't need to be included to build the redirect request.

closes #3396 

I'd like to work on the design of this API more in the future. I don't like that there can be four different things passed as the first argument. It might be better to have a way to re-init or otherwise merge a base env with an existing request. I'd like to see how much can be moved back to the Werkzeug base class.",https://github.com/pallets/flask/pull/4445,davidism,MEMBER,closed,False,main,override-redirect,2022-02-09 19:23:16+00:00,2022-02-24 00:04:47+00:00,2022-02-09 19:39:48+00:00,2022-02-09 19:39:48+00:00,1,0.2755555555555555,0.2755555555555555,33,30,63,2,1,48,633,113,[],0,[],0,2,0,1,0,0,0,2,0,0,False,True,False,False,Merged,2022-Q1,2022-01-01,2022-03-31,Merged,True,False,False,False,False,True,False,False,False,False,False,False,False,False,False,False,False,False,False,False,1,True,1,Merged,6.452048954437226,4.736198448394496,3.5263605246161616,3.4339872044851463,4.158883083359672,1.0986122886681098,0.6931471805599453,True,True,False,False,31.5,0.4761904761904761,False,False,Medium,2022,2,1,2,19,False,Wednesday,Internal or trusted,0,0,0,0,train
pallets/flask,4461,lazy loading preserves click context,"When using lazy loading, which is the default when using the reloader, the app factory is called in a separate thread. Since the Click context is thread local, `click.get_current_context()` returns `None`. While the context shouldn't be relied on since it will never be available in production, this at least keeps it available consistently within the `flask` command.

closes #4460 ",https://github.com/pallets/flask/pull/4461,davidism,MEMBER,closed,False,main,cli-lazy-context,2022-02-23 03:07:21+00:00,2022-03-10 00:04:58+00:00,2022-02-23 03:13:29+00:00,2022-02-23 03:13:29+00:00,1,0.1022222222222222,0.1022222222222222,11,0,11,2,1,36,384,59,['cli'],1,[],0,2,0,1,0,0,0,2,0,0,False,True,False,False,Merged,2022-Q1,2022-01-01,2022-03-31,Merged,True,False,False,False,False,False,False,False,False,False,False,False,False,False,False,False,False,False,False,False,0,False,1,Merged,5.953243334287785,4.0943445622221,2.4849066497880004,0.0,2.4849066497880004,1.0986122886681098,0.6931471805599453,True,True,False,False,5.5,0.0,False,False,Small,2022,2,1,2,3,False,Wednesday,Internal or trusted,0,0,0,0,train
pallets/flask,4469,Format code snippet in the testing docs properly,"Additional update for #4468.

I was trying to rebase and update the format for 4468, then I noticed David had already rebased and merged it :P.",https://github.com/pallets/flask/pull/4469,greyli,CONTRIBUTOR,closed,False,2.0.x,fix-testing-docs,2022-02-27 13:23:40+00:00,2022-03-14 00:06:27+00:00,2022-02-27 13:27:53+00:00,2022-02-27 13:27:52+00:00,1,0.0702777777777777,0.07,3,3,6,1,1,48,145,26,['docs'],1,[],0,1,0,1,0,0,0,1,0,0,False,True,False,False,Merged,2022-Q1,2022-01-01,2022-03-31,Merged,True,False,False,False,False,False,False,False,False,False,False,False,False,False,False,False,False,False,False,False,0,False,1,Merged,4.983606621708336,3.295836866004329,1.3862943611198906,1.3862943611198906,1.9459101490553128,0.6931471805599453,0.6931471805599453,True,False,False,False,6.0,0.5,False,False,Very small,2022,2,1,6,13,True,Sunday,Previous contributor,0,0,0,0,train
pallets/flask,4479,Allow loading of environment variables into the config,"This new method will pick out any environment variables with a certain
prefix and place them into the config named without the prefix. This
makes it easy to use environment variables to configure the app as is
now more popular than when Flask started.

The prefix should ensure that the environment isn't polluted and the
config isn't polluted by environment variables.

Checklist:

- [x] Add tests that demonstrate the correct behavior of the change. Tests should fail without the change.
- [x] Add or update relevant docs, in the docs folder and in code.
- [x] Add an entry in `CHANGES.rst` summarizing the change and linking to the issue.
- [x] Add `.. versionchanged::` entries in any relevant code docs.
- [x] Run `pre-commit` hooks and fix any issues.
- [x] Run `pytest` and `tox`, no tests failed.
",https://github.com/pallets/flask/pull/4479,pgjones,MEMBER,closed,False,main,env_config,2022-03-08 21:46:37+00:00,2022-04-09 00:05:01+00:00,2022-03-25 19:14:29+00:00,2022-03-25 19:14:29+00:00,1,405.4644444444445,405.4644444444445,190,30,220,4,3,54,819,138,[],0,[],0,4,1,2,0,0,0,4,0,0,True,True,False,False,Merged,2022-Q1,2022-01-01,2022-03-31,Merged,True,True,True,False,True,True,True,True,True,False,False,False,False,False,False,False,False,False,False,False,7,True,1,Merged,6.709304340258298,4.934473933130692,5.25227342804663,3.4339872044851463,5.3981627015177525,1.6094379124341005,1.3862943611198906,True,True,False,False,55.0,0.1363636363636363,False,True,Large,2022,3,1,1,21,False,Tuesday,Internal or trusted,1,1,1,1,train
pallets/flask,4491,typo: Update errorhandling.rst,"It's just a typo in the docs
",https://github.com/pallets/flask/pull/4491,octopoulpe,CONTRIBUTOR,closed,False,main,patch-1,2022-03-22 09:31:18+00:00,2022-04-06 00:05:32+00:00,2022-03-22 13:46:53+00:00,2022-03-22 13:46:52+00:00,1,4.259722222222222,4.259444444444444,1,1,2,1,1,30,28,7,['docs'],1,[],0,1,0,1,0,0,0,1,0,0,False,True,False,False,Merged,2022-Q1,2022-01-01,2022-03-31,Merged,True,False,False,False,False,False,False,False,False,False,False,False,False,False,False,False,False,False,False,False,0,False,1,Merged,3.367295829986474,2.079441541679836,0.6931471805599453,0.6931471805599453,1.0986122886681098,0.6931471805599453,0.6931471805599453,True,False,False,False,2.0,0.5,False,False,Very small,2022,3,1,1,9,False,Tuesday,Previous contributor,0,0,0,0,train
pallets/flask,4497,Add missing docstring for Blueprint cli_group,Additional updates to #2784,https://github.com/pallets/flask/pull/4497,greyli,CONTRIBUTOR,closed,False,2.0.x,bp-param-docs,2022-03-26 01:27:24+00:00,2022-04-11 00:05:37+00:00,2022-03-26 18:25:33+00:00,2022-03-26 18:25:33+00:00,1,16.969166666666666,16.969166666666666,2,0,2,1,1,45,27,4,[],0,[],0,1,0,0,0,0,0,1,0,0,False,False,False,False,Merged,2022-Q1,2022-01-01,2022-03-31,Merged,True,False,False,False,False,False,False,False,False,False,False,False,False,False,False,False,False,False,False,False,0,False,1,Merged,3.332204510175204,1.6094379124341005,1.0986122886681098,0.0,1.0986122886681098,0.6931471805599453,0.6931471805599453,True,False,False,False,2.0,0.0,False,False,Very small,2022,3,1,5,1,True,Saturday,Previous contributor,0,0,0,0,train
pallets/flask,4511,release version 2.1.1,Continue #4510 ,https://github.com/pallets/flask/pull/4511,davidism,MEMBER,closed,False,2.1.x,release-2.1.1,2022-03-30 21:35:33+00:00,2022-04-14 00:05:39+00:00,2022-03-30 21:37:30+00:00,2022-03-30 21:37:30+00:00,1,0.0325,0.0325,1,1,2,1,1,21,14,2,[],0,[],0,1,0,0,0,0,0,1,0,0,False,False,False,False,Merged,2022-Q1,2022-01-01,2022-03-31,Merged,True,False,False,False,False,False,False,False,False,False,False,False,False,False,False,False,False,False,False,False,0,False,1,Merged,2.70805020110221,1.0986122886681098,0.6931471805599453,0.6931471805599453,1.0986122886681098,0.6931471805599453,0.6931471805599453,True,False,False,False,2.0,0.5,False,False,Very small,2022,3,1,2,21,False,Wednesday,Internal or trusted,0,0,0,0,train
pallets/flask,4515,Bump actions/checkout from 2 to 3,"Bumps [actions/checkout](https://github.com/actions/checkout) from 2 to 3.
<details>
<summary>Release notes</summary>
<p><em>Sourced from <a href=""https://github.com/actions/checkout/releases"">actions/checkout's releases</a>.</em></p>
<blockquote>
<h2>v3.0.0</h2>
<ul>
<li>Updated to the node16 runtime by default
<ul>
<li>This requires a minimum <a href=""https://github.com/actions/runner/releases/tag/v2.285.0"">Actions Runner</a> version of v2.285.0 to run, which is by default available in GHES 3.4 or later.</li>
</ul>
</li>
</ul>
<h2>v2.4.0</h2>
<ul>
<li>Convert SSH URLs like <code>org-&lt;ORG_ID&gt;@github.com:</code> to <code>https://github.com/</code> - <a href=""https://github-redirect.dependabot.com/actions/checkout/pull/621"">pr</a></li>
</ul>
<h2>v2.3.5</h2>
<p>Update dependencies</p>
<h2>v2.3.4</h2>
<ul>
<li><a href=""https://github-redirect.dependabot.com/actions/checkout/pull/379"">Add missing <code>await</code>s</a></li>
<li><a href=""https://github-redirect.dependabot.com/actions/checkout/pull/360"">Swap to Environment Files</a></li>
</ul>
<h2>v2.3.3</h2>
<ul>
<li><a href=""https://github-redirect.dependabot.com/actions/checkout/pull/345"">Remove Unneeded commit information from build logs</a></li>
<li><a href=""https://github-redirect.dependabot.com/actions/checkout/pull/326"">Add Licensed to verify third party dependencies</a></li>
</ul>
<h2>v2.3.2</h2>
<p><a href=""https://github-redirect.dependabot.com/actions/checkout/pull/320"">Add Third Party License Information to Dist Files</a></p>
<h2>v2.3.1</h2>
<p><a href=""https://github-redirect.dependabot.com/actions/checkout/pull/284"">Fix default branch resolution for .wiki and when using SSH</a></p>
<h2>v2.3.0</h2>
<p><a href=""https://github-redirect.dependabot.com/actions/checkout/pull/278"">Fallback to the default branch</a></p>
<h2>v2.2.0</h2>
<p><a href=""https://github-redirect.dependabot.com/actions/checkout/pull/258"">Fetch all history for all tags and branches when fetch-depth=0</a></p>
<h2>v2.1.1</h2>
<p>Changes to support GHES (<a href=""https://github-redirect.dependabot.com/actions/checkout/pull/236"">here</a> and <a href=""https://github-redirect.dependabot.com/actions/checkout/pull/248"">here</a>)</p>
<h2>v2.1.0</h2>
<ul>
<li><a href=""https://github-redirect.dependabot.com/actions/checkout/pull/191"">Group output</a></li>
<li><a href=""https://github-redirect.dependabot.com/actions/checkout/pull/199"">Changes to support GHES alpha release</a></li>
<li><a href=""https://github-redirect.dependabot.com/actions/checkout/pull/184"">Persist core.sshCommand for submodules</a></li>
<li><a href=""https://github-redirect.dependabot.com/actions/checkout/pull/163"">Add support ssh</a></li>
<li><a href=""https://github-redirect.dependabot.com/actions/checkout/pull/179"">Convert submodule SSH URL to HTTPS, when not using SSH</a></li>
<li><a href=""https://github-redirect.dependabot.com/actions/checkout/pull/157"">Add submodule support</a></li>
<li><a href=""https://github-redirect.dependabot.com/actions/checkout/pull/144"">Follow proxy settings</a></li>
<li><a href=""https://github-redirect.dependabot.com/actions/checkout/pull/141"">Fix ref for pr closed event when a pr is merged</a></li>
<li><a href=""https://github-redirect.dependabot.com/actions/checkout/pull/128"">Fix issue checking detached when git less than 2.22</a></li>
</ul>
</blockquote>
</details>
<details>
<summary>Changelog</summary>
<p><em>Sourced from <a href=""https://github.com/actions/checkout/blob/main/CHANGELOG.md"">actions/checkout's changelog</a>.</em></p>
<blockquote>
<h1>Changelog</h1>
<h2>v3.0.0</h2>
<ul>
<li><a href=""https://github-redirect.dependabot.com/actions/checkout/pull/689"">Update to node 16</a></li>
</ul>
<h2>v2.3.1</h2>
<ul>
<li><a href=""https://github-redirect.dependabot.com/actions/checkout/pull/284"">Fix default branch resolution for .wiki and when using SSH</a></li>
</ul>
<h2>v2.3.0</h2>
<ul>
<li><a href=""https://github-redirect.dependabot.com/actions/checkout/pull/278"">Fallback to the default branch</a></li>
</ul>
<h2>v2.2.0</h2>
<ul>
<li><a href=""https://github-redirect.dependabot.com/actions/checkout/pull/258"">Fetch all history for all tags and branches when fetch-depth=0</a></li>
</ul>
<h2>v2.1.1</h2>
<ul>
<li>Changes to support GHES (<a href=""https://github-redirect.dependabot.com/actions/checkout/pull/236"">here</a> and <a href=""https://github-redirect.dependabot.com/actions/checkout/pull/248"">here</a>)</li>
</ul>
<h2>v2.1.0</h2>
<ul>
<li><a href=""https://github-redirect.dependabot.com/actions/checkout/pull/191"">Group output</a></li>
<li><a href=""https://github-redirect.dependabot.com/actions/checkout/pull/199"">Changes to support GHES alpha release</a></li>
<li><a href=""https://github-redirect.dependabot.com/actions/checkout/pull/184"">Persist core.sshCommand for submodules</a></li>
<li><a href=""https://github-redirect.dependabot.com/actions/checkout/pull/163"">Add support ssh</a></li>
<li><a href=""https://github-redirect.dependabot.com/actions/checkout/pull/179"">Convert submodule SSH URL to HTTPS, when not using SSH</a></li>
<li><a href=""https://github-redirect.dependabot.com/actions/checkout/pull/157"">Add submodule support</a></li>
<li><a href=""https://github-redirect.dependabot.com/actions/checkout/pull/144"">Follow proxy settings</a></li>
<li><a href=""https://github-redirect.dependabot.com/actions/checkout/pull/141"">Fix ref for pr closed event when a pr is merged</a></li>
<li><a href=""https://github-redirect.dependabot.com/actions/checkout/pull/128"">Fix issue checking detached when git less than 2.22</a></li>
</ul>
<h2>v2.0.0</h2>
<ul>
<li><a href=""https://github-redirect.dependabot.com/actions/checkout/pull/108"">Do not pass cred on command line</a></li>
<li><a href=""https://github-redirect.dependabot.com/actions/checkout/pull/107"">Add input persist-credentials</a></li>
<li><a href=""https://github-redirect.dependabot.com/actions/checkout/pull/104"">Fallback to REST API to download repo</a></li>
</ul>
</blockquote>
</details>
<details>
<summary>Commits</summary>
<ul>
<li><a href=""https://github.com/actions/checkout/commit/a12a3943b4bdde767164f792f33f40b04645d846""><code>a12a394</code></a> update readme for v3 (<a href=""https://github-redirect.dependabot.com/actions/checkout/issues/708"">#708</a>)</li>
<li><a href=""https://github.com/actions/checkout/commit/8f9e05e482293f862823fcca12d9eddfb3723131""><code>8f9e05e</code></a> Update to node 16 (<a href=""https://github-redirect.dependabot.com/actions/checkout/issues/689"">#689</a>)</li>
<li><a href=""https://github.com/actions/checkout/commit/230611dbd0eb52da1e1f4f7bc8bb0c3a339fc8b7""><code>230611d</code></a> Change secret name for PAT to not start with GITHUB_ (<a href=""https://github-redirect.dependabot.com/actions/checkout/issues/623"">#623</a>)</li>
<li>See full diff in <a href=""https://github.com/actions/checkout/compare/v2...v3"">compare view</a></li>
</ul>
</details>
<br />


[![Dependabot compatibility score](https://dependabot-badges.githubapp.com/badges/compatibility_score?dependency-name=actions/checkout&package-manager=github_actions&previous-version=2&new-version=3)](https://docs.github.com/en/github/managing-security-vulnerabilities/about-dependabot-security-updates#about-compatibility-scores)

Dependabot will resolve any conflicts with this PR as long as you don't alter it yourself. You can also trigger a rebase manually by commenting `@dependabot rebase`.

[//]: # (dependabot-automerge-start)
[//]: # (dependabot-automerge-end)

---

<details>
<summary>Dependabot commands and options</summary>
<br />

You can trigger Dependabot actions by commenting on this PR:
- `@dependabot rebase` will rebase this PR
- `@dependabot recreate` will recreate this PR, overwriting any edits that have been made to it
- `@dependabot merge` will merge this PR after your CI passes on it
- `@dependabot squash and merge` will squash and merge this PR after your CI passes on it
- `@dependabot cancel merge` will cancel a previously requested merge and block automerging
- `@dependabot reopen` will reopen this PR if it is closed
- `@dependabot close` will close this PR and stop Dependabot recreating it. You can achieve the same result by closing it manually
- `@dependabot ignore this major version` will close this PR and stop Dependabot creating any more for this major version (unless you reopen the PR or upgrade to it yourself)
- `@dependabot ignore this minor version` will close this PR and stop Dependabot creating any more for this minor version (unless you reopen the PR or upgrade to it yourself)
- `@dependabot ignore this dependency` will close this PR and stop Dependabot creating any more for this dependency (unless you reopen the PR or upgrade to it yourself)


</details>",https://github.com/pallets/flask/pull/4515,dependabot[bot],CONTRIBUTOR,closed,False,main,dependabot/github_actions/actions/checkout-3,2022-04-01 16:04:09+00:00,2022-04-16 00:06:19+00:00,2022-04-01 16:08:48+00:00,2022-04-01 16:08:48+00:00,1,0.0775,0.0775,1,1,2,1,1,33,8683,653,['dependencies'],1,[],0,1,0,0,1,0,0,1,0,0,False,False,True,False,Merged,2022-Q2,2022-04-01,2022-06-30,Merged,True,False,False,True,False,False,False,False,False,True,True,False,False,False,False,False,False,False,False,False,3,True,1,Merged,9.069237530998182,6.483107351457199,0.6931471805599453,0.6931471805599453,1.0986122886681098,0.6931471805599453,0.6931471805599453,True,True,False,True,2.0,0.5,False,False,Very small,2022,4,2,4,16,False,Friday,Previous contributor,0,0,0,0,train
pallets/flask,4534,Adapted input parameters type restriction for json.loads function - fixes #4519 ,"Adapted input parameters type restriction for
json.loads function. According to Python 3.6
changes, built-in :func:json.loads now accepts
bytes and bytes array as input.

- fixes #4519 

Checklist:

- [X] Add tests that demonstrate the correct behavior of the change. Tests should fail without the change.
- [X] Add or update relevant docs, in the docs folder and in code.
- [X] Add an entry in `CHANGES.rst` summarizing the change and linking to the issue.
- [X] Add `.. versionchanged::` entries in any relevant code docs.
- [X] Run `pre-commit` hooks and fix any issues.
- [X] Run `pytest` and `tox`, no tests failed.",https://github.com/pallets/flask/pull/4534,rzimmerdev,CONTRIBUTOR,closed,False,2.1.x,main,2022-04-12 16:27:56+00:00,2022-05-09 00:05:34+00:00,2022-04-24 16:58:01+00:00,2022-04-24 16:58:01+00:00,1,288.50138888888887,288.50138888888887,8,1,9,2,1,79,634,103,[],0,[],0,2,0,1,0,0,0,2,0,0,False,True,False,False,Merged,2022-Q2,2022-04-01,2022-06-30,Merged,True,False,True,False,False,False,False,False,False,False,False,False,False,False,False,False,False,True,False,False,2,True,1,Merged,6.453624998892692,4.6443908991413725,2.19722457733622,0.6931471805599453,2.302585092994046,1.0986122886681098,0.6931471805599453,True,True,False,False,4.5,0.1111111111111111,False,False,Very small,2022,4,2,1,16,False,Tuesday,Previous contributor,1,1,1,1,train
pallets/flask,4560,Fix old behavior in `register_error_handler()`,- Fixes #4559 ,https://github.com/pallets/flask/pull/4560,qingpeng9802,CONTRIBUTOR,closed,False,main,fix-old-behavior,2022-04-28 18:18:36+00:00,2022-05-18 00:07:48+00:00,2022-05-03 17:56:11+00:00,2022-05-03 17:56:11+00:00,1,119.62638888888888,119.62638888888888,42,37,79,4,1,46,13,3,[],0,[],0,4,2,1,0,0,0,4,0,0,True,True,False,False,Merged,2022-Q2,2022-04-01,2022-06-30,Merged,True,False,False,False,True,True,True,False,False,False,False,False,False,False,False,False,False,False,False,False,3,True,1,Merged,2.6390573296152584,1.3862943611198906,3.7612001156935615,3.6375861597263857,4.382026634673881,1.6094379124341005,0.6931471805599453,True,False,False,False,19.75,0.4683544303797468,False,False,Medium,2022,4,2,3,18,False,Thursday,Previous contributor,1,1,1,0,train
pallets/flask,4577,update setupmethod behavior,"Addresses #4571 by 
* Removing `warn_on_modifications` from blueprint.py so that warnings aren't ignorable
* Adds a TODO and modifies the warning to inform users that the warning from blueprints.py will be an error in 2.3
* Adds @setupmethod calls to `route` and `endpoint` to check places where reregistering would be bad.

<!--
Link to relevant issues or previous PRs, one per line. Use ""fixes"" to
automatically close an issue.
-->

- fixes #4571 

<!--
Ensure each step in CONTRIBUTING.rst is complete by adding an ""x"" to
each box below.

If only docs were changed, these aren't relevant and can be removed.
-->

Checklist:

(I owe a bunch of these but since is my first change, I'd like to sanity check that I'm on the right path before digging in more if thats ok)

- [ ] Add tests that demonstrate the correct behavior of the change. Tests should fail without the change.
- [ ] Add or update relevant docs, in the docs folder and in code.
- [ ] Add an entry in `CHANGES.rst` summarizing the change and linking to the issue.
- [ ] Add `.. versionchanged::` entries in any relevant code docs.
- [ ] Run `pre-commit` hooks and fix any issues.
- [x] Run `pytest` and `tox`, no tests failed.
",https://github.com/pallets/flask/pull/4577,hallacy,CONTRIBUTOR,closed,False,main,hallacy/fix_4571,2022-05-02 17:44:21+00:00,2022-06-07 00:05:28+00:00,2022-05-23 16:12:45+00:00,2022-05-23 16:12:45+00:00,1,502.47333333333336,502.47333333333336,102,83,185,5,3,27,1220,214,[],0,[],0,5,1,1,0,0,0,5,0,0,True,True,False,False,Merged,2022-Q2,2022-04-01,2022-06-30,Merged,True,True,True,False,True,True,True,True,True,False,False,False,False,False,False,False,False,False,False,False,7,True,1,Merged,7.107425474110705,5.3706380281276624,4.634728988229636,4.430816798843313,5.225746673713202,1.791759469228055,1.3862943611198906,True,True,False,False,37.0,0.4486486486486487,False,True,Medium,2022,5,2,0,17,False,Monday,Previous contributor,1,1,1,1,train
pallets/flask,4591,Docs omit becomingbigrst,"The discussion in #4590 indicated a desire to remove docs/becomingbig.rst


- fixes #4590 







",https://github.com/pallets/flask/pull/4591,moondial-pal,CONTRIBUTOR,closed,False,2.1.x,docs-omit-becomingbigrst,2022-05-10 06:15:39+00:00,2022-05-25 00:06:40+00:00,2022-05-10 16:19:03+00:00,2022-05-10 16:19:03+00:00,1,10.056666666666668,10.056666666666668,4,112,116,5,1,24,92,13,['docs'],1,[],0,5,0,5,0,0,0,4,1,0,False,True,False,False,Merged,2022-Q2,2022-04-01,2022-06-30,Merged,True,False,False,False,False,True,True,False,True,False,False,False,False,True,False,True,False,False,False,False,5,True,1,Merged,4.532599493153256,2.6390573296152584,1.6094379124341005,4.727387818712341,4.762173934797756,1.791759469228055,0.6931471805599453,True,False,False,False,23.2,0.9655172413793104,False,False,Medium,2022,5,2,1,6,False,Tuesday,Previous contributor,0,0,0,0,train
pallets/flask,4610,find instance_path for namespace package,"Fix `Flask.auto_find_instance_path()` so that it handles correctly namespace packages residing in several different locations, e.g. from several projects installed in development mode.

Return not the first submodule search location but the one most close to Flask app import name.

- fixes #4602 

Checklist:

- [x] Add tests that demonstrate the correct behavior of the change. Tests should fail without the change.
- [ ] Add or update relevant docs, in the docs folder and in code.
- [x] Add an entry in `CHANGES.rst` summarizing the change and linking to the issue.
- [ ] Add `.. versionchanged::` entries in any relevant code docs.
- [x] Run `pre-commit` hooks and fix any issues.
- [x] Run `pytest` and `tox`, no tests failed.
",https://github.com/pallets/flask/pull/4610,eprigorodov,CONTRIBUTOR,closed,False,2.1.x,feature-4602-namespace-path,2022-05-26 19:25:02+00:00,2022-06-26 00:06:18+00:00,2022-06-06 16:26:53+00:00,2022-06-06 16:26:53+00:00,1,261.0308333333333,261.0308333333333,59,27,86,4,3,40,745,121,[],0,[],0,4,1,1,1,0,0,4,0,0,True,True,True,False,Merged,2022-Q2,2022-04-01,2022-06-30,Merged,True,True,True,True,True,True,True,True,True,False,False,False,False,False,False,False,False,False,False,False,8,True,1,Merged,6.61472560020376,4.804021044733257,4.0943445622221,3.332204510175204,4.465908118654584,1.6094379124341005,1.3862943611198906,True,True,False,False,21.5,0.313953488372093,False,True,Medium,2022,5,2,3,19,False,Thursday,Previous contributor,1,1,1,1,train
pallets/flask,4624,add `View.init_every_request` attribute,"If `ViewSubclass.init_every_request` is set to `False`, the generated view function will use a single instance of the view class instead of creating a new instance for each request.

Remove the `MethodViewType` metaclass and use `MethodView.__init_subclass__` instead.

Rewrite the docs about class-based views.

fixes #2520 ",https://github.com/pallets/flask/pull/4624,davidism,MEMBER,closed,False,main,view-init-scope,2022-06-06 22:42:07+00:00,2022-06-21 00:10:23+00:00,2022-06-06 22:52:49+00:00,2022-06-06 22:52:49+00:00,1,0.1783333333333333,0.1783333333333333,385,251,636,4,3,39,330,44,[],0,[],0,4,1,2,0,0,0,4,0,0,True,True,False,False,Merged,2022-Q2,2022-04-01,2022-06-30,Merged,True,True,False,False,True,True,True,True,True,False,False,False,False,False,False,False,False,False,False,False,6,True,1,Merged,5.802118375377063,3.80666248977032,5.955837369464831,5.529429087511423,6.456769655572163,1.6094379124341005,1.3862943611198906,True,False,False,False,159.0,0.3946540880503145,False,True,Very large,2022,6,2,0,22,False,Monday,Internal or trusted,0,0,0,0,train
pallets/flask,4645,Use timezone aware datetime object on session,"Naïve datetime objects are discouraged in https://docs.python.org/3/library/datetime.html#datetime.datetime.utcnow

> Warning Because naive datetime objects are treated by many datetime methods as local times, it is preferred to use aware datetimes to represent times in UTC. As such, the recommended way to create an object representing the current time in UTC is by calling datetime.now(timezone.utc).

<!--
Before opening a PR, open a ticket describing the issue or feature the
PR will address. Follow the steps in CONTRIBUTING.rst.

Replace this comment with a description of the change. Describe how it
addresses the linked ticket.
-->

<!--
Link to relevant issues or previous PRs, one per line. Use ""fixes"" to
automatically close an issue.
-->

- fixes N/A

<!--
Ensure each step in CONTRIBUTING.rst is complete by adding an ""x"" to
each box below.

If only docs were changed, these aren't relevant and can be removed.
-->

Checklist:

- [ ] Add tests that demonstrate the correct behavior of the change. Tests should fail without the change.
- [ ] Add or update relevant docs, in the docs folder and in code.
- [x] Add an entry in `CHANGES.rst` summarizing the change and linking to the issue.
- [ ] Add `.. versionchanged::` entries in any relevant code docs.
- [ ] Run `pre-commit` hooks and fix any issues.
- [ ] Run `pytest` and `tox`, no tests failed.
",https://github.com/pallets/flask/pull/4645,kkirsche,CONTRIBUTOR,closed,False,main,patch-2,2022-06-17 14:40:39+00:00,2022-07-02 00:06:40+00:00,2022-06-17 19:05:20+00:00,2022-06-17 19:05:19+00:00,1,4.411388888888889,4.411111111111111,7,3,10,3,1,45,1396,225,[],0,[],0,3,1,1,0,1,0,3,0,0,True,True,False,True,Merged,2022-Q2,2022-04-01,2022-06-30,Merged,True,False,False,False,True,False,False,False,False,False,False,False,False,False,True,False,False,False,False,False,2,True,1,Merged,7.242082359256962,5.420534999272286,2.079441541679836,1.3862943611198906,2.3978952727983707,1.3862943611198906,0.6931471805599453,True,True,False,False,3.333333333333333,0.3,False,False,Very small,2022,6,2,4,14,False,Friday,Previous contributor,0,0,0,0,train
pallets/flask,4662,re-add flag to skip unguarded app.run from CLI,Mistakenly removed this during #4642.,https://github.com/pallets/flask/pull/4662,davidism,MEMBER,closed,False,main,fix-run-skip,2022-06-30 04:15:16+00:00,2022-07-15 00:06:53+00:00,2022-06-30 04:21:53+00:00,2022-06-30 04:21:53+00:00,1,0.1102777777777777,0.1102777777777777,9,7,16,3,1,46,37,5,['cli'],1,[],0,3,1,0,0,0,0,3,0,0,True,False,False,False,Merged,2022-Q2,2022-04-01,2022-06-30,Merged,True,False,False,False,True,False,False,False,False,False,False,False,False,False,False,False,False,False,False,False,1,True,1,Merged,3.6375861597263857,1.791759469228055,2.302585092994046,2.079441541679836,2.833213344056216,1.3862943611198906,0.6931471805599453,True,False,False,False,5.333333333333333,0.4375,False,False,Small,2022,6,2,3,4,False,Thursday,Internal or trusted,0,0,0,0,train
pallets/flask,4665,Bump actions/setup-python from 3 to 4,"Bumps [actions/setup-python](https://github.com/actions/setup-python) from 3 to 4.
<details>
<summary>Release notes</summary>
<p><em>Sourced from <a href=""https://github.com/actions/setup-python/releases"">actions/setup-python's releases</a>.</em></p>
<blockquote>
<h2>v4.0.0</h2>
<h3>What's Changed</h3>
<ul>
<li>Support for <code>python-version-file</code> input: <a href=""https://github-redirect.dependabot.com/actions/setup-python/issues/336"">#336</a></li>
</ul>
<p>Example of usage:</p>
<pre lang=""yaml""><code>- uses: actions/setup-python@v4
  with:
    python-version-file: '.python-version' # Read python version from a file
- run: python my_script.py
</code></pre>
<p>There is no default python version for this <code>setup-python</code> major version, the action requires to specify either <code>python-version</code> input or <code>python-version-file</code> input. If the <code>python-version</code> input is not specified the action will try to read required version from file from <code>python-version-file</code> input.</p>
<ul>
<li>Use pypyX.Y for PyPy <code>python-version</code> input: <a href=""https://github-redirect.dependabot.com/actions/setup-python/issues/349"">#349</a></li>
</ul>
<p>Example of usage:</p>
<pre lang=""yaml""><code>- uses: actions/setup-python@v4
  with:
    python-version: 'pypy3.9' # pypy-X.Y kept for backward compatibility
- run: python my_script.py
</code></pre>
<ul>
<li>
<p><code>RUNNER_TOOL_CACHE</code> environment variable is equal <code>AGENT_TOOLSDIRECTORY</code>: <a href=""https://github-redirect.dependabot.com/actions/setup-python/issues/338"">#338</a></p>
</li>
<li>
<p>Bugfix: create missing <code>pypyX.Y</code> symlinks: <a href=""https://github-redirect.dependabot.com/actions/setup-python/issues/347"">#347</a></p>
</li>
<li>
<p><code>PKG_CONFIG_PATH</code> environment variable: <a href=""https://github-redirect.dependabot.com/actions/setup-python/issues/400"">#400</a></p>
</li>
<li>
<p>Added <code>python-path</code> output: <a href=""https://github-redirect.dependabot.com/actions/setup-python/issues/405"">#405</a>
<code>python-path</code> output contains Python executable path.</p>
</li>
<li>
<p>Updated <code>zeit/ncc</code> to <code>vercel/ncc</code> package: <a href=""https://github-redirect.dependabot.com/actions/setup-python/issues/393"">#393</a></p>
</li>
<li>
<p>Bugfix: fixed output for prerelease version of poetry: <a href=""https://github-redirect.dependabot.com/actions/setup-python/issues/409"">#409</a></p>
</li>
<li>
<p>Made <code>pythonLocation</code> environment variable consistent for Python and PyPy: <a href=""https://github-redirect.dependabot.com/actions/setup-python/issues/418"">#418</a></p>
</li>
<li>
<p>Bugfix for <code>3.x-dev</code> syntax: <a href=""https://github-redirect.dependabot.com/actions/setup-python/issues/417"">#417</a></p>
</li>
<li>
<p>Other improvements: <a href=""https://github-redirect.dependabot.com/actions/setup-python/issues/318"">#318</a> <a href=""https://github-redirect.dependabot.com/actions/setup-python/issues/396"">#396</a> <a href=""https://github-redirect.dependabot.com/actions/setup-python/issues/384"">#384</a> <a href=""https://github-redirect.dependabot.com/actions/setup-python/issues/387"">#387</a> <a href=""https://github-redirect.dependabot.com/actions/setup-python/issues/388"">#388</a></p>
</li>
</ul>
<h2>Update actions/cache version to 2.0.2</h2>
<p>In scope of this release we updated <code>actions/cache</code> package as the new version contains fixes related to GHES 3.5 (<a href=""https://github-redirect.dependabot.com/actions/setup-python/pull/382"">actions/setup-python#382</a>)</p>
<h2>Add &quot;cache-hit&quot; output and fix &quot;python-version&quot; output for PyPy</h2>
<p>This release introduces new output cache-hit (<a href=""https://github-redirect.dependabot.com/actions/setup-python/pull/373"">actions/setup-python#373</a>) and fix python-version output for PyPy (<a href=""https://github-redirect.dependabot.com/actions/setup-python/pull/365"">actions/setup-python#365</a>)</p>
<p>The cache-hit output contains boolean value indicating that an exact match was found for the key. It shows that the action uses already existing cache or not. The output is available only if cache is enabled.</p>
<!-- raw HTML omitted -->
</blockquote>
<p>... (truncated)</p>
</details>
<details>
<summary>Commits</summary>
<ul>
<li><a href=""https://github.com/actions/setup-python/commit/d09bd5e6005b175076f227b13d9730d56e9dcfcb""><code>d09bd5e</code></a> fix: 3.x-dev can install a 3.y version (<a href=""https://github-redirect.dependabot.com/actions/setup-python/issues/417"">#417</a>)</li>
<li><a href=""https://github.com/actions/setup-python/commit/f72db171abf897c3f4cea0427d5af95fa57fb1bc""><code>f72db17</code></a> Made env.var pythonLocation consistent for Python and PyPy (<a href=""https://github-redirect.dependabot.com/actions/setup-python/issues/418"">#418</a>)</li>
<li><a href=""https://github.com/actions/setup-python/commit/53e15292cd6a522cb460037b6f031eadbd6f6920""><code>53e1529</code></a> add support for python-version-file (<a href=""https://github-redirect.dependabot.com/actions/setup-python/issues/336"">#336</a>)</li>
<li><a href=""https://github.com/actions/setup-python/commit/3f82819745be54edd3bd8a83639605e58826bfe9""><code>3f82819</code></a> Fix output for prerelease version of poetry (<a href=""https://github-redirect.dependabot.com/actions/setup-python/issues/409"">#409</a>)</li>
<li><a href=""https://github.com/actions/setup-python/commit/397252c5825684a4ffed92b79e0d840c618c0a93""><code>397252c</code></a> Update zeit/ncc to vercel/ncc (<a href=""https://github-redirect.dependabot.com/actions/setup-python/issues/393"">#393</a>)</li>
<li><a href=""https://github.com/actions/setup-python/commit/de977ad1321ff211fd43f0f232a4d8851726d4bb""><code>de977ad</code></a> Merge pull request <a href=""https://github-redirect.dependabot.com/actions/setup-python/issues/412"">#412</a> from vsafonkin/v-vsafonkin/fix-poetry-cache-test</li>
<li><a href=""https://github.com/actions/setup-python/commit/22c6af91ce03997c5925db1f6e9f0b9b2364adcc""><code>22c6af9</code></a> Change PyPy version to rebuild cache</li>
<li><a href=""https://github.com/actions/setup-python/commit/081a3cf1a51ab5fff2ae9d70f0cfacf0686293ea""><code>081a3cf</code></a> Merge pull request <a href=""https://github-redirect.dependabot.com/actions/setup-python/issues/405"">#405</a> from mayeut/interpreter-path</li>
<li><a href=""https://github.com/actions/setup-python/commit/ff706563d754e642609a7008f4568a5386f3e94c""><code>ff70656</code></a> feature: add a <code>python-path</code> output</li>
<li><a href=""https://github.com/actions/setup-python/commit/fff15a21cc8b16191cb1249f621fa3a55b9005b8""><code>fff15a2</code></a> Use pypyX.Y for PyPy python-version input (<a href=""https://github-redirect.dependabot.com/actions/setup-python/issues/349"">#349</a>)</li>
<li>Additional commits viewable in <a href=""https://github.com/actions/setup-python/compare/v3...v4"">compare view</a></li>
</ul>
</details>
<br />


[![Dependabot compatibility score](https://dependabot-badges.githubapp.com/badges/compatibility_score?dependency-name=actions/setup-python&package-manager=github_actions&previous-version=3&new-version=4)](https://docs.github.com/en/github/managing-security-vulnerabilities/about-dependabot-security-updates#about-compatibility-scores)

Dependabot will resolve any conflicts with this PR as long as you don't alter it yourself. You can also trigger a rebase manually by commenting `@dependabot rebase`.

[//]: # (dependabot-automerge-start)
[//]: # (dependabot-automerge-end)

---

<details>
<summary>Dependabot commands and options</summary>
<br />

You can trigger Dependabot actions by commenting on this PR:
- `@dependabot rebase` will rebase this PR
- `@dependabot recreate` will recreate this PR, overwriting any edits that have been made to it
- `@dependabot merge` will merge this PR after your CI passes on it
- `@dependabot squash and merge` will squash and merge this PR after your CI passes on it
- `@dependabot cancel merge` will cancel a previously requested merge and block automerging
- `@dependabot reopen` will reopen this PR if it is closed
- `@dependabot close` will close this PR and stop Dependabot recreating it. You can achieve the same result by closing it manually
- `@dependabot ignore this major version` will close this PR and stop Dependabot creating any more for this major version (unless you reopen the PR or upgrade to it yourself)
- `@dependabot ignore this minor version` will close this PR and stop Dependabot creating any more for this minor version (unless you reopen the PR or upgrade to it yourself)
- `@dependabot ignore this dependency` will close this PR and stop Dependabot creating any more for this dependency (unless you reopen the PR or upgrade to it yourself)


</details>",https://github.com/pallets/flask/pull/4665,dependabot[bot],CONTRIBUTOR,closed,False,main,dependabot/github_actions/actions/setup-python-4,2022-07-01 16:05:53+00:00,2022-07-16 00:06:35+00:00,2022-07-01 16:45:43+00:00,2022-07-01 16:45:43+00:00,1,0.6638888888888889,0.6638888888888889,1,1,2,1,1,37,8817,663,['dependencies'],1,[],0,1,0,0,1,0,0,1,0,0,False,False,True,False,Merged,2022-Q3,2022-07-01,2022-09-30,Merged,True,False,False,True,False,False,False,False,False,True,True,False,False,False,False,False,False,False,False,False,3,True,1,Merged,9.084550365917885,6.498282149476434,0.6931471805599453,0.6931471805599453,1.0986122886681098,0.6931471805599453,0.6931471805599453,True,True,False,True,2.0,0.5,False,False,Very small,2022,7,3,4,16,False,Friday,Previous contributor,0,0,0,0,train
pallets/flask,4675,Document serialization of Decimal in JSONEncoder,"The Flask JSONEncoder serializes Decimal types to strings, but this behavior is missing from the docs. The docs are updated accordingly.",https://github.com/pallets/flask/pull/4675,tiesjan,CONTRIBUTOR,closed,False,2.1.x,2.1.x,2022-07-06 09:49:25+00:00,2022-07-21 00:06:23+00:00,2022-07-06 12:33:05+00:00,2022-07-06 12:33:05+00:00,1,2.727777777777778,2.727777777777778,2,0,2,2,1,48,136,21,['docs'],1,[],0,2,0,1,0,0,0,2,0,0,False,True,False,False,Merged,2022-Q3,2022-07-01,2022-09-30,Merged,True,False,False,False,False,False,False,False,False,False,False,False,False,False,False,False,False,False,False,False,0,False,1,Merged,4.919980925828125,3.091042453358316,1.0986122886681098,0.0,1.0986122886681098,1.0986122886681098,0.6931471805599453,True,False,False,False,1.0,0.0,False,False,Very small,2022,7,3,2,9,False,Wednesday,Previous contributor,0,0,0,0,train
pallets/flask,4685,Change _cv_req -> _cv_request,"This is a clearer name for the variable.
",https://github.com/pallets/flask/pull/4685,pgjones,MEMBER,closed,False,main,name,2022-07-09 12:42:36+00:00,2022-07-24 00:07:13+00:00,2022-07-09 12:44:53+00:00,2022-07-09 12:44:53+00:00,1,0.0380555555555555,0.0380555555555555,25,25,50,7,1,29,40,8,[],0,[],0,7,1,0,0,0,0,7,0,0,True,False,False,False,Merged,2022-Q3,2022-07-01,2022-09-30,Merged,True,False,False,False,True,True,True,False,False,False,False,False,True,False,False,False,False,False,False,False,4,True,1,Merged,3.713572066704308,2.19722457733622,3.258096538021482,3.258096538021482,3.9318256327243257,2.079441541679836,0.6931471805599453,True,False,False,False,7.142857142857143,0.5,False,False,Small,2022,7,3,5,12,True,Saturday,Internal or trusted,0,0,0,0,train
pallets/flask,4694,release version 2.1.3,,https://github.com/pallets/flask/pull/4694,davidism,MEMBER,closed,False,2.1.x,release-2.1.3,2022-07-13 20:52:14+00:00,2022-07-28 00:07:09+00:00,2022-07-13 20:54:33+00:00,2022-07-13 20:54:33+00:00,1,0.0386111111111111,0.0386111111111111,2,2,4,2,1,21,0,0,[],0,[],0,2,0,1,0,0,0,2,0,0,False,True,False,False,Merged,2022-Q3,2022-07-01,2022-09-30,Merged,True,False,False,False,False,False,False,False,False,False,False,False,False,False,False,False,False,False,False,False,0,False,1,Merged,0.0,0.0,1.0986122886681098,1.0986122886681098,1.6094379124341005,1.0986122886681098,0.6931471805599453,False,False,False,False,2.0,0.5,False,False,Very small,2022,7,3,2,20,False,Wednesday,Internal or trusted,0,0,0,0,train
pallets/flask,4721,[pre-commit.ci] pre-commit autoupdate,"<!--pre-commit.ci start-->
updates:
- [github.com/asottile/pyupgrade: v2.37.1 → v2.37.3](https://github.com/asottile/pyupgrade/compare/v2.37.1...v2.37.3)
- [github.com/asottile/reorder_python_imports: v3.8.1 → v3.8.2](https://github.com/asottile/reorder_python_imports/compare/v3.8.1...v3.8.2)
- [github.com/PyCQA/flake8: 4.0.1 → 5.0.2](https://github.com/PyCQA/flake8/compare/4.0.1...5.0.2)
- [github.com/peterdemin/pip-compile-multi: v2.4.5 → v2.4.6](https://github.com/peterdemin/pip-compile-multi/compare/v2.4.5...v2.4.6)
<!--pre-commit.ci end-->",https://github.com/pallets/flask/pull/4721,pre-commit-ci[bot],CONTRIBUTOR,closed,False,2.1.x,pre-commit-ci-update-config,2022-08-01 23:18:12+00:00,2022-08-17 00:06:05+00:00,2022-08-02 00:07:27+00:00,2022-08-02 00:07:27+00:00,1,0.8208333333333333,0.8208333333333333,4,4,8,1,1,37,550,25,[],0,[],0,1,0,0,1,0,0,1,0,0,False,False,True,False,Merged,2022-Q3,2022-07-01,2022-09-30,Merged,True,False,False,True,False,False,False,False,False,False,False,False,False,False,False,False,False,False,False,False,1,True,1,Merged,6.311734809152915,3.258096538021482,1.6094379124341005,1.6094379124341005,2.19722457733622,0.6931471805599453,0.6931471805599453,True,False,False,False,8.0,0.5,False,False,Very small,2022,8,3,0,23,False,Monday,Previous contributor,0,0,0,0,train
pallets/flask,4748,refactor or remove old docs,"* HTML FAQ was pretty outdated, and not particularly relevant now that XHTML isn't a thing, HTML5 is just HTML, etc. Linked to the MDN docs from the quickstart instead.
* Advanced Foreword had a section about context and a section about security. Both those are explained more precisely in their own dedicated pages.
* Foreword made more sense as an extension of Design instead.
* Distribute and Fabric patterns were pretty outdated.",https://github.com/pallets/flask/pull/4748,davidism,MEMBER,closed,False,2.2.x,old-docs,2022-08-05 18:26:26+00:00,2022-08-20 00:05:50+00:00,2022-08-05 18:28:23+00:00,2022-08-05 18:28:22+00:00,1,0.0325,0.0322222222222222,43,681,724,10,5,27,436,73,['docs'],1,[],0,10,0,10,0,0,0,5,5,0,False,True,False,False,Merged,2022-Q3,2022-07-01,2022-09-30,Merged,True,True,False,False,False,True,True,False,True,False,False,False,True,True,False,True,False,False,False,False,7,True,1,Merged,6.07993319509559,4.30406509320417,3.784189633918261,6.525029657843462,6.586171654854675,2.3978952727983707,1.791759469228055,True,True,False,False,72.4,0.9406077348066298,False,True,Very large,2022,8,3,4,18,False,Friday,Internal or trusted,0,0,0,0,train
pallets/flask,4758,Fix typo in docs/patterns/javascript.rst,Fixed a typo,https://github.com/pallets/flask/pull/4758,tautv,CONTRIBUTOR,closed,False,2.2.x,patch-1,2022-08-09 08:48:09+00:00,2022-08-24 00:06:25+00:00,2022-08-09 14:08:08+00:00,2022-08-09 14:08:08+00:00,1,5.333055555555555,5.333055555555555,1,1,2,1,1,40,12,3,[],0,[],0,1,0,1,0,0,0,1,0,0,False,True,False,False,Merged,2022-Q3,2022-07-01,2022-09-30,Merged,True,False,False,False,False,False,False,False,False,False,False,False,False,False,False,False,False,False,False,False,0,False,1,Merged,2.5649493574615367,1.3862943611198906,0.6931471805599453,0.6931471805599453,1.0986122886681098,0.6931471805599453,0.6931471805599453,True,False,False,False,2.0,0.5,False,False,Very small,2022,8,3,1,8,False,Tuesday,Previous contributor,0,0,0,0,train
pallets/flask,4783,fix: remove obsolete `zip_safe`,"X-Ref: #4782

The only other `zip_safe` reference foundin the current codebase from doing a case insensitive search was:
https://github.com/pallets/flask/blob/main/tests/conftest.py#L159

Which is used here:
https://github.com/pallets/flask/blob/main/tests/test_instance_config.py#L116",https://github.com/pallets/flask/pull/4783,kkirsche,CONTRIBUTOR,closed,False,2.2.x,fix/obsolete-zip_safe,2022-08-22 16:03:09+00:00,2022-09-06 00:06:13+00:00,2022-08-22 16:05:53+00:00,2022-08-22 16:05:53+00:00,1,0.0455555555555555,0.0455555555555555,0,1,1,1,1,31,291,24,['docs'],1,[],0,1,0,1,0,0,0,1,0,0,False,True,False,False,Merged,2022-Q3,2022-07-01,2022-09-30,Merged,True,False,False,False,False,False,False,False,False,False,False,False,False,False,False,False,False,False,False,False,0,False,1,Merged,5.676753802268282,3.218875824868201,0.0,0.6931471805599453,0.6931471805599453,0.6931471805599453,0.6931471805599453,True,False,False,False,1.0,1.0,False,False,Very small,2022,8,3,0,16,False,Monday,Previous contributor,0,0,0,0,train
pallets/flask,4821,Fix docstring of test_request_context,"Add missing `app.`.

",https://github.com/pallets/flask/pull/4821,wdscxsj,CONTRIBUTOR,closed,False,main,patch-1,2022-09-18 11:13:15+00:00,2022-10-03 00:09:39+00:00,2022-09-18 11:53:47+00:00,2022-09-18 11:53:47+00:00,1,0.6755555555555556,0.6755555555555556,1,1,2,1,1,37,19,3,[],0,[],0,1,0,0,0,0,0,1,0,0,False,False,False,False,Merged,2022-Q3,2022-07-01,2022-09-30,Merged,True,False,False,False,False,False,False,False,False,False,False,False,False,False,False,False,False,False,False,False,0,False,1,Merged,2.995732273553991,1.3862943611198906,0.6931471805599453,0.6931471805599453,1.0986122886681098,0.6931471805599453,0.6931471805599453,True,False,False,False,2.0,0.5,False,False,Very small,2022,9,3,6,11,True,Sunday,Previous contributor,0,0,0,0,train
pallets/flask,4833,[pre-commit.ci] pre-commit autoupdate,"<!--pre-commit.ci start-->
updates:
- [github.com/asottile/pyupgrade: v2.37.3 → v2.38.2](https://github.com/asottile/pyupgrade/compare/v2.37.3...v2.38.2)
- [github.com/asottile/reorder_python_imports: v3.8.2 → v3.8.3](https://github.com/asottile/reorder_python_imports/compare/v3.8.2...v3.8.3)
<!--pre-commit.ci end-->",https://github.com/pallets/flask/pull/4833,pre-commit-ci[bot],CONTRIBUTOR,closed,False,2.2.x,pre-commit-ci-update-config,2022-10-03 23:30:29+00:00,2023-01-10 00:06:23+00:00,2022-10-19 14:16:05+00:00,2022-10-19 14:16:05+00:00,1,374.76,374.76,2,2,4,1,1,37,318,15,[],0,[],0,1,0,0,1,0,0,1,0,0,False,False,True,False,Merged,2022-Q4,2022-10-01,2022-12-31,Merged,True,False,True,True,False,False,False,False,False,False,False,False,False,False,False,False,False,False,False,False,2,True,1,Merged,5.765191102784844,2.772588722239781,1.0986122886681098,1.0986122886681098,1.6094379124341005,0.6931471805599453,0.6931471805599453,True,False,False,False,4.0,0.5,False,False,Very small,2022,10,4,0,23,False,Monday,Previous contributor,1,1,1,1,train
pallets/flask,4835,fix typo in quickstart,I yoinked the default pull request template because this is just a very small documentation change.,https://github.com/pallets/flask/pull/4835,TehBrian,CONTRIBUTOR,closed,False,main,2.2.x,2022-10-05 01:15:26+00:00,2023-01-10 00:06:24+00:00,2022-10-05 03:09:06+00:00,2022-10-05 03:09:06+00:00,1,1.8944444444444444,1.8944444444444444,1,1,2,1,1,22,99,16,[],0,[],0,1,0,1,0,0,0,1,0,0,False,True,False,False,Merged,2022-Q4,2022-10-01,2022-12-31,Merged,True,False,False,False,False,False,False,False,False,False,False,False,False,False,False,False,False,False,False,False,0,False,1,Merged,4.605170185988092,2.833213344056216,0.6931471805599453,0.6931471805599453,1.0986122886681098,0.6931471805599453,0.6931471805599453,True,False,False,False,2.0,0.5,False,False,Very small,2022,10,4,2,1,False,Wednesday,Previous contributor,0,0,0,0,train
pallets/flask,4847,Fixed inconsistent double spacing in docs/api.rst,"As the title suggests, many of the lines had double spacing to start a sentence, including one example line of code.",https://github.com/pallets/flask/pull/4847,mhsmathew,CONTRIBUTOR,closed,False,2.2.x,patch-1,2022-10-15 22:41:12+00:00,2023-01-10 00:06:21+00:00,2022-10-30 15:00:38+00:00,2022-10-30 15:00:37+00:00,1,352.3238888888889,352.3236111111111,45,45,90,1,1,49,116,21,[],0,[],0,1,0,1,0,0,0,1,0,0,False,True,False,False,Merged,2022-Q4,2022-10-01,2022-12-31,Merged,True,False,True,False,False,True,False,False,True,False,False,False,False,False,False,False,False,False,False,False,3,True,1,Merged,4.762173934797756,3.091042453358316,3.828641396489095,3.828641396489095,4.51085950651685,0.6931471805599453,0.6931471805599453,True,False,False,False,90.0,0.5,False,False,Medium,2022,10,4,5,22,True,Saturday,Previous contributor,1,1,1,1,train
pallets/flask,4862,[pre-commit.ci] pre-commit autoupdate,"<!--pre-commit.ci start-->
updates:
- [github.com/peterdemin/pip-compile-multi: v2.4.6 → v2.5.0](https://github.com/peterdemin/pip-compile-multi/compare/v2.4.6...v2.5.0)
<!--pre-commit.ci end-->",https://github.com/pallets/flask/pull/4862,pre-commit-ci[bot],CONTRIBUTOR,closed,False,2.2.x,pre-commit-ci-update-config,2022-11-07 23:01:47+00:00,2023-01-10 00:06:18+00:00,2022-11-08 04:38:32+00:00,2022-11-08 04:38:32+00:00,1,5.6125,5.6125,1,1,2,1,1,37,194,10,[],0,[],0,1,0,0,1,0,0,1,0,0,False,False,True,False,Merged,2022-Q4,2022-10-01,2022-12-31,Merged,True,False,False,True,False,False,False,False,False,False,False,False,False,False,False,False,False,False,False,False,1,True,1,Merged,5.272999558563747,2.3978952727983707,0.6931471805599453,0.6931471805599453,1.0986122886681098,0.6931471805599453,0.6931471805599453,True,False,False,False,2.0,0.5,False,False,Very small,2022,11,4,0,23,False,Monday,Previous contributor,0,0,0,0,train
pallets/flask,4882,Fix backtick not rendering.,"Added space before backtick to render command highlighting.

Checklist:

- [ ] Add tests that demonstrate the correct behavior of the change. Tests should fail without the change.
- [ ] Add or update relevant docs, in the docs folder and in code.
- [ ] Add an entry in `CHANGES.rst` summarizing the change and linking to the issue.
- [ ] Add `.. versionchanged::` entries in any relevant code docs.
- [ ] Run `pre-commit` hooks and fix any issues.
- [ ] Run `pytest` and `tox`, no tests failed.
",https://github.com/pallets/flask/pull/4882,Abdur-rahmaanJ,CONTRIBUTOR,closed,False,2.2.x,patch-4,2022-11-27 09:52:13+00:00,2023-01-10 00:06:15+00:00,2022-11-27 14:51:08+00:00,2022-11-27 14:51:08+00:00,1,4.981944444444444,4.981944444444444,1,1,2,1,1,27,503,91,[],0,[],0,1,0,1,0,0,0,1,0,0,False,True,False,False,Merged,2022-Q4,2022-10-01,2022-12-31,Merged,True,False,False,False,False,False,False,False,False,False,False,False,False,False,False,False,False,False,False,False,0,False,1,Merged,6.222576268071369,4.5217885770490405,0.6931471805599453,0.6931471805599453,1.0986122886681098,0.6931471805599453,0.6931471805599453,True,True,False,False,2.0,0.5,False,False,Very small,2022,11,4,6,9,True,Sunday,Previous contributor,0,0,0,0,train
pallets/flask,4899,[pre-commit.ci] pre-commit autoupdate,"<!--pre-commit.ci start-->
updates:
- [github.com/asottile/pyupgrade: v3.2.2 → v3.3.0](https://github.com/asottile/pyupgrade/compare/v3.2.2...v3.3.0)
<!--pre-commit.ci end-->",https://github.com/pallets/flask/pull/4899,pre-commit-ci[bot],CONTRIBUTOR,closed,False,2.2.x,pre-commit-ci-update-config,2022-12-06 00:34:54+00:00,2023-01-10 00:06:11+00:00,2022-12-10 05:42:03+00:00,2022-12-10 05:42:03+00:00,1,101.11916666666669,101.11916666666669,1,1,2,1,1,37,174,10,[],0,[],0,1,0,0,1,0,0,1,0,0,False,False,True,False,Merged,2022-Q4,2022-10-01,2022-12-31,Merged,True,False,False,True,False,False,False,False,False,False,False,False,False,False,False,False,False,False,False,False,1,True,1,Merged,5.1647859739235145,2.3978952727983707,0.6931471805599453,0.6931471805599453,1.0986122886681098,0.6931471805599453,0.6931471805599453,True,False,False,False,2.0,0.5,False,False,Very small,2022,12,4,1,0,False,Tuesday,Previous contributor,1,1,1,0,train
pallets/flask,4913,Fix incorrect variable name in the views docs,"Fix variable name in the docs in ""Method Dispatching and APIs"".",https://github.com/pallets/flask/pull/4913,ivanovmg,CONTRIBUTOR,closed,False,2.2.x,fix/var-name,2022-12-21 03:43:53+00:00,2023-01-10 00:06:07+00:00,2022-12-22 13:48:46+00:00,2022-12-22 13:48:46+00:00,1,34.08138888888889,34.08138888888889,1,1,2,1,1,45,63,11,['docs'],1,[],0,1,0,1,0,0,0,1,0,0,False,True,False,False,Merged,2022-Q4,2022-10-01,2022-12-31,Merged,True,False,False,False,False,False,False,False,False,False,False,False,False,False,False,False,False,False,False,False,0,False,1,Merged,4.158883083359672,2.4849066497880004,0.6931471805599453,0.6931471805599453,1.0986122886681098,0.6931471805599453,0.6931471805599453,True,False,False,False,2.0,0.5,False,False,Very small,2022,12,4,2,3,False,Wednesday,Previous contributor,1,0,0,0,train
pallets/flask,4921,Allow pathlib.Path for template_folder,"This PR allows ``template_folder`` argument to be a ``pathlib.Path`` object.

- fixes #4892

Checklist:

- [ ] Add tests that demonstrate the correct behavior of the change. Tests should fail without the change.
- [ ] Add or update relevant docs, in the docs folder and in code.
- [ ] Add an entry in `CHANGES.rst` summarizing the change and linking to the issue.
- [ ] Add `.. versionchanged::` entries in any relevant code docs.
- [ ] Run `pre-commit` hooks and fix any issues.
- [ ] Run `pytest` and `tox`, no tests failed.

I added a new test, which ensures that ``template_folder`` can be ``pathlib.Path`` object.
However, when I added this tests, it was already successful.
I noticed that there are no similar tests of this kind in regards to ``template_folder``.

I suppose that the issue referenced is related to typing only, because according to the successful test, one can use this out of the box, and there is no need to convert it into a str object.
``` python
app = Flask(
    __name__,
    template_folder=pathlib.Path(""templates""),
)
```",https://github.com/pallets/flask/pull/4921,ivanovmg,CONTRIBUTOR,closed,False,2.2.x,fix/template_folder,2022-12-22 17:29:58+00:00,2023-01-10 00:06:02+00:00,2022-12-24 18:20:57+00:00,2022-12-24 18:20:57+00:00,1,48.84972222222222,48.84972222222222,5,3,8,4,1,38,1076,180,['typing'],1,[],0,4,0,1,0,0,0,4,0,0,False,True,False,False,Merged,2022-Q4,2022-10-01,2022-12-31,Merged,True,False,False,False,False,False,True,False,False,False,False,False,False,False,False,False,False,False,False,False,1,True,1,Merged,6.981934677156389,5.198497031265826,1.791759469228055,1.3862943611198906,2.19722457733622,1.6094379124341005,0.6931471805599453,True,True,False,False,2.0,0.375,False,False,Very small,2022,12,4,3,17,False,Thursday,Previous contributor,1,1,0,0,train
pallets/flask,4926,python 2 style inheritance clean up from docs,continues #4891 ,https://github.com/pallets/flask/pull/4926,davidism,MEMBER,closed,False,2.2.x,docs-inheritance,2022-12-24 17:35:02+00:00,2023-01-10 00:06:04+00:00,2022-12-24 17:36:40+00:00,2022-12-24 17:36:40+00:00,1,0.0272222222222222,0.0272222222222222,2,2,4,1,1,45,15,2,['docs'],1,[],0,1,0,1,0,0,0,1,0,0,False,True,False,False,Merged,2022-Q4,2022-10-01,2022-12-31,Merged,True,False,False,False,False,False,False,False,False,False,False,False,False,False,False,False,False,False,False,False,0,False,1,Merged,2.772588722239781,1.0986122886681098,1.0986122886681098,1.0986122886681098,1.6094379124341005,0.6931471805599453,0.6931471805599453,True,False,False,False,4.0,0.5,False,False,Very small,2022,12,4,5,17,True,Saturday,Internal or trusted,0,0,0,0,train
pallets/flask,4933,Bump dessant/lock-threads from 3 to 4,"Bumps [dessant/lock-threads](https://github.com/dessant/lock-threads) from 3 to 4.
<details>
<summary>Release notes</summary>
<p><em>Sourced from <a href=""https://github.com/dessant/lock-threads/releases"">dessant/lock-threads's releases</a>.</em></p>
<blockquote>
<h2>v4.0.0</h2>
<p>Learn more about this release from the <a href=""https://github.com/dessant/lock-threads/blob/master/CHANGELOG.md#changelog"">changelog</a>.</p>
</blockquote>
</details>
<details>
<summary>Changelog</summary>
<p><em>Sourced from <a href=""https://github.com/dessant/lock-threads/blob/master/CHANGELOG.md"">dessant/lock-threads's changelog</a>.</em></p>
<blockquote>
<h2><a href=""https://github.com/dessant/lock-threads/compare/v3.0.0...v4.0.0"">4.0.0</a> (2022-12-04)</h2>
<h3>⚠ BREAKING CHANGES</h3>
<ul>
<li>the action now requires Node.js 16</li>
</ul>
<h3>Bug Fixes</h3>
<ul>
<li>update dependencies (<a href=""https://github.com/dessant/lock-threads/commit/38e918558115222435d26c0639870cdbe3572929"">38e9185</a>)</li>
<li>update docs (<a href=""https://github.com/dessant/lock-threads/commit/32986e26965060a85db09e98ef7e5958c961ae84"">32986e2</a>)</li>
</ul>
<h2><a href=""https://github.com/dessant/lock-threads/compare/v2.1.2...v3.0.0"">3.0.0</a> (2021-09-27)</h2>
<h3>⚠ BREAKING CHANGES</h3>
<ul>
<li>
<p>input parameter names have changed</p>
<p>Rename the following input parameters when upgrading from v2 to v3:</p>
<ul>
<li><code>issue-lock-inactive-days</code> --&gt; <code>issue-inactive-days</code></li>
<li><code>issue-exclude-created-before</code> --&gt; <code>exclude-issue-created-before</code></li>
<li><code>issue-exclude-labels</code> --&gt; <code>exclude-any-issue-labels</code></li>
<li><code>issue-lock-labels</code> --&gt; <code>add-issue-labels</code></li>
<li><code>issue-lock-comment</code> --&gt; <code>issue-comment</code></li>
<li><code>pr-lock-inactive-days</code> --&gt; <code>pr-inactive-days</code></li>
<li><code>pr-exclude-created-before</code> --&gt; <code>exclude-pr-created-before</code></li>
<li><code>pr-exclude-labels</code> --&gt; <code>exclude-any-pr-labels</code></li>
<li><code>pr-lock-labels</code> --&gt; <code>add-pr-labels</code></li>
<li><code>pr-lock-comment</code> --&gt; <code>pr-comment</code></li>
</ul>
</li>
</ul>
<h3>Features</h3>
<ul>
<li>add new filtering and labeling options, update input parameter names (<a href=""https://github.com/dessant/lock-threads/commit/26fd836f96f46625de24663c4dc2b84c8408fcb1"">26fd836</a>)</li>
<li>allow manual triggering (<a href=""https://github.com/dessant/lock-threads/commit/a0c7da306555d946273957477018fe178130ccf9"">a0c7da3</a>)</li>
</ul>
<h3><a href=""https://github.com/dessant/lock-threads/compare/v2.1.1...v2.1.2"">2.1.2</a> (2021-08-17)</h3>
<h3>Bug Fixes</h3>
<ul>
<li>ignore error when commenting on issue converted to discussion (<a href=""https://github.com/dessant/lock-threads/commit/60d2a1a4bee140c0408a057fdb025155cdba18dd"">60d2a1a</a>), closes <a href=""https://github-redirect.dependabot.com/dessant/lock-threads/issues/24"">#24</a></li>
</ul>
<h3><a href=""https://github.com/dessant/lock-threads/compare/v2.1.0...v2.1.1"">2.1.1</a> (2021-07-09)</h3>
<h3>Bug Fixes</h3>
<ul>
<li>update GitHub API calls (<a href=""https://github.com/dessant/lock-threads/commit/a3ccc71fffa8f16e865eb3661cf8852e11d0a289"">a3ccc71</a>)</li>
</ul>
<!-- raw HTML omitted -->
</blockquote>
<p>... (truncated)</p>
</details>
<details>
<summary>Commits</summary>
<ul>
<li><a href=""https://github.com/dessant/lock-threads/commit/c1b35aecc5cdb1a34539d14196df55838bb2f836""><code>c1b35ae</code></a> chore(release): 4.0.0</li>
<li><a href=""https://github.com/dessant/lock-threads/commit/32986e26965060a85db09e98ef7e5958c961ae84""><code>32986e2</code></a> fix: update docs</li>
<li><a href=""https://github.com/dessant/lock-threads/commit/b677b85bbb81f02cbd6ee8c7d64b627d9a0d98eb""><code>b677b85</code></a> chore: update workflows</li>
<li><a href=""https://github.com/dessant/lock-threads/commit/dc42875c063d607b02f82ac2f4fd962f620cf459""><code>dc42875</code></a> chore: update package</li>
<li><a href=""https://github.com/dessant/lock-threads/commit/38e918558115222435d26c0639870cdbe3572929""><code>38e9185</code></a> fix: update dependencies</li>
<li><a href=""https://github.com/dessant/lock-threads/commit/08e671be8ac8944d0e132aa71d0ae8ccfb347675""><code>08e671b</code></a> chore: add upgrade guide</li>
<li>See full diff in <a href=""https://github.com/dessant/lock-threads/compare/v3...v4"">compare view</a></li>
</ul>
</details>
<br />


[![Dependabot compatibility score](https://dependabot-badges.githubapp.com/badges/compatibility_score?dependency-name=dessant/lock-threads&package-manager=github_actions&previous-version=3&new-version=4)](https://docs.github.com/en/github/managing-security-vulnerabilities/about-dependabot-security-updates#about-compatibility-scores)

Dependabot will resolve any conflicts with this PR as long as you don't alter it yourself. You can also trigger a rebase manually by commenting `@dependabot rebase`.

[//]: # (dependabot-automerge-start)
[//]: # (dependabot-automerge-end)

---

<details>
<summary>Dependabot commands and options</summary>
<br />

You can trigger Dependabot actions by commenting on this PR:
- `@dependabot rebase` will rebase this PR
- `@dependabot recreate` will recreate this PR, overwriting any edits that have been made to it
- `@dependabot merge` will merge this PR after your CI passes on it
- `@dependabot squash and merge` will squash and merge this PR after your CI passes on it
- `@dependabot cancel merge` will cancel a previously requested merge and block automerging
- `@dependabot reopen` will reopen this PR if it is closed
- `@dependabot close` will close this PR and stop Dependabot recreating it. You can achieve the same result by closing it manually
- `@dependabot ignore this major version` will close this PR and stop Dependabot creating any more for this major version (unless you reopen the PR or upgrade to it yourself)
- `@dependabot ignore this minor version` will close this PR and stop Dependabot creating any more for this minor version (unless you reopen the PR or upgrade to it yourself)
- `@dependabot ignore this dependency` will close this PR and stop Dependabot creating any more for this dependency (unless you reopen the PR or upgrade to it yourself)


</details>",https://github.com/pallets/flask/pull/4933,dependabot[bot],CONTRIBUTOR,closed,False,main,dependabot/github_actions/dessant/lock-threads-4,2023-01-01 16:01:01+00:00,2023-01-18 00:05:43+00:00,2023-01-03 15:24:18+00:00,2023-01-03 15:24:18+00:00,1,47.38805555555555,47.38805555555555,1,1,2,1,1,37,6305,468,"['dependencies', 'github_actions']",2,[],0,1,0,0,1,0,0,1,0,0,False,False,True,False,Merged,2023-Q1,2023-01-01,2023-03-31,Merged,True,False,False,True,False,False,False,False,False,True,True,False,False,False,False,False,False,False,False,False,3,True,1,Merged,8.749256840105007,6.150602768446279,0.6931471805599453,0.6931471805599453,1.0986122886681098,0.6931471805599453,0.6931471805599453,True,True,False,True,2.0,0.5,False,False,Very small,2023,1,1,6,16,True,Sunday,Previous contributor,1,0,0,0,train
pallets/flask,4943,update tested python versions,"test 3.11 final
test 3.12 dev
update for tox 4",https://github.com/pallets/flask/pull/4943,davidism,MEMBER,closed,False,2.2.x,update-python,2023-01-09 18:38:17+00:00,2023-01-24 00:05:29+00:00,2023-01-09 18:42:15+00:00,2023-01-09 18:42:15+00:00,1,0.0661111111111111,0.0661111111111111,30,38,68,4,1,29,48,10,[],0,[],0,4,0,0,2,0,0,2,2,0,False,False,True,False,Merged,2023-Q1,2023-01-01,2023-03-31,Merged,True,False,False,True,False,True,False,False,False,False,False,False,False,False,False,True,False,False,False,False,3,True,1,Merged,3.8918202981106265,2.3978952727983707,3.4339872044851463,3.6635616461296463,4.23410650459726,1.6094379124341005,0.6931471805599453,True,False,False,False,17.0,0.5588235294117647,False,False,Medium,2023,1,1,0,18,False,Monday,Internal or trusted,0,0,0,0,train
pallets/flask,4958,Bump actions/setup-python from 4.4.0 to 4.5.0,"Bumps [actions/setup-python](https://github.com/actions/setup-python) from 4.4.0 to 4.5.0.
<details>
<summary>Release notes</summary>
<p><em>Sourced from <a href=""https://github.com/actions/setup-python/releases"">actions/setup-python's releases</a>.</em></p>
<blockquote>
<h2>Fix cache issue for Poetry projects located in subfolders</h2>
<p>In scope of this release we fixed cache issue for Poetry projects located in subfolders (<a href=""https://github-redirect.dependabot.com/actions/setup-python/issues/446"">actions/setup-python#446</a>). Besides that we updated json5 version from 2.2.0 to 2.2.3 (<a href=""https://github-redirect.dependabot.com/actions/setup-python/pull/579"">actions/setup-python#579</a>).</p>
</blockquote>
</details>
<details>
<summary>Commits</summary>
<ul>
<li><a href=""https://github.com/actions/setup-python/commit/d27e3f3d7c64b4bbf8e4abfb9b63b83e846e0435""><code>d27e3f3</code></a> Fix outdated ref to actions/setup-python@v3 in doc (<a href=""https://github-redirect.dependabot.com/actions/setup-python/issues/581"">#581</a>)</li>
<li><a href=""https://github.com/actions/setup-python/commit/dec86ecf4e7508d3930ae42abcdc575f35ea490d""><code>dec86ec</code></a> Bump json5 from 2.2.0 to 2.2.3 (<a href=""https://github-redirect.dependabot.com/actions/setup-python/issues/579"">#579</a>)</li>
<li><a href=""https://github.com/actions/setup-python/commit/4dcd67678fa3503efac0834f974a48946bcc8037""><code>4dcd676</code></a> Update CODEOWNERS (<a href=""https://github-redirect.dependabot.com/actions/setup-python/issues/576"">#576</a>)</li>
<li><a href=""https://github.com/actions/setup-python/commit/8b89ef08a08c1818d354fdb6c8af1ae93a2acb01""><code>8b89ef0</code></a> Use correct Poetry config when collecting Poetry projects (<a href=""https://github-redirect.dependabot.com/actions/setup-python/issues/447"">#447</a>)</li>
<li>See full diff in <a href=""https://github.com/actions/setup-python/compare/5ccb29d8773c3f3f653e1705f474dfaa8a06a912...d27e3f3d7c64b4bbf8e4abfb9b63b83e846e0435"">compare view</a></li>
</ul>
</details>
<br />


[![Dependabot compatibility score](https://dependabot-badges.githubapp.com/badges/compatibility_score?dependency-name=actions/setup-python&package-manager=github_actions&previous-version=4.4.0&new-version=4.5.0)](https://docs.github.com/en/github/managing-security-vulnerabilities/about-dependabot-security-updates#about-compatibility-scores)

Dependabot will resolve any conflicts with this PR as long as you don't alter it yourself. You can also trigger a rebase manually by commenting `@dependabot rebase`.

[//]: # (dependabot-automerge-start)
[//]: # (dependabot-automerge-end)

---

<details>
<summary>Dependabot commands and options</summary>
<br />

You can trigger Dependabot actions by commenting on this PR:
- `@dependabot rebase` will rebase this PR
- `@dependabot recreate` will recreate this PR, overwriting any edits that have been made to it
- `@dependabot merge` will merge this PR after your CI passes on it
- `@dependabot squash and merge` will squash and merge this PR after your CI passes on it
- `@dependabot cancel merge` will cancel a previously requested merge and block automerging
- `@dependabot reopen` will reopen this PR if it is closed
- `@dependabot close` will close this PR and stop Dependabot recreating it. You can achieve the same result by closing it manually
- `@dependabot ignore this major version` will close this PR and stop Dependabot creating any more for this major version (unless you reopen the PR or upgrade to it yourself)
- `@dependabot ignore this minor version` will close this PR and stop Dependabot creating any more for this minor version (unless you reopen the PR or upgrade to it yourself)
- `@dependabot ignore this dependency` will close this PR and stop Dependabot creating any more for this dependency (unless you reopen the PR or upgrade to it yourself)


</details>",https://github.com/pallets/flask/pull/4958,dependabot[bot],CONTRIBUTOR,closed,False,main,dependabot/github_actions/actions/setup-python-4.5.0,2023-02-01 16:01:24+00:00,2023-02-16 00:06:03+00:00,2023-02-01 16:54:52+00:00,2023-02-01 16:54:52+00:00,1,0.8911111111111111,0.8911111111111111,2,2,4,2,1,45,3877,350,"['dependencies', 'github_actions']",2,[],0,2,0,0,2,0,0,2,0,0,False,False,True,False,Merged,2023-Q1,2023-01-01,2023-03-31,Merged,True,False,False,True,False,False,False,False,False,True,True,False,False,False,False,False,False,False,False,False,3,True,1,Merged,8.263074835802596,5.860786223465865,1.0986122886681098,1.0986122886681098,1.6094379124341005,1.0986122886681098,0.6931471805599453,True,True,False,True,2.0,0.5,False,False,Very small,2023,2,1,2,16,False,Wednesday,Previous contributor,0,0,0,0,train
pallets/flask,4966,Fix command-line formatting,Fix formatting for a bash command in ``docs/patterns/packages.rst``.,https://github.com/pallets/flask/pull/4966,ivanovmg,CONTRIBUTOR,closed,False,2.2.x,fix/cmd-format,2023-02-09 02:42:52+00:00,2023-02-24 00:06:19+00:00,2023-02-09 02:44:10+00:00,2023-02-09 02:44:10+00:00,1,0.0216666666666666,0.0216666666666666,2,0,2,1,1,27,68,8,[],0,[],0,1,0,1,0,0,0,1,0,0,False,True,False,False,Merged,2023-Q1,2023-01-01,2023-03-31,Merged,True,False,False,False,False,False,False,False,False,False,False,False,False,False,False,False,False,False,False,False,0,False,1,Merged,4.23410650459726,2.19722457733622,1.0986122886681098,0.0,1.0986122886681098,0.6931471805599453,0.6931471805599453,True,False,False,False,2.0,0.0,False,False,Very small,2023,2,1,3,2,False,Thursday,Previous contributor,0,0,0,0,train
pallets/flask,4972,fix test client arg for query string example,fixes #4964,https://github.com/pallets/flask/pull/4972,davidism,MEMBER,closed,False,2.2.x,docs-push-reqctx,2023-02-10 18:51:13+00:00,2023-02-25 00:06:22+00:00,2023-02-10 18:53:03+00:00,2023-02-10 18:53:02+00:00,1,0.0305555555555555,0.0302777777777777,3,2,5,1,1,44,11,2,['docs'],1,[],0,1,0,1,0,0,0,1,0,0,False,True,False,False,Merged,2023-Q1,2023-01-01,2023-03-31,Merged,True,False,False,False,False,False,False,False,False,False,False,False,False,False,False,False,False,False,False,False,0,False,1,Merged,2.4849066497880004,1.0986122886681098,1.3862943611198906,1.0986122886681098,1.791759469228055,0.6931471805599453,0.6931471805599453,True,False,False,False,5.0,0.4,False,False,Very small,2023,2,1,4,18,False,Friday,Internal or trusted,0,0,0,0,train
pallets/flask,4995,remove previously deprecated code,"Remove code that was previously deprecated in 2.3.

- I've pushed back the removal of `_app_ctx_stack` and `_request_ctx_stack` until 2.4 to give extensions more time to update. The `push` and `pop` methods are removed, only `top` remains.
- `FLASK_ENV` env var, `ENV` config, and `app.env`
- `session_cookie_name`, `send_file_max_age_default`, `use_x_sendfile`, `propagate_exceptions`, and `templates_auto_reload` properties
- `JSON_AS_ASCII`, `JSON_SORT_KEYS`, `JSONIFY_MIMETYPE`, and `JSONIFY_PRETTYPRINT_REGULAR` config keys
- `before_first_request`
- `json_encoder` and `json_decoder` attributes, `JSONEncoder` and `JSONDecoder` classes
- `htmlsafe_dumps` and `htmlsafe_dump`",https://github.com/pallets/flask/pull/4995,davidism,MEMBER,closed,False,main,remove-deprecated,2023-02-23 16:40:23+00:00,2023-03-10 00:06:32+00:00,2023-02-23 16:45:39+00:00,2023-02-23 16:45:39+00:00,1,0.0877777777777777,0.0877777777777777,81,946,1027,16,1,33,688,76,[],0,[],0,16,5,3,0,0,0,16,0,0,True,True,False,False,Merged,2023-Q1,2023-01-01,2023-03-31,Merged,True,False,False,False,True,True,True,True,True,False,False,False,True,True,False,False,False,False,False,False,7,True,1,Merged,6.535241271013659,4.343805421853684,4.406719247264253,6.853299093186078,6.93537044601511,2.833213344056216,0.6931471805599453,True,True,False,False,64.1875,0.9211295034079844,False,False,Very large,2023,2,1,3,16,False,Thursday,Internal or trusted,0,0,0,0,train
pallets/flask,5005,Bump slsa-framework/slsa-github-generator from 1.4.0 to 1.5.0,"Bumps [slsa-framework/slsa-github-generator](https://github.com/slsa-framework/slsa-github-generator) from 1.4.0 to 1.5.0.
<details>
<summary>Release notes</summary>
<p><em>Sourced from <a href=""https://github.com/slsa-framework/slsa-github-generator/releases"">slsa-framework/slsa-github-generator's releases</a>.</em></p>
<blockquote>
<h2>v1.5.0</h2>
<p>See the <a href=""https://github.com/slsa-framework/slsa-github-generator/blob/HEAD/CHANGELOG.md#v150"">CHANGELOG</a> for details.</p>
<h2>v1.5.0-rc.0</h2>
<p>See the <a href=""https://github.com/slsa-framework/slsa-github-generator/blob/HEAD/CHANGELOG.md"">CHANGELOG</a> for details.</p>
</blockquote>
</details>
<details>
<summary>Changelog</summary>
<p><em>Sourced from <a href=""https://github.com/slsa-framework/slsa-github-generator/blob/main/CHANGELOG.md"">slsa-framework/slsa-github-generator's changelog</a>.</em></p>
<blockquote>
<h1>v1.5.0</h1>
<!-- raw HTML omitted -->
<h2>Summary of changes</h2>
<h3>Go builder</h3>
<h4>New Features</h4>
<ul>
<li>A new <a href=""https://github.com/slsa-framework/slsa-github-generator/blob/v1.5.0/internal/builders/generic/README.md#workflow-inputs""><code>upload-tag-name</code></a> input was added to allow users to specify the tag name for the release when <code>upload-assets</code> is set to <code>true</code>.</li>
<li>The environment variables included in provenance output were changed to include only those variables that are specified by the user in the <a href=""https://github.com/slsa-framework/slsa-github-generator/tree/v1.5.0/internal/builders/go#configuration-file"">slsa-goreleaser.yml configuration file</a> in order to improve reproducibility. See <a href=""https://github-redirect.dependabot.com/slsa-framework/slsa-github-generator/issues/822"">#822</a> for more information and background.</li>
</ul>
<h3>Generic generator</h3>
<h4>New Features</h4>
<ul>
<li>A new boolean <a href=""https://github.com/slsa-framework/slsa-github-generator/blob/v1.5.0/internal/builders/generic/README.md#workflow-inputs""><code>continue-on-error</code></a> input was added which, when set to <code>true</code>, prevents the workflow from failing when a step fails. If set to true, the result of the reusable workflow will be return in the <a href=""https://github.com/slsa-framework/slsa-github-generator/blob/v1.5.0/internal/builders/generic/README.md#workflow-outputs""><code>outcome</code></a> output.</li>
<li>A new <a href=""https://github.com/slsa-framework/slsa-github-generator/blob/v1.5.0/internal/builders/generic/README.md#workflow-inputs""><code>upload-tag-name</code></a> input was added to allow users to specify the tag name for the release when <code>upload-assets</code> is set to <code>true</code>.</li>
</ul>
<h3>Container generator</h3>
<h4>New Features</h4>
<ul>
<li>A new boolean <a href=""https://github.com/slsa-framework/slsa-github-generator/blob/v1.5.0/internal/builders/container/README.md#workflow-inputs""><code>continue-on-error</code></a> input was added which, when set to <code>true</code>, prevents the workflow from failing when a step fails. If set to true, the result of the reusable workflow will be return in the <a href=""https://github.com/slsa-framework/slsa-github-generator/blob/v1.5.0/internal/builders/container/README.md#workflow-outputs""><code>outcome</code></a> output.</li>
<li>A new <a href=""https://github.com/slsa-framework/slsa-github-generator/blob/v1.5.0/internal/builders/container/README.md#workflow-inputs""><code>repository-username</code></a> secret input was added to allow users to pass their repository username that is stored in a <a href=""https://docs.github.com/en/actions/security-guides/encrypted-secrets"">Github Actions encrypted secret</a>. This secret input should only be used for high-entropy registry username values such as AWS Access Key.</li>
<li>Support was added for authenticating with <a href=""https://cloud.google.com/artifact-registry"">Google Artifact Registry</a> and <a href=""https://cloud.google.com/container-registry"">Google Container Registry</a> using <a href=""https://cloud.google.com/iam/docs/workload-identity-federation"">Workload Identity Federation</a>. Users can use this new feature by using the <a href=""https://github.com/slsa-framework/slsa-github-generator/blob/v1.5.0/internal/builders/container/README.md#workflow-inputs""><code>gcp-workload-identity-provider</code> and <code>gcp-service-account</code> inputs</a></li>
</ul>
</blockquote>
</details>
<details>
<summary>Commits</summary>
<ul>
<li><a href=""https://github.com/slsa-framework/slsa-github-generator/commit/7f4fdb871876c23e455853d694197440c5a91506""><code>7f4fdb8</code></a> chore: Release v1.5.0 (<a href=""https://github-redirect.dependabot.com/slsa-framework/slsa-github-generator/issues/1693"">#1693</a>)</li>
<li><a href=""https://github.com/slsa-framework/slsa-github-generator/commit/ad5c0dd4e70e4fab86ad4ee5d424ed6d7b7c7601""><code>ad5c0dd</code></a> chore: Release 1.5.0-rc.0 (<a href=""https://github-redirect.dependabot.com/slsa-framework/slsa-github-generator/issues/1649"">#1649</a>)</li>
<li><a href=""https://github.com/slsa-framework/slsa-github-generator/commit/1ab4b3fedd147dbaa1530ff9c3b59f48ace2bae2""><code>1ab4b3f</code></a> docs: Add note about registry username secret to docs (<a href=""https://github-redirect.dependabot.com/slsa-framework/slsa-github-generator/issues/1659"">#1659</a>)</li>
<li><a href=""https://github.com/slsa-framework/slsa-github-generator/commit/478820e005fc1428c89c6639c741f34770885814""><code>478820e</code></a> feat: Update nodejs builder to use BYOB (<a href=""https://github-redirect.dependabot.com/slsa-framework/slsa-github-generator/issues/1667"">#1667</a>)</li>
<li><a href=""https://github.com/slsa-framework/slsa-github-generator/commit/4ed6a517a4eda072ff1fc2395f806a82741400a6""><code>4ed6a51</code></a> refactor: Refactor verify-token validation (<a href=""https://github-redirect.dependabot.com/slsa-framework/slsa-github-generator/issues/1660"">#1660</a>)</li>
<li><a href=""https://github.com/slsa-framework/slsa-github-generator/commit/9a60e2436945bb69bd07a977865494087a05db08""><code>9a60e24</code></a> docs: Fix link reference in CONTRIBUTING.md (<a href=""https://github-redirect.dependabot.com/slsa-framework/slsa-github-generator/issues/1672"">#1672</a>)</li>
<li><a href=""https://github.com/slsa-framework/slsa-github-generator/commit/155137abd7d43e20485b80687367b6f71ae0890a""><code>155137a</code></a> fix: Add verify subcommand (<a href=""https://github-redirect.dependabot.com/slsa-framework/slsa-github-generator/issues/1621"">#1621</a>)</li>
<li><a href=""https://github.com/slsa-framework/slsa-github-generator/commit/63be127d844243f1458166190bbcefd56a1e1de0""><code>63be127</code></a> fix: public-good-instance.json workaround (<a href=""https://github-redirect.dependabot.com/slsa-framework/slsa-github-generator/issues/1670"">#1670</a>)</li>
<li><a href=""https://github.com/slsa-framework/slsa-github-generator/commit/d9ef0510717fff83dfb1e2f6c3f107c96234490b""><code>d9ef051</code></a> chore: Disable comments-indentation for yamllint (<a href=""https://github-redirect.dependabot.com/slsa-framework/slsa-github-generator/issues/1671"">#1671</a>)</li>
<li><a href=""https://github.com/slsa-framework/slsa-github-generator/commit/b7a34a6f473e141ca74ccadaefa358efdf3bc08e""><code>b7a34a6</code></a> docs: Update CONTRIBUTING (<a href=""https://github-redirect.dependabot.com/slsa-framework/slsa-github-generator/issues/1666"">#1666</a>)</li>
<li>Additional commits viewable in <a href=""https://github.com/slsa-framework/slsa-github-generator/compare/v1.4.0...v1.5.0"">compare view</a></li>
</ul>
</details>
<br />


[![Dependabot compatibility score](https://dependabot-badges.githubapp.com/badges/compatibility_score?dependency-name=slsa-framework/slsa-github-generator&package-manager=github_actions&previous-version=1.4.0&new-version=1.5.0)](https://docs.github.com/en/github/managing-security-vulnerabilities/about-dependabot-security-updates#about-compatibility-scores)

Dependabot will resolve any conflicts with this PR as long as you don't alter it yourself. You can also trigger a rebase manually by commenting `@dependabot rebase`.

[//]: # (dependabot-automerge-start)
[//]: # (dependabot-automerge-end)

---

<details>
<summary>Dependabot commands and options</summary>
<br />

You can trigger Dependabot actions by commenting on this PR:
- `@dependabot rebase` will rebase this PR
- `@dependabot recreate` will recreate this PR, overwriting any edits that have been made to it
- `@dependabot merge` will merge this PR after your CI passes on it
- `@dependabot squash and merge` will squash and merge this PR after your CI passes on it
- `@dependabot cancel merge` will cancel a previously requested merge and block automerging
- `@dependabot reopen` will reopen this PR if it is closed
- `@dependabot close` will close this PR and stop Dependabot recreating it. You can achieve the same result by closing it manually
- `@dependabot ignore this major version` will close this PR and stop Dependabot creating any more for this major version (unless you reopen the PR or upgrade to it yourself)
- `@dependabot ignore this minor version` will close this PR and stop Dependabot creating any more for this minor version (unless you reopen the PR or upgrade to it yourself)
- `@dependabot ignore this dependency` will close this PR and stop Dependabot creating any more for this dependency (unless you reopen the PR or upgrade to it yourself)


</details>",https://github.com/pallets/flask/pull/5005,dependabot[bot],CONTRIBUTOR,closed,False,main,dependabot/github_actions/slsa-framework/slsa-github-generator-1.5.0,2023-03-01 16:57:32+00:00,2023-03-16 00:05:48+00:00,2023-03-01 17:04:40+00:00,2023-03-01 17:04:40+00:00,1,0.1188888888888888,0.1188888888888888,1,1,2,1,1,61,9455,655,"['dependencies', 'github_actions']",2,[],0,1,0,0,1,0,0,1,0,0,False,False,True,False,Merged,2023-Q1,2023-01-01,2023-03-31,Merged,True,False,False,True,False,False,False,False,False,True,True,False,False,False,False,False,False,False,False,False,3,True,1,Merged,9.15440473964588,6.486160788944089,0.6931471805599453,0.6931471805599453,1.0986122886681098,0.6931471805599453,0.6931471805599453,True,True,False,True,2.0,0.5,False,False,Very small,2023,3,1,2,16,False,Wednesday,Previous contributor,0,0,0,0,train
pallets/flask,5024,remove broken link,,https://github.com/pallets/flask/pull/5024,davidism,MEMBER,closed,False,2.2.x,docs-sentry,2023-03-11 15:30:35+00:00,2023-03-26 00:06:12+00:00,2023-03-11 15:32:13+00:00,2023-03-11 15:32:13+00:00,1,0.0272222222222222,0.0272222222222222,0,1,1,1,1,18,0,0,['docs'],1,[],0,1,0,1,0,0,0,1,0,0,False,True,False,False,Merged,2023-Q1,2023-01-01,2023-03-31,Merged,True,False,False,False,False,False,False,False,False,False,False,False,False,False,False,False,False,False,False,False,0,False,1,Merged,0.0,0.0,0.0,0.6931471805599453,0.6931471805599453,0.6931471805599453,0.6931471805599453,False,False,False,False,1.0,1.0,False,False,Very small,2023,3,1,5,15,True,Saturday,Internal or trusted,0,0,0,0,train
pallets/flask,5037,Fix typo in appfactories.rst code block,This PR removes unneeded backticks.,https://github.com/pallets/flask/pull/5037,pamelafox,CONTRIBUTOR,closed,False,main,patch-1,2023-03-31 19:21:11+00:00,2023-04-20 00:05:39+00:00,2023-04-05 21:56:26+00:00,2023-04-05 21:56:26+00:00,1,122.5875,122.5875,1,1,2,1,1,39,35,5,[],0,[],0,1,0,1,0,0,0,1,0,0,False,True,False,False,Merged,2023-Q1,2023-01-01,2023-03-31,Merged,True,False,False,False,False,False,False,False,False,False,False,False,False,False,False,False,False,False,False,False,0,False,1,Merged,3.58351893845611,1.791759469228055,0.6931471805599453,0.6931471805599453,1.0986122886681098,0.6931471805599453,0.6931471805599453,True,False,False,False,2.0,0.5,False,False,Very small,2023,3,1,4,19,False,Friday,Previous contributor,1,1,1,0,train
pallets/flask,5038,Bump pypa/gh-action-pypi-publish from 1.6.4 to 1.8.4,"Bumps [pypa/gh-action-pypi-publish](https://github.com/pypa/gh-action-pypi-publish) from 1.6.4 to 1.8.4.
<details>
<summary>Release notes</summary>
<p><em>Sourced from <a href=""https://github.com/pypa/gh-action-pypi-publish/releases"">pypa/gh-action-pypi-publish's releases</a>.</em></p>
<blockquote>
<h2>v1.8.4</h2>
<h2>What's Improved</h2>
<ul>
<li><a href=""https://github.com/hugovk""><code>@​hugovk</code></a> cleaned up the double whitespaces in the OIDC flow logging in <a href=""https://redirect.github.com/pypa/gh-action-pypi-publish/pull/140"">pypa/gh-action-pypi-publish#140</a></li>
<li><a href=""https://github.com/woodruffw""><code>@​woodruffw</code></a> added a title and a docs link to the OIDC error output in <a href=""https://redirect.github.com/pypa/gh-action-pypi-publish/pull/139"">pypa/gh-action-pypi-publish#139</a></li>
</ul>
<p><strong>Full Diff</strong>: <a href=""https://github.com/pypa/gh-action-pypi-publish/compare/v1.8.3...v1.8.4"">https://github.com/pypa/gh-action-pypi-publish/compare/v1.8.3...v1.8.4</a></p>
<h2>v1.8.3</h2>
<h2>What's New</h2>
<p>This release improves the logging detalization of which authentication mode is selected when the action runs. It surfaces this detail to the workflow run summary page as annotations. The change was contributed by <a href=""https://github.com/woodruffw""><code>@​woodruffw</code></a> in <a href=""https://redirect.github.com/pypa/gh-action-pypi-publish/pull/136"">pypa/gh-action-pypi-publish#136</a>.</p>
<p><strong>Full Diff</strong>: <a href=""https://github.com/pypa/gh-action-pypi-publish/compare/v1.8.2...v1.8.3"">https://github.com/pypa/gh-action-pypi-publish/compare/v1.8.2...v1.8.3</a></p>
<h2>v1.8.2</h2>
<h2>What's Changed</h2>
<p>This release started printing out full OIDC error messages to console, instead of just one line -- by <a href=""https://github.com/woodruffw""><code>@​woodruffw</code></a> in <a href=""https://redirect.github.com/pypa/gh-action-pypi-publish/pull/134"">pypa/gh-action-pypi-publish#134</a>.</p>
<p><strong>Full Diff</strong>: <a href=""https://github.com/pypa/gh-action-pypi-publish/compare/v1.8.1...v1.8.2"">https://github.com/pypa/gh-action-pypi-publish/compare/v1.8.1...v1.8.2</a></p>
<h2>v1.8.1</h2>
<h2>🐛 What's Fixed</h2>
<p>💔 Unfortunately, a tiny mistake in v1.8.0 caused a far-reaching regression for the most used code path.
❗ But don't worry, it's fixed now thanks to <a href=""https://github.com/njzjz""><code>@​njzjz</code></a> who promptly spotted it and <a href=""https://github.com/zhongjiajie""><code>@​zhongjiajie</code></a> who sent a bugfix.</p>
<h2>🙌 New Contributors</h2>
<ul>
<li><a href=""https://github.com/zhongjiajie""><code>@​zhongjiajie</code></a> made their first contribution in <a href=""https://redirect.github.com/pypa/gh-action-pypi-publish/pull/131"">pypa/gh-action-pypi-publish#131</a></li>
</ul>
<p><strong>Full Diff</strong>: <a href=""https://github.com/pypa/gh-action-pypi-publish/compare/v1.8.0...v1.8.1"">https://github.com/pypa/gh-action-pypi-publish/compare/v1.8.0...v1.8.1</a></p>
<h2>v1.8.0</h2>
<h2>The Coolest Release Ever!</h2>
<p>In this release, <a href=""https://github.com/woodruffw""><code>@​woodruffw</code></a> implemented support for secretless OIDC-based publishing to PyPI-like package indexes. The OIDC flow is activated when neither username nor password action inputs are set.</p>
<p>The OIDC “token exchange”, is an authentication technique that PyPI (and TestPyPI, and hopefully some future others) supports as an alternative to long-lived username/password combinations or long-lived API tokens.</p>
<blockquote>
<p><strong>IMPORTANT:</strong> The PyPI-side configuration is only available to participants of the private beta test. Please, only try out the zero-config mode if you are a beta test participant having followed the PyPI configuration instructions.</p>
</blockquote>
<p>Setup prerequisites: <a href=""https://github.com/marketplace/actions/pypi-publish#publishing-with-openid-connect"">https://github.com/marketplace/actions/pypi-publish#publishing-with-openid-connect</a>
PyPI's documentation: <a href=""https://pypi.org/help/#openid-connect"">https://pypi.org/help/#openid-connect</a>
Beta test enrollment: <a href=""https://redirect.github.com/pypi/warehouse/issues/12965"">pypi/warehouse#12965</a></p>
<h2>New Contributors</h2>
<ul>
<li><a href=""https://github.com/woodruffw""><code>@​woodruffw</code></a> made their first contribution in <a href=""https://redirect.github.com/pypa/gh-action-pypi-publish/pull/123"">pypa/gh-action-pypi-publish#123</a></li>
</ul>
<!-- raw HTML omitted -->
</blockquote>
<p>... (truncated)</p>
</details>
<details>
<summary>Commits</summary>
<ul>
<li><a href=""https://github.com/pypa/gh-action-pypi-publish/commit/29930c9cf57955dc1b98162d0d8bc3ec80d9e75c""><code>29930c9</code></a> Merge pull request <a href=""https://redirect.github.com/pypa/gh-action-pypi-publish/issues/139"">#139</a> from trail-of-forks/tob-improve-errors</li>
<li><a href=""https://github.com/pypa/gh-action-pypi-publish/commit/9c859e9a775e2122ff3da8f3f5bdfc6ca175f996""><code>9c859e9</code></a> Merge pull request <a href=""https://redirect.github.com/pypa/gh-action-pypi-publish/issues/140"">#140</a> from hugovk/oidc-whitespace</li>
<li><a href=""https://github.com/pypa/gh-action-pypi-publish/commit/65bf8a81decf5c0966c65c2a2e4400e507008232""><code>65bf8a8</code></a> Remove double spaces</li>
<li><a href=""https://github.com/pypa/gh-action-pypi-publish/commit/486ec8dd234caaf3824a0662ee75bc66a778cab7""><code>486ec8d</code></a> oidc-exchange: improve errors</li>
<li><a href=""https://github.com/pypa/gh-action-pypi-publish/commit/48b317d84d5f59668bb13be49d1697e36b3ad009""><code>48b317d</code></a> Merge PR <a href=""https://redirect.github.com/pypa/gh-action-pypi-publish/issues/136"">#136</a> into unstable/v1</li>
<li><a href=""https://github.com/pypa/gh-action-pypi-publish/commit/ae295504b3468d3952767fa0d25a4a2996a5578f""><code>ae29550</code></a> twine-upload: increase detail on console notices</li>
<li><a href=""https://github.com/pypa/gh-action-pypi-publish/commit/f3ce18f69986f83a044b6e618425238f6c1bb8ef""><code>f3ce18f</code></a> Merge pull request <a href=""https://redirect.github.com/pypa/gh-action-pypi-publish/issues/134"">#134</a> from trail-of-forks/tob-better-errors</li>
<li><a href=""https://github.com/pypa/gh-action-pypi-publish/commit/ea29ccc08c5128e49d7b7744d6fe4fcac05e93de""><code>ea29ccc</code></a> oidc-exchange: avoid splitting the error message</li>
<li><a href=""https://github.com/pypa/gh-action-pypi-publish/commit/a3a3bafbb3e5a75a854ae1bc53ae128cf22c4af4""><code>a3a3baf</code></a> 🐛 Merge PR <a href=""https://redirect.github.com/pypa/gh-action-pypi-publish/issues/131"">#131</a> from into unstable/v1</li>
<li><a href=""https://github.com/pypa/gh-action-pypi-publish/commit/d5417dc8be8a412b7bf487b09ad3997ad92f859b""><code>d5417dc</code></a> 🐛Correct default upload URL</li>
<li>Additional commits viewable in <a href=""https://github.com/pypa/gh-action-pypi-publish/compare/c7f29f7adef1a245bd91520e94867e5c6eedddcc...29930c9cf57955dc1b98162d0d8bc3ec80d9e75c"">compare view</a></li>
</ul>
</details>
<br />


[![Dependabot compatibility score](https://dependabot-badges.githubapp.com/badges/compatibility_score?dependency-name=pypa/gh-action-pypi-publish&package-manager=github_actions&previous-version=1.6.4&new-version=1.8.4)](https://docs.github.com/en/github/managing-security-vulnerabilities/about-dependabot-security-updates#about-compatibility-scores)

Dependabot will resolve any conflicts with this PR as long as you don't alter it yourself. You can also trigger a rebase manually by commenting `@dependabot rebase`.

[//]: # (dependabot-automerge-start)
[//]: # (dependabot-automerge-end)

---

<details>
<summary>Dependabot commands and options</summary>
<br />

You can trigger Dependabot actions by commenting on this PR:
- `@dependabot rebase` will rebase this PR
- `@dependabot recreate` will recreate this PR, overwriting any edits that have been made to it
- `@dependabot merge` will merge this PR after your CI passes on it
- `@dependabot squash and merge` will squash and merge this PR after your CI passes on it
- `@dependabot cancel merge` will cancel a previously requested merge and block automerging
- `@dependabot reopen` will reopen this PR if it is closed
- `@dependabot close` will close this PR and stop Dependabot recreating it. You can achieve the same result by closing it manually
- `@dependabot ignore this major version` will close this PR and stop Dependabot creating any more for this major version (unless you reopen the PR or upgrade to it yourself)
- `@dependabot ignore this minor version` will close this PR and stop Dependabot creating any more for this minor version (unless you reopen the PR or upgrade to it yourself)
- `@dependabot ignore this dependency` will close this PR and stop Dependabot creating any more for this dependency (unless you reopen the PR or upgrade to it yourself)


</details>",https://github.com/pallets/flask/pull/5038,dependabot[bot],CONTRIBUTOR,closed,False,main,dependabot/github_actions/pypa/gh-action-pypi-publish-1.8.4,2023-04-01 16:57:02+00:00,2023-04-18 00:05:32+00:00,2023-04-03 13:19:09+00:00,2023-04-03 13:19:09+00:00,1,44.36861111111112,44.36861111111112,2,2,4,1,1,52,8925,659,"['dependencies', 'github_actions']",2,[],0,1,0,0,1,0,0,1,0,0,False,False,True,False,Merged,2023-Q2,2023-04-01,2023-06-30,Merged,True,False,False,True,False,False,False,False,False,True,True,False,False,False,False,False,False,False,False,False,3,True,1,Merged,9.096723645189217,6.492239835020471,1.0986122886681098,1.0986122886681098,1.6094379124341005,0.6931471805599453,0.6931471805599453,True,True,False,True,4.0,0.5,False,False,Very small,2023,4,2,5,16,True,Saturday,Previous contributor,1,0,0,0,train
pallets/flask,5053,update test cookie handling for Werkzeug 2.3,,https://github.com/pallets/flask/pull/5053,davidism,MEMBER,closed,False,2.2.x,werkzeug-compat,2023-04-12 17:35:33+00:00,2023-04-27 00:05:33+00:00,2023-04-12 17:57:14+00:00,2023-04-12 17:57:14+00:00,1,0.3613888888888888,0.3613888888888888,49,60,109,4,1,44,0,0,[],0,[],0,4,3,0,0,0,0,4,0,0,True,False,False,False,Merged,2023-Q2,2023-04-01,2023-06-30,Merged,True,False,False,False,True,True,True,False,True,False,False,False,False,False,False,False,False,False,False,False,4,True,1,Merged,0.0,0.0,3.912023005428146,4.110873864173311,4.700480365792417,1.6094379124341005,0.6931471805599453,False,False,False,False,27.25,0.5504587155963303,False,False,Medium,2023,4,2,2,17,False,Wednesday,Internal or trusted,0,0,0,0,train
pallets/flask,5066,document passthrough_errors,fixes #5046,https://github.com/pallets/flask/pull/5066,davidism,MEMBER,closed,False,2.2.x,docs-passthrough,2023-04-15 18:54:23+00:00,2023-04-30 00:05:49+00:00,2023-04-15 18:57:46+00:00,2023-04-15 18:57:46+00:00,1,0.0563888888888888,0.0563888888888888,20,8,28,1,1,27,11,2,['docs'],1,[],0,1,0,1,0,0,0,1,0,0,False,True,False,False,Merged,2023-Q2,2023-04-01,2023-06-30,Merged,True,False,False,False,False,False,False,False,False,False,False,False,False,False,False,False,False,False,False,False,0,False,1,Merged,2.4849066497880004,1.0986122886681098,3.044522437723423,2.19722457733622,3.367295829986474,0.6931471805599453,0.6931471805599453,True,False,False,False,28.0,0.2857142857142857,False,False,Small,2023,4,2,5,18,True,Saturday,Internal or trusted,0,0,0,0,train
pallets/flask,5077,Remove double period in signals documentation page,"[Relevant link](https://flask.palletsprojects.com/en/2.2.x/signals/?highlight=..#creating-signals)

## :slightly_smiling_face: 

:snake: :man_juggling: ",https://github.com/pallets/flask/pull/5077,EtiennePelletier,CONTRIBUTOR,closed,False,main,master,2023-04-24 18:19:08+00:00,2023-05-09 00:05:35+00:00,2023-04-24 18:21:42+00:00,2023-04-24 18:21:42+00:00,1,0.0427777777777777,0.0427777777777777,1,1,2,1,1,50,155,6,[],0,[],0,1,0,1,0,0,0,1,0,0,False,True,False,False,Merged,2023-Q2,2023-04-01,2023-06-30,Merged,True,False,False,False,False,False,False,False,False,False,False,False,False,False,False,False,False,False,False,False,0,False,1,Merged,5.049856007249537,1.9459101490553128,0.6931471805599453,0.6931471805599453,1.0986122886681098,0.6931471805599453,0.6931471805599453,True,False,False,False,2.0,0.5,False,False,Very small,2023,4,2,0,18,False,Monday,Previous contributor,0,0,0,0,train
pallets/flask,5101,update werkzeug to >=2.3.3,"Contains important bug fixes: https://werkzeug.palletsprojects.com/en/2.3.x/changes/#version-2-3-3 Also requires an update to Flask's test client to work with a fix to cookie path handling (and can remove compat code for this). Tests will fail since 2.3.3 isn't out yet, need both ready simultaneously.",https://github.com/pallets/flask/pull/5101,davidism,MEMBER,closed,False,2.3.x,update-werkzeug,2023-05-01 15:21:11+00:00,2023-05-17 00:06:13+00:00,2023-05-01 15:22:59+00:00,2023-05-01 15:22:59+00:00,1,0.03,0.03,10,20,30,3,1,26,302,41,[],0,[],0,3,0,1,1,0,0,3,0,0,False,True,True,False,Merged,2023-Q2,2023-04-01,2023-06-30,Merged,True,False,False,True,False,True,False,False,False,False,False,False,False,False,False,False,False,False,False,False,2,True,1,Merged,5.713732805509369,3.737669618283368,2.3978952727983707,3.044522437723423,3.4339872044851463,1.3862943611198906,0.6931471805599453,True,False,False,False,10.0,0.6666666666666666,False,False,Small,2023,5,2,0,15,False,Monday,Internal or trusted,0,0,0,0,train
pallets/flask,5108,werkzeug 2.3.3 compatibility,fixes #5107 ,https://github.com/pallets/flask/pull/5108,davidism,MEMBER,closed,False,2.2.x,werkzeug-compat,2023-05-02 14:07:29+00:00,2023-05-17 00:06:10+00:00,2023-05-02 14:12:59+00:00,2023-05-02 14:12:59+00:00,1,0.0916666666666666,0.0916666666666666,16,3,19,2,1,28,11,2,[],0,[],0,2,0,1,0,0,0,2,0,0,False,True,False,False,Merged,2023-Q2,2023-04-01,2023-06-30,Merged,True,False,False,False,False,False,False,False,False,False,False,False,False,False,False,False,False,False,False,False,0,False,1,Merged,2.4849066497880004,1.0986122886681098,2.833213344056216,1.3862943611198906,2.995732273553991,1.0986122886681098,0.6931471805599453,True,False,False,False,9.5,0.1578947368421052,False,False,Small,2023,5,2,1,14,False,Tuesday,Internal or trusted,0,0,0,0,train
pallets/flask,5127,Split the App and Blueprint into Sansio and IO parts,"This follows a similar structure in Werkzeug and allows for async based IO projects, specifically Quart, to base themselves on Flask.

Note that the globals, and signals are specific to Flask and hence specific to Flask's IO. This means they cannot be moved to the sansio part of the codebase. (We may be able to change this in the future, but I think we should let this change settle first).


Checklist:

- [x] Add tests that demonstrate the correct behavior of the change. Tests should fail without the change.
- [x] Add or update relevant docs, in the docs folder and in code.
- [x] Add an entry in `CHANGES.rst` summarizing the change and linking to the issue.
- [x] Add `.. versionchanged::` entries in any relevant code docs.
- [x] Run `pre-commit` hooks and fix any issues.
- [x] Run `pytest` and `tox`, no tests failed.
",https://github.com/pallets/flask/pull/5127,pgjones,MEMBER,closed,False,main,sansio,2023-05-15 19:24:37+00:00,2023-09-04 00:05:35+00:00,2023-08-20 16:32:09+00:00,2023-08-20 16:32:09+00:00,1,2325.125555555556,2325.125555555556,1820,1537,3357,13,8,52,840,147,[],0,[],0,13,0,2,0,0,3,9,0,1,False,True,False,False,Merged,2023-Q2,2023-04-01,2023-06-30,Merged,True,True,True,False,False,True,True,True,True,False,False,True,True,False,False,False,True,False,False,False,9,True,1,Merged,6.734591659972948,4.997212273764115,7.507141079727608,7.338238150065589,8.119100837637486,2.6390573296152584,2.19722457733622,True,True,False,False,258.2307692307692,0.4578492701817098,False,True,Very large,2023,5,2,0,19,False,Monday,Internal or trusted,1,1,1,1,train
pallets/flask,5150,Bump actions/setup-python from 4.6.0 to 4.6.1,"Bumps [actions/setup-python](https://github.com/actions/setup-python) from 4.6.0 to 4.6.1.
<details>
<summary>Release notes</summary>
<p><em>Sourced from <a href=""https://github.com/actions/setup-python/releases"">actions/setup-python's releases</a>.</em></p>
<blockquote>
<h2>v4.6.1</h2>
<h2>What's Changed</h2>
<ul>
<li>Fix <code>allow-prereleases</code> sample configuration by <a href=""https://github.com/mayeut""><code>@​mayeut</code></a> in <a href=""https://redirect.github.com/actions/setup-python/pull/615"">actions/setup-python#615</a></li>
<li>Fix a incorrect link advanced-usage.md by <a href=""https://github.com/siyuan0322""><code>@​siyuan0322</code></a> in <a href=""https://redirect.github.com/actions/setup-python/pull/657"">actions/setup-python#657</a></li>
<li>Remove implicit dependency by <a href=""https://github.com/nikolai-laevskii""><code>@​nikolai-laevskii</code></a> in <a href=""https://redirect.github.com/actions/setup-python/pull/668"">actions/setup-python#668</a></li>
<li>Automatic update of configuration files from 05/23/2023 by <a href=""https://github.com/github-actions""><code>@​github-actions</code></a> in <a href=""https://redirect.github.com/actions/setup-python/pull/671"">actions/setup-python#671</a></li>
<li>Add warning for python 2.7 on release/v4 by <a href=""https://github.com/dmitry-shibanov""><code>@​dmitry-shibanov</code></a> in <a href=""https://redirect.github.com/actions/setup-python/pull/673"">actions/setup-python#673</a></li>
</ul>
<h2>New Contributors</h2>
<ul>
<li><a href=""https://github.com/siyuan0322""><code>@​siyuan0322</code></a> made their first contribution in <a href=""https://redirect.github.com/actions/setup-python/pull/657"">actions/setup-python#657</a></li>
<li><a href=""https://github.com/nikolai-laevskii""><code>@​nikolai-laevskii</code></a> made their first contribution in <a href=""https://redirect.github.com/actions/setup-python/pull/668"">actions/setup-python#668</a></li>
</ul>
<p><strong>Full Changelog</strong>: <a href=""https://github.com/actions/setup-python/compare/v4...v4.6.1"">https://github.com/actions/setup-python/compare/v4...v4.6.1</a></p>
</blockquote>
</details>
<details>
<summary>Commits</summary>
<ul>
<li><a href=""https://github.com/actions/setup-python/commit/bd6b4b6205c4dbad673328db7b31b7fab9e241c0""><code>bd6b4b6</code></a> Add warning for python 2.7 (<a href=""https://redirect.github.com/actions/setup-python/issues/673"">#673</a>)</li>
<li><a href=""https://github.com/actions/setup-python/commit/0cbcb9a3d7c0b228a2c4fbde82b6e8855233cd92""><code>0cbcb9a</code></a> Merge pull request <a href=""https://redirect.github.com/actions/setup-python/issues/668"">#668</a> from akv-platform/disallow-implicit-dependencies</li>
<li><a href=""https://github.com/actions/setup-python/commit/669664dac1a46a4bb872089e1a90e4ad5dc232a6""><code>669664d</code></a> Merge branch 'tool-config-auto-update' into disallow-implicit-dependencies</li>
<li><a href=""https://github.com/actions/setup-python/commit/9cbf792a3cbbd9c37749da21d3b171b927451bb0""><code>9cbf792</code></a> Update configuration files</li>
<li><a href=""https://github.com/actions/setup-python/commit/e732e40717e028f4f5ce334e2b15f37370cb0fbb""><code>e732e40</code></a> Update licenses</li>
<li><a href=""https://github.com/actions/setup-python/commit/a0d867bfa9dbae7b55265d535b886d13be1ce2c7""><code>a0d867b</code></a> Change http-client dependency to one matching previous version</li>
<li><a href=""https://github.com/actions/setup-python/commit/d99bed8b212a85a522f5daad7239544f6be60527""><code>d99bed8</code></a> Update license</li>
<li><a href=""https://github.com/actions/setup-python/commit/f71253fee3c03493b0d84195f0e25a0f228e8be9""><code>f71253f</code></a> Change to <code>@​action/http-client</code> version to the one that was used in the most re...</li>
<li><a href=""https://github.com/actions/setup-python/commit/b51c97f6e3975dda61974a0d6a5f643ae759625f""><code>b51c97f</code></a> Add eslint rule for disallowing implicit dependencies</li>
<li><a href=""https://github.com/actions/setup-python/commit/db9987b4c1f10f0404fa60ee629f675fafbd6763""><code>db9987b</code></a> Fix a incorrect link advanced-usage.md (<a href=""https://redirect.github.com/actions/setup-python/issues/657"">#657</a>)</li>
<li>Additional commits viewable in <a href=""https://github.com/actions/setup-python/compare/57ded4d7d5e986d7296eab16560982c6dd7c923b...bd6b4b6205c4dbad673328db7b31b7fab9e241c0"">compare view</a></li>
</ul>
</details>
<br />


[![Dependabot compatibility score](https://dependabot-badges.githubapp.com/badges/compatibility_score?dependency-name=actions/setup-python&package-manager=github_actions&previous-version=4.6.0&new-version=4.6.1)](https://docs.github.com/en/github/managing-security-vulnerabilities/about-dependabot-security-updates#about-compatibility-scores)

Dependabot will resolve any conflicts with this PR as long as you don't alter it yourself. You can also trigger a rebase manually by commenting `@dependabot rebase`.

[//]: # (dependabot-automerge-start)
[//]: # (dependabot-automerge-end)

---

<details>
<summary>Dependabot commands and options</summary>
<br />

You can trigger Dependabot actions by commenting on this PR:
- `@dependabot rebase` will rebase this PR
- `@dependabot recreate` will recreate this PR, overwriting any edits that have been made to it
- `@dependabot merge` will merge this PR after your CI passes on it
- `@dependabot squash and merge` will squash and merge this PR after your CI passes on it
- `@dependabot cancel merge` will cancel a previously requested merge and block automerging
- `@dependabot reopen` will reopen this PR if it is closed
- `@dependabot close` will close this PR and stop Dependabot recreating it. You can achieve the same result by closing it manually
- `@dependabot ignore this major version` will close this PR and stop Dependabot creating any more for this major version (unless you reopen the PR or upgrade to it yourself)
- `@dependabot ignore this minor version` will close this PR and stop Dependabot creating any more for this minor version (unless you reopen the PR or upgrade to it yourself)
- `@dependabot ignore this dependency` will close this PR and stop Dependabot creating any more for this dependency (unless you reopen the PR or upgrade to it yourself)


</details>",https://github.com/pallets/flask/pull/5150,dependabot[bot],CONTRIBUTOR,closed,False,main,dependabot/github_actions/actions/setup-python-4.6.1,2023-06-01 16:56:51+00:00,2023-06-16 00:05:44+00:00,2023-06-01 18:49:17+00:00,2023-06-01 18:49:17+00:00,1,1.873888888888889,1.873888888888889,2,2,4,2,1,45,6276,442,"['dependencies', 'github_actions']",2,[],0,2,0,0,2,0,0,2,0,0,False,False,True,False,Merged,2023-Q2,2023-04-01,2023-06-30,Merged,True,False,False,True,False,False,False,False,False,True,True,False,False,False,False,False,False,False,False,False,3,True,1,Merged,8.744647438317532,6.093569770045136,1.0986122886681098,1.0986122886681098,1.6094379124341005,1.0986122886681098,0.6931471805599453,True,True,False,True,2.0,0.5,False,False,Very small,2023,6,2,3,16,False,Thursday,Previous contributor,0,0,0,0,train
pallets/flask,5180,fix typo in errorhandling doc,,https://github.com/pallets/flask/pull/5180,ToolMoney,CONTRIBUTOR,closed,False,2.3.x,fix-exception-doc-typo,2023-06-30 00:25:26+00:00,2023-07-15 00:06:11+00:00,2023-06-30 00:28:25+00:00,2023-06-30 00:28:25+00:00,1,0.0497222222222222,0.0497222222222222,1,1,2,1,1,29,0,0,['docs'],1,[],0,1,0,1,0,0,0,1,0,0,False,True,False,False,Merged,2023-Q2,2023-04-01,2023-06-30,Merged,True,False,False,False,False,False,False,False,False,False,False,False,False,False,False,False,False,False,False,False,0,False,1,Merged,0.0,0.0,0.6931471805599453,0.6931471805599453,1.0986122886681098,0.6931471805599453,0.6931471805599453,False,False,False,False,2.0,0.5,False,False,Very small,2023,6,2,4,0,False,Friday,Previous contributor,0,0,0,0,train
pallets/flask,5182,Update install.rst with required description,"Flit errored when I didn't provide a description. Per [docs](https://flit.pypa.io/en/stable/pyproject_toml.html), it either must be specified or indicated as dynamic.

Checklist:

- [ ] ~Add tests that demonstrate the correct behavior of the change. Tests should fail without the change.~
- [X] Add or update relevant docs, in the docs folder and in code.
- [ ] ~Add an entry in `CHANGES.rst` summarizing the change and linking to the issue.~
- [ ] ~Add `.. versionchanged::` entries in any relevant code docs.~
- [x] Run `pre-commit` hooks and fix any issues.
- [ ] ~Run `pytest` and `tox`, no tests failed.~
",https://github.com/pallets/flask/pull/5182,pamelafox,CONTRIBUTOR,closed,False,2.3.x,patch-2,2023-07-01 14:11:40+00:00,2023-07-18 00:07:31+00:00,2023-07-03 12:58:14+00:00,2023-07-03 12:58:14+00:00,1,46.77611111111111,46.77611111111111,1,0,1,1,1,44,618,100,[],0,[],0,1,0,1,0,0,0,1,0,0,False,True,False,False,Merged,2023-Q3,2023-07-01,2023-09-30,Merged,True,False,False,False,False,False,False,False,False,False,False,False,False,False,False,False,False,False,False,False,0,False,1,Merged,6.428105272684596,4.61512051684126,0.6931471805599453,0.0,0.6931471805599453,0.6931471805599453,0.6931471805599453,True,True,False,False,1.0,0.0,False,False,Very small,2023,7,3,5,14,True,Saturday,Previous contributor,1,0,0,0,train
pallets/flask,5184,Bump dessant/lock-threads from 4.0.0 to 4.0.1,"Bumps [dessant/lock-threads](https://github.com/dessant/lock-threads) from 4.0.0 to 4.0.1.
<details>
<summary>Release notes</summary>
<p><em>Sourced from <a href=""https://github.com/dessant/lock-threads/releases"">dessant/lock-threads's releases</a>.</em></p>
<blockquote>
<h2>v4.0.1</h2>
<p>Learn more about this release from the <a href=""https://github.com/dessant/lock-threads/blob/main/CHANGELOG.md#changelog"">changelog</a>.</p>
</blockquote>
</details>
<details>
<summary>Changelog</summary>
<p><em>Sourced from <a href=""https://github.com/dessant/lock-threads/blob/main/CHANGELOG.md"">dessant/lock-threads's changelog</a>.</em></p>
<blockquote>
<h1>Changelog</h1>
<p>All notable changes to this project will be documented in this file. See <a href=""https://github.com/conventional-changelog/standard-version"">standard-version</a> for commit guidelines.</p>
<h3><a href=""https://github.com/dessant/lock-threads/compare/v4.0.0...v4.0.1"">4.0.1</a> (2023-06-12)</h3>
<h3>Bug Fixes</h3>
<ul>
<li>retry and throttle GitHub API requests (<a href=""https://github.com/dessant/lock-threads/commit/1618e91da69b9fe614fb9837ac673ea4600eb529"">1618e91</a>), closes <a href=""https://redirect.github.com/dessant/lock-threads/issues/35"">#35</a></li>
</ul>
<h2><a href=""https://github.com/dessant/lock-threads/compare/v3.0.0...v4.0.0"">4.0.0</a> (2022-12-04)</h2>
<h3>⚠ BREAKING CHANGES</h3>
<ul>
<li>the action now requires Node.js 16</li>
</ul>
<h3>Bug Fixes</h3>
<ul>
<li>update dependencies (<a href=""https://github.com/dessant/lock-threads/commit/38e918558115222435d26c0639870cdbe3572929"">38e9185</a>)</li>
<li>update docs (<a href=""https://github.com/dessant/lock-threads/commit/32986e26965060a85db09e98ef7e5958c961ae84"">32986e2</a>)</li>
</ul>
<h2><a href=""https://github.com/dessant/lock-threads/compare/v2.1.2...v3.0.0"">3.0.0</a> (2021-09-27)</h2>
<h3>⚠ BREAKING CHANGES</h3>
<ul>
<li>
<p>input parameter names have changed</p>
<p>Rename the following input parameters when upgrading from v2 to v3:</p>
<ul>
<li><code>issue-lock-inactive-days</code> --&gt; <code>issue-inactive-days</code></li>
<li><code>issue-exclude-created-before</code> --&gt; <code>exclude-issue-created-before</code></li>
<li><code>issue-exclude-labels</code> --&gt; <code>exclude-any-issue-labels</code></li>
<li><code>issue-lock-labels</code> --&gt; <code>add-issue-labels</code></li>
<li><code>issue-lock-comment</code> --&gt; <code>issue-comment</code></li>
<li><code>pr-lock-inactive-days</code> --&gt; <code>pr-inactive-days</code></li>
<li><code>pr-exclude-created-before</code> --&gt; <code>exclude-pr-created-before</code></li>
<li><code>pr-exclude-labels</code> --&gt; <code>exclude-any-pr-labels</code></li>
<li><code>pr-lock-labels</code> --&gt; <code>add-pr-labels</code></li>
<li><code>pr-lock-comment</code> --&gt; <code>pr-comment</code></li>
</ul>
</li>
</ul>
<h3>Features</h3>
<ul>
<li>add new filtering and labeling options, update input parameter names (<a href=""https://github.com/dessant/lock-threads/commit/26fd836f96f46625de24663c4dc2b84c8408fcb1"">26fd836</a>)</li>
<li>allow manual triggering (<a href=""https://github.com/dessant/lock-threads/commit/a0c7da306555d946273957477018fe178130ccf9"">a0c7da3</a>)</li>
</ul>
<h3><a href=""https://github.com/dessant/lock-threads/compare/v2.1.1...v2.1.2"">2.1.2</a> (2021-08-17)</h3>
<!-- raw HTML omitted -->
</blockquote>
<p>... (truncated)</p>
</details>
<details>
<summary>Commits</summary>
<ul>
<li><a href=""https://github.com/dessant/lock-threads/commit/be8aa5be94131386884a6da4189effda9b14aa21""><code>be8aa5b</code></a> chore(release): 4.0.1</li>
<li><a href=""https://github.com/dessant/lock-threads/commit/52f040d195be10034c64af39fd7b7c72d5c8e89f""><code>52f040d</code></a> chore: update package</li>
<li><a href=""https://github.com/dessant/lock-threads/commit/1618e91da69b9fe614fb9837ac673ea4600eb529""><code>1618e91</code></a> fix: retry and throttle GitHub API requests</li>
<li><a href=""https://github.com/dessant/lock-threads/commit/bec0993a564cf47baa81cfa9911f1352d450b578""><code>bec0993</code></a> chore: remove graduated preview header</li>
<li><a href=""https://github.com/dessant/lock-threads/commit/20ec7bbb282d7ffa5df51baf1da0a195db4ba86f""><code>20ec7bb</code></a> chore: update dependencies</li>
<li><a href=""https://github.com/dessant/lock-threads/commit/b1f967d833bc79b6c0eb34e72a811b07039418b1""><code>b1f967d</code></a> chore: rename default branch</li>
<li>See full diff in <a href=""https://github.com/dessant/lock-threads/compare/c1b35aecc5cdb1a34539d14196df55838bb2f836...be8aa5be94131386884a6da4189effda9b14aa21"">compare view</a></li>
</ul>
</details>
<br />


[![Dependabot compatibility score](https://dependabot-badges.githubapp.com/badges/compatibility_score?dependency-name=dessant/lock-threads&package-manager=github_actions&previous-version=4.0.0&new-version=4.0.1)](https://docs.github.com/en/github/managing-security-vulnerabilities/about-dependabot-security-updates#about-compatibility-scores)

Dependabot will resolve any conflicts with this PR as long as you don't alter it yourself. You can also trigger a rebase manually by commenting `@dependabot rebase`.

[//]: # (dependabot-automerge-start)
[//]: # (dependabot-automerge-end)

---

<details>
<summary>Dependabot commands and options</summary>
<br />

You can trigger Dependabot actions by commenting on this PR:
- `@dependabot rebase` will rebase this PR
- `@dependabot recreate` will recreate this PR, overwriting any edits that have been made to it
- `@dependabot merge` will merge this PR after your CI passes on it
- `@dependabot squash and merge` will squash and merge this PR after your CI passes on it
- `@dependabot cancel merge` will cancel a previously requested merge and block automerging
- `@dependabot reopen` will reopen this PR if it is closed
- `@dependabot close` will close this PR and stop Dependabot recreating it. You can achieve the same result by closing it manually
- `@dependabot ignore this major version` will close this PR and stop Dependabot creating any more for this major version (unless you reopen the PR or upgrade to it yourself)
- `@dependabot ignore this minor version` will close this PR and stop Dependabot creating any more for this minor version (unless you reopen the PR or upgrade to it yourself)
- `@dependabot ignore this dependency` will close this PR and stop Dependabot creating any more for this dependency (unless you reopen the PR or upgrade to it yourself)


</details>",https://github.com/pallets/flask/pull/5184,dependabot[bot],CONTRIBUTOR,closed,False,main,dependabot/github_actions/dessant/lock-threads-4.0.1,2023-07-01 16:16:23+00:00,2023-07-16 00:07:02+00:00,2023-07-01 16:23:57+00:00,2023-07-01 16:23:57+00:00,1,0.1261111111111111,0.1261111111111111,1,1,2,1,1,45,6444,480,"['dependencies', 'github_actions']",2,[],0,1,0,0,1,0,0,1,0,0,False,False,True,False,Merged,2023-Q3,2023-07-01,2023-09-30,Merged,True,False,False,True,False,False,False,False,False,True,True,False,False,False,False,False,False,False,False,False,3,True,1,Merged,8.771059915373288,6.175867270105761,0.6931471805599453,0.6931471805599453,1.0986122886681098,0.6931471805599453,0.6931471805599453,True,True,False,True,2.0,0.5,False,False,Very small,2023,7,3,5,16,True,Saturday,Previous contributor,0,0,0,0,train
pallets/flask,5187,[pre-commit.ci] pre-commit autoupdate,"<!--pre-commit.ci start-->
updates:
- [github.com/asottile/pyupgrade: v3.7.0 → v3.8.0](https://github.com/asottile/pyupgrade/compare/v3.7.0...v3.8.0)
<!--pre-commit.ci end-->",https://github.com/pallets/flask/pull/5187,pre-commit-ci[bot],CONTRIBUTOR,closed,False,2.3.x,pre-commit-ci-update-config,2023-07-04 06:36:30+00:00,2023-07-19 00:06:54+00:00,2023-07-04 13:18:23+00:00,2023-07-04 13:18:23+00:00,1,6.698055555555555,6.698055555555555,1,1,2,1,1,37,174,10,[],0,[],0,1,0,0,1,0,0,1,0,0,False,False,True,False,Merged,2023-Q3,2023-07-01,2023-09-30,Merged,True,False,False,True,False,False,False,False,False,False,False,False,False,False,False,False,False,False,False,False,1,True,1,Merged,5.1647859739235145,2.3978952727983707,0.6931471805599453,0.6931471805599453,1.0986122886681098,0.6931471805599453,0.6931471805599453,True,False,False,False,2.0,0.5,False,False,Very small,2023,7,3,1,6,False,Tuesday,Previous contributor,0,0,0,0,train
pallets/flask,5212,Bump actions/setup-python from 4.6.1 to 4.7.0,"Bumps [actions/setup-python](https://github.com/actions/setup-python) from 4.6.1 to 4.7.0.
<details>
<summary>Release notes</summary>
<p><em>Sourced from <a href=""https://github.com/actions/setup-python/releases"">actions/setup-python's releases</a>.</em></p>
<blockquote>
<h2>v4.7.0</h2>
<p>In scope of this release, the support for reading python version from pyproject.toml was added (<a href=""https://redirect.github.com/actions/setup-python/pull/669"">actions/setup-python#669</a>).</p>
<pre lang=""yaml""><code>      - name: Setup Python
        uses: actions/setup-python@v4
        with:
          python-version-file: pyproject.toml
</code></pre>
<h3>Besides, it includes such changes as:</h3>
<ul>
<li>Bump tough-cookie and <code>@​azure/ms-rest-js</code> by <a href=""https://github.com/dependabot""><code>@​dependabot</code></a> in <a href=""https://redirect.github.com/actions/setup-python/pull/697"">actions/setup-python#697</a></li>
<li>Bump semver from 7.3.8 to 7.5.2 by <a href=""https://github.com/dependabot""><code>@​dependabot</code></a> in <a href=""https://redirect.github.com/actions/setup-python/pull/692"">actions/setup-python#692</a></li>
<li>Fix typos found by codespell by <a href=""https://github.com/DimitriPapadopoulos""><code>@​DimitriPapadopoulos</code></a> in <a href=""https://redirect.github.com/actions/setup-python/pull/650"">actions/setup-python#650</a></li>
</ul>
<h2>New Contributors</h2>
<ul>
<li><a href=""https://github.com/dariocurr""><code>@​dariocurr</code></a> made their first contribution in <a href=""https://redirect.github.com/actions/setup-python/pull/669"">actions/setup-python#669</a></li>
<li><a href=""https://github.com/DimitriPapadopoulos""><code>@​DimitriPapadopoulos</code></a> made their first contribution in <a href=""https://redirect.github.com/actions/setup-python/pull/650"">actions/setup-python#650</a></li>
</ul>
<p><strong>Full Changelog</strong>: <a href=""https://github.com/actions/setup-python/compare/v4...v4.7.0"">https://github.com/actions/setup-python/compare/v4...v4.7.0</a></p>
</blockquote>
</details>
<details>
<summary>Commits</summary>
<ul>
<li><a href=""https://github.com/actions/setup-python/commit/61a6322f88396a6271a6ee3565807d608ecaddd1""><code>61a6322</code></a> Fix typos found by codespell (<a href=""https://redirect.github.com/actions/setup-python/issues/650"">#650</a>)</li>
<li><a href=""https://github.com/actions/setup-python/commit/ea5b57fccc93aea0d77e6225efa19adaec3fce0d""><code>ea5b57f</code></a> Bump semver from 7.3.8 to 7.5.2 (<a href=""https://redirect.github.com/actions/setup-python/issues/692"">#692</a>)</li>
<li><a href=""https://github.com/actions/setup-python/commit/014d32a83013b439dd2a147051d855831576a3ef""><code>014d32a</code></a> Bump tough-cookie and <code>@​azure/ms-rest-js</code> (<a href=""https://redirect.github.com/actions/setup-python/issues/697"">#697</a>)</li>
<li><a href=""https://github.com/actions/setup-python/commit/c16c4b8d1828103eda022b2cade091238fe08311""><code>c16c4b8</code></a> Fix pipenv jobs (<a href=""https://redirect.github.com/actions/setup-python/issues/699"">#699</a>)</li>
<li><a href=""https://github.com/actions/setup-python/commit/0d5da6a89a3aa5b4dbd48e38b0c9d678b0caa0e5""><code>0d5da6a</code></a> Read python version from pyproject.toml (fix <a href=""https://redirect.github.com/actions/setup-python/issues/542"">#542</a>) (<a href=""https://redirect.github.com/actions/setup-python/issues/669"">#669</a>)</li>
<li><a href=""https://github.com/actions/setup-python/commit/3f824b7ca6388f5e27e362d31352e6456c8e3bfb""><code>3f824b7</code></a> remove python 2.7 from the tests (<a href=""https://redirect.github.com/actions/setup-python/issues/687"">#687</a>)</li>
<li>See full diff in <a href=""https://github.com/actions/setup-python/compare/bd6b4b6205c4dbad673328db7b31b7fab9e241c0...61a6322f88396a6271a6ee3565807d608ecaddd1"">compare view</a></li>
</ul>
</details>
<br />


[![Dependabot compatibility score](https://dependabot-badges.githubapp.com/badges/compatibility_score?dependency-name=actions/setup-python&package-manager=github_actions&previous-version=4.6.1&new-version=4.7.0)](https://docs.github.com/en/github/managing-security-vulnerabilities/about-dependabot-security-updates#about-compatibility-scores)

Dependabot will resolve any conflicts with this PR as long as you don't alter it yourself. You can also trigger a rebase manually by commenting `@dependabot rebase`.

[//]: # (dependabot-automerge-start)
[//]: # (dependabot-automerge-end)

---

<details>
<summary>Dependabot commands and options</summary>
<br />

You can trigger Dependabot actions by commenting on this PR:
- `@dependabot rebase` will rebase this PR
- `@dependabot recreate` will recreate this PR, overwriting any edits that have been made to it
- `@dependabot merge` will merge this PR after your CI passes on it
- `@dependabot squash and merge` will squash and merge this PR after your CI passes on it
- `@dependabot cancel merge` will cancel a previously requested merge and block automerging
- `@dependabot reopen` will reopen this PR if it is closed
- `@dependabot close` will close this PR and stop Dependabot recreating it. You can achieve the same result by closing it manually
- `@dependabot ignore this major version` will close this PR and stop Dependabot creating any more for this major version (unless you reopen the PR or upgrade to it yourself)
- `@dependabot ignore this minor version` will close this PR and stop Dependabot creating any more for this minor version (unless you reopen the PR or upgrade to it yourself)
- `@dependabot ignore this dependency` will close this PR and stop Dependabot creating any more for this dependency (unless you reopen the PR or upgrade to it yourself)


</details>",https://github.com/pallets/flask/pull/5212,dependabot[bot],CONTRIBUTOR,closed,False,main,dependabot/github_actions/actions/setup-python-4.7.0,2023-08-01 16:56:19+00:00,2023-08-16 00:05:15+00:00,2023-08-01 16:58:55+00:00,2023-08-01 16:58:55+00:00,1,0.0433333333333333,0.0433333333333333,2,2,4,2,1,45,5708,426,"['dependencies', 'github_actions']",2,[],0,2,0,0,2,0,0,2,0,0,False,False,True,False,Merged,2023-Q3,2023-07-01,2023-09-30,Merged,True,False,False,True,False,False,False,False,False,True,True,False,False,False,False,False,False,False,False,False,3,True,1,Merged,8.64979915596426,6.056784013228625,1.0986122886681098,1.0986122886681098,1.6094379124341005,1.0986122886681098,0.6931471805599453,True,True,False,True,2.0,0.5,False,False,Very small,2023,8,3,1,16,False,Tuesday,Previous contributor,0,0,0,0,train
pallets/flask,5217,Update dispatch by path example,- fixes #5214 ,https://github.com/pallets/flask/pull/5217,pavithra-m13,CONTRIBUTOR,closed,False,2.3.x,update_dispatch_by_path_example,2023-08-12 11:43:29+00:00,2023-08-31 00:05:34+00:00,2023-08-16 21:29:40+00:00,2023-08-16 21:29:40+00:00,1,105.76972222222224,105.76972222222224,29,26,55,1,2,31,13,3,['docs'],1,[],0,1,0,1,0,0,0,1,0,0,False,True,False,False,Merged,2023-Q3,2023-07-01,2023-09-30,Merged,True,True,False,False,False,True,False,False,False,False,False,False,False,False,False,False,False,False,False,False,2,True,1,Merged,2.6390573296152584,1.3862943611198906,3.4011973816621555,3.295836866004329,4.02535169073515,0.6931471805599453,1.0986122886681098,True,False,False,False,55.0,0.4727272727272727,False,True,Medium,2023,8,3,5,11,True,Saturday,Previous contributor,1,1,1,0,train
pallets/flask,5232,release version 2.3.3,,https://github.com/pallets/flask/pull/5232,davidism,MEMBER,closed,False,2.3.x,release-2.3.3,2023-08-21 17:56:32+00:00,2023-09-05 00:05:30+00:00,2023-08-21 19:52:54+00:00,2023-08-21 19:52:54+00:00,1,1.9394444444444443,1.9394444444444443,2,2,4,2,1,21,0,0,[],0,[],0,2,0,1,0,0,0,2,0,0,False,True,False,False,Merged,2023-Q3,2023-07-01,2023-09-30,Merged,True,False,False,False,False,False,False,False,False,False,False,False,False,False,False,False,False,False,False,False,0,False,1,Merged,0.0,0.0,1.0986122886681098,1.0986122886681098,1.6094379124341005,1.0986122886681098,0.6931471805599453,False,False,False,False,2.0,0.5,False,False,Very small,2023,8,3,0,17,False,Monday,Internal or trusted,0,0,0,0,train
pallets/flask,5242,deprecate `__version__` attribute,closes #5230 ,https://github.com/pallets/flask/pull/5242,davidism,MEMBER,closed,False,main,deprecate-version,2023-08-29 13:08:11+00:00,2023-09-13 00:05:35+00:00,2023-08-29 13:09:59+00:00,2023-08-29 13:09:59+00:00,1,0.03,0.03,23,2,25,3,1,33,12,2,[],0,[],0,3,0,1,1,0,0,3,0,0,False,True,True,False,Merged,2023-Q3,2023-07-01,2023-09-30,Merged,True,False,False,True,False,False,False,False,False,False,False,False,False,False,False,False,False,False,False,False,1,True,1,Merged,2.5649493574615367,1.0986122886681098,3.1780538303479458,1.0986122886681098,3.258096538021482,1.3862943611198906,0.6931471805599453,True,False,False,False,8.333333333333334,0.08,False,False,Small,2023,8,3,1,13,False,Tuesday,Internal or trusted,0,0,0,0,train
pallets/flask,5248,Bump pypa/gh-action-pypi-publish from 1.8.8 to 1.8.10,"Bumps [pypa/gh-action-pypi-publish](https://github.com/pypa/gh-action-pypi-publish) from 1.8.8 to 1.8.10.
<details>
<summary>Release notes</summary>
<p><em>Sourced from <a href=""https://github.com/pypa/gh-action-pypi-publish/releases"">pypa/gh-action-pypi-publish's releases</a>.</em></p>
<blockquote>
<h2>v1.8.10</h2>
<h2>:bug: What's Fixed</h2>
<p><a href=""https://github.com/woodruffw""><code>@​woodruffw</code></a> fixed decoding OIDC claims in debug output on failure by applying correct padding to the encoded payload via <a href=""https://redirect.github.com/pypa/gh-action-pypi-publish/pull/177"">pypa/gh-action-pypi-publish#177</a>.</p>
<p><strong>Full Diff</strong>: <a href=""https://github.com/pypa/gh-action-pypi-publish/compare/v1.8.9...v1.8.10"">https://github.com/pypa/gh-action-pypi-publish/compare/v1.8.9...v1.8.10</a></p>
<h2>v1.8.9</h2>
<h2>:nail_care: Cosmetic output improvements</h2>
<ul>
<li><a href=""https://github.com/woodruffw""><code>@​woodruffw</code></a> added debug output to the trusted publishing OIDC exchange on failures in <a href=""https://redirect.github.com/pypa/gh-action-pypi-publish/pull/174"">pypa/gh-action-pypi-publish#174</a></li>
<li><a href=""https://github.com/woodruffw""><code>@​woodruffw</code></a> implemented Markdown semantic callouts in README via <a href=""https://redirect.github.com/pypa/gh-action-pypi-publish/pull/175"">pypa/gh-action-pypi-publish#175</a></li>
</ul>
<h2>:hammer_and_wrench: Internal dependencies</h2>
<ul>
<li>Certifi was bumped from 2023.5.7 to 2023.7.22 @ <a href=""https://redirect.github.com/pypa/gh-action-pypi-publish/pull/171"">pypa/gh-action-pypi-publish#171</a></li>
<li>Cryptography was bumped from 41.0.2 to 41.0.3 @ <a href=""https://redirect.github.com/pypa/gh-action-pypi-publish/pull/172"">pypa/gh-action-pypi-publish#172</a></li>
</ul>
<p><strong>Full Diff</strong>: <a href=""https://github.com/pypa/gh-action-pypi-publish/compare/v1.8.8...v1.8.9"">https://github.com/pypa/gh-action-pypi-publish/compare/v1.8.8...v1.8.9</a></p>
</blockquote>
</details>
<details>
<summary>Commits</summary>
<ul>
<li><a href=""https://github.com/pypa/gh-action-pypi-publish/commit/b7f401de30cb6434a1e19f805ff006643653240e""><code>b7f401d</code></a> Merge PR <a href=""https://redirect.github.com/pypa/gh-action-pypi-publish/issues/177"">#177</a> into unstable/v1</li>
<li><a href=""https://github.com/pypa/gh-action-pypi-publish/commit/ba3ecc93555ab33f1172cebde7585a78eca00335""><code>ba3ecc9</code></a> oidc-exchange: fix padding</li>
<li><a href=""https://github.com/pypa/gh-action-pypi-publish/commit/ade57f54dcc56d4858ca681c80269c26dc7b9149""><code>ade57f5</code></a> Merge PRs <a href=""https://redirect.github.com/pypa/gh-action-pypi-publish/issues/174"">#174</a> <a href=""https://redirect.github.com/pypa/gh-action-pypi-publish/issues/175"">#175</a> and <a href=""https://redirect.github.com/pypa/gh-action-pypi-publish/issues/172"">#172</a> into unstable/v1</li>
<li><a href=""https://github.com/pypa/gh-action-pypi-publish/commit/637917e5f201407b3d6e3be9df6af349083d0a79""><code>637917e</code></a> README: re-add &quot;pro tip&quot; language</li>
<li><a href=""https://github.com/pypa/gh-action-pypi-publish/commit/4864f13c38a29318fc09dca6b0258644d80b8e07""><code>4864f13</code></a> README: use semantic callouts</li>
<li><a href=""https://github.com/pypa/gh-action-pypi-publish/commit/326f9ad1e131f526357a666f008015a0ee96fbcf""><code>326f9ad</code></a> oidc-exchange: add-trailing-comma</li>
<li><a href=""https://github.com/pypa/gh-action-pypi-publish/commit/e5f0690e9195178c6f53954b1f9059b3d9b11116""><code>e5f0690</code></a> oidc-exchange: ignore a nested function</li>
<li><a href=""https://github.com/pypa/gh-action-pypi-publish/commit/8bdd0cc2a0ec4a8773b96ddd5bdc4a2dd849cf81""><code>8bdd0cc</code></a> oidc-exchange: lintage</li>
<li><a href=""https://github.com/pypa/gh-action-pypi-publish/commit/71a0032909f17bb44704d5fc46876cdaee124ca0""><code>71a0032</code></a> oidc-exchange: render claims if exchange fails</li>
<li><a href=""https://github.com/pypa/gh-action-pypi-publish/commit/adef75a5a62cc4473182a78754a310e4a73d3511""><code>adef75a</code></a> Bump cryptography from 41.0.2 to 41.0.3 in /requirements</li>
<li>Additional commits viewable in <a href=""https://github.com/pypa/gh-action-pypi-publish/compare/f8c70e705ffc13c3b4d1221169b84f12a75d6ca8...b7f401de30cb6434a1e19f805ff006643653240e"">compare view</a></li>
</ul>
</details>
<br />


[![Dependabot compatibility score](https://dependabot-badges.githubapp.com/badges/compatibility_score?dependency-name=pypa/gh-action-pypi-publish&package-manager=github_actions&previous-version=1.8.8&new-version=1.8.10)](https://docs.github.com/en/github/managing-security-vulnerabilities/about-dependabot-security-updates#about-compatibility-scores)

Dependabot will resolve any conflicts with this PR as long as you don't alter it yourself. You can also trigger a rebase manually by commenting `@dependabot rebase`.

[//]: # (dependabot-automerge-start)
[//]: # (dependabot-automerge-end)

---

<details>
<summary>Dependabot commands and options</summary>
<br />

You can trigger Dependabot actions by commenting on this PR:
- `@dependabot rebase` will rebase this PR
- `@dependabot recreate` will recreate this PR, overwriting any edits that have been made to it
- `@dependabot merge` will merge this PR after your CI passes on it
- `@dependabot squash and merge` will squash and merge this PR after your CI passes on it
- `@dependabot cancel merge` will cancel a previously requested merge and block automerging
- `@dependabot reopen` will reopen this PR if it is closed
- `@dependabot close` will close this PR and stop Dependabot recreating it. You can achieve the same result by closing it manually
- `@dependabot show <dependency name> ignore conditions` will show all of the ignore conditions of the specified dependency
- `@dependabot ignore this major version` will close this PR and stop Dependabot creating any more for this major version (unless you reopen the PR or upgrade to it yourself)
- `@dependabot ignore this minor version` will close this PR and stop Dependabot creating any more for this minor version (unless you reopen the PR or upgrade to it yourself)
- `@dependabot ignore this dependency` will close this PR and stop Dependabot creating any more for this dependency (unless you reopen the PR or upgrade to it yourself)


</details>",https://github.com/pallets/flask/pull/5248,dependabot[bot],CONTRIBUTOR,closed,False,main,dependabot/github_actions/pypa/gh-action-pypi-publish-1.8.10,2023-09-01 16:30:38+00:00,2023-09-20 00:05:40+00:00,2023-09-05 21:02:38+00:00,2023-09-05 21:02:38+00:00,1,100.53333333333332,100.53333333333332,2,2,4,1,1,53,6357,456,"['dependencies', 'github_actions']",2,[],0,1,0,0,1,0,0,1,0,0,False,False,True,False,Merged,2023-Q3,2023-07-01,2023-09-30,Merged,True,False,False,True,False,False,False,False,False,True,True,False,False,False,False,False,False,False,False,False,3,True,1,Merged,8.757469141470748,6.124683390894205,1.0986122886681098,1.0986122886681098,1.6094379124341005,0.6931471805599453,0.6931471805599453,True,True,False,True,4.0,0.5,False,False,Very small,2023,9,3,4,16,False,Friday,Previous contributor,1,1,1,0,train
pallets/flask,5264,Allow self as an argument to url_for,"This makes the Flask.url_for self argument positional only (Flask supports Python 3.8+) thereby restoring the ability to pass self as a value argument to url_for.

Closes #5258

Checklist:

- [x] Add tests that demonstrate the correct behavior of the change. Tests should fail without the change.
- [x] Add or update relevant docs, in the docs folder and in code.
- [x] Add an entry in `CHANGES.rst` summarizing the change and linking to the issue.
- [x] Add `.. versionchanged::` entries in any relevant code docs.
- [x] Run `pre-commit` hooks and fix any issues.
- [x] Run `pytest` and `tox`, no tests failed.
",https://github.com/pallets/flask/pull/5264,pgjones,MEMBER,closed,False,main,url_for,2023-09-24 15:19:08+00:00,2023-10-15 00:06:17+00:00,2023-09-30 14:25:31+00:00,2023-09-30 14:25:31+00:00,1,143.1063888888889,143.1063888888889,9,0,9,3,1,36,622,104,[],0,[],0,3,1,1,0,0,0,3,0,0,True,True,False,False,Merged,2023-Q3,2023-07-01,2023-09-30,Merged,True,False,False,False,True,False,False,False,False,False,False,False,False,False,False,False,False,False,False,False,1,True,1,Merged,6.434546518787453,4.653960350157523,2.302585092994046,0.0,2.302585092994046,1.3862943611198906,0.6931471805599453,True,True,False,False,3.0,0.0,False,False,Very small,2023,9,3,6,15,True,Sunday,Internal or trusted,1,1,1,0,train
pallets/flask,5270,Don't set the cli attribute in the sansio scaffold,"It is (currently) Flask specific and hence cannot be shared in the sansio shared code.

Checklist:

- [x] Add tests that demonstrate the correct behavior of the change. Tests should fail without the change.
- [x] Add or update relevant docs, in the docs folder and in code.
- [x] Add an entry in `CHANGES.rst` summarizing the change and linking to the issue.
- [x] Add `.. versionchanged::` entries in any relevant code docs.
- [x] Run `pre-commit` hooks and fix any issues.
- [x] Run `pytest` and `tox`, no tests failed.
",https://github.com/pallets/flask/pull/5270,pgjones,MEMBER,closed,False,3.0.x,cli,2023-10-01 16:25:23+00:00,2024-04-27 17:14:35+00:00,2024-04-07 19:16:22+00:00,2024-04-07 19:16:22+00:00,1,4538.849722222222,4538.849722222222,54,12,66,5,1,50,530,92,[],0,[],0,5,0,1,0,0,0,5,0,0,False,True,False,False,Merged,2023-Q4,2023-10-01,2023-12-31,Merged,True,False,True,False,False,False,True,True,False,False,False,False,False,False,False,False,False,False,False,False,3,True,1,Merged,6.274762021241939,4.532599493153256,4.007333185232471,2.5649493574615367,4.204692619390966,1.791759469228055,0.6931471805599453,True,True,False,False,13.2,0.1818181818181818,False,False,Medium,2023,10,4,6,16,True,Sunday,Internal or trusted,1,1,1,1,validation
pallets/flask,5287,examples/javascript: replace obsolete link,This pull request proposes a minor fix where the actual replaces the obsolete page.,https://github.com/pallets/flask/pull/5287,firefly-cpp,CONTRIBUTOR,closed,False,main,replace-obsolete-link,2023-10-05 14:00:16+00:00,2023-10-22 00:06:20+00:00,2023-10-07 00:36:40+00:00,2023-10-07 00:36:40+00:00,1,34.60666666666667,34.60666666666667,1,1,2,1,1,42,83,14,['docs'],1,[],0,1,0,1,0,0,0,1,0,0,False,True,False,False,Merged,2023-Q4,2023-10-01,2023-12-31,Merged,True,False,False,False,False,False,False,False,False,False,False,False,False,False,False,False,False,False,False,False,0,False,1,Merged,4.430816798843313,2.70805020110221,0.6931471805599453,0.6931471805599453,1.0986122886681098,0.6931471805599453,0.6931471805599453,True,False,False,False,2.0,0.5,False,False,Very small,2023,10,4,3,14,False,Thursday,Previous contributor,1,0,0,0,validation
pallets/flask,5303,docs/testing.rst: fix follow_redirects sample code,,https://github.com/pallets/flask/pull/5303,raboof,CONTRIBUTOR,closed,False,main,fix-follow-redirects-test-example,2023-10-20 15:18:10+00:00,2023-11-04 00:05:34+00:00,2023-10-20 16:50:01+00:00,2023-10-20 16:50:01+00:00,1,1.5308333333333333,1.5308333333333333,1,1,2,1,1,50,0,0,[],0,[],0,1,0,1,0,0,0,1,0,0,False,True,False,False,Merged,2023-Q4,2023-10-01,2023-12-31,Merged,True,False,False,False,False,False,False,False,False,False,False,False,False,False,False,False,False,False,False,False,0,False,1,Merged,0.0,0.0,0.6931471805599453,0.6931471805599453,1.0986122886681098,0.6931471805599453,0.6931471805599453,False,False,False,False,2.0,0.5,False,False,Very small,2023,10,4,4,15,False,Friday,Previous contributor,0,0,0,0,validation
pallets/flask,5313,Update link to hypercorn,"<!--
Before opening a PR, open a ticket describing the issue or feature the
PR will address. Follow the steps in CONTRIBUTING.rst.

Replace this comment with a description of the change. Describe how it
addresses the linked ticket.
-->
Update link to Hypercorn at https://flask.palletsprojects.com/en/3.0.x/deploying/asgi/

Deprecated link: https://gitlab.com/pgjones/hypercorn
New link: https://github.com/pgjones/hypercorn
<!--
Link to relevant issues or previous PRs, one per line. Use ""fixes"" to
automatically close an issue.
-->

- fixes #5312",https://github.com/pallets/flask/pull/5313,Resistor-git,CONTRIBUTOR,closed,False,main,codespace-symmetrical-train-w5x754xv4rvf54gv,2023-10-28 08:36:04+00:00,2023-11-12 00:06:11+00:00,2023-10-28 15:42:54+00:00,2023-10-28 15:42:54+00:00,1,7.113888888888889,7.113888888888889,1,1,2,1,2,24,564,73,[],0,[],0,1,0,1,0,0,0,1,0,0,False,True,False,False,Merged,2023-Q4,2023-10-01,2023-12-31,Merged,True,True,False,False,False,False,False,False,False,False,False,False,False,False,False,False,False,False,False,False,1,True,1,Merged,6.336825731146441,4.30406509320417,0.6931471805599453,0.6931471805599453,1.0986122886681098,0.6931471805599453,1.0986122886681098,True,True,False,False,2.0,0.5,False,True,Very small,2023,10,4,5,8,True,Saturday,Previous contributor,0,0,0,0,validation
pallets/flask,5330,Bump the github-actions group with 4 updates,"Bumps the github-actions group with 4 updates: [actions/checkout](https://github.com/actions/checkout), [actions/setup-python](https://github.com/actions/setup-python), [actions/upload-artifact](https://github.com/actions/upload-artifact) and [actions/cache](https://github.com/actions/cache).

Updates `actions/checkout` from 3.6.0 to 4.1.1
<details>
<summary>Release notes</summary>
<p><em>Sourced from <a href=""https://github.com/actions/checkout/releases"">actions/checkout's releases</a>.</em></p>
<blockquote>
<h2>v4.1.1</h2>
<h2>What's Changed</h2>
<ul>
<li>Update CODEOWNERS to Launch team by <a href=""https://github.com/joshmgross""><code>@​joshmgross</code></a> in <a href=""https://redirect.github.com/actions/checkout/pull/1510"">actions/checkout#1510</a></li>
<li>Correct link to GitHub Docs by <a href=""https://github.com/peterbe""><code>@​peterbe</code></a> in <a href=""https://redirect.github.com/actions/checkout/pull/1511"">actions/checkout#1511</a></li>
<li>Link to release page from what's new section by <a href=""https://github.com/cory-miller""><code>@​cory-miller</code></a> in <a href=""https://redirect.github.com/actions/checkout/pull/1514"">actions/checkout#1514</a></li>
</ul>
<h2>New Contributors</h2>
<ul>
<li><a href=""https://github.com/joshmgross""><code>@​joshmgross</code></a> made their first contribution in <a href=""https://redirect.github.com/actions/checkout/pull/1510"">actions/checkout#1510</a></li>
<li><a href=""https://github.com/peterbe""><code>@​peterbe</code></a> made their first contribution in <a href=""https://redirect.github.com/actions/checkout/pull/1511"">actions/checkout#1511</a></li>
</ul>
<p><strong>Full Changelog</strong>: <a href=""https://github.com/actions/checkout/compare/v4.1.0...v4.1.1"">https://github.com/actions/checkout/compare/v4.1.0...v4.1.1</a></p>
<h2>v4.1.0</h2>
<h2>What's Changed</h2>
<ul>
<li>Update README.md for V4 by <a href=""https://github.com/sivapalan""><code>@​sivapalan</code></a> in <a href=""https://redirect.github.com/actions/checkout/pull/1452"">actions/checkout#1452</a></li>
<li>Add support for partial checkout filters by <a href=""https://github.com/finleygn""><code>@​finleygn</code></a> in <a href=""https://redirect.github.com/actions/checkout/pull/1396"">actions/checkout#1396</a></li>
<li>Prepare 4.1.0 release by <a href=""https://github.com/cory-miller""><code>@​cory-miller</code></a> in <a href=""https://redirect.github.com/actions/checkout/pull/1496"">actions/checkout#1496</a></li>
</ul>
<h2>New Contributors</h2>
<ul>
<li><a href=""https://github.com/sivapalan""><code>@​sivapalan</code></a> made their first contribution in <a href=""https://redirect.github.com/actions/checkout/pull/1452"">actions/checkout#1452</a></li>
<li><a href=""https://github.com/finleygn""><code>@​finleygn</code></a> made their first contribution in <a href=""https://redirect.github.com/actions/checkout/pull/1396"">actions/checkout#1396</a></li>
</ul>
<p><strong>Full Changelog</strong>: <a href=""https://github.com/actions/checkout/compare/v4.0.0...v4.1.0"">https://github.com/actions/checkout/compare/v4.0.0...v4.1.0</a></p>
<h2>v4.0.0</h2>
<h2>What's Changed</h2>
<ul>
<li>Update default runtime to node20 by <a href=""https://github.com/takost""><code>@​takost</code></a> in <a href=""https://redirect.github.com/actions/checkout/pull/1436"">actions/checkout#1436</a></li>
<li>Support fetching without the --progress option by <a href=""https://github.com/simonbaird""><code>@​simonbaird</code></a> in <a href=""https://redirect.github.com/actions/checkout/pull/1067"">actions/checkout#1067</a></li>
<li>Release 4.0.0 by <a href=""https://github.com/takost""><code>@​takost</code></a> in <a href=""https://redirect.github.com/actions/checkout/pull/1447"">actions/checkout#1447</a></li>
</ul>
<h2>New Contributors</h2>
<ul>
<li><a href=""https://github.com/takost""><code>@​takost</code></a> made their first contribution in <a href=""https://redirect.github.com/actions/checkout/pull/1436"">actions/checkout#1436</a></li>
<li><a href=""https://github.com/simonbaird""><code>@​simonbaird</code></a> made their first contribution in <a href=""https://redirect.github.com/actions/checkout/pull/1067"">actions/checkout#1067</a></li>
</ul>
<p><strong>Full Changelog</strong>: <a href=""https://github.com/actions/checkout/compare/v3...v4.0.0"">https://github.com/actions/checkout/compare/v3...v4.0.0</a></p>
</blockquote>
</details>
<details>
<summary>Changelog</summary>
<p><em>Sourced from <a href=""https://github.com/actions/checkout/blob/main/CHANGELOG.md"">actions/checkout's changelog</a>.</em></p>
<blockquote>
<h1>Changelog</h1>
<h2>v4.1.0</h2>
<ul>
<li><a href=""https://redirect.github.com/actions/checkout/pull/1396"">Add support for partial checkout filters</a></li>
</ul>
<h2>v4.0.0</h2>
<ul>
<li><a href=""https://redirect.github.com/actions/checkout/pull/1067"">Support fetching without the --progress option</a></li>
<li><a href=""https://redirect.github.com/actions/checkout/pull/1436"">Update to node20</a></li>
</ul>
<h2>v3.6.0</h2>
<ul>
<li><a href=""https://redirect.github.com/actions/checkout/pull/1377"">Fix: Mark test scripts with Bash'isms to be run via Bash</a></li>
<li><a href=""https://redirect.github.com/actions/checkout/pull/579"">Add option to fetch tags even if fetch-depth &gt; 0</a></li>
</ul>
<h2>v3.5.3</h2>
<ul>
<li><a href=""https://redirect.github.com/actions/checkout/pull/1196"">Fix: Checkout fail in self-hosted runners when faulty submodule are checked-in</a></li>
<li><a href=""https://redirect.github.com/actions/checkout/pull/1287"">Fix typos found by codespell</a></li>
<li><a href=""https://redirect.github.com/actions/checkout/pull/1369"">Add support for sparse checkouts</a></li>
</ul>
<h2>v3.5.2</h2>
<ul>
<li><a href=""https://redirect.github.com/actions/checkout/pull/1289"">Fix api endpoint for GHES</a></li>
</ul>
<h2>v3.5.1</h2>
<ul>
<li><a href=""https://redirect.github.com/actions/checkout/pull/1246"">Fix slow checkout on Windows</a></li>
</ul>
<h2>v3.5.0</h2>
<ul>
<li><a href=""https://redirect.github.com/actions/checkout/pull/1237"">Add new public key for known_hosts</a></li>
</ul>
<h2>v3.4.0</h2>
<ul>
<li><a href=""https://redirect.github.com/actions/checkout/pull/1209"">Upgrade codeql actions to v2</a></li>
<li><a href=""https://redirect.github.com/actions/checkout/pull/1210"">Upgrade dependencies</a></li>
<li><a href=""https://redirect.github.com/actions/checkout/pull/1225"">Upgrade <code>@​actions/io</code></a></li>
</ul>
<h2>v3.3.0</h2>
<ul>
<li><a href=""https://redirect.github.com/actions/checkout/pull/1045"">Implement branch list using callbacks from exec function</a></li>
<li><a href=""https://redirect.github.com/actions/checkout/pull/1050"">Add in explicit reference to private checkout options</a></li>
<li>[Fix comment typos (that got added in <a href=""https://redirect.github.com/actions/checkout/issues/770"">#770</a>)](<a href=""https://redirect.github.com/actions/checkout/pull/1057"">actions/checkout#1057</a>)</li>
</ul>
<h2>v3.2.0</h2>
<ul>
<li><a href=""https://redirect.github.com/actions/checkout/pull/942"">Add GitHub Action to perform release</a></li>
<li><a href=""https://redirect.github.com/actions/checkout/pull/967"">Fix status badge</a></li>
<li><a href=""https://redirect.github.com/actions/checkout/pull/1002"">Replace datadog/squid with ubuntu/squid Docker image</a></li>
<li><a href=""https://redirect.github.com/actions/checkout/pull/964"">Wrap pipeline commands for submoduleForeach in quotes</a></li>
<li><a href=""https://redirect.github.com/actions/checkout/pull/1029"">Update <code>@​actions/io</code> to 1.1.2</a></li>
<li><a href=""https://redirect.github.com/actions/checkout/pull/1039"">Upgrading version to 3.2.0</a></li>
</ul>
<h2>v3.1.0</h2>
<ul>
<li><a href=""https://redirect.github.com/actions/checkout/pull/939"">Use <code>@​actions/core</code> <code>saveState</code> and <code>getState</code></a></li>
<li><a href=""https://redirect.github.com/actions/checkout/pull/922"">Add <code>github-server-url</code> input</a></li>
</ul>
<h2>v3.0.2</h2>
<!-- raw HTML omitted -->
</blockquote>
<p>... (truncated)</p>
</details>
<details>
<summary>Commits</summary>
<ul>
<li><a href=""https://github.com/actions/checkout/commit/b4ffde65f46336ab88eb53be808477a3936bae11""><code>b4ffde6</code></a> Link to release page from what's new section (<a href=""https://redirect.github.com/actions/checkout/issues/1514"">#1514</a>)</li>
<li><a href=""https://github.com/actions/checkout/commit/8530928916aaef40f59e6f221989ccb31f5759e7""><code>8530928</code></a> Correct link to GitHub Docs (<a href=""https://redirect.github.com/actions/checkout/issues/1511"">#1511</a>)</li>
<li><a href=""https://github.com/actions/checkout/commit/7cdaf2fbc075e6f3b9ca94cfd6cec5adc8a75622""><code>7cdaf2f</code></a> Update CODEOWNERS to Launch team (<a href=""https://redirect.github.com/actions/checkout/issues/1510"">#1510</a>)</li>
<li><a href=""https://github.com/actions/checkout/commit/8ade135a41bc03ea155e62e844d188df1ea18608""><code>8ade135</code></a> Prepare 4.1.0 release (<a href=""https://redirect.github.com/actions/checkout/issues/1496"">#1496</a>)</li>
<li><a href=""https://github.com/actions/checkout/commit/c533a0a4cfc4962971818edcfac47a2899e69799""><code>c533a0a</code></a> Add support for partial checkout filters (<a href=""https://redirect.github.com/actions/checkout/issues/1396"">#1396</a>)</li>
<li><a href=""https://github.com/actions/checkout/commit/72f2cec99f417b1a1c5e2e88945068983b7965f9""><code>72f2cec</code></a> Update README.md for V4 (<a href=""https://redirect.github.com/actions/checkout/issues/1452"">#1452</a>)</li>
<li><a href=""https://github.com/actions/checkout/commit/3df4ab11eba7bda6032a0b82a6bb43b11571feac""><code>3df4ab1</code></a> Release 4.0.0 (<a href=""https://redirect.github.com/actions/checkout/issues/1447"">#1447</a>)</li>
<li><a href=""https://github.com/actions/checkout/commit/8b5e8b768746b50394015010d25e690bfab9dfbc""><code>8b5e8b7</code></a> Support fetching without the --progress option (<a href=""https://redirect.github.com/actions/checkout/issues/1067"">#1067</a>)</li>
<li><a href=""https://github.com/actions/checkout/commit/97a652b80035363df47baee5031ec8670b8878ac""><code>97a652b</code></a> Update default runtime to node20 (<a href=""https://redirect.github.com/actions/checkout/issues/1436"">#1436</a>)</li>
<li>See full diff in <a href=""https://github.com/actions/checkout/compare/f43a0e5ff2bd294095638e18286ca9a3d1956744...b4ffde65f46336ab88eb53be808477a3936bae11"">compare view</a></li>
</ul>
</details>
<br />

Updates `actions/setup-python` from 4.7.0 to 4.7.1
<details>
<summary>Release notes</summary>
<p><em>Sourced from <a href=""https://github.com/actions/setup-python/releases"">actions/setup-python's releases</a>.</em></p>
<blockquote>
<h2>v4.7.1</h2>
<h2>What's Changed</h2>
<ul>
<li>Bump word-wrap from 1.2.3 to 1.2.4 by <a href=""https://github.com/dependabot""><code>@​dependabot</code></a> in <a href=""https://redirect.github.com/actions/setup-python/pull/702"">actions/setup-python#702</a></li>
<li>Add range validation for toml files by <a href=""https://github.com/dmitry-shibanov""><code>@​dmitry-shibanov</code></a> in <a href=""https://redirect.github.com/actions/setup-python/pull/726"">actions/setup-python#726</a></li>
</ul>
<p><strong>Full Changelog</strong>: <a href=""https://github.com/actions/setup-python/compare/v4...v4.7.1"">https://github.com/actions/setup-python/compare/v4...v4.7.1</a></p>
</blockquote>
</details>
<details>
<summary>Commits</summary>
<ul>
<li><a href=""https://github.com/actions/setup-python/commit/65d7f2d534ac1bc67fcd62888c5f4f3d2cb2b236""><code>65d7f2d</code></a> Add range validation for toml files (<a href=""https://redirect.github.com/actions/setup-python/issues/726"">#726</a>)</li>
<li><a href=""https://github.com/actions/setup-python/commit/f97b83114c6f41cfaa57698147ad3ce20543a127""><code>f97b831</code></a> Bump word-wrap from 1.2.3 to 1.2.4 (<a href=""https://redirect.github.com/actions/setup-python/issues/702"">#702</a>)</li>
<li>See full diff in <a href=""https://github.com/actions/setup-python/compare/61a6322f88396a6271a6ee3565807d608ecaddd1...65d7f2d534ac1bc67fcd62888c5f4f3d2cb2b236"">compare view</a></li>
</ul>
</details>
<br />

Updates `actions/upload-artifact` from 3.1.2 to 3.1.3
<details>
<summary>Release notes</summary>
<p><em>Sourced from <a href=""https://github.com/actions/upload-artifact/releases"">actions/upload-artifact's releases</a>.</em></p>
<blockquote>
<h2>v3.1.3</h2>
<h2>What's Changed</h2>
<ul>
<li>chore(github): remove trailing whitespaces by <a href=""https://github.com/ljmf00""><code>@​ljmf00</code></a> in <a href=""https://redirect.github.com/actions/upload-artifact/pull/313"">actions/upload-artifact#313</a></li>
<li>Bump <code>@​actions/artifact</code> version to v1.1.2 by <a href=""https://github.com/bethanyj28""><code>@​bethanyj28</code></a> in <a href=""https://redirect.github.com/actions/upload-artifact/pull/436"">actions/upload-artifact#436</a></li>
</ul>
<p><strong>Full Changelog</strong>: <a href=""https://github.com/actions/upload-artifact/compare/v3...v3.1.3"">https://github.com/actions/upload-artifact/compare/v3...v3.1.3</a></p>
</blockquote>
</details>
<details>
<summary>Commits</summary>
<ul>
<li><a href=""https://github.com/actions/upload-artifact/commit/a8a3f3ad30e3422c9c7b888a15615d19a852ae32""><code>a8a3f3a</code></a> Merge pull request <a href=""https://redirect.github.com/actions/upload-artifact/issues/436"">#436</a> from bethanyj28/main</li>
<li><a href=""https://github.com/actions/upload-artifact/commit/7b48769c030f7121ecb01c3558dd3cd8b9660a20""><code>7b48769</code></a> update dependency cache</li>
<li><a href=""https://github.com/actions/upload-artifact/commit/66630398dfe3d04deb4c489ac54b9b468f071706""><code>6663039</code></a> update dist/index.js</li>
<li><a href=""https://github.com/actions/upload-artifact/commit/55e76b779da56f582e27a6f7aff54c1e610551e5""><code>55e76b7</code></a> bump <code>@​actions/artifact</code> version</li>
<li><a href=""https://github.com/actions/upload-artifact/commit/65d862660abb392b8c4a3d1195a2108db131dd05""><code>65d8626</code></a> chore(github): remove trailing whitespaces (<a href=""https://redirect.github.com/actions/upload-artifact/issues/313"">#313</a>)</li>
<li>See full diff in <a href=""https://github.com/actions/upload-artifact/compare/0b7f8abb1508181956e8e162db84b466c27e18ce...a8a3f3ad30e3422c9c7b888a15615d19a852ae32"">compare view</a></li>
</ul>
</details>
<br />

Updates `actions/cache` from 3.3.1 to 3.3.2
<details>
<summary>Release notes</summary>
<p><em>Sourced from <a href=""https://github.com/actions/cache/releases"">actions/cache's releases</a>.</em></p>
<blockquote>
<h2>v3.3.2</h2>
<h2>What's Changed</h2>
<ul>
<li>Fixed readme with new segment timeout values by <a href=""https://github.com/kotewar""><code>@​kotewar</code></a> in <a href=""https://redirect.github.com/actions/cache/pull/1133"">actions/cache#1133</a></li>
<li>Readme fixes by <a href=""https://github.com/kotewar""><code>@​kotewar</code></a> in <a href=""https://redirect.github.com/actions/cache/pull/1134"">actions/cache#1134</a></li>
<li>Updated description of the lookup-only input for main action by <a href=""https://github.com/kotewar""><code>@​kotewar</code></a> in <a href=""https://redirect.github.com/actions/cache/pull/1130"">actions/cache#1130</a></li>
<li>Change two new actions mention as quoted text by <a href=""https://github.com/bishal-pdMSFT""><code>@​bishal-pdMSFT</code></a> in <a href=""https://redirect.github.com/actions/cache/pull/1131"">actions/cache#1131</a></li>
<li>Update Cross-OS Caching tips by <a href=""https://github.com/pdotl""><code>@​pdotl</code></a> in <a href=""https://redirect.github.com/actions/cache/pull/1122"">actions/cache#1122</a></li>
<li>Bazel example (Take <a href=""https://redirect.github.com/actions/cache/issues/2"">#2</a>️⃣) by <a href=""https://github.com/vorburger""><code>@​vorburger</code></a> in <a href=""https://redirect.github.com/actions/cache/pull/1132"">actions/cache#1132</a></li>
<li>Remove actions to add new PRs and issues to a project board by <a href=""https://github.com/jorendorff""><code>@​jorendorff</code></a> in <a href=""https://redirect.github.com/actions/cache/pull/1187"">actions/cache#1187</a></li>
<li>Consume latest toolkit and fix dangling promise bug by <a href=""https://github.com/chkimes""><code>@​chkimes</code></a> in <a href=""https://redirect.github.com/actions/cache/pull/1217"">actions/cache#1217</a></li>
<li>Bump action version to 3.3.2 by <a href=""https://github.com/bethanyj28""><code>@​bethanyj28</code></a> in <a href=""https://redirect.github.com/actions/cache/pull/1236"">actions/cache#1236</a></li>
</ul>
<h2>New Contributors</h2>
<ul>
<li><a href=""https://github.com/vorburger""><code>@​vorburger</code></a> made their first contribution in <a href=""https://redirect.github.com/actions/cache/pull/1132"">actions/cache#1132</a></li>
<li><a href=""https://github.com/jorendorff""><code>@​jorendorff</code></a> made their first contribution in <a href=""https://redirect.github.com/actions/cache/pull/1187"">actions/cache#1187</a></li>
<li><a href=""https://github.com/chkimes""><code>@​chkimes</code></a> made their first contribution in <a href=""https://redirect.github.com/actions/cache/pull/1217"">actions/cache#1217</a></li>
<li><a href=""https://github.com/bethanyj28""><code>@​bethanyj28</code></a> made their first contribution in <a href=""https://redirect.github.com/actions/cache/pull/1236"">actions/cache#1236</a></li>
</ul>
<p><strong>Full Changelog</strong>: <a href=""https://github.com/actions/cache/compare/v3...v3.3.2"">https://github.com/actions/cache/compare/v3...v3.3.2</a></p>
</blockquote>
</details>
<details>
<summary>Changelog</summary>
<p><em>Sourced from <a href=""https://github.com/actions/cache/blob/main/RELEASES.md"">actions/cache's changelog</a>.</em></p>
<blockquote>
<h1>Releases</h1>
<h3>3.0.0</h3>
<ul>
<li>Updated minimum runner version support from node 12 -&gt; node 16</li>
</ul>
<h3>3.0.1</h3>
<ul>
<li>Added support for caching from GHES 3.5.</li>
<li>Fixed download issue for files &gt; 2GB during restore.</li>
</ul>
<h3>3.0.2</h3>
<ul>
<li>Added support for dynamic cache size cap on GHES.</li>
</ul>
<h3>3.0.3</h3>
<ul>
<li>Fixed avoiding empty cache save when no files are available for caching. (<a href=""https://redirect.github.com/actions/cache/issues/624"">issue</a>)</li>
</ul>
<h3>3.0.4</h3>
<ul>
<li>Fixed tar creation error while trying to create tar with path as <code>~/</code> home folder on <code>ubuntu-latest</code>. (<a href=""https://redirect.github.com/actions/cache/issues/689"">issue</a>)</li>
</ul>
<h3>3.0.5</h3>
<ul>
<li>Removed error handling by consuming actions/cache 3.0 toolkit, Now cache server error handling will be done by toolkit. (<a href=""https://redirect.github.com/actions/cache/pull/834"">PR</a>)</li>
</ul>
<h3>3.0.6</h3>
<ul>
<li>Fixed <a href=""https://redirect.github.com/actions/cache/issues/809"">#809</a> - zstd -d: no such file or directory error</li>
<li>Fixed <a href=""https://redirect.github.com/actions/cache/issues/833"">#833</a> - cache doesn't work with github workspace directory</li>
</ul>
<h3>3.0.7</h3>
<ul>
<li>Fixed <a href=""https://redirect.github.com/actions/cache/issues/810"">#810</a> - download stuck issue. A new timeout is introduced in the download process to abort the download if it gets stuck and doesn't finish within an hour.</li>
</ul>
<h3>3.0.8</h3>
<ul>
<li>Fix zstd not working for windows on gnu tar in issues <a href=""https://redirect.github.com/actions/cache/issues/888"">#888</a> and <a href=""https://redirect.github.com/actions/cache/issues/891"">#891</a>.</li>
<li>Allowing users to provide a custom timeout as input for aborting download of a cache segment using an environment variable <code>SEGMENT_DOWNLOAD_TIMEOUT_MINS</code>. Default is 60 minutes.</li>
</ul>
<h3>3.0.9</h3>
<ul>
<li>Enhanced the warning message for cache unavailablity in case of GHES.</li>
</ul>
<h3>3.0.10</h3>
<ul>
<li>Fix a bug with sorting inputs.</li>
<li>Update definition for restore-keys in README.md</li>
</ul>
<!-- raw HTML omitted -->
</blockquote>
<p>... (truncated)</p>
</details>
<details>
<summary>Commits</summary>
<ul>
<li><a href=""https://github.com/actions/cache/commit/704facf57e6136b1bc63b828d79edcd491f0ee84""><code>704facf</code></a> Merge pull request <a href=""https://redirect.github.com/actions/cache/issues/1236"">#1236</a> from actions/bethanyj28/bump-version</li>
<li><a href=""https://github.com/actions/cache/commit/17e2888746ae4cdbac78cbb1a45a157d310c0e53""><code>17e2888</code></a> Add to RELEASES.md</li>
<li><a href=""https://github.com/actions/cache/commit/667d8fdfa213683cee9fcaad43be0f25322bef02""><code>667d8fd</code></a> bump action version to 3.3.2</li>
<li><a href=""https://github.com/actions/cache/commit/f7ebb81a3f195b4fb88dab7c14e2f7aff52045aa""><code>f7ebb81</code></a> Consume latest toolkit and fix dangling promise bug (<a href=""https://redirect.github.com/actions/cache/issues/1217"">#1217</a>)</li>
<li><a href=""https://github.com/actions/cache/commit/67b839edb68371cc5014f6cea11c9aa77238de78""><code>67b839e</code></a> Merge pull request <a href=""https://redirect.github.com/actions/cache/issues/1187"">#1187</a> from jorendorff/jorendorff/rm-add-to-project</li>
<li><a href=""https://github.com/actions/cache/commit/57f0e3f198251983d70fc3c83e71b973822da983""><code>57f0e3f</code></a> Remove actions to add new PRs and issues to a project board</li>
<li><a href=""https://github.com/actions/cache/commit/04f198bf0b2a39f7230a4304bf07747a0bddf146""><code>04f198b</code></a> Merge pull request <a href=""https://redirect.github.com/actions/cache/issues/1132"">#1132</a> from vorburger/bazel-example</li>
<li><a href=""https://github.com/actions/cache/commit/bd9b49b6c3b91fb2f92c80901a466ba260a746eb""><code>bd9b49b</code></a> Merge branch 'main' into bazel-example</li>
<li><a href=""https://github.com/actions/cache/commit/ea0503788c59256f4da17725d04df850ca027df5""><code>ea05037</code></a> Merge pull request <a href=""https://redirect.github.com/actions/cache/issues/1122"">#1122</a> from actions/pdotl-patch-1</li>
<li><a href=""https://github.com/actions/cache/commit/6a1a45d49b4738670d9804cd9a8fee56a01b6bf2""><code>6a1a45d</code></a> Merge branch 'main' into pdotl-patch-1</li>
<li>Additional commits viewable in <a href=""https://github.com/actions/cache/compare/88522ab9f39a2ea568f7027eddc7d8d8bc9d59c8...704facf57e6136b1bc63b828d79edcd491f0ee84"">compare view</a></li>
</ul>
</details>
<br />


Dependabot will resolve any conflicts with this PR as long as you don't alter it yourself. You can also trigger a rebase manually by commenting `@dependabot rebase`.

[//]: # (dependabot-automerge-start)
[//]: # (dependabot-automerge-end)

---

<details>
<summary>Dependabot commands and options</summary>
<br />

You can trigger Dependabot actions by commenting on this PR:
- `@dependabot rebase` will rebase this PR
- `@dependabot recreate` will recreate this PR, overwriting any edits that have been made to it
- `@dependabot merge` will merge this PR after your CI passes on it
- `@dependabot squash and merge` will squash and merge this PR after your CI passes on it
- `@dependabot cancel merge` will cancel a previously requested merge and block automerging
- `@dependabot reopen` will reopen this PR if it is closed
- `@dependabot close` will close this PR and stop Dependabot recreating it. You can achieve the same result by closing it manually
- `@dependabot show <dependency name> ignore conditions` will show all of the ignore conditions of the specified dependency
- `@dependabot ignore <dependency name> major version` will close this group update PR and stop Dependabot creating any more for the specific dependency's major version (unless you unignore this specific dependency's major version or upgrade to it yourself)
- `@dependabot ignore <dependency name> minor version` will close this group update PR and stop Dependabot creating any more for the specific dependency's minor version (unless you unignore this specific dependency's minor version or upgrade to it yourself)
- `@dependabot ignore <dependency name>` will close this group update PR and stop Dependabot creating any more for the specific dependency (unless you unignore this specific dependency or upgrade to it yourself)
- `@dependabot unignore <dependency name>` will remove all of the ignore conditions of the specified dependency
- `@dependabot unignore <dependency name> <ignore condition>` will remove the ignore condition of the specified dependency and ignore conditions


</details>",https://github.com/pallets/flask/pull/5330,dependabot[bot],CONTRIBUTOR,closed,False,main,dependabot/github_actions/github-actions-35b95bb790,2023-11-09 17:01:40+00:00,2023-11-24 00:08:40+00:00,2023-11-09 17:04:53+00:00,2023-11-09 17:04:53+00:00,1,0.0536111111111111,0.0536111111111111,6,6,12,2,1,44,24395,1563,"['dependencies', 'github_actions']",2,[],0,2,0,0,2,0,0,2,0,0,False,False,True,False,Merged,2023-Q4,2023-10-01,2023-12-31,Merged,True,False,False,True,False,False,False,False,False,True,True,False,False,False,False,False,False,False,False,False,3,True,1,Merged,10.102174463416349,7.355001921105257,1.9459101490553128,1.9459101490553128,2.5649493574615367,1.0986122886681098,0.6931471805599453,True,True,False,True,6.0,0.5,False,False,Small,2023,11,4,3,17,False,Thursday,Previous contributor,0,0,0,0,validation
pallets/flask,5336,type hint fix for flask.send_file,"- fixes #5320

**Before**
![image](https://github.com/pallets/flask/assets/15380498/610dae2a-7d11-4357-b1f7-d543741b1af4)

**After**
![image](https://github.com/pallets/flask/assets/15380498/c53d85c7-7ac6-4d39-880c-0024bc981388)


Checklist:

- [x] Add tests that demonstrate the correct behavior of the change. Tests should fail without the change. --> NA
- [x] Add or update relevant docs, in the docs folder and in code. --> NA
- [x] Add an entry in `CHANGES.rst` summarizing the change and linking to the issue -> i believe it's not needed ? let me know if otherwise
- [x] Add `.. versionchanged::` entries in any relevant code docs -> NA
- [x] Run `pre-commit` hooks and fix any issues. 
- [x] Run `pytest` and `tox`, no tests failed.
",https://github.com/pallets/flask/pull/5336,dannyi96,CONTRIBUTOR,closed,False,3.0.x,send_file_fix,2023-11-13 11:34:27+00:00,2023-11-30 00:05:48+00:00,2023-11-15 20:55:44+00:00,2023-11-15 20:55:44+00:00,1,57.35472222222222,57.35472222222222,3,1,4,2,1,33,755,102,['typing'],1,[],0,2,0,1,0,0,0,2,0,0,False,True,False,False,Merged,2023-Q4,2023-10-01,2023-12-31,Merged,True,False,False,False,False,False,False,False,False,False,False,False,False,False,False,False,False,False,False,False,0,False,1,Merged,6.628041376179533,4.634728988229636,1.3862943611198906,0.6931471805599453,1.6094379124341005,1.0986122886681098,0.6931471805599453,True,True,False,False,2.0,0.25,False,False,Very small,2023,11,4,0,11,False,Monday,Previous contributor,1,1,0,0,validation
pallets/flask,5344,fix missing quote in `--key` error message,"Adding the missing double quotes at line 798 of cli.py.

- fixes #5342 

Checklist:

- [x] Add tests that demonstrate the correct behavior of the change. Tests should fail without the change.
- [x] Add or update relevant docs, in the docs folder and in code.
- [x] Add an entry in `CHANGES.rst` summarizing the change and linking to the issue.
- [x] Add `.. versionchanged::` entries in any relevant code docs.
- [x] Run `pre-commit` hooks and fix any issues.
- [x] Run `pytest` and `tox`, no tests failed.
",https://github.com/pallets/flask/pull/5344,lizardwine,CONTRIBUTOR,closed,False,3.0.x,lizardwine,2023-11-24 22:07:31+00:00,2023-12-28 00:07:02+00:00,2023-12-13 23:06:37+00:00,2023-12-13 23:06:37+00:00,1,456.985,456.985,4,1,5,2,1,42,517,90,['docs'],1,[],0,2,0,1,0,0,0,2,0,0,False,True,False,False,Merged,2023-Q4,2023-10-01,2023-12-31,Merged,True,False,True,False,False,False,False,False,False,False,False,False,False,False,False,False,False,False,False,False,1,True,1,Merged,6.249975242259483,4.51085950651685,1.6094379124341005,0.6931471805599453,1.791759469228055,1.0986122886681098,0.6931471805599453,True,True,False,False,2.5,0.2,False,False,Very small,2023,11,4,4,22,False,Friday,Previous contributor,1,1,1,1,validation
pallets/flask,5352,Bump the github-actions group with 2 updates,"Bumps the github-actions group with 2 updates: [dessant/lock-threads](https://github.com/dessant/lock-threads) and [pypa/gh-action-pypi-publish](https://github.com/pypa/gh-action-pypi-publish).

Updates `dessant/lock-threads` from 4.0.1 to 5.0.1
<details>
<summary>Release notes</summary>
<p><em>Sourced from <a href=""https://github.com/dessant/lock-threads/releases"">dessant/lock-threads's releases</a>.</em></p>
<blockquote>
<h2>v5.0.1</h2>
<p>Learn more about this release from the <a href=""https://github.com/dessant/lock-threads/blob/main/CHANGELOG.md#changelog"">changelog</a>.</p>
<h2>v5.0.0</h2>
<p>Learn more about this release from the <a href=""https://github.com/dessant/lock-threads/blob/main/CHANGELOG.md#changelog"">changelog</a>.</p>
</blockquote>
</details>
<details>
<summary>Changelog</summary>
<p><em>Sourced from <a href=""https://github.com/dessant/lock-threads/blob/main/CHANGELOG.md"">dessant/lock-threads's changelog</a>.</em></p>
<blockquote>
<h1>Changelog</h1>
<p>All notable changes to this project will be documented in this file. See <a href=""https://github.com/absolute-version/commit-and-tag-version"">commit-and-tag-version</a> for commit guidelines.</p>
<h2><a href=""https://github.com/dessant/lock-threads/compare/v5.0.0...v5.0.1"">5.0.1</a> (2023-11-22)</h2>
<h3>Bug Fixes</h3>
<ul>
<li>support filtering threads by labels with spaces (<a href=""https://github.com/dessant/lock-threads/commit/0a6367823273242f373440ac6d682e4f368a347f"">0a63678</a>), closes <a href=""https://redirect.github.com/dessant/lock-threads/issues/40"">#40</a></li>
</ul>
<h2><a href=""https://github.com/dessant/lock-threads/compare/v4.0.1...v5.0.0"">5.0.0</a> (2023-11-14)</h2>
<h3>⚠ BREAKING CHANGES</h3>
<ul>
<li>Discussions are also processed by default,
set the <code>process-only</code> input parameter to preserve the old behavior</li>
</ul>
<pre lang=""yaml""><code>    steps:
      - uses: dessant/lock-threads@v5
        with:
          process-only: 'issues, prs'
</code></pre>
<ul>
<li>the action now requires Node.js 20</li>
</ul>
<h3>Features</h3>
<ul>
<li>lock discussions (<a href=""https://github.com/dessant/lock-threads/commit/0a0976f3ded51c88c6128dd96dd115c9f14fa764"">0a0976f</a>), closes <a href=""https://redirect.github.com/dessant/lock-threads/issues/25"">#25</a></li>
</ul>
<h3>Bug Fixes</h3>
<ul>
<li>update dependencies (<a href=""https://github.com/dessant/lock-threads/commit/5a25b54eae3e7a5580d09ef0f7cbc5b18376db67"">5a25b54</a>)</li>
</ul>
<h3><a href=""https://github.com/dessant/lock-threads/compare/v4.0.0...v4.0.1"">4.0.1</a> (2023-06-12)</h3>
<h3>Bug Fixes</h3>
<ul>
<li>retry and throttle GitHub API requests (<a href=""https://github.com/dessant/lock-threads/commit/1618e91da69b9fe614fb9837ac673ea4600eb529"">1618e91</a>), closes <a href=""https://redirect.github.com/dessant/lock-threads/issues/35"">#35</a></li>
</ul>
<h2><a href=""https://github.com/dessant/lock-threads/compare/v3.0.0...v4.0.0"">4.0.0</a> (2022-12-04)</h2>
<h3>⚠ BREAKING CHANGES</h3>
<ul>
<li>the action now requires Node.js 16</li>
</ul>
<!-- raw HTML omitted -->
</blockquote>
<p>... (truncated)</p>
</details>
<details>
<summary>Commits</summary>
<ul>
<li><a href=""https://github.com/dessant/lock-threads/commit/1bf7ec25051fe7c00bdd17e6a7cf3d7bfb7dc771""><code>1bf7ec2</code></a> chore(release): 5.0.1</li>
<li><a href=""https://github.com/dessant/lock-threads/commit/adf4aa5f8a0d18d97dd60dd54220a9df27170c75""><code>adf4aa5</code></a> chore: update package</li>
<li><a href=""https://github.com/dessant/lock-threads/commit/0a6367823273242f373440ac6d682e4f368a347f""><code>0a63678</code></a> fix: support filtering threads by labels with spaces</li>
<li><a href=""https://github.com/dessant/lock-threads/commit/d42e5f49803f3c4e14ffee0378e31481265dda22""><code>d42e5f4</code></a> chore(release): 5.0.0</li>
<li><a href=""https://github.com/dessant/lock-threads/commit/d8da6c1485cbe748b5b632f1a52cf2a52941cbf9""><code>d8da6c1</code></a> chore: update package</li>
<li><a href=""https://github.com/dessant/lock-threads/commit/c1eab4b45f97073a922fbd226afab0e34a70cf5f""><code>c1eab4b</code></a> chore: update workflow</li>
<li><a href=""https://github.com/dessant/lock-threads/commit/0a0976f3ded51c88c6128dd96dd115c9f14fa764""><code>0a0976f</code></a> feat: lock discussions</li>
<li><a href=""https://github.com/dessant/lock-threads/commit/53f3f0c0b9158bece84746885adc5f4bf2dd1ddc""><code>53f3f0c</code></a> chore: migrate package to ESM</li>
<li><a href=""https://github.com/dessant/lock-threads/commit/5a25b54eae3e7a5580d09ef0f7cbc5b18376db67""><code>5a25b54</code></a> fix: update dependencies</li>
<li>See full diff in <a href=""https://github.com/dessant/lock-threads/compare/be8aa5be94131386884a6da4189effda9b14aa21...1bf7ec25051fe7c00bdd17e6a7cf3d7bfb7dc771"">compare view</a></li>
</ul>
</details>
<br />

Updates `pypa/gh-action-pypi-publish` from 1.8.10 to 1.8.11
<details>
<summary>Release notes</summary>
<p><em>Sourced from <a href=""https://github.com/pypa/gh-action-pypi-publish/releases"">pypa/gh-action-pypi-publish's releases</a>.</em></p>
<blockquote>
<h2>v1.8.11</h2>
<h2>:nail_care: Cosmetic output improvements</h2>
<p><a href=""https://github.com/woodruffw""><code>@​woodruffw</code></a> added a nudge suggesting the users storing passwords in a GitHub Actions repository secrets to switch to using secretless publishing in <a href=""https://redirect.github.com/pypa/gh-action-pypi-publish/pull/190"">pypa/gh-action-pypi-publish#190</a>. This also reminds people that PyPI will start mandating two-factor authentication to perform uploads in 2024.</p>
<h2>:memo: What's Documented</h2>
<p><a href=""https://github.com/di""><code>@​di</code></a> linked the configuration docs for Trusted Publishing in README via <a href=""https://redirect.github.com/pypa/gh-action-pypi-publish/pull/179"">pypa/gh-action-pypi-publish#179</a>.</p>
<h2>:hammer_and_wrench: Internal dependencies</h2>
<ul>
<li>Cryptography was bumped from 41.0.3 to 41.0.6 @ <a href=""https://redirect.github.com/pypa/gh-action-pypi-publish/pull/194"">pypa/gh-action-pypi-publish#194</a></li>
<li>Pip was bumped from 22.3.1 to 23.3 @ <a href=""https://redirect.github.com/pypa/gh-action-pypi-publish/pull/189"">pypa/gh-action-pypi-publish#189</a></li>
<li>pre-commit linters got autoupdated @ <a href=""https://redirect.github.com/pypa/gh-action-pypi-publish/pull/184"">pypa/gh-action-pypi-publish#184</a></li>
<li>Urllib3 was bumped from 2.0.3 to 2.0.7 @ <a href=""https://redirect.github.com/pypa/gh-action-pypi-publish/pull/183"">pypa/gh-action-pypi-publish#183</a> and <a href=""https://redirect.github.com/pypa/gh-action-pypi-publish/pull/185"">pypa/gh-action-pypi-publish#185</a></li>
</ul>
<h2>:muscle: New Contributors</h2>
<ul>
<li><a href=""https://github.com/di""><code>@​di</code></a> made their first contribution in <a href=""https://redirect.github.com/pypa/gh-action-pypi-publish/pull/179"">pypa/gh-action-pypi-publish#179</a></li>
</ul>
<p><strong>:mirror: Full Diff</strong>: <a href=""https://github.com/pypa/gh-action-pypi-publish/compare/v1.8.10...v1.8.11"">https://github.com/pypa/gh-action-pypi-publish/compare/v1.8.10...v1.8.11</a></p>
</blockquote>
</details>
<details>
<summary>Commits</summary>
<ul>
<li><a href=""https://github.com/pypa/gh-action-pypi-publish/commit/2f6f737ca5f74c637829c0f5c3acd0e29ea5e8bf""><code>2f6f737</code></a> Merge commit PR <a href=""https://redirect.github.com/pypa/gh-action-pypi-publish/issues/184"">#184</a> into unstable/v1</li>
<li><a href=""https://github.com/pypa/gh-action-pypi-publish/commit/2fa448ab0cb5d361fc9e7faa3d0046366bd2db64""><code>2fa448a</code></a> Merge PRs <a href=""https://redirect.github.com/pypa/gh-action-pypi-publish/issues/190"">#190</a>, <a href=""https://redirect.github.com/pypa/gh-action-pypi-publish/issues/184"">#184</a>, <a href=""https://redirect.github.com/pypa/gh-action-pypi-publish/issues/185"">#185</a>, <a href=""https://redirect.github.com/pypa/gh-action-pypi-publish/issues/189"">#189</a> and <a href=""https://redirect.github.com/pypa/gh-action-pypi-publish/issues/194"">#194</a> into unstable/v1</li>
<li><a href=""https://github.com/pypa/gh-action-pypi-publish/commit/824ad317867cf757fa348a46a1a430cd9bd7ef28""><code>824ad31</code></a> Revert flake8 to v4.0.1 for WPS</li>
<li><a href=""https://github.com/pypa/gh-action-pypi-publish/commit/41f3f53c7540cba18712b77660518afd98e0b65a""><code>41f3f53</code></a> Bump cryptography from 41.0.3 to 41.0.6 in /requirements</li>
<li><a href=""https://github.com/pypa/gh-action-pypi-publish/commit/2319287e0a60524271d7d771003e897075162148""><code>2319287</code></a> twine-upload: ::error, switch nudge order</li>
<li><a href=""https://github.com/pypa/gh-action-pypi-publish/commit/254a0d4ec4eacf3fd4c21bdd327fdd72c45213d9""><code>254a0d4</code></a> twine-upload: add a nudge for password auth</li>
<li><a href=""https://github.com/pypa/gh-action-pypi-publish/commit/70a33caeb93cb7e19240fbec59f10b44df0c20ce""><code>70a33ca</code></a> Bump pip from 22.3.1 to 23.3 in /requirements</li>
<li><a href=""https://github.com/pypa/gh-action-pypi-publish/commit/102f507b758434b11f3a302e53c72ebad30ebef8""><code>102f507</code></a> Bump urllib3 from 2.0.6 to 2.0.7 in /requirements</li>
<li><a href=""https://github.com/pypa/gh-action-pypi-publish/commit/79739dc2f2bf6bcfd21ecf9af9f06bd643dbeeae""><code>79739dc</code></a> Merge pull request <a href=""https://redirect.github.com/pypa/gh-action-pypi-publish/issues/183"">#183</a> from pypa/dependabot/pip/requirements/urllib3-2.0.6</li>
<li><a href=""https://github.com/pypa/gh-action-pypi-publish/commit/9a3f9ad5bc96111f11d014e047f1ac7dc644ff56""><code>9a3f9ad</code></a> [pre-commit.ci] pre-commit autoupdate</li>
<li>Additional commits viewable in <a href=""https://github.com/pypa/gh-action-pypi-publish/compare/b7f401de30cb6434a1e19f805ff006643653240e...2f6f737ca5f74c637829c0f5c3acd0e29ea5e8bf"">compare view</a></li>
</ul>
</details>
<br />


Dependabot will resolve any conflicts with this PR as long as you don't alter it yourself. You can also trigger a rebase manually by commenting `@dependabot rebase`.

[//]: # (dependabot-automerge-start)
[//]: # (dependabot-automerge-end)

---

<details>
<summary>Dependabot commands and options</summary>
<br />

You can trigger Dependabot actions by commenting on this PR:
- `@dependabot rebase` will rebase this PR
- `@dependabot recreate` will recreate this PR, overwriting any edits that have been made to it
- `@dependabot merge` will merge this PR after your CI passes on it
- `@dependabot squash and merge` will squash and merge this PR after your CI passes on it
- `@dependabot cancel merge` will cancel a previously requested merge and block automerging
- `@dependabot reopen` will reopen this PR if it is closed
- `@dependabot close` will close this PR and stop Dependabot recreating it. You can achieve the same result by closing it manually
- `@dependabot show <dependency name> ignore conditions` will show all of the ignore conditions of the specified dependency
- `@dependabot ignore <dependency name> major version` will close this group update PR and stop Dependabot creating any more for the specific dependency's major version (unless you unignore this specific dependency's major version or upgrade to it yourself)
- `@dependabot ignore <dependency name> minor version` will close this group update PR and stop Dependabot creating any more for the specific dependency's minor version (unless you unignore this specific dependency's minor version or upgrade to it yourself)
- `@dependabot ignore <dependency name>` will close this group update PR and stop Dependabot creating any more for the specific dependency (unless you unignore this specific dependency or upgrade to it yourself)
- `@dependabot unignore <dependency name>` will remove all of the ignore conditions of the specified dependency
- `@dependabot unignore <dependency name> <ignore condition>` will remove the ignore condition of the specified dependency and ignore conditions


</details>",https://github.com/pallets/flask/pull/5352,dependabot[bot],CONTRIBUTOR,closed,False,main,dependabot/github_actions/github-actions-877cac2824,2023-12-01 15:47:16+00:00,2023-12-19 00:06:11+00:00,2023-12-04 22:26:30+00:00,2023-12-04 22:26:30+00:00,1,78.65388888888889,78.65388888888889,3,3,6,2,1,44,11909,823,"['dependencies', 'github_actions']",2,[],0,2,0,0,2,0,0,2,0,0,False,False,True,False,Merged,2023-Q4,2023-10-01,2023-12-31,Merged,True,False,False,True,False,False,False,False,False,True,True,False,False,False,False,False,False,False,False,False,3,True,1,Merged,9.385133662349348,6.714170529909472,1.3862943611198906,1.3862943611198906,1.9459101490553128,1.0986122886681098,0.6931471805599453,True,True,False,True,3.0,0.5,False,False,Very small,2023,12,4,4,15,False,Friday,Previous contributor,1,1,1,0,validation
pallets/flask,5355,Update docs to address redesigned macOS settings app,"The [Development Server](https://flask.palletsprojects.com/en/latest/server/) documentation page incudes instructions for disabling AirPlay Receiver in macOS Monterey or later.  Apple renamed and redesigned the app in macOS Ventura.
",https://github.com/pallets/flask/pull/5355,huebs,CONTRIBUTOR,closed,False,3.0.x,server-docs,2023-12-05 18:05:22+00:00,2023-12-28 00:07:01+00:00,2023-12-13 23:13:23+00:00,2023-12-13 23:13:23+00:00,1,197.13361111111112,197.13361111111112,2,2,4,1,1,52,232,25,['docs'],1,[],0,1,0,1,0,0,0,1,0,0,False,True,False,False,Merged,2023-Q4,2023-10-01,2023-12-31,Merged,True,False,True,False,False,False,False,False,False,False,False,False,False,False,False,False,False,False,False,False,1,True,1,Merged,5.4510384535657,3.258096538021482,1.0986122886681098,1.0986122886681098,1.6094379124341005,0.6931471805599453,0.6931471805599453,True,False,False,False,4.0,0.5,False,False,Very small,2023,12,4,1,18,False,Tuesday,Previous contributor,1,1,1,1,validation
pallets/flask,5374,Bump the python-requirements group in /requirements with 3 updates,"Bumps the python-requirements group in /requirements with 3 updates: [pytest](https://github.com/pytest-dev/pytest), [mypy](https://github.com/python/mypy) and [pre-commit](https://github.com/pre-commit/pre-commit).

Updates `pytest` from 7.4.3 to 7.4.4
<details>
<summary>Release notes</summary>
<p><em>Sourced from <a href=""https://github.com/pytest-dev/pytest/releases"">pytest's releases</a>.</em></p>
<blockquote>
<h2>pytest 7.4.4 (2023-12-31)</h2>
<h2>Bug Fixes</h2>
<ul>
<li><a href=""https://redirect.github.com/pytest-dev/pytest/issues/11140"">#11140</a>: Fix non-string constants at the top of file being detected as docstrings on Python&gt;=3.8.</li>
<li><a href=""https://redirect.github.com/pytest-dev/pytest/issues/11572"">#11572</a>: Handle an edge case where <code>sys.stderr</code>{.interpreted-text role=&quot;data&quot;} and <code>sys.__stderr__</code>{.interpreted-text role=&quot;data&quot;} might already be closed when <code>faulthandler</code>{.interpreted-text role=&quot;ref&quot;} is tearing down.</li>
<li><a href=""https://redirect.github.com/pytest-dev/pytest/issues/11710"">#11710</a>: Fixed tracebacks from collection errors not getting pruned.</li>
<li><a href=""https://redirect.github.com/pytest-dev/pytest/issues/7966"">#7966</a>: Removed unhelpful error message from assertion rewrite mechanism when exceptions are raised in <code>__iter__</code> methods. Now they are treated un-iterable instead.</li>
</ul>
<h2>Improved Documentation</h2>
<ul>
<li><a href=""https://redirect.github.com/pytest-dev/pytest/issues/11091"">#11091</a>: Updated documentation to refer to hyphenated options: replaced <code>--junitxml</code> with <code>--junit-xml</code> and <code>--collectonly</code> with <code>--collect-only</code>.</li>
</ul>
</blockquote>
</details>
<details>
<summary>Commits</summary>
<ul>
<li><a href=""https://github.com/pytest-dev/pytest/commit/33f694f4b30c5c502f21f81cb8ab907b12ad2f65""><code>33f694f</code></a> Prepare release version 7.4.4</li>
<li><a href=""https://github.com/pytest-dev/pytest/commit/76c107c463afcaddf74ca48252614728c6829ea7""><code>76c107c</code></a> Merge pull request <a href=""https://redirect.github.com/pytest-dev/pytest/issues/11751"">#11751</a> from bluetech/backport-11143-to-7.4.x</li>
<li><a href=""https://github.com/pytest-dev/pytest/commit/531d76daa4a871df5b2a46cae132851c29abf027""><code>531d76d</code></a> [7.4.x] Improve reporting from <strong>iter</strong> exceptions (<a href=""https://redirect.github.com/pytest-dev/pytest/issues/11749"">#11749</a>)</li>
<li><a href=""https://github.com/pytest-dev/pytest/commit/a0f58fa9e7f9b09b212ed491464be5df9b80fc0b""><code>a0f58fa</code></a> Merge pull request <a href=""https://redirect.github.com/pytest-dev/pytest/issues/11143"">#11143</a> from tushar-deepsource/patch-1</li>
<li><a href=""https://github.com/pytest-dev/pytest/commit/b1f3387d42571090ee4a35ec1945765b7f2ffae8""><code>b1f3387</code></a> [7.4.x] <a href=""https://redirect.github.com/pytest-dev/pytest/issues/11091"">#11091</a>: documentation should use hypthonated properties (<a href=""https://redirect.github.com/pytest-dev/pytest/issues/11750"">#11750</a>)</li>
<li><a href=""https://github.com/pytest-dev/pytest/commit/2cdd619bf49ee7c5306dc70dcbf71090839ea985""><code>2cdd619</code></a> Merge pull request <a href=""https://redirect.github.com/pytest-dev/pytest/issues/11747"">#11747</a> from pytest-dev/backport-11711-to-7.4.x</li>
<li><a href=""https://github.com/pytest-dev/pytest/commit/d06c05bd23ea6af8e07fd944e56c58b64375b724""><code>d06c05b</code></a> [7.4.x] nodes: fix tracebacks from collection errors are not getting pruned</li>
<li><a href=""https://github.com/pytest-dev/pytest/commit/5582bfcddf78929f7979c5023b167b333e1c2dd9""><code>5582bfc</code></a> [7.4.x] Improves clarity in Sphinx documentation for function signature. (<a href=""https://redirect.github.com/pytest-dev/pytest/issues/11"">#11</a>...</li>
<li><a href=""https://github.com/pytest-dev/pytest/commit/13024efd7afdbae80ce70d27295d9bbe62670cb8""><code>13024ef</code></a> [7.4.x] Fix for operation on closed file in faulthandler teardown (<a href=""https://redirect.github.com/pytest-dev/pytest/issues/11631"">#11631</a>)</li>
<li><a href=""https://github.com/pytest-dev/pytest/commit/a40dacf6577ae990740e10572582538dfaf357b6""><code>a40dacf</code></a> [7.4.x] XFAIL TestLocalPath.test_make_numbered_dir_multiprocess_safe (<a href=""https://redirect.github.com/pytest-dev/pytest/issues/11616"">#11616</a>)</li>
<li>Additional commits viewable in <a href=""https://github.com/pytest-dev/pytest/compare/7.4.3...7.4.4"">compare view</a></li>
</ul>
</details>
<br />

Updates `mypy` from 1.7.1 to 1.8.0
<details>
<summary>Changelog</summary>
<p><em>Sourced from <a href=""https://github.com/python/mypy/blob/master/CHANGELOG.md"">mypy's changelog</a>.</em></p>
<blockquote>
<h1>Mypy Release Notes</h1>
<h2>Next release</h2>
<h2>Mypy 1.8</h2>
<p>We’ve just uploaded mypy 1.8 to the Python Package Index (<a href=""https://pypi.org/project/mypy/"">PyPI</a>). Mypy is a static type checker for Python. This release includes new features, performance improvements and bug fixes. You can install it as follows:</p>
<pre><code>python3 -m pip install -U mypy
</code></pre>
<p>You can read the full documentation for this release on <a href=""http://mypy.readthedocs.io"">Read the Docs</a>.</p>
<h4>Type-checking Improvements</h4>
<ul>
<li>Do not intersect types in isinstance checks if at least one is final (Christoph Tyralla, PR <a href=""https://redirect.github.com/python/mypy/pull/16330"">16330</a>)</li>
<li>Detect that <code>@final</code> class without <code>__bool__</code> cannot have falsey instances (Ilya Priven, PR <a href=""https://redirect.github.com/python/mypy/pull/16566"">16566</a>)</li>
<li>Do not allow <code>TypedDict</code> classes with extra keywords (Nikita Sobolev, PR <a href=""https://redirect.github.com/python/mypy/pull/16438"">16438</a>)</li>
<li>Do not allow class-level keywords for <code>NamedTuple</code> (Nikita Sobolev, PR <a href=""https://redirect.github.com/python/mypy/pull/16526"">16526</a>)</li>
<li>Make imprecise constraints handling more robust (Ivan Levkivskyi, PR <a href=""https://redirect.github.com/python/mypy/pull/16502"">16502</a>)</li>
<li>Fix strict-optional in extending generic TypedDict (Ivan Levkivskyi, PR <a href=""https://redirect.github.com/python/mypy/pull/16398"">16398</a>)</li>
<li>Allow type ignores of PEP 695 constructs (Shantanu, PR <a href=""https://redirect.github.com/python/mypy/pull/16608"">16608</a>)</li>
<li>Enable <code>type_check_only</code> support for <code>TypedDict</code> and <code>NamedTuple</code> (Nikita Sobolev, PR <a href=""https://redirect.github.com/python/mypy/pull/16469"">16469</a>)</li>
</ul>
<h4>Performance Improvements</h4>
<ul>
<li>Add fast path to analyzing special form assignments (Jukka Lehtosalo, PR <a href=""https://redirect.github.com/python/mypy/pull/16561"">16561</a>)</li>
</ul>
<h4>Improvements to Error Reporting</h4>
<ul>
<li>Don't show documentation links for plugin error codes (Ivan Levkivskyi, PR <a href=""https://redirect.github.com/python/mypy/pull/16383"">16383</a>)</li>
<li>Improve error messages for <code>super</code> checks and add more tests (Nikita Sobolev, PR <a href=""https://redirect.github.com/python/mypy/pull/16393"">16393</a>)</li>
<li>Add error code for mutable covariant override (Ivan Levkivskyi, PR <a href=""https://redirect.github.com/python/mypy/pull/16399"">16399</a>)</li>
</ul>
<h4>Stubgen Improvements</h4>
<ul>
<li>Preserve simple defaults in function signatures (Ali Hamdan, PR <a href=""https://redirect.github.com/python/mypy/pull/15355"">15355</a>)</li>
<li>Include <code>__all__</code> in output (Jelle Zijlstra, PR <a href=""https://redirect.github.com/python/mypy/pull/16356"">16356</a>)</li>
<li>Fix stubgen regressions with pybind11 and mypy 1.7 (Chad Dombrova, PR <a href=""https://redirect.github.com/python/mypy/pull/16504"">16504</a>)</li>
</ul>
<h4>Stubtest Improvements</h4>
<ul>
<li>Improve handling of unrepresentable defaults (Jelle Zijlstra, PR <a href=""https://redirect.github.com/python/mypy/pull/16433"">16433</a>)</li>
<li>Print more helpful errors if a function is missing from stub (Alex Waygood, PR <a href=""https://redirect.github.com/python/mypy/pull/16517"">16517</a>)</li>
<li>Support <code>@type_check_only</code> decorator (Nikita Sobolev, PR <a href=""https://redirect.github.com/python/mypy/pull/16422"">16422</a>)</li>
<li>Warn about missing <code>__del__</code> (Shantanu, PR <a href=""https://redirect.github.com/python/mypy/pull/16456"">16456</a>)</li>
<li>Fix crashes with some uses of <code>final</code> and <code>deprecated</code> (Shantanu, PR <a href=""https://redirect.github.com/python/mypy/pull/16457"">16457</a>)</li>
</ul>
<h4>Fixes to Crashes</h4>
<ul>
<li>Fix crash with type alias to <code>Callable[[Unpack[Tuple[Any, ...]]], Any]</code> (Alex Waygood, PR <a href=""https://redirect.github.com/python/mypy/pull/16541"">16541</a>)</li>
<li>Fix crash on TypeGuard in <code>__call__</code> (Ivan Levkivskyi, PR <a href=""https://redirect.github.com/python/mypy/pull/16516"">16516</a>)</li>
<li>Fix crash on invalid enum in method (Ivan Levkivskyi, PR <a href=""https://redirect.github.com/python/mypy/pull/16511"">16511</a>)</li>
<li>Fix crash on unimported Any in TypedDict (Ivan Levkivskyi, PR <a href=""https://redirect.github.com/python/mypy/pull/16510"">16510</a>)</li>
</ul>
<h4>Documentation Updates</h4>
<ul>
<li>Update soft-error-limit default value to -1 (Sveinung Gundersen, PR <a href=""https://redirect.github.com/python/mypy/pull/16542"">16542</a>)</li>
</ul>
<!-- raw HTML omitted -->
</blockquote>
<p>... (truncated)</p>
</details>
<details>
<summary>Commits</summary>
<ul>
<li><a href=""https://github.com/python/mypy/commit/3b467509ee29b8f274c035d78a1c241a781eb311""><code>3b46750</code></a> remove +dev suffix from version</li>
<li><a href=""https://github.com/python/mypy/commit/c9bc833bc8a64e3517a6843bbf982a37ee54f893""><code>c9bc833</code></a> Fix tests broken by hatchling (<a href=""https://redirect.github.com/python/mypy/issues/16655"">#16655</a>)</li>
<li><a href=""https://github.com/python/mypy/commit/60d30e36c49a2753de2d71f7dd50f5143bafd307""><code>60d30e3</code></a> Fix crash with type alias to <code>Callable[[Unpack[Tuple[Any, ...]]], Any]</code> (<a href=""https://redirect.github.com/python/mypy/issues/16541"">#16541</a>)</li>
<li><a href=""https://github.com/python/mypy/commit/f53f4222bbb12d49612657a48b4f2b77e15402fd""><code>f53f422</code></a> Allow type ignores of PEP 695 constructs (<a href=""https://redirect.github.com/python/mypy/issues/16608"">#16608</a>)</li>
<li><a href=""https://github.com/python/mypy/commit/7c33e7c03444ae748b82163e7b4e1666dfaf94c7""><code>7c33e7c</code></a> <a href=""https://github.com/final""><code>@​final</code></a> class without <strong>bool</strong> cannot have falsey instances (<a href=""https://redirect.github.com/python/mypy/issues/16566"">#16566</a>)</li>
<li><a href=""https://github.com/python/mypy/commit/c224da5c7c414f92ded4b7816d16d5dd4ed32193""><code>c224da5</code></a> Do not intersect types in isinstance checks if at least one is final (<a href=""https://redirect.github.com/python/mypy/issues/16330"">#16330</a>)</li>
<li><a href=""https://github.com/python/mypy/commit/d54cc35a93b1f1bda8f837e0f3ae6f964a1c7feb""><code>d54cc35</code></a> Change example in test cases with no stubs available (<a href=""https://redirect.github.com/python/mypy/issues/16513"">#16513</a>)</li>
<li><a href=""https://github.com/python/mypy/commit/eb1ee973778e3cf719948e1653db9760ea49405d""><code>eb1ee97</code></a> Update hashes in <code>sync-typeshed.py</code> following recent typeshed sync (<a href=""https://redirect.github.com/python/mypy/issues/16600"">#16600</a>)</li>
<li><a href=""https://github.com/python/mypy/commit/344298e3a7b1a299092c684c11c28e9f4dc44dd9""><code>344298e</code></a> Revert use of <code>ParamSpec</code> for <code>functools.wraps</code></li>
<li><a href=""https://github.com/python/mypy/commit/3e5d813372e4fc1899319f31425bfc11c27fddb3""><code>3e5d813</code></a> Revert typeshed ctypes change</li>
<li>Additional commits viewable in <a href=""https://github.com/python/mypy/compare/v1.7.1...v1.8.0"">compare view</a></li>
</ul>
</details>
<br />

Updates `pre-commit` from 3.5.0 to 3.6.0
<details>
<summary>Release notes</summary>
<p><em>Sourced from <a href=""https://github.com/pre-commit/pre-commit/releases"">pre-commit's releases</a>.</em></p>
<blockquote>
<h2>pre-commit v3.6.0</h2>
<h3>Features</h3>
<ul>
<li>Check <code>minimum_pre_commit_version</code> first when parsing configs.
<ul>
<li><a href=""https://redirect.github.com/pre-commit/pre-commit/issues/3092"">#3092</a> PR by <a href=""https://github.com/asottile""><code>@​asottile</code></a>.</li>
</ul>
</li>
</ul>
<h3>Fixes</h3>
<ul>
<li>Fix deprecation warnings for <code>importlib.resources</code>.
<ul>
<li><a href=""https://redirect.github.com/pre-commit/pre-commit/issues/3043"">#3043</a> PR by <a href=""https://github.com/asottile""><code>@​asottile</code></a>.</li>
</ul>
</li>
<li>Fix deprecation warnings for rmtree.
<ul>
<li><a href=""https://redirect.github.com/pre-commit/pre-commit/issues/3079"">#3079</a> PR by <a href=""https://github.com/edgarrmondragon""><code>@​edgarrmondragon</code></a>.</li>
</ul>
</li>
</ul>
<h3>Updating</h3>
<ul>
<li>Drop support for python&lt;3.9.
<ul>
<li><a href=""https://redirect.github.com/pre-commit/pre-commit/issues/3042"">#3042</a> PR by <a href=""https://github.com/asottile""><code>@​asottile</code></a>.</li>
<li><a href=""https://redirect.github.com/pre-commit/pre-commit/issues/3093"">#3093</a> PR by <a href=""https://github.com/asottile""><code>@​asottile</code></a>.</li>
</ul>
</li>
</ul>
</blockquote>
</details>
<details>
<summary>Changelog</summary>
<p><em>Sourced from <a href=""https://github.com/pre-commit/pre-commit/blob/main/CHANGELOG.md"">pre-commit's changelog</a>.</em></p>
<blockquote>
<h1>3.6.0 - 2023-12-09</h1>
<h3>Features</h3>
<ul>
<li>Check <code>minimum_pre_commit_version</code> first when parsing configs.
<ul>
<li><a href=""https://redirect.github.com/pre-commit/pre-commit/issues/3092"">#3092</a> PR by <a href=""https://github.com/asottile""><code>@​asottile</code></a>.</li>
</ul>
</li>
</ul>
<h3>Fixes</h3>
<ul>
<li>Fix deprecation warnings for <code>importlib.resources</code>.
<ul>
<li><a href=""https://redirect.github.com/pre-commit/pre-commit/issues/3043"">#3043</a> PR by <a href=""https://github.com/asottile""><code>@​asottile</code></a>.</li>
</ul>
</li>
<li>Fix deprecation warnings for rmtree.
<ul>
<li><a href=""https://redirect.github.com/pre-commit/pre-commit/issues/3079"">#3079</a> PR by <a href=""https://github.com/edgarrmondragon""><code>@​edgarrmondragon</code></a>.</li>
</ul>
</li>
</ul>
<h3>Updating</h3>
<ul>
<li>Drop support for python&lt;3.9.
<ul>
<li><a href=""https://redirect.github.com/pre-commit/pre-commit/issues/3042"">#3042</a> PR by <a href=""https://github.com/asottile""><code>@​asottile</code></a>.</li>
<li><a href=""https://redirect.github.com/pre-commit/pre-commit/issues/3093"">#3093</a> PR by <a href=""https://github.com/asottile""><code>@​asottile</code></a>.</li>
</ul>
</li>
</ul>
</blockquote>
</details>
<details>
<summary>Commits</summary>
<ul>
<li><a href=""https://github.com/pre-commit/pre-commit/commit/9c9983dba00bf67d1b2625f1f0e9112afc063849""><code>9c9983d</code></a> v3.6.0</li>
<li><a href=""https://github.com/pre-commit/pre-commit/commit/7dc0a59ee5b74b450eb5e8f1e780f8133f34ac0b""><code>7dc0a59</code></a> Merge pull request <a href=""https://redirect.github.com/pre-commit/pre-commit/issues/3093"">#3093</a> from pre-commit/removeprefix</li>
<li><a href=""https://github.com/pre-commit/pre-commit/commit/d3fa7f415c19d73c8624b15fbe3e523e423ca340""><code>d3fa7f4</code></a> Merge pull request <a href=""https://redirect.github.com/pre-commit/pre-commit/issues/3092"">#3092</a> from pre-commit/minimum-version-first</li>
<li><a href=""https://github.com/pre-commit/pre-commit/commit/08478ec176b705d17e3f7b0608d155e9dadff9bf""><code>08478ec</code></a> python 3.9+: use removeprefix</li>
<li><a href=""https://github.com/pre-commit/pre-commit/commit/047439abffb164edd5b49e50439fd63a625be3da""><code>047439a</code></a> attempt minimum_pre_commit_version first when parsing configs</li>
<li><a href=""https://github.com/pre-commit/pre-commit/commit/23a2b7360e94be42addf02336a47bcf80fb7a7de""><code>23a2b73</code></a> Merge pull request <a href=""https://redirect.github.com/pre-commit/pre-commit/issues/3079"">#3079</a> from edgarrmondragon/deprecation-rmtree-onerror</li>
<li><a href=""https://github.com/pre-commit/pre-commit/commit/cffabe54be63f0fd05b42ae73842387d07110feb""><code>cffabe5</code></a> Address deprecation warning in <code>shutil.rmtree(onerror=...)</code></li>
<li><a href=""https://github.com/pre-commit/pre-commit/commit/51df34e5fb3e831ebe6a59d9f0004bfa005c0efa""><code>51df34e</code></a> Merge pull request <a href=""https://redirect.github.com/pre-commit/pre-commit/issues/3078"">#3078</a> from pre-commit/pre-commit-ci-update-config</li>
<li><a href=""https://github.com/pre-commit/pre-commit/commit/e36cefc8bd43aaee1686d16e31ecb98f576fe121""><code>e36cefc</code></a> [pre-commit.ci] pre-commit autoupdate</li>
<li><a href=""https://github.com/pre-commit/pre-commit/commit/2280645d0e2f1fa54654d8c36cc8d62f15f4d413""><code>2280645</code></a> Merge pull request <a href=""https://redirect.github.com/pre-commit/pre-commit/issues/3064"">#3064</a> from pre-commit/pre-commit-ci-update-config</li>
<li>Additional commits viewable in <a href=""https://github.com/pre-commit/pre-commit/compare/v3.5.0...v3.6.0"">compare view</a></li>
</ul>
</details>
<br />


Dependabot will resolve any conflicts with this PR as long as you don't alter it yourself. You can also trigger a rebase manually by commenting `@dependabot rebase`.

[//]: # (dependabot-automerge-start)
[//]: # (dependabot-automerge-end)

---

<details>
<summary>Dependabot commands and options</summary>
<br />

You can trigger Dependabot actions by commenting on this PR:
- `@dependabot rebase` will rebase this PR
- `@dependabot recreate` will recreate this PR, overwriting any edits that have been made to it
- `@dependabot merge` will merge this PR after your CI passes on it
- `@dependabot squash and merge` will squash and merge this PR after your CI passes on it
- `@dependabot cancel merge` will cancel a previously requested merge and block automerging
- `@dependabot reopen` will reopen this PR if it is closed
- `@dependabot close` will close this PR and stop Dependabot recreating it. You can achieve the same result by closing it manually
- `@dependabot show <dependency name> ignore conditions` will show all of the ignore conditions of the specified dependency
- `@dependabot ignore <dependency name> major version` will close this group update PR and stop Dependabot creating any more for the specific dependency's major version (unless you unignore this specific dependency's major version or upgrade to it yourself)
- `@dependabot ignore <dependency name> minor version` will close this group update PR and stop Dependabot creating any more for the specific dependency's minor version (unless you unignore this specific dependency's minor version or upgrade to it yourself)
- `@dependabot ignore <dependency name>` will close this group update PR and stop Dependabot creating any more for the specific dependency (unless you unignore this specific dependency or upgrade to it yourself)
- `@dependabot unignore <dependency name>` will remove all of the ignore conditions of the specified dependency
- `@dependabot unignore <dependency name> <ignore condition>` will remove the ignore condition of the specified dependency and ignore conditions


</details>",https://github.com/pallets/flask/pull/5374,dependabot[bot],CONTRIBUTOR,closed,False,main,dependabot/pip/requirements/python-requirements-032578797a,2024-01-01 15:11:20+00:00,2024-01-16 00:06:11+00:00,2024-01-01 15:21:54+00:00,2024-01-01 15:21:54+00:00,1,0.1761111111111111,0.1761111111111111,5,5,10,3,1,66,19606,1364,"['dependencies', 'python']",2,[],0,3,0,0,0,0,0,3,0,0,False,False,False,False,Merged,2024-Q1,2024-01-01,2024-03-31,Merged,True,False,False,False,False,False,False,False,False,True,True,False,False,False,False,False,False,False,False,False,2,True,1,Merged,9.88364192431542,7.21890970761906,1.791759469228055,1.791759469228055,2.3978952727983707,1.3862943611198906,0.6931471805599453,True,True,False,True,3.333333333333333,0.5,False,False,Very small,2024,1,1,0,15,False,Monday,Previous contributor,0,0,0,0,validation
pallets/flask,5377,[pre-commit.ci] pre-commit autoupdate,"<!--pre-commit.ci start-->
updates:
- [github.com/astral-sh/ruff-pre-commit: v0.1.6 → v0.1.9](https://github.com/astral-sh/ruff-pre-commit/compare/v0.1.6...v0.1.9)
<!--pre-commit.ci end-->",https://github.com/pallets/flask/pull/5377,pre-commit-ci[bot],CONTRIBUTOR,closed,False,main,pre-commit-ci-update-config,2024-01-01 20:24:11+00:00,2024-01-30 00:05:39+00:00,2024-01-15 15:52:57+00:00,2024-01-15 15:52:57+00:00,1,331.4794444444444,331.4794444444444,2,2,4,2,2,37,188,10,[],0,[],0,2,0,0,1,0,0,2,0,0,False,False,True,False,Merged,2024-Q1,2024-01-01,2024-03-31,Merged,True,True,True,True,False,False,False,False,False,False,False,False,False,False,False,False,False,False,False,False,3,True,1,Merged,5.241747015059643,2.3978952727983707,1.0986122886681098,1.0986122886681098,1.6094379124341005,1.0986122886681098,1.0986122886681098,True,False,False,False,2.0,0.5,False,True,Very small,2024,1,1,0,20,False,Monday,Previous contributor,1,1,1,1,validation
pallets/flask,5382,untag without `object_hook`,"Load session JSON without using `object_hook`, then recursively untag the data.

fixes #5381",https://github.com/pallets/flask/pull/5382,davidism,MEMBER,closed,False,3.0.x,untag-scan,2024-01-15 15:50:22+00:00,2024-01-30 00:05:40+00:00,2024-01-15 15:52:35+00:00,2024-01-15 15:52:35+00:00,1,0.0369444444444444,0.0369444444444444,16,1,17,2,1,27,94,13,[],0,[],0,2,0,1,0,0,0,2,0,0,False,True,False,False,Merged,2024-Q1,2024-01-01,2024-03-31,Merged,True,False,False,False,False,False,False,False,False,False,False,False,False,False,False,False,False,False,False,False,0,False,1,Merged,4.553876891600541,2.6390573296152584,2.833213344056216,0.6931471805599453,2.8903717578961645,1.0986122886681098,0.6931471805599453,True,False,False,False,8.5,0.0588235294117647,False,False,Small,2024,1,1,0,15,False,Monday,Internal or trusted,0,0,0,0,validation
pallets/flask,5386,release version 3.0.1,,https://github.com/pallets/flask/pull/5386,davidism,MEMBER,closed,False,3.0.x,release-3.0.1,2024-01-18 19:42:52+00:00,2024-02-02 00:05:48+00:00,2024-01-18 20:03:25+00:00,2024-01-18 20:03:25+00:00,1,0.3425,0.3425,2,2,4,2,1,21,0,0,[],0,[],0,2,0,1,1,0,0,2,0,0,False,True,True,False,Merged,2024-Q1,2024-01-01,2024-03-31,Merged,True,False,False,True,False,False,False,False,False,False,False,False,False,False,False,False,False,False,False,False,1,True,1,Merged,0.0,0.0,1.0986122886681098,1.0986122886681098,1.6094379124341005,1.0986122886681098,0.6931471805599453,False,False,False,False,2.0,0.5,False,False,Very small,2024,1,1,3,19,False,Thursday,Internal or trusted,0,0,0,0,validation
pallets/flask,5389,Fix jinja_loader typehint,"mypy is complaining about
```Python
from jinja2 import ChoiceLoader
jinja_loader = jinja2.ChoiceLoader([FileSystemLoader(
```

<!--
Before opening a PR, open a ticket describing the issue or feature the
PR will address. Follow the steps in CONTRIBUTING.rst.

Replace this comment with a description of the change. Describe how it
addresses the linked ticket.
-->
This changes the type hint for jinja_loader to be BaseLoader which is the parent class of `ChoiceLoader` and `FileSystemLoader`.

- fixes #5388

Checklist:

- [ ] Add tests that demonstrate the correct behavior of the change. Tests should fail without the change.
- [ ] Add or update relevant docs, in the docs folder and in code.
- [x] Add an entry in `CHANGES.rst` summarizing the change and linking to the issue.
- [ ] Add `.. versionchanged::` entries in any relevant code docs.
- [ ] Run `pre-commit` hooks and fix any issues.
- [x] Run `pytest` and `tox`, no tests failed.
",https://github.com/pallets/flask/pull/5389,Siecje,CONTRIBUTOR,closed,False,3.0.x,jinja_loader_type,2024-01-23 16:40:43+00:00,2024-02-18 00:06:22+00:00,2024-02-03 20:18:40+00:00,2024-02-03 20:18:40+00:00,1,267.6325,267.6325,4,1,5,2,1,25,965,155,[],0,[],0,2,0,1,0,0,0,2,0,0,False,True,False,False,Merged,2024-Q1,2024-01-01,2024-03-31,Merged,True,False,True,False,False,False,False,False,False,False,False,False,False,False,False,False,False,False,False,False,1,True,1,Merged,6.873163834212518,5.049856007249537,1.6094379124341005,0.6931471805599453,1.791759469228055,1.0986122886681098,0.6931471805599453,True,True,False,False,2.5,0.2,False,False,Very small,2024,1,1,1,16,False,Tuesday,Previous contributor,1,1,1,1,validation
pallets/flask,5393,fix super call in list comprehension,"<!--
Before opening a PR, open a ticket describing the issue or feature the
PR will address. Follow the steps in CONTRIBUTING.rst.

Replace this comment with a description of the change. Describe how it
addresses the linked ticket.
-->
[python doc super()](https://docs.python.org/3/library/functions.html#super)
> The zero argument form only works inside a class definition, as the compiler fills in the necessary details to correctly retrieve the class being defined, as well as accessing the current instance for ordinary methods.

List comprehension works in a separate scope, where doesn't have class information. Zero argument `super` call doesn't work in such a scope.

<!--
Link to relevant issues or previous PRs, one per line. Use ""fixes"" to
automatically close an issue.
-->

- fixes #5391 

<!--
Ensure each step in CONTRIBUTING.rst is complete by adding an ""x"" to
each box below.

If only docs were changed, these aren't relevant and can be removed.
-->

Checklist:

- [x] Add tests that demonstrate the correct behavior of the change. Tests should fail without the change.
- [ ] Add or update relevant docs, in the docs folder and in code.
- [ ] Add an entry in `CHANGES.rst` summarizing the change and linking to the issue.
- [ ] Add `.. versionchanged::` entries in any relevant code docs.
- [x] Run `pre-commit` hooks and fix any issues.
- [x] Run `pytest` and `tox`, no tests failed.
",https://github.com/pallets/flask/pull/5393,r04922101,CONTRIBUTOR,closed,False,3.0.x,cli,2024-01-26 02:21:43+00:00,2024-02-18 00:06:21+00:00,2024-02-03 20:39:33+00:00,2024-02-03 20:39:33+00:00,1,210.29722222222225,210.29722222222225,10,1,11,3,1,36,1434,231,[],0,[],0,3,1,1,0,0,0,3,0,0,True,True,False,False,Merged,2024-Q1,2024-01-01,2024-03-31,Merged,True,False,True,False,True,False,False,False,False,False,False,False,False,False,False,False,False,False,False,False,2,True,1,Merged,7.268920128193722,5.44673737166631,2.3978952727983707,0.6931471805599453,2.4849066497880004,1.3862943611198906,0.6931471805599453,True,True,False,False,3.6666666666666665,0.0909090909090909,False,False,Small,2024,1,1,4,2,False,Friday,Previous contributor,1,1,1,1,validation
pallets/flask,5401,Bump the python-requirements group in /requirements with 6 updates,"Bumps the python-requirements group in /requirements with 6 updates:

| Package | From | To |
| --- | --- | --- |
| [sphinx-issues](https://github.com/sloria/sphinx-issues) | `3.0.1` | `4.0.0` |
| [sphinx-tabs](https://github.com/executablebooks/sphinx-tabs) | `3.4.4` | `3.4.5` |
| [cryptography](https://github.com/pyca/cryptography) | `41.0.7` | `42.0.2` |
| [pytest](https://github.com/pytest-dev/pytest) | `7.4.4` | `8.0.0` |
| [python-dotenv](https://github.com/theskumar/python-dotenv) | `1.0.0` | `1.0.1` |
| [tox](https://github.com/tox-dev/tox) | `4.12.0` | `4.12.1` |

Updates `sphinx-issues` from 3.0.1 to 4.0.0
<details>
<summary>Commits</summary>
<ul>
<li><a href=""https://github.com/sloria/sphinx-issues/commit/50128ce23c52eeef3307ef8b8057d18f7ea0f82b""><code>50128ce</code></a> Bump version and update changelog</li>
<li><a href=""https://github.com/sloria/sphinx-issues/commit/0239bda1a6868577b0f546f25d08db3a9dbab627""><code>0239bda</code></a> Default to linking to GH sponsors URL for the :user: role (<a href=""https://redirect.github.com/sloria/sphinx-issues/issues/131"">#131</a>)</li>
<li><a href=""https://github.com/sloria/sphinx-issues/commit/9d176de1b54abf813355823f55d5fc35a1c64f3b""><code>9d176de</code></a> Dev Chores (<a href=""https://redirect.github.com/sloria/sphinx-issues/issues/130"">#130</a>)</li>
<li><a href=""https://github.com/sloria/sphinx-issues/commit/08c376fc2f994038b653720c431abeadf6cc628e""><code>08c376f</code></a> Run pre-commit autoupdate</li>
<li>See full diff in <a href=""https://github.com/sloria/sphinx-issues/compare/3.0.1...4.0.0"">compare view</a></li>
</ul>
</details>
<br />

Updates `sphinx-tabs` from 3.4.4 to 3.4.5
<details>
<summary>Release notes</summary>
<p><em>Sourced from <a href=""https://github.com/executablebooks/sphinx-tabs/releases"">sphinx-tabs's releases</a>.</em></p>
<blockquote>
<h2>Version 3.4.5</h2>
<h2>What's Changed</h2>
<ul>
<li>FIX: unpin docutils by <a href=""https://github.com/agoose77""><code>@​agoose77</code></a> in <a href=""https://redirect.github.com/executablebooks/sphinx-tabs/pull/186"">executablebooks/sphinx-tabs#186</a></li>
</ul>
<h2>New Contributors</h2>
<ul>
<li><a href=""https://github.com/agoose77""><code>@​agoose77</code></a> made their first contribution in <a href=""https://redirect.github.com/executablebooks/sphinx-tabs/pull/186"">executablebooks/sphinx-tabs#186</a></li>
</ul>
<p><strong>Full Changelog</strong>: <a href=""https://github.com/executablebooks/sphinx-tabs/compare/v3.4.4...v3.4.5"">https://github.com/executablebooks/sphinx-tabs/compare/v3.4.4...v3.4.5</a></p>
</blockquote>
</details>
<details>
<summary>Changelog</summary>
<p><em>Sourced from <a href=""https://github.com/executablebooks/sphinx-tabs/blob/master/CHANGELOG.md"">sphinx-tabs's changelog</a>.</em></p>
<blockquote>
<h2>3.4.5 - 2024-01-21</h2>
<h3>Removed</h3>
<ul>
<li>docutils version pin</li>
</ul>
<h2>3.4.2 - 2023-19-22</h2>
<h3>Added</h3>
<ul>
<li>Testing for Python 3.11 and 3.12</li>
</ul>
<h3>Removed</h3>
<ul>
<li>Dependency on unsupported sphinx_testing package</li>
</ul>
<h2>3.4.2 - 2023-19-22</h2>
<h3>Fixed</h3>
<ul>
<li>tests for sphinx 7.2</li>
<li>slice assignment in update_context(), which was removing JS scripts from other sphinx extensions/themes on pages where tabs were not used</li>
</ul>
<h3>Added</h3>
<ul>
<li>Note in docs to clarify that include directive can't be used within a code-tab</li>
</ul>
<h2>3.4.1 - 2022-07-02</h2>
<h3>Added</h3>
<ul>
<li>Weekly scheduled testing, to catch breaking changes in unpinned dependencies</li>
</ul>
<h3>Changed</h3>
<ul>
<li>docutils version pin to allow use of verison 0.18.x</li>
</ul>
<h3>Removed</h3>
<ul>
<li>sphinx version pinning - only the latest version of sphinx will now be fully supported, but previous versions will work if sphinx dependencies (i.e. jinja2) are managed correctly. This is inline with the approach at sphinx</li>
<li>tests that were specific to older versions of sphinx and pygments</li>
<li>jinja2 version pinning, as this is now pinned in latest version of sphinx</li>
</ul>
<h2>3.4.0 - 2022-06-26</h2>
<h3>Added</h3>
<ul>
<li>Testing for sphinx 5</li>
<li>Tesing for python 3.10</li>
</ul>
<h3>Fixed</h3>
<ul>
<li>Fixed parsing of MyST content, where first line was being stripped</li>
</ul>
<!-- raw HTML omitted -->
</blockquote>
<p>... (truncated)</p>
</details>
<details>
<summary>Commits</summary>
<ul>
<li><a href=""https://github.com/executablebooks/sphinx-tabs/commit/b8666a582f9bb571de4186fea7fa0871b1b198fb""><code>b8666a5</code></a> Fix numbering in CHANGELOG.md</li>
<li><a href=""https://github.com/executablebooks/sphinx-tabs/commit/8cceb665e578b64870c1ea4447a7d54507120632""><code>8cceb66</code></a> Bump version number</li>
<li><a href=""https://github.com/executablebooks/sphinx-tabs/commit/e6a00acdf64db2099c8916788d767511f16bd5e9""><code>e6a00ac</code></a> Update CHANGELOG.md</li>
<li><a href=""https://github.com/executablebooks/sphinx-tabs/commit/0632f4bfb4df799c4c66612051ce5f1aabf9269b""><code>0632f4b</code></a> FIX: unpin docutils (<a href=""https://redirect.github.com/executablebooks/sphinx-tabs/issues/186"">#186</a>)</li>
<li>See full diff in <a href=""https://github.com/executablebooks/sphinx-tabs/compare/v3.4.4...v3.4.5"">compare view</a></li>
</ul>
</details>
<br />

Updates `cryptography` from 41.0.7 to 42.0.2
<details>
<summary>Changelog</summary>
<p><em>Sourced from <a href=""https://github.com/pyca/cryptography/blob/main/CHANGELOG.rst"">cryptography's changelog</a>.</em></p>
<blockquote>
<p>42.0.2 - 2024-01-30</p>
<pre><code>
* Updated Windows, macOS, and Linux wheels to be compiled with OpenSSL 3.2.1.
* Fixed an issue that prevented the use of Python buffer protocol objects in
  ``sign`` and ``verify`` methods on asymmetric keys.
* Fixed an issue with incorrect keyword-argument naming with ``EllipticCurvePrivateKey``
  :meth:`~cryptography.hazmat.primitives.asymmetric.ec.EllipticCurvePrivateKey.exchange`,
  ``X25519PrivateKey``
  :meth:`~cryptography.hazmat.primitives.asymmetric.x25519.X25519PrivateKey.exchange`,
  ``X448PrivateKey``
  :meth:`~cryptography.hazmat.primitives.asymmetric.x448.X448PrivateKey.exchange`,
  and ``DHPrivateKey``
  :meth:`~cryptography.hazmat.primitives.asymmetric.dh.DHPrivateKey.exchange`.
<p>.. _v42-0-1:</p>
<p>42.0.1 - 2024-01-24
</code></pre></p>
<ul>
<li>Fixed an issue with incorrect keyword-argument naming with <code>EllipticCurvePrivateKey</code>
:meth:<code>~cryptography.hazmat.primitives.asymmetric.ec.EllipticCurvePrivateKey.sign</code>.</li>
<li>Resolved compatibility issue with loading certain RSA public keys in
:func:<code>~cryptography.hazmat.primitives.serialization.load_pem_public_key</code>.</li>
</ul>
<p>.. _v42-0-0:</p>
<p>42.0.0 - 2024-01-22</p>
<pre><code>
* **BACKWARDS INCOMPATIBLE:** Dropped support for LibreSSL &lt; 3.7.
* **BACKWARDS INCOMPATIBLE:** Loading a PKCS7 with no content field using
  :func:`~cryptography.hazmat.primitives.serialization.pkcs7.load_pem_pkcs7_certificates`
  or
  :func:`~cryptography.hazmat.primitives.serialization.pkcs7.load_der_pkcs7_certificates`
  will now raise a ``ValueError`` rather than return an empty list.
* Parsing SSH certificates no longer permits malformed critical options with
  values, as documented in the 41.0.2 release notes.
* Updated Windows, macOS, and Linux wheels to be compiled with OpenSSL 3.2.0.
* Updated the minimum supported Rust version (MSRV) to 1.63.0, from 1.56.0.
* We now publish both ``py37`` and ``py39`` ``abi3`` wheels. This should
  resolve some errors relating to initializing a module multiple times per
  process.
* Support :class:`~cryptography.hazmat.primitives.asymmetric.padding.PSS` for
  X.509 certificate signing requests and certificate revocation lists with the
  keyword-only argument ``rsa_padding`` on the ``sign`` methods for
  :class:`~cryptography.x509.CertificateSigningRequestBuilder` and
  :class:`~cryptography.x509.CertificateRevocationListBuilder`.
* Added support for obtaining X.509 certificate signing request signature
  algorithm parameters (including PSS) via
&lt;/tr&gt;&lt;/table&gt; 
</code></pre>
</blockquote>
<p>... (truncated)</p>
</details>
<details>
<summary>Commits</summary>
<ul>
<li><a href=""https://github.com/pyca/cryptography/commit/2202123b50de1b8788f909a3e5afe350c56ad81e""><code>2202123</code></a> changelog and version bump 42.0.2 (<a href=""https://redirect.github.com/pyca/cryptography/issues/10268"">#10268</a>)</li>
<li><a href=""https://github.com/pyca/cryptography/commit/f7032bdd409838f67fc2b93343f897fb5f397d80""><code>f7032bd</code></a> bump openssl in CI (<a href=""https://redirect.github.com/pyca/cryptography/issues/10298"">#10298</a>) (<a href=""https://redirect.github.com/pyca/cryptography/issues/10299"">#10299</a>)</li>
<li><a href=""https://github.com/pyca/cryptography/commit/002e886f16d8857151c09b11dc86b35f2ac9aec3""><code>002e886</code></a> Fixes <a href=""https://redirect.github.com/pyca/cryptography/issues/10294"">#10294</a> -- correct accidental change to exchange kwarg (<a href=""https://redirect.github.com/pyca/cryptography/issues/10295"">#10295</a>) (<a href=""https://redirect.github.com/pyca/cryptography/issues/10296"">#10296</a>)</li>
<li><a href=""https://github.com/pyca/cryptography/commit/92fa9f2f606caea5d499c825e832be5bac6f0c23""><code>92fa9f2</code></a> support bytes-like consistently across our asym sign/verify APIs (<a href=""https://redirect.github.com/pyca/cryptography/issues/10260"">#10260</a>) (<a href=""https://redirect.github.com/pyca/cryptography/issues/1"">#1</a>...</li>
<li><a href=""https://github.com/pyca/cryptography/commit/6478f7e28be54b51931277235de01b249ceabd96""><code>6478f7e</code></a> explicitly support bytes-like for signature/data in RSA sign/verify (<a href=""https://redirect.github.com/pyca/cryptography/issues/10259"">#10259</a>) ...</li>
<li><a href=""https://github.com/pyca/cryptography/commit/4bb8596ae02d95bb054dbcf55e8771379dbe0c19""><code>4bb8596</code></a> fix the release script (<a href=""https://redirect.github.com/pyca/cryptography/issues/10233"">#10233</a>) (<a href=""https://redirect.github.com/pyca/cryptography/issues/10254"">#10254</a>)</li>
<li><a href=""https://github.com/pyca/cryptography/commit/337437dc2e62772bde4ad5544f4b1db9ee7572d9""><code>337437d</code></a> 42.0.1 bump (<a href=""https://redirect.github.com/pyca/cryptography/issues/10252"">#10252</a>)</li>
<li><a href=""https://github.com/pyca/cryptography/commit/56255de6b2d1a2d2e502b0275231ca81907f33f1""><code>56255de</code></a> allow SPKI RSA keys to be parsed even if they have an incorrect delimiter (<a href=""https://redirect.github.com/pyca/cryptography/issues/1"">#1</a>...</li>
<li><a href=""https://github.com/pyca/cryptography/commit/12f038b38af76e36efe8cef09597010c97647e8f""><code>12f038b</code></a> fixes <a href=""https://redirect.github.com/pyca/cryptography/issues/10237"">#10237</a> -- correct EC sign parameter name (<a href=""https://redirect.github.com/pyca/cryptography/issues/10239"">#10239</a>) (<a href=""https://redirect.github.com/pyca/cryptography/issues/10240"">#10240</a>)</li>
<li><a href=""https://github.com/pyca/cryptography/commit/4e64baf360a3a89bd92582f59344c12b5c0bd3fd""><code>4e64baf</code></a> 42.0.0 version bump (<a href=""https://redirect.github.com/pyca/cryptography/issues/10232"">#10232</a>)</li>
<li>Additional commits viewable in <a href=""https://github.com/pyca/cryptography/compare/41.0.7...42.0.2"">compare view</a></li>
</ul>
</details>
<br />

Updates `pytest` from 7.4.4 to 8.0.0
<details>
<summary>Release notes</summary>
<p><em>Sourced from <a href=""https://github.com/pytest-dev/pytest/releases"">pytest's releases</a>.</em></p>
<blockquote>
<h2>pytest 8.0.0 (2024-01-27)</h2>
<p>See <a href=""https://github.com/pytest-dev/pytest/releases/tag/8.0.0rc1"">8.0.0rc1</a> and <a href=""https://github.com/pytest-dev/pytest/releases/tag/8.0.0rc2"">8.0.0rc2</a> for the full changes since pytest 7.4!</p>
<h2>Bug Fixes</h2>
<ul>
<li><a href=""https://redirect.github.com/pytest-dev/pytest/issues/11842"">#11842</a>: Properly escape the <code>reason</code> of a <code>skip &lt;pytest.mark.skip ref&gt;</code>{.interpreted-text role=&quot;ref&quot;} mark when writing JUnit XML files.</li>
<li><a href=""https://redirect.github.com/pytest-dev/pytest/issues/11861"">#11861</a>: Avoid microsecond exceeds <code>1_000_000</code> when using <code>log-date-format</code> with <code>%f</code> specifier, which might cause the test suite to crash.</li>
</ul>
<h2>8.0.0rc2</h2>
<h1>pytest 8.0.0rc2 (2024-01-17)</h1>
<h2>Improvements</h2>
<ul>
<li><a href=""https://redirect.github.com/pytest-dev/pytest/issues/11233"">#11233</a>: Improvements to <code>-r</code> for xfailures and xpasses:
<ul>
<li>Report tracebacks for xfailures when <code>-rx</code> is set.</li>
<li>Report captured output for xpasses when <code>-rX</code> is set.</li>
<li>For xpasses, add <code>-</code> in summary between test name and reason, to match how xfail is displayed.</li>
</ul>
</li>
<li><a href=""https://redirect.github.com/pytest-dev/pytest/issues/11825"">#11825</a>: The <code>pytest_plugin_registered</code>{.interpreted-text role=&quot;hook&quot;} hook has a new <code>plugin_name</code> parameter containing the name by which <code>plugin</code> is registered.</li>
</ul>
<h2>Bug Fixes</h2>
<ul>
<li>
<p><a href=""https://redirect.github.com/pytest-dev/pytest/issues/11706"">#11706</a>: Fix reporting of teardown errors in higher-scoped fixtures when using [--maxfail]{.title-ref} or [--stepwise]{.title-ref}.</p>
</li>
<li>
<p><a href=""https://redirect.github.com/pytest-dev/pytest/issues/11758"">#11758</a>: Fixed <code>IndexError: string index out of range</code> crash in <code>if highlighted[-1] == &quot;\n&quot; and source[-1] != &quot;\n&quot;</code>.
This bug was introduced in pytest 8.0.0rc1.</p>
</li>
<li>
<p><a href=""https://redirect.github.com/pytest-dev/pytest/issues/9765"">#9765</a>, <a href=""https://redirect.github.com/pytest-dev/pytest/issues/11816"">#11816</a>: Fixed a frustrating bug that afflicted some users with the only error being <code>assert mod not in mods</code>. The issue was caused by the fact that <code>str(Path(mod))</code> and <code>mod.__file__</code> don't necessarily produce the same string, and was being erroneously used interchangably in some places in the code.</p>
<p>This fix also broke the internal API of <code>PytestPluginManager.consider_conftest</code> by introducing a new parameter -- we mention this in case it is being used by external code, even if marked as <em>private</em>.</p>
</li>
</ul>
<h2>pytest 8.0.0rc1 (2023-12-30)</h2>
<p>See <a href=""https://docs.pytest.org/en/latest/changelog.html#pytest-8-0-0rc1-2023-12-30"">https://docs.pytest.org/en/latest/changelog.html#pytest-8-0-0rc1-2023-12-30</a> for the rendered changelog.</p>
<h2>Breaking Changes</h2>
<h3>Old Deprecations Are Now Errors</h3>
<ul>
<li>
<p><a href=""https://redirect.github.com/pytest-dev/pytest/issues/7363"">#7363</a>: <strong>PytestRemovedIn8Warning deprecation warnings are now errors by default.</strong></p>
<p>Following our plan to remove deprecated features with as little disruption as possible, all warnings of type <code>PytestRemovedIn8Warning</code> now generate errors instead of warning messages by default.</p>
<p><strong>The affected features will be effectively removed in pytest 8.1</strong>, so please consult the <code>deprecations</code>{.interpreted-text role=&quot;ref&quot;} section in the docs for directions on how to update existing code.</p>
<p>In the pytest <code>8.0.X</code> series, it is possible to change the errors back into warnings as a stopgap measure by adding this to your <code>pytest.ini</code> file:</p>
<pre lang=""ini""><code>[pytest]
</code></pre>
</li>
</ul>
<!-- raw HTML omitted -->
</blockquote>
<p>... (truncated)</p>
</details>
<details>
<summary>Commits</summary>
<ul>
<li><a href=""https://github.com/pytest-dev/pytest/commit/478f8233bca8147445f0c5129f04ada892cc6c91""><code>478f823</code></a> Prepare release version 8.0.0</li>
<li><a href=""https://github.com/pytest-dev/pytest/commit/608590097a6542768099dd371b84d8b37a1990da""><code>6085900</code></a> [8.0.x] fix: avoid rounding microsecond to <code>1_000_000</code> (<a href=""https://redirect.github.com/pytest-dev/pytest/issues/11863"">#11863</a>)</li>
<li><a href=""https://github.com/pytest-dev/pytest/commit/3b41c65c81d649d962be5ec469f44104b8d09748""><code>3b41c65</code></a> [8.0.x] Escape skip reason in junitxml (<a href=""https://redirect.github.com/pytest-dev/pytest/issues/11845"">#11845</a>)</li>
<li><a href=""https://github.com/pytest-dev/pytest/commit/747072ad26f2443dc8a62eb88db8cbf56fa95470""><code>747072a</code></a> [8.0.x] Update docstring of scripts/generate-gh-release-notes.py (<a href=""https://redirect.github.com/pytest-dev/pytest/issues/11768"">#11768</a>)</li>
<li><a href=""https://github.com/pytest-dev/pytest/commit/011a475baf6e1d0e9ec30c5996d9cbcbe7c95475""><code>011a475</code></a> Properly attach packages to the GH release notes (<a href=""https://redirect.github.com/pytest-dev/pytest/issues/11839"">#11839</a>) (<a href=""https://redirect.github.com/pytest-dev/pytest/issues/11840"">#11840</a>)</li>
<li><a href=""https://github.com/pytest-dev/pytest/commit/97960bdd148972b2f26bd9b336163e590bbc4c6b""><code>97960bd</code></a> Merge pull request <a href=""https://redirect.github.com/pytest-dev/pytest/issues/11835"">#11835</a> from pytest-dev/release-8.0.0rc2</li>
<li><a href=""https://github.com/pytest-dev/pytest/commit/6be0a3cbf7e014834610139421a0d9804d4a3eae""><code>6be0a3c</code></a> Prepare release version 8.0.0rc2</li>
<li><a href=""https://github.com/pytest-dev/pytest/commit/44ffe071658f5ac609fe8d3b967e8dba93abc819""><code>44ffe07</code></a> Merge pull request <a href=""https://redirect.github.com/pytest-dev/pytest/issues/11837"">#11837</a> from pytest-dev/backport-11836-to-8.0.x</li>
<li><a href=""https://github.com/pytest-dev/pytest/commit/14ecb049732bed4dc913e2da55c616882432c978""><code>14ecb04</code></a> [8.0.x] testing: temporarily disable test due to hypothesis issue</li>
<li><a href=""https://github.com/pytest-dev/pytest/commit/41c8dabee3c40a5d363bf03a3ca2370ee27cbcd0""><code>41c8dab</code></a> Merge pull request <a href=""https://redirect.github.com/pytest-dev/pytest/issues/11831"">#11831</a> from bluetech/backport-11825-to-8.0.x</li>
<li>Additional commits viewable in <a href=""https://github.com/pytest-dev/pytest/compare/7.4.4...8.0.0"">compare view</a></li>
</ul>
</details>
<br />

Updates `python-dotenv` from 1.0.0 to 1.0.1
<details>
<summary>Release notes</summary>
<p><em>Sourced from <a href=""https://github.com/theskumar/python-dotenv/releases"">python-dotenv's releases</a>.</em></p>
<blockquote>
<h2>v1.0.1</h2>
<h2>What's Changed</h2>
<ul>
<li>FIx year in release date in changelog.md by <a href=""https://github.com/jankislinger""><code>@​jankislinger</code></a> in <a href=""https://redirect.github.com/theskumar/python-dotenv/pull/453"">theskumar/python-dotenv#453</a></li>
<li>Gracefully handle code which has been imported from a zipfile by <a href=""https://github.com/samwyma""><code>@​samwyma</code></a> in <a href=""https://redirect.github.com/theskumar/python-dotenv/pull/456"">theskumar/python-dotenv#456</a></li>
<li>Use pathlib.Path in tests by <a href=""https://github.com/eumiro""><code>@​eumiro</code></a> in <a href=""https://redirect.github.com/theskumar/python-dotenv/pull/466"">theskumar/python-dotenv#466</a></li>
<li>fixes <a href=""https://redirect.github.com/theskumar/python-dotenv/issues/473"">#473</a> Use https in README links by <a href=""https://github.com/Nicals""><code>@​Nicals</code></a> in <a href=""https://redirect.github.com/theskumar/python-dotenv/pull/474"">theskumar/python-dotenv#474</a></li>
<li>Allow modules using load_dotenv to be reloaded when launched in a separate thread by <a href=""https://github.com/freddyaboulton""><code>@​freddyaboulton</code></a> in <a href=""https://redirect.github.com/theskumar/python-dotenv/pull/497"">theskumar/python-dotenv#497</a></li>
<li>Fix error handling in the rewrite function by <a href=""https://github.com/Qwerty-133""><code>@​Qwerty-133</code></a> in <a href=""https://redirect.github.com/theskumar/python-dotenv/pull/468"">theskumar/python-dotenv#468</a></li>
<li>Add python 3.12 and pypy3.10 to test suite by <a href=""https://github.com/theskumar""><code>@​theskumar</code></a> in <a href=""https://redirect.github.com/theskumar/python-dotenv/pull/498"">theskumar/python-dotenv#498</a></li>
</ul>
<h2>New Contributors</h2>
<ul>
<li><a href=""https://github.com/jankislinger""><code>@​jankislinger</code></a> made their first contribution in <a href=""https://redirect.github.com/theskumar/python-dotenv/pull/453"">theskumar/python-dotenv#453</a></li>
<li><a href=""https://github.com/samwyma""><code>@​samwyma</code></a> made their first contribution in <a href=""https://redirect.github.com/theskumar/python-dotenv/pull/456"">theskumar/python-dotenv#456</a></li>
<li><a href=""https://github.com/eumiro""><code>@​eumiro</code></a> made their first contribution in <a href=""https://redirect.github.com/theskumar/python-dotenv/pull/466"">theskumar/python-dotenv#466</a></li>
<li><a href=""https://github.com/Nicals""><code>@​Nicals</code></a> made their first contribution in <a href=""https://redirect.github.com/theskumar/python-dotenv/pull/474"">theskumar/python-dotenv#474</a></li>
<li><a href=""https://github.com/freddyaboulton""><code>@​freddyaboulton</code></a> made their first contribution in <a href=""https://redirect.github.com/theskumar/python-dotenv/pull/497"">theskumar/python-dotenv#497</a></li>
<li><a href=""https://github.com/Qwerty-133""><code>@​Qwerty-133</code></a> made their first contribution in <a href=""https://redirect.github.com/theskumar/python-dotenv/pull/468"">theskumar/python-dotenv#468</a></li>
</ul>
<p><strong>Full Changelog</strong>: <a href=""https://github.com/theskumar/python-dotenv/compare/v1.0.0...v1.0.1"">https://github.com/theskumar/python-dotenv/compare/v1.0.0...v1.0.1</a></p>
</blockquote>
</details>
<details>
<summary>Changelog</summary>
<p><em>Sourced from <a href=""https://github.com/theskumar/python-dotenv/blob/main/CHANGELOG.md"">python-dotenv's changelog</a>.</em></p>
<blockquote>
<h2>[1.0.1] - 2024-01-23</h2>
<p><strong>Fixed</strong></p>
<ul>
<li>Gracefully handle code which has been imported from a zipfile (<a href=""https://redirect.github.com/theskumar/python-dotenv/issues/456"">#456</a> by [<a href=""https://github.com/samwyma""><code>@​samwyma</code></a>])</li>
<li>Allow modules using load_dotenv to be reloaded when launched in a separate thread (<a href=""https://redirect.github.com/theskumar/python-dotenv/issues/497"">#497</a> by [<a href=""https://github.com/freddyaboulton""><code>@​freddyaboulton</code></a>])</li>
<li>Fix file not closed after deletion, handle error in the rewrite function (<a href=""https://redirect.github.com/theskumar/python-dotenv/issues/469"">#469</a> by [<a href=""https://github.com/Qwerty-133""><code>@​Qwerty-133</code></a>])</li>
</ul>
<p><strong>Misc</strong></p>
<ul>
<li>Use pathlib.Path in tests (<a href=""https://redirect.github.com/theskumar/python-dotenv/issues/466"">#466</a> by [<a href=""https://github.com/eumiro""><code>@​eumiro</code></a>])</li>
<li>Fix year in release date in changelog.md (<a href=""https://redirect.github.com/theskumar/python-dotenv/issues/454"">#454</a> by [<a href=""https://github.com/jankislinger""><code>@​jankislinger</code></a>])</li>
<li>Use https in README links (<a href=""https://redirect.github.com/theskumar/python-dotenv/issues/474"">#474</a> by [<a href=""https://github.com/Nicals""><code>@​Nicals</code></a>])</li>
</ul>
</blockquote>
</details>
<details>
<summary>Commits</summary>
<ul>
<li><a href=""https://github.com/theskumar/python-dotenv/commit/d6c0b9638349a7dd605d60ee555ff60421c1a594""><code>d6c0b96</code></a> Bumpversion 1.0.0 -&gt; 1.0.1</li>
<li><a href=""https://github.com/theskumar/python-dotenv/commit/42dc08664bc7cef185a139137a39126a030f272c""><code>42dc086</code></a> Update changelog for 1.0.1</li>
<li><a href=""https://github.com/theskumar/python-dotenv/commit/b1eebbaaab2cf3e1c48fa5c7ad88cfb00e4b5e54""><code>b1eebba</code></a> Add python 3.12 and pypy3.10 to test runner</li>
<li><a href=""https://github.com/theskumar/python-dotenv/commit/6ff139147559eff4d124c038ec5a4b60ffcf3033""><code>6ff1391</code></a> Fix temporary file is deleted before closing, in the rewrite function (<a href=""https://redirect.github.com/theskumar/python-dotenv/issues/468"">#468</a>)</li>
<li><a href=""https://github.com/theskumar/python-dotenv/commit/0b94ac0822241eb526828cf506048fb0525d5c38""><code>0b94ac0</code></a> Allow modules using load_dotenv to be reloaded when launched in a separate th...</li>
<li><a href=""https://github.com/theskumar/python-dotenv/commit/3ffcef60d10813b72ecf85d5941d51b0207cd40e""><code>3ffcef6</code></a> Use https in README links (<a href=""https://redirect.github.com/theskumar/python-dotenv/issues/474"">#474</a>)</li>
<li><a href=""https://github.com/theskumar/python-dotenv/commit/be96be259c7eaf687360367de53e5e099aea48df""><code>be96be2</code></a> Use pathlib.Path in tests (<a href=""https://redirect.github.com/theskumar/python-dotenv/issues/466"">#466</a>)</li>
<li><a href=""https://github.com/theskumar/python-dotenv/commit/137bc3dc0b8cf3d417a1e800c4065c526e3fb96a""><code>137bc3d</code></a> Gracefully handle code which has been imported from a zipfile (<a href=""https://redirect.github.com/theskumar/python-dotenv/issues/456"">#456</a>)</li>
<li><a href=""https://github.com/theskumar/python-dotenv/commit/dd1af684f2586d2c2fdd722f9c45d3212e1e4e59""><code>dd1af68</code></a> FIx year in release in changelog (<a href=""https://redirect.github.com/theskumar/python-dotenv/issues/453"">#453</a>)</li>
<li>See full diff in <a href=""https://github.com/theskumar/python-dotenv/compare/v1.0.0...v1.0.1"">compare view</a></li>
</ul>
</details>
<br />

Updates `tox` from 4.12.0 to 4.12.1
<details>
<summary>Release notes</summary>
<p><em>Sourced from <a href=""https://github.com/tox-dev/tox/releases"">tox's releases</a>.</em></p>
<blockquote>
<h2>4.12.1</h2>
<!-- raw HTML omitted -->
<h2>What's Changed</h2>
<ul>
<li>Fix tox version requirement in docs by <a href=""https://github.com/Viicos""><code>@​Viicos</code></a> in <a href=""https://redirect.github.com/tox-dev/tox/pull/3184"">tox-dev/tox#3184</a></li>
<li><a href=""https://redirect.github.com/tox-dev/tox/issues/3165"">#3165</a> fixed Tox failing with --installpkg and multi testenvs by <a href=""https://github.com/Stefanhg""><code>@​Stefanhg</code></a> in <a href=""https://redirect.github.com/tox-dev/tox/pull/3186"">tox-dev/tox#3186</a></li>
</ul>
<h2>New Contributors</h2>
<ul>
<li><a href=""https://github.com/Viicos""><code>@​Viicos</code></a> made their first contribution in <a href=""https://redirect.github.com/tox-dev/tox/pull/3184"">tox-dev/tox#3184</a></li>
</ul>
<p><strong>Full Changelog</strong>: <a href=""https://github.com/tox-dev/tox/compare/4.12.0...4.12.1"">https://github.com/tox-dev/tox/compare/4.12.0...4.12.1</a></p>
</blockquote>
</details>
<details>
<summary>Changelog</summary>
<p><em>Sourced from <a href=""https://github.com/tox-dev/tox/blob/main/docs/changelog.rst"">tox's changelog</a>.</em></p>
<blockquote>
<h2>v4.12.1 (2024-01-16)</h2>
<p>Bugfixes - 4.12.1</p>
<pre><code>- Fixed bug where running with --installpkg and multiple envs could not clean up between tests (:issue:`3165`)
</code></pre>
</blockquote>
</details>
<details>
<summary>Commits</summary>
<ul>
<li><a href=""https://github.com/tox-dev/tox/commit/8eaf09f2e7d38c056819009a36f204d2c36d6981""><code>8eaf09f</code></a> release 4.12.1</li>
<li><a href=""https://github.com/tox-dev/tox/commit/37b11d4636d184affa1f71c7454844b5c9cbc02b""><code>37b11d4</code></a> <a href=""https://redirect.github.com/tox-dev/tox/issues/3165"">#3165</a> fixed Tox failing with --installpkg and multi testenvs (<a href=""https://redirect.github.com/tox-dev/tox/issues/3186"">#3186</a>)</li>
<li><a href=""https://github.com/tox-dev/tox/commit/fa390ce3ed99e3d7c27f0a82396aaa17ec25d611""><code>fa390ce</code></a> [pre-commit.ci] pre-commit autoupdate (<a href=""https://redirect.github.com/tox-dev/tox/issues/3185"">#3185</a>)</li>
<li><a href=""https://github.com/tox-dev/tox/commit/3b403bca2bf397e3eee14140739a10fcf242df76""><code>3b403bc</code></a> Fix tox version requirement in docs (<a href=""https://redirect.github.com/tox-dev/tox/issues/3184"">#3184</a>)</li>
<li>See full diff in <a href=""https://github.com/tox-dev/tox/compare/4.12.0...4.12.1"">compare view</a></li>
</ul>
</details>
<br />


Dependabot will resolve any conflicts with this PR as long as you don't alter it yourself. You can also trigger a rebase manually by commenting `@dependabot rebase`.

[//]: # (dependabot-automerge-start)
[//]: # (dependabot-automerge-end)

---

<details>
<summary>Dependabot commands and options</summary>
<br />

You can trigger Dependabot actions by commenting on this PR:
- `@dependabot rebase` will rebase this PR
- `@dependabot recreate` will recreate this PR, overwriting any edits that have been made to it
- `@dependabot merge` will merge this PR after your CI passes on it
- `@dependabot squash and merge` will squash and merge this PR after your CI passes on it
- `@dependabot cancel merge` will cancel a previously requested merge and block automerging
- `@dependabot reopen` will reopen this PR if it is closed
- `@dependabot close` will close this PR and stop Dependabot recreating it. You can achieve the same result by closing it manually
- `@dependabot show <dependency name> ignore conditions` will show all of the ignore conditions of the specified dependency
- `@dependabot ignore <dependency name> major version` will close this group update PR and stop Dependabot creating any more for the specific dependency's major version (unless you unignore this specific dependency's major version or upgrade to it yourself)
- `@dependabot ignore <dependency name> minor version` will close this group update PR and stop Dependabot creating any more for the specific dependency's minor version (unless you unignore this specific dependency's minor version or upgrade to it yourself)
- `@dependabot ignore <dependency name>` will close this group update PR and stop Dependabot creating any more for the specific dependency (unless you unignore this specific dependency or upgrade to it yourself)
- `@dependabot unignore <dependency name>` will remove all of the ignore conditions of the specified dependency
- `@dependabot unignore <dependency name> <ignore condition>` will remove the ignore condition of the specified dependency and ignore conditions


</details>",https://github.com/pallets/flask/pull/5401,dependabot[bot],CONTRIBUTOR,closed,False,main,dependabot/pip/requirements/python-requirements-7a145cfc15,2024-02-01 15:41:58+00:00,2024-02-18 00:06:24+00:00,2024-02-03 15:40:28+00:00,2024-02-03 15:40:28+00:00,1,47.975,47.975,12,12,24,4,1,66,30481,2167,"['dependencies', 'python']",2,[],0,4,0,0,0,0,0,4,0,0,False,False,False,False,Merged,2024-Q1,2024-01-01,2024-03-31,Merged,True,False,False,False,False,False,True,False,False,True,True,False,False,False,False,False,False,False,False,False,3,True,1,Merged,10.324891624445796,7.681560362559537,2.5649493574615367,2.5649493574615367,3.218875824868201,1.6094379124341005,0.6931471805599453,True,True,False,True,6.0,0.5,False,False,Small,2024,2,1,3,15,False,Thursday,Previous contributor,1,0,0,0,validation
pallets/flask,5403,release version 3.0.2,,https://github.com/pallets/flask/pull/5403,davidism,MEMBER,closed,False,3.0.x,release-3.0.2,2024-02-03 21:02:49+00:00,2024-02-18 00:06:20+00:00,2024-02-03 21:12:15+00:00,2024-02-03 21:12:15+00:00,1,0.1572222222222222,0.1572222222222222,2,2,4,2,1,21,0,0,[],0,[],0,2,0,1,1,0,0,2,0,0,False,True,True,False,Merged,2024-Q1,2024-01-01,2024-03-31,Merged,True,False,False,True,False,False,False,False,False,False,False,False,False,False,False,False,False,False,False,False,1,True,1,Merged,0.0,0.0,1.0986122886681098,1.0986122886681098,1.6094379124341005,1.0986122886681098,0.6931471805599453,False,False,False,False,2.0,0.5,False,False,Very small,2024,2,1,5,21,True,Saturday,Internal or trusted,0,0,0,0,validation
pallets/flask,5423,Use per-release URLs in GH env UI when publishing to the PyPI,"This essentially, makes the UI nicer in a few places with a clickable link to the released version being presented in the web interface of GitHub.",https://github.com/pallets/flask/pull/5423,webknjaz,CONTRIBUTOR,closed,False,main,patch-1,2024-02-27 00:25:19+00:00,2024-04-22 00:06:50+00:00,2024-04-06 23:17:13+00:00,2024-04-06 23:17:13+00:00,1,958.865,958.865,5,3,8,1,1,61,146,26,[],0,[],0,1,0,0,1,0,0,1,0,0,False,False,True,False,Merged,2024-Q1,2024-01-01,2024-03-31,Merged,True,False,True,True,False,False,False,False,False,False,False,False,False,False,False,False,False,False,False,False,2,True,1,Merged,4.990432586778736,3.295836866004329,1.791759469228055,1.3862943611198906,2.19722457733622,0.6931471805599453,0.6931471805599453,True,False,False,False,8.0,0.375,False,False,Very small,2024,2,1,1,0,False,Tuesday,Previous contributor,1,1,1,1,validation
pallets/flask,5457,update project files,General update to project files to match other more recently updated projects.,https://github.com/pallets/flask/pull/5457,davidism,MEMBER,closed,False,3.0.x,refresh,2024-04-07 00:22:58+00:00,2024-04-24 00:06:00+00:00,2024-04-07 17:24:40+00:00,2024-04-07 17:24:40+00:00,1,17.028333333333332,17.028333333333332,377,317,694,35,20,20,78,12,[],0,[],0,35,2,9,9,2,1,30,2,2,True,True,True,True,Merged,2024-Q2,2024-04-01,2024-06-30,Merged,True,True,False,True,True,True,True,True,True,False,False,True,True,True,True,True,True,False,False,False,13,True,1,Merged,4.3694478524670215,2.5649493574615367,5.934894195619588,5.762051382780177,6.543911845564792,3.58351893845611,3.044522437723423,True,False,False,False,19.82857142857143,0.4567723342939481,False,True,Very large,2024,4,2,6,0,True,Sunday,Internal or trusted,0,0,0,0,validation
pallets/flask,5460,support FIPS builds without SHA-1,"`hashlib.sha1` may not be available in some FIPS builds that go beyond what FIPS requires into what it recommends. Apparently some RedHat containers do this. We don't want to change the default, but now it is accessed lazily so that it fails at runtime rather than at import time. This way, the developer has time after importing to change the default before using.

fixes #5448 ",https://github.com/pallets/flask/pull/5460,davidism,MEMBER,closed,False,3.0.x,fips-sha1,2024-04-07 18:36:22+00:00,2024-04-22 00:06:45+00:00,2024-04-07 18:42:24+00:00,2024-04-07 18:42:24+00:00,1,0.1005555555555555,0.1005555555555555,13,1,14,2,1,33,380,65,[],0,[],0,2,0,1,0,1,0,2,0,0,False,True,False,True,Merged,2024-Q2,2024-04-01,2024-06-30,Merged,True,False,False,False,False,False,False,False,False,False,False,False,False,False,True,False,False,False,False,False,1,True,1,Merged,5.942799375126701,4.189654742026425,2.6390573296152584,0.6931471805599453,2.70805020110221,1.0986122886681098,0.6931471805599453,True,True,False,False,7.0,0.0714285714285714,False,False,Small,2024,4,2,6,18,True,Sunday,Internal or trusted,0,0,0,0,validation
pallets/flask,5464,`SESSION_COOKIE_DOMAIN` caveat documentation,"This details competing session cookies situations after `SESSION_COOKIE_DOMAIN` changes, and fixes #5462.
I tried to stay concise. I hope this is easy to understand.",https://github.com/pallets/flask/pull/5464,azmeuk,CONTRIBUTOR,closed,False,3.0.x,issue-5462-session-cookie-domain-doc,2024-04-15 16:35:07+00:00,2024-06-14 00:06:27+00:00,2024-05-25 17:27:04+00:00,2024-05-25 17:27:04+00:00,1,960.8658333333332,960.8658333333332,6,0,6,1,1,44,166,24,[],0,[],0,1,0,1,0,0,0,1,0,0,False,True,False,False,Merged,2024-Q2,2024-04-01,2024-06-30,Merged,True,False,True,False,False,False,False,False,False,False,False,False,False,False,False,False,False,False,False,False,1,True,1,Merged,5.117993812416755,3.218875824868201,1.9459101490553128,0.0,1.9459101490553128,0.6931471805599453,0.6931471805599453,True,False,False,False,6.0,0.0,False,False,Very small,2024,4,2,0,16,False,Monday,Previous contributor,1,1,1,1,validation
pallets/flask,5470,Bump the github-actions group across 1 directory with 4 updates,"Bumps the github-actions group with 4 updates in the / directory: [actions/checkout](https://github.com/actions/checkout), [actions/upload-artifact](https://github.com/actions/upload-artifact), [slsa-framework/slsa-github-generator](https://github.com/slsa-framework/slsa-github-generator) and [actions/download-artifact](https://github.com/actions/download-artifact).

Updates `actions/checkout` from 4.1.2 to 4.1.3
<details>
<summary>Release notes</summary>
<p><em>Sourced from <a href=""https://github.com/actions/checkout/releases"">actions/checkout's releases</a>.</em></p>
<blockquote>
<h2>v4.1.3</h2>
<h2>What's Changed</h2>
<ul>
<li>Update <code>actions/checkout</code> version in <code>update-main-version.yml</code> by <a href=""https://github.com/jww3""><code>@​jww3</code></a> in <a href=""https://redirect.github.com/actions/checkout/pull/1650"">actions/checkout#1650</a></li>
<li>Check git version before attempting to disable <code>sparse-checkout</code> by <a href=""https://github.com/jww3""><code>@​jww3</code></a> in <a href=""https://redirect.github.com/actions/checkout/pull/1656"">actions/checkout#1656</a></li>
<li>Add SSH user parameter by <a href=""https://github.com/cory-miller""><code>@​cory-miller</code></a> in <a href=""https://redirect.github.com/actions/checkout/pull/1685"">actions/checkout#1685</a></li>
</ul>
<p><strong>Full Changelog</strong>: <a href=""https://github.com/actions/checkout/compare/v4.1.2...v4.1.3"">https://github.com/actions/checkout/compare/v4.1.2...v4.1.3</a></p>
</blockquote>
</details>
<details>
<summary>Commits</summary>
<ul>
<li><a href=""https://github.com/actions/checkout/commit/1d96c772d19495a3b5c517cd2bc0cb401ea0529f""><code>1d96c77</code></a> Add SSH user parameter (<a href=""https://redirect.github.com/actions/checkout/issues/1685"">#1685</a>)</li>
<li><a href=""https://github.com/actions/checkout/commit/cd7d8d697e10461458bc61a30d094dc601a8b017""><code>cd7d8d6</code></a> Check git version before attempting to disable <code>sparse-checkout</code> (<a href=""https://redirect.github.com/actions/checkout/issues/1656"">#1656</a>)</li>
<li><a href=""https://github.com/actions/checkout/commit/8410ad0602e1e429cee44a835ae9f77f654a6694""><code>8410ad0</code></a> Update <code>actions/checkout</code> version in <code>update-main-version.yml</code> (<a href=""https://redirect.github.com/actions/checkout/issues/1650"">#1650</a>)</li>
<li>See full diff in <a href=""https://github.com/actions/checkout/compare/9bb56186c3b09b4f86b1c65136769dd318469633...1d96c772d19495a3b5c517cd2bc0cb401ea0529f"">compare view</a></li>
</ul>
</details>
<br />

Updates `actions/upload-artifact` from 3.1.3 to 4.3.3
<details>
<summary>Release notes</summary>
<p><em>Sourced from <a href=""https://github.com/actions/upload-artifact/releases"">actions/upload-artifact's releases</a>.</em></p>
<blockquote>
<h2>v4.3.3</h2>
<h2>What's Changed</h2>
<ul>
<li>updating <code>@actions/artifact</code> dependency to v2.1.6 by <a href=""https://github.com/eggyhead""><code>@​eggyhead</code></a> in <a href=""https://redirect.github.com/actions/upload-artifact/pull/565"">actions/upload-artifact#565</a></li>
</ul>
<p><strong>Full Changelog</strong>: <a href=""https://github.com/actions/upload-artifact/compare/v4.3.2...v4.3.3"">https://github.com/actions/upload-artifact/compare/v4.3.2...v4.3.3</a></p>
<h2>v4.3.2</h2>
<h2>What's Changed</h2>
<ul>
<li>Update release-new-action-version.yml by <a href=""https://github.com/konradpabjan""><code>@​konradpabjan</code></a> in <a href=""https://redirect.github.com/actions/upload-artifact/pull/516"">actions/upload-artifact#516</a></li>
<li>Minor fix to the migration readme by <a href=""https://github.com/andrewakim""><code>@​andrewakim</code></a> in <a href=""https://redirect.github.com/actions/upload-artifact/pull/523"">actions/upload-artifact#523</a></li>
<li>Update readme with v3/v2/v1 deprecation notice by <a href=""https://github.com/robherley""><code>@​robherley</code></a> in <a href=""https://redirect.github.com/actions/upload-artifact/pull/561"">actions/upload-artifact#561</a></li>
<li>updating <code>@actions/artifact</code> dependency to v2.1.5 and <code>@actions/core</code> to v1.0.1 by <a href=""https://github.com/eggyhead""><code>@​eggyhead</code></a> in <a href=""https://redirect.github.com/actions/upload-artifact/pull/562"">actions/upload-artifact#562</a></li>
</ul>
<h2>New Contributors</h2>
<ul>
<li><a href=""https://github.com/andrewakim""><code>@​andrewakim</code></a> made their first contribution in <a href=""https://redirect.github.com/actions/upload-artifact/pull/523"">actions/upload-artifact#523</a></li>
</ul>
<p><strong>Full Changelog</strong>: <a href=""https://github.com/actions/upload-artifact/compare/v4.3.1...v4.3.2"">https://github.com/actions/upload-artifact/compare/v4.3.1...v4.3.2</a></p>
<h2>v4.3.1</h2>
<ul>
<li>Bump <code>@​actions/artifacts</code> to latest version to include <a href=""https://redirect.github.com/actions/toolkit/pull/1648"">updated GHES host check</a></li>
</ul>
<h2>v4.3.0</h2>
<h2>What's Changed</h2>
<ul>
<li>Reorganize upload code in prep for merge logic &amp; add more tests by <a href=""https://github.com/robherley""><code>@​robherley</code></a> in <a href=""https://redirect.github.com/actions/upload-artifact/pull/504"">actions/upload-artifact#504</a></li>
<li>Add sub-action to merge artifacts by <a href=""https://github.com/robherley""><code>@​robherley</code></a> in <a href=""https://redirect.github.com/actions/upload-artifact/pull/505"">actions/upload-artifact#505</a></li>
</ul>
<p><strong>Full Changelog</strong>: <a href=""https://github.com/actions/upload-artifact/compare/v4...v4.3.0"">https://github.com/actions/upload-artifact/compare/v4...v4.3.0</a></p>
<h2>v4.2.0</h2>
<h2>What's Changed</h2>
<ul>
<li>Ability to overwrite an Artifact by <a href=""https://github.com/robherley""><code>@​robherley</code></a> in <a href=""https://redirect.github.com/actions/upload-artifact/pull/501"">actions/upload-artifact#501</a></li>
</ul>
<p><strong>Full Changelog</strong>: <a href=""https://github.com/actions/upload-artifact/compare/v4...v4.2.0"">https://github.com/actions/upload-artifact/compare/v4...v4.2.0</a></p>
<h2>v4.1.0</h2>
<h2>What's Changed</h2>
<ul>
<li>Add migrations docs by <a href=""https://github.com/robherley""><code>@​robherley</code></a> in <a href=""https://redirect.github.com/actions/upload-artifact/pull/482"">actions/upload-artifact#482</a></li>
<li>Update README.md by <a href=""https://github.com/samuelwine""><code>@​samuelwine</code></a> in <a href=""https://redirect.github.com/actions/upload-artifact/pull/492"">actions/upload-artifact#492</a></li>
<li>Support artifact-url output by <a href=""https://github.com/konradpabjan""><code>@​konradpabjan</code></a> in <a href=""https://redirect.github.com/actions/upload-artifact/pull/496"">actions/upload-artifact#496</a></li>
<li>Update readme to reflect new 500 artifact per job limit by <a href=""https://github.com/robherley""><code>@​robherley</code></a> in <a href=""https://redirect.github.com/actions/upload-artifact/pull/497"">actions/upload-artifact#497</a></li>
</ul>
<h2>New Contributors</h2>
<ul>
<li><a href=""https://github.com/samuelwine""><code>@​samuelwine</code></a> made their first contribution in <a href=""https://redirect.github.com/actions/upload-artifact/pull/492"">actions/upload-artifact#492</a></li>
</ul>
<p><strong>Full Changelog</strong>: <a href=""https://github.com/actions/upload-artifact/compare/v4...v4.1.0"">https://github.com/actions/upload-artifact/compare/v4...v4.1.0</a></p>
<h2>v4.0.0</h2>
<!-- raw HTML omitted -->
</blockquote>
<p>... (truncated)</p>
</details>
<details>
<summary>Commits</summary>
<ul>
<li><a href=""https://github.com/actions/upload-artifact/commit/65462800fd760344b1a7b4382951275a0abb4808""><code>6546280</code></a> updating package version</li>
<li><a href=""https://github.com/actions/upload-artifact/commit/c004fb4bf6b1e87680ce1b219a3ad0b8e5dfb7ec""><code>c004fb4</code></a> Merge branch 'main' into eggyhead/use-artifact-v2.1.6</li>
<li><a href=""https://github.com/actions/upload-artifact/commit/90aba496fcaa311fd7e784d55e568deabe0fa288""><code>90aba49</code></a> updating toolkit artifact dependency to 2.1.6</li>
<li><a href=""https://github.com/actions/upload-artifact/commit/b06cde36fc32a3ee94080e87258567f73f921537""><code>b06cde3</code></a> Merge pull request <a href=""https://redirect.github.com/actions/upload-artifact/issues/563"">#563</a> from actions/eggyhead/release-4.3.2</li>
<li><a href=""https://github.com/actions/upload-artifact/commit/1746f4ab65b179e0ea60a494b83293b640dd5bba""><code>1746f4a</code></a> Revert &quot;updating to release 4.3.2&quot;</li>
<li><a href=""https://github.com/actions/upload-artifact/commit/31685d04a0d6557fe2be4174c3ea69ee4cbfa6bb""><code>31685d0</code></a> updating to release 4.3.2</li>
<li><a href=""https://github.com/actions/upload-artifact/commit/18bf333cd2249fbbbdb605fd9d9ed57efd7adf34""><code>18bf333</code></a> Merge pull request <a href=""https://redirect.github.com/actions/upload-artifact/issues/562"">#562</a> from actions/eggyhead/update-artifact-v215</li>
<li><a href=""https://github.com/actions/upload-artifact/commit/dac413befa086181ab17cf3db942667aede55e0d""><code>dac413b</code></a> update package lock version</li>
<li><a href=""https://github.com/actions/upload-artifact/commit/bb3b4a3cdbef901e2e185ca492d513e798fd1b9f""><code>bb3b4a3</code></a> updating package version</li>
<li><a href=""https://github.com/actions/upload-artifact/commit/3e3da837d2a1e030e44fe2bb5c4b9f63c25f33e3""><code>3e3da83</code></a> updating artifact and core dependencies</li>
<li>Additional commits viewable in <a href=""https://github.com/actions/upload-artifact/compare/a8a3f3ad30e3422c9c7b888a15615d19a852ae32...65462800fd760344b1a7b4382951275a0abb4808"">compare view</a></li>
</ul>
</details>
<br />

Updates `slsa-framework/slsa-github-generator` from 1.10.0 to 2.0.0
<details>
<summary>Release notes</summary>
<p><em>Sourced from <a href=""https://github.com/slsa-framework/slsa-github-generator/releases"">slsa-framework/slsa-github-generator's releases</a>.</em></p>
<blockquote>
<h2>v2.0.0</h2>
<p>See the <a href=""https://github.com/slsa-framework/slsa-github-generator/blob/HEAD/CHANGELOG.md"">CHANGELOG</a> for details.</p>
<h2>v2.0.0-rc.0</h2>
<p>See the <a href=""https://github.com/slsa-framework/slsa-github-generator/blob/HEAD/CHANGELOG.md"">CHANGELOG</a> for details.</p>
</blockquote>
</details>
<details>
<summary>Changelog</summary>
<p><em>Sourced from <a href=""https://github.com/slsa-framework/slsa-github-generator/blob/main/CHANGELOG.md"">slsa-framework/slsa-github-generator's changelog</a>.</em></p>
<blockquote>
<h2>v2.0.0</h2>
<h3>v2.0.0: Breaking Change: upload-artifact and download-artifact</h3>
<ul>
<li>Our workflows now use the new <code>@v4</code>s of <code>actions/upload-artifact</code> and <code>actions/download-artifact</code>, which are incompatiblle with the prior <code>@v3</code>. See Our docs on the <a href=""https://github.com/slsa-framework/slsa-github-generator/blob/main/internal/builders/generic/README.md#compatibility-with-actionsdownload-artifact"">generic generator</a> for more information and how to upgrade.</li>
</ul>
<h3>v2.0.0: Breaking Change: attestation-name Workflow Input and Output</h3>
<ul>
<li><code>attestation-name</code> as a workflow input to <code>.github/workflows/generator_generic_slsa3.yml</code> is now removed. Use <code>provenance-name</code> instead.</li>
</ul>
<h3>v2.0.0: DSSE Rekor Type</h3>
<ul>
<li>When uploading signed provenance to the log, the entry created in the log is now
a DSSE Rekor type. This fixes a bug where the current intoto type does not
persist provenance signatures. The attestation will no longer be persisted
in Rekor (<a href=""https://redirect.github.com/slsa-framework/slsa-github-generator/issues/3299"">#3299</a>)</li>
</ul>
</blockquote>
</details>
<details>
<summary>Commits</summary>
<ul>
<li><a href=""https://github.com/slsa-framework/slsa-github-generator/commit/5a775b367a56d5bd118a224a811bba288150a563""><code>5a775b3</code></a> chore: v2.0.0: update tags (<a href=""https://redirect.github.com/slsa-framework/slsa-github-generator/issues/3583"">#3583</a>)</li>
<li><a href=""https://github.com/slsa-framework/slsa-github-generator/commit/41733f74c025cc6d156547121989dd50fbc92364""><code>41733f7</code></a> chore: v2.0.0-rc.0: update tags (<a href=""https://redirect.github.com/slsa-framework/slsa-github-generator/issues/3578"">#3578</a>)</li>
<li><a href=""https://github.com/slsa-framework/slsa-github-generator/commit/3789345176c808c7a10e049021fce712d8a0c8b7""><code>3789345</code></a> docs: v.2.0.0: finalize CHANGELOG.md (<a href=""https://redirect.github.com/slsa-framework/slsa-github-generator/issues/3577"">#3577</a>)</li>
<li><a href=""https://github.com/slsa-framework/slsa-github-generator/commit/02fc78b979e15ee621875039cb550e5b454b0955""><code>02fc78b</code></a> fix: deadlock and improve debugging experience (<a href=""https://redirect.github.com/slsa-framework/slsa-github-generator/issues/3570"">#3570</a>)</li>
<li><a href=""https://github.com/slsa-framework/slsa-github-generator/commit/4534a0b24500dfdd11685f2950cba9a35086c4d2""><code>4534a0b</code></a> break: Revert &quot;chore: Revert &quot;fix: upload-artifact and download-artifact v4&quot;&quot;...</li>
<li><a href=""https://github.com/slsa-framework/slsa-github-generator/commit/e8c2dcff94b830dfe6897c48b7218c85fe6f3eb3""><code>e8c2dcf</code></a> fix(deps): Update Sigstore Dep to Sigstore 2.2.2 (<a href=""https://redirect.github.com/slsa-framework/slsa-github-generator/issues/3491"">#3491</a>)</li>
<li><a href=""https://github.com/slsa-framework/slsa-github-generator/commit/2512315f2272b7cde8e609d26a55807593c8dc68""><code>2512315</code></a> feat(breaking): remove attestation-name input and output (<a href=""https://redirect.github.com/slsa-framework/slsa-github-generator/issues/3456"">#3456</a>)</li>
<li><a href=""https://github.com/slsa-framework/slsa-github-generator/commit/4fbc6a9e127dff1c59d860d84c0234d1b5e3a3e3""><code>4fbc6a9</code></a> chore: add ramonpetgrave64 to CODEOWNERS (<a href=""https://redirect.github.com/slsa-framework/slsa-github-generator/issues/3490"">#3490</a>)</li>
<li><a href=""https://github.com/slsa-framework/slsa-github-generator/commit/8869c8a5155fcf554f5bc8dfa4ac3cae624d8513""><code>8869c8a</code></a> fix: Switch to newer DSSE rekor type (<a href=""https://redirect.github.com/slsa-framework/slsa-github-generator/issues/3299"">#3299</a>)</li>
<li><a href=""https://github.com/slsa-framework/slsa-github-generator/commit/9d81ca7164fc7ec1291ec266552f37bbb9099c6b""><code>9d81ca7</code></a> chore: Update slsa-verifier version (<a href=""https://redirect.github.com/slsa-framework/slsa-github-generator/issues/3454"">#3454</a>)</li>
<li>Additional commits viewable in <a href=""https://github.com/slsa-framework/slsa-github-generator/compare/v1.10.0...v2.0.0"">compare view</a></li>
</ul>
</details>
<br />

Updates `actions/download-artifact` from 3.0.2 to 4.1.6
<details>
<summary>Release notes</summary>
<p><em>Sourced from <a href=""https://github.com/actions/download-artifact/releases"">actions/download-artifact's releases</a>.</em></p>
<blockquote>
<h2>v4.1.6</h2>
<h2>What's Changed</h2>
<ul>
<li>updating <code>@actions/artifact</code> dependency to v2.1.6 by <a href=""https://github.com/eggyhead""><code>@​eggyhead</code></a> in <a href=""https://redirect.github.com/actions/download-artifact/pull/324"">actions/download-artifact#324</a></li>
</ul>
<p><strong>Full Changelog</strong>: <a href=""https://github.com/actions/download-artifact/compare/v4.1.5...v4.1.6"">https://github.com/actions/download-artifact/compare/v4.1.5...v4.1.6</a></p>
<h2>v4.1.5</h2>
<h2>What's Changed</h2>
<ul>
<li>Update readme with v3/v2/v1 deprecation notice by <a href=""https://github.com/robherley""><code>@​robherley</code></a> in <a href=""https://redirect.github.com/actions/download-artifact/pull/322"">actions/download-artifact#322</a></li>
<li>Update dependencies <code>@actions/core</code> to v1.10.1 and <code>@actions/artifact</code> to v2.1.5</li>
</ul>
<p><strong>Full Changelog</strong>: <a href=""https://github.com/actions/download-artifact/compare/v4.1.4...v4.1.5"">https://github.com/actions/download-artifact/compare/v4.1.4...v4.1.5</a></p>
<h2>v4.1.4</h2>
<h2>What's Changed</h2>
<ul>
<li>Update <code>@​actions/artifact</code> by <a href=""https://github.com/bethanyj28""><code>@​bethanyj28</code></a> in <a href=""https://redirect.github.com/actions/download-artifact/pull/307"">actions/download-artifact#307</a></li>
</ul>
<p><strong>Full Changelog</strong>: <a href=""https://github.com/actions/download-artifact/compare/v4...v4.1.4"">https://github.com/actions/download-artifact/compare/v4...v4.1.4</a></p>
<h2>v4.1.3</h2>
<h2>What's Changed</h2>
<ul>
<li>Update release-new-action-version.yml by <a href=""https://github.com/konradpabjan""><code>@​konradpabjan</code></a> in <a href=""https://redirect.github.com/actions/download-artifact/pull/292"">actions/download-artifact#292</a></li>
<li>Update toolkit dependency with updated unzip logic by <a href=""https://github.com/bethanyj28""><code>@​bethanyj28</code></a> in <a href=""https://redirect.github.com/actions/download-artifact/pull/299"">actions/download-artifact#299</a></li>
<li>Update <code>@​actions/artifact</code> by <a href=""https://github.com/bethanyj28""><code>@​bethanyj28</code></a> in <a href=""https://redirect.github.com/actions/download-artifact/pull/303"">actions/download-artifact#303</a></li>
</ul>
<h2>New Contributors</h2>
<ul>
<li><a href=""https://github.com/bethanyj28""><code>@​bethanyj28</code></a> made their first contribution in <a href=""https://redirect.github.com/actions/download-artifact/pull/299"">actions/download-artifact#299</a></li>
</ul>
<p><strong>Full Changelog</strong>: <a href=""https://github.com/actions/download-artifact/compare/v4...v4.1.3"">https://github.com/actions/download-artifact/compare/v4...v4.1.3</a></p>
<h2>v4.1.2</h2>
<ul>
<li>Bump <code>@​actions/artifacts</code> to latest version to include <a href=""https://redirect.github.com/actions/toolkit/pull/1648"">updated GHES host check</a></li>
</ul>
<h2>v4.1.1</h2>
<ul>
<li>Fix transient request timeouts <a href=""https://redirect.github.com/actions/download-artifact/issues/249"">actions/download-artifact#249</a></li>
<li>Bump <code>@actions/artifacts</code> to latest version</li>
</ul>
<h2>v4.1.0</h2>
<h2>What's Changed</h2>
<ul>
<li>Some cleanup by <a href=""https://github.com/robherley""><code>@​robherley</code></a> in <a href=""https://redirect.github.com/actions/download-artifact/pull/247"">actions/download-artifact#247</a></li>
<li>Fix default for run-id by <a href=""https://github.com/stchr""><code>@​stchr</code></a> in <a href=""https://redirect.github.com/actions/download-artifact/pull/252"">actions/download-artifact#252</a></li>
<li>Support pattern matching to filter artifacts &amp; merge to same directory by <a href=""https://github.com/robherley""><code>@​robherley</code></a> in <a href=""https://redirect.github.com/actions/download-artifact/pull/259"">actions/download-artifact#259</a></li>
</ul>
<h2>New Contributors</h2>
<ul>
<li><a href=""https://github.com/stchr""><code>@​stchr</code></a> made their first contribution in <a href=""https://redirect.github.com/actions/download-artifact/pull/252"">actions/download-artifact#252</a></li>
</ul>
<p><strong>Full Changelog</strong>: <a href=""https://github.com/actions/download-artifact/compare/v4...v4.1.0"">https://github.com/actions/download-artifact/compare/v4...v4.1.0</a></p>
<!-- raw HTML omitted -->
</blockquote>
<p>... (truncated)</p>
</details>
<details>
<summary>Commits</summary>
<ul>
<li><a href=""https://github.com/actions/download-artifact/commit/9c19ed7fe5d278cd354c7dfd5d3b88589c7e2395""><code>9c19ed7</code></a> Merge branch 'main' into eggyhead/use-artifact-v2.1.6</li>
<li><a href=""https://github.com/actions/download-artifact/commit/3d3ea8741ef44e86f7392b41e391bde3c36219bd""><code>3d3ea87</code></a> updating license</li>
<li><a href=""https://github.com/actions/download-artifact/commit/89af5db8211998d3ca691103a86b0b9362a94286""><code>89af5db</code></a> updating artifact package v2.1.6</li>
<li><a href=""https://github.com/actions/download-artifact/commit/b4aefff88e83a2676a730654e1ce3dce61880379""><code>b4aefff</code></a> Merge pull request <a href=""https://redirect.github.com/actions/download-artifact/issues/323"">#323</a> from actions/eggyhead/update-artifact-v215</li>
<li><a href=""https://github.com/actions/download-artifact/commit/8caf195ad4b1dee92908e23f56eeb0696f1dd42d""><code>8caf195</code></a> package lock update</li>
<li><a href=""https://github.com/actions/download-artifact/commit/d7a2ec411d177e8ca679ac5969b70be59c322700""><code>d7a2ec4</code></a> updating package version</li>
<li><a href=""https://github.com/actions/download-artifact/commit/e56a1d48ef0f0a8ad8d864416ee03b4f1ab51164""><code>e56a1d4</code></a> updating core dependency</li>
<li><a href=""https://github.com/actions/download-artifact/commit/1fcda58b3a5574619fcf6509778850ca2e4b8736""><code>1fcda58</code></a> updating core license</li>
<li><a href=""https://github.com/actions/download-artifact/commit/325a10d8b7c55aa3c81692cd880369f752a98121""><code>325a10d</code></a> updating actions dependency to v2.1.5</li>
<li><a href=""https://github.com/actions/download-artifact/commit/f8aaee4a210a18d68ebae4a0694be12377e38762""><code>f8aaee4</code></a> Merge pull request <a href=""https://redirect.github.com/actions/download-artifact/issues/322"">#322</a> from actions/robherley/deprecation-notice</li>
<li>Additional commits viewable in <a href=""https://github.com/actions/download-artifact/compare/9bc31d5ccc31df68ecc42ccf4149144866c47d8a...9c19ed7fe5d278cd354c7dfd5d3b88589c7e2395"">compare view</a></li>
</ul>
</details>
<br />


Dependabot will resolve any conflicts with this PR as long as you don't alter it yourself. You can also trigger a rebase manually by commenting `@dependabot rebase`.

[//]: # (dependabot-automerge-start)
[//]: # (dependabot-automerge-end)

---

<details>
<summary>Dependabot commands and options</summary>
<br />

You can trigger Dependabot actions by commenting on this PR:
- `@dependabot rebase` will rebase this PR
- `@dependabot recreate` will recreate this PR, overwriting any edits that have been made to it
- `@dependabot merge` will merge this PR after your CI passes on it
- `@dependabot squash and merge` will squash and merge this PR after your CI passes on it
- `@dependabot cancel merge` will cancel a previously requested merge and block automerging
- `@dependabot reopen` will reopen this PR if it is closed
- `@dependabot close` will close this PR and stop Dependabot recreating it. You can achieve the same result by closing it manually
- `@dependabot show <dependency name> ignore conditions` will show all of the ignore conditions of the specified dependency
- `@dependabot ignore <dependency name> major version` will close this group update PR and stop Dependabot creating any more for the specific dependency's major version (unless you unignore this specific dependency's major version or upgrade to it yourself)
- `@dependabot ignore <dependency name> minor version` will close this group update PR and stop Dependabot creating any more for the specific dependency's minor version (unless you unignore this specific dependency's minor version or upgrade to it yourself)
- `@dependabot ignore <dependency name>` will close this group update PR and stop Dependabot creating any more for the specific dependency (unless you unignore this specific dependency or upgrade to it yourself)
- `@dependabot unignore <dependency name>` will remove all of the ignore conditions of the specified dependency
- `@dependabot unignore <dependency name> <ignore condition>` will remove the ignore condition of the specified dependency and ignore conditions


</details>",https://github.com/pallets/flask/pull/5470,dependabot[bot],CONTRIBUTOR,closed,False,main,dependabot/github_actions/github-actions-f3e447e6bb,2024-04-23 23:42:51+00:00,2024-05-09 00:06:19+00:00,2024-04-23 23:52:13+00:00,2024-04-23 23:52:13+00:00,1,0.1561111111111111,0.1561111111111111,7,7,14,2,1,63,23755,1334,"['dependencies', 'github_actions']",2,[],0,2,0,0,2,0,0,2,0,0,False,False,True,False,Merged,2024-Q2,2024-04-01,2024-06-30,Merged,True,False,False,True,False,False,False,False,False,True,True,False,False,False,False,False,False,False,False,False,3,True,1,Merged,10.075590409135753,7.19668657083435,2.079441541679836,2.079441541679836,2.70805020110221,1.0986122886681098,0.6931471805599453,True,True,False,True,7.0,0.5,False,False,Small,2024,4,2,1,23,False,Tuesday,Previous contributor,0,0,0,0,validation
pallets/flask,5476,Bump the python-requirements group across 1 directory with 6 updates,"Bumps the python-requirements group with 6 updates in the /requirements directory:

| Package | From | To |
| --- | --- | --- |
| [cryptography](https://github.com/pyca/cryptography) | `42.0.5` | `42.0.7` |
| [mypy](https://github.com/python/mypy) | `1.9.0` | `1.10.0` |
| [pallets-sphinx-themes](https://github.com/pallets/pallets-sphinx-themes) | `2.1.2` | `2.1.3` |
| [pyright](https://github.com/RobertCraigie/pyright-python) | `1.1.359` | `1.1.361` |
| [pytest](https://github.com/pytest-dev/pytest) | `8.1.1` | `8.2.0` |
| [tox](https://github.com/tox-dev/tox) | `4.14.2` | `4.15.0` |


Updates `cryptography` from 42.0.5 to 42.0.7
<details>
<summary>Changelog</summary>
<p><em>Sourced from <a href=""https://github.com/pyca/cryptography/blob/main/CHANGELOG.rst"">cryptography's changelog</a>.</em></p>
<blockquote>
<p>42.0.7 - 2024-05-06</p>
<pre><code>
* Restored Windows 7 compatibility for our pre-built wheels. Note that we do
  not test on Windows 7 and wheels for our next release will not support it.
  Microsoft no longer provides support for Windows 7 and users are encouraged
  to upgrade.
<p>.. _v42-0-6:</p>
<p>42.0.6 - 2024-05-04
</code></pre></p>
<ul>
<li>Fixed compilation when using LibreSSL 3.9.1.</li>
</ul>
<p>.. _v42-0-5:</p>
</blockquote>
</details>
<details>
<summary>Commits</summary>
<ul>
<li><a href=""https://github.com/pyca/cryptography/commit/0cc7fc384381ea09eea5f031d31b1417f9f40fdf""><code>0cc7fc3</code></a> Prepare for 42.0.7 release (<a href=""https://redirect.github.com/pyca/cryptography/issues/10949"">#10949</a>)</li>
<li><a href=""https://github.com/pyca/cryptography/commit/cfad00478a0cc035ad722e68411bac7b6602e195""><code>cfad004</code></a> Prepare backports for 42.0.6 release (<a href=""https://redirect.github.com/pyca/cryptography/issues/10929"">#10929</a>)</li>
<li>See full diff in <a href=""https://github.com/pyca/cryptography/compare/42.0.5...42.0.7"">compare view</a></li>
</ul>
</details>
<br />

Updates `mypy` from 1.9.0 to 1.10.0
<details>
<summary>Changelog</summary>
<p><em>Sourced from <a href=""https://github.com/python/mypy/blob/master/CHANGELOG.md"">mypy's changelog</a>.</em></p>
<blockquote>
<h1>Mypy Release Notes</h1>
<h2>Next release</h2>
<h2>Mypy 1.10</h2>
<p>We’ve just uploaded mypy 1.10 to the Python Package Index (<a href=""https://pypi.org/project/mypy/"">PyPI</a>). Mypy is a static type checker for Python. This release includes new features, performance improvements and bug fixes. You can install it as follows:</p>
<pre><code>python3 -m pip install -U mypy
</code></pre>
<p>You can read the full documentation for this release on <a href=""http://mypy.readthedocs.io"">Read the Docs</a>.</p>
<h4>Support TypeIs (PEP 742)</h4>
<p>Mypy now supports <code>TypeIs</code> (<a href=""https://peps.python.org/pep-0742/"">PEP 742</a>), which allows
functions to narrow the type of a value, similar to <code>isinstance()</code>. Unlike <code>TypeGuard</code>,
<code>TypeIs</code> can narrow in both the <code>if</code> and <code>else</code> branches of an if statement:</p>
<pre lang=""python""><code>from typing_extensions import TypeIs
<p>def is_str(s: object) -&gt; TypeIs[str]:
return isinstance(s, str)</p>
<p>def f(o: str | int) -&gt; None:
if is_str(o):
# Type of o is 'str'
...
else:
# Type of o is 'int'
...
</code></pre></p>
<p><code>TypeIs</code> will be added to the <code>typing</code> module in Python 3.13, but it
can be used on earlier Python versions by importing it from
<code>typing_extensions</code>.</p>
<p>This feature was contributed by Jelle Zijlstra (PR <a href=""https://redirect.github.com/python/mypy/pull/16898"">16898</a>).</p>
<h4>Support TypeVar Defaults (PEP 696)</h4>
<p><a href=""https://peps.python.org/pep-0696/"">PEP 696</a> adds support for type parameter defaults.
Example:</p>
<pre lang=""python""><code>from typing import Generic
from typing_extensions import TypeVar
<p>&lt;/tr&gt;&lt;/table&gt;
</code></pre></p>
</blockquote>
<p>... (truncated)</p>
</details>
<details>
<summary>Commits</summary>
<ul>
<li><a href=""https://github.com/python/mypy/commit/3faf0fc4798ec3ee6b1cd123965193dc0a753fb0""><code>3faf0fc</code></a> Remove +dev for version for release 1.10</li>
<li><a href=""https://github.com/python/mypy/commit/a5998d20402515f0c0bf05c7fe1029e93aa9bfa8""><code>a5998d2</code></a> Update CHANGELOG.md (<a href=""https://redirect.github.com/python/mypy/issues/17159"">#17159</a>)</li>
<li><a href=""https://github.com/python/mypy/commit/62ea5b01f0c0c99e7db93326cb8d219eecfb3cb6""><code>62ea5b0</code></a> Various updates to changelog for 1.10 (<a href=""https://redirect.github.com/python/mypy/issues/17158"">#17158</a>)</li>
<li><a href=""https://github.com/python/mypy/commit/2f0864c4e55a74700d8ce2d97ab2d3ca2b288513""><code>2f0864c</code></a> Update CHANGELOG.md with draft for release 1.10 (<a href=""https://redirect.github.com/python/mypy/issues/17150"">#17150</a>)</li>
<li><a href=""https://github.com/python/mypy/commit/e1443bbade91118794055449cc8b4b4f7fd08b7d""><code>e1443bb</code></a> fix: incorrect returned type of access descriptors on unions of types (<a href=""https://redirect.github.com/python/mypy/issues/16604"">#16604</a>)</li>
<li><a href=""https://github.com/python/mypy/commit/5161ac2e5b73dc7597536eb4444219868317e5d9""><code>5161ac2</code></a> Sync typeshed (<a href=""https://redirect.github.com/python/mypy/issues/17124"">#17124</a>)</li>
<li><a href=""https://github.com/python/mypy/commit/e2fc1f28935806ca04b18fab277217f583b51594""><code>e2fc1f2</code></a> Fix crash when expanding invalid Unpack in a <code>Callable</code> alias (<a href=""https://redirect.github.com/python/mypy/issues/17028"">#17028</a>)</li>
<li><a href=""https://github.com/python/mypy/commit/3ff6e47c57a67e807e0b4579a816b4f66ab16824""><code>3ff6e47</code></a> Docs: docstrings in checker.py, ast_helpers.py (<a href=""https://redirect.github.com/python/mypy/issues/16908"">#16908</a>)</li>
<li><a href=""https://github.com/python/mypy/commit/732d98ecb2a98e4eaea14aba1ed8ac9c1f5ccdb6""><code>732d98e</code></a> Fix string formatting for string enums (<a href=""https://redirect.github.com/python/mypy/issues/16555"">#16555</a>)</li>
<li><a href=""https://github.com/python/mypy/commit/80190101f68b52e960c22572ed6cc814de078b9c""><code>8019010</code></a> Narrow individual items when matching a tuple to a sequence pattern (<a href=""https://redirect.github.com/python/mypy/issues/16905"">#16905</a>)</li>
<li>Additional commits viewable in <a href=""https://github.com/python/mypy/compare/1.9.0...v1.10.0"">compare view</a></li>
</ul>
</details>
<br />

Updates `pallets-sphinx-themes` from 2.1.2 to 2.1.3
<details>
<summary>Release notes</summary>
<p><em>Sourced from <a href=""https://github.com/pallets/pallets-sphinx-themes/releases"">pallets-sphinx-themes's releases</a>.</em></p>
<blockquote>
<h2>2.1.3</h2>
<p>PyPI: <a href=""https://pypi.org/project/Pallets-Sphinx-Themes/2.1.3/"">https://pypi.org/project/Pallets-Sphinx-Themes/2.1.3/</a></p>
<ul>
<li>Allow Sphinx's parallel build feature. <a href=""https://redirect.github.com/pallets/pallets-sphinx-themes/issues/88"">#88</a></li>
</ul>
</blockquote>
</details>
<details>
<summary>Changelog</summary>
<p><em>Sourced from <a href=""https://github.com/pallets/pallets-sphinx-themes/blob/main/CHANGES.rst"">pallets-sphinx-themes's changelog</a>.</em></p>
<blockquote>
<h2>Version 2.1.3</h2>
<p>Released 2024-04-29</p>
<ul>
<li>Allow Sphinx's parallel build feature. :issue:<code>88</code></li>
</ul>
</blockquote>
</details>
<details>
<summary>Commits</summary>
<ul>
<li><a href=""https://github.com/pallets/pallets-sphinx-themes/commit/95e13c7f8dd6a3e46ea207b2ab57d42a7ede1f6a""><code>95e13c7</code></a> release version 2.1.3</li>
<li><a href=""https://github.com/pallets/pallets-sphinx-themes/commit/d87f693720f27b3d595dc6d6c368febce616ae2f""><code>d87f693</code></a> Add support for <code>sphinx-build -j\&lt;N&gt;</code> (parallel build) (<a href=""https://redirect.github.com/pallets/pallets-sphinx-themes/issues/102"">#102</a>)</li>
<li><a href=""https://github.com/pallets/pallets-sphinx-themes/commit/0e9c08c5f6572a3b5f0d2877ef1e74d48d1ded0f""><code>0e9c08c</code></a> support <code>sphinx-build -j\&lt;N&gt;</code> (parallel build)</li>
<li><a href=""https://github.com/pallets/pallets-sphinx-themes/commit/563cce1fb6022ee085cf194eb4ff57706bb57b46""><code>563cce1</code></a> start version 2.1.3</li>
<li><a href=""https://github.com/pallets/pallets-sphinx-themes/commit/b6f7adff2da7e1f5bc65c4c6c9e0c291829f7fc8""><code>b6f7adf</code></a> remove leftover setuptools config</li>
<li><a href=""https://github.com/pallets/pallets-sphinx-themes/commit/a29e25eee127d00774d9690e94c79c706e31e19c""><code>a29e25e</code></a> release version 2.1.2 (<a href=""https://redirect.github.com/pallets/pallets-sphinx-themes/issues/101"">#101</a>)</li>
<li>See full diff in <a href=""https://github.com/pallets/pallets-sphinx-themes/compare/2.1.2...2.1.3"">compare view</a></li>
</ul>
</details>
<br />

Updates `pyright` from 1.1.359 to 1.1.361
<details>
<summary>Commits</summary>
<ul>
<li><a href=""https://github.com/RobertCraigie/pyright-python/commit/f9cffb836491db7cfe0aec436b6e32beba1c196e""><code>f9cffb8</code></a> [pyright updated to 1.1.361] Update Version (<a href=""https://redirect.github.com/RobertCraigie/pyright-python/issues/268"">#268</a>)</li>
<li><a href=""https://github.com/RobertCraigie/pyright-python/commit/642e0e9b146ddcb3ef0c4edfbe11fb1cf2b3f186""><code>642e0e9</code></a> Pyright NPM Package update to 1.1.360 (<a href=""https://redirect.github.com/RobertCraigie/pyright-python/issues/266"">#266</a>)</li>
<li>See full diff in <a href=""https://github.com/RobertCraigie/pyright-python/compare/v1.1.359...v1.1.361"">compare view</a></li>
</ul>
</details>
<br />

Updates `pytest` from 8.1.1 to 8.2.0
<details>
<summary>Release notes</summary>
<p><em>Sourced from <a href=""https://github.com/pytest-dev/pytest/releases"">pytest's releases</a>.</em></p>
<blockquote>
<h2>8.2.0</h2>
<h1>pytest 8.2.0 (2024-04-27)</h1>
<h2>Deprecations</h2>
<ul>
<li>
<p><a href=""https://redirect.github.com/pytest-dev/pytest/issues/12069"">#12069</a>: A deprecation warning is now raised when implementations of one of the following hooks request a deprecated <code>py.path.local</code> parameter instead of the <code>pathlib.Path</code> parameter which replaced it:</p>
<ul>
<li><code>pytest_ignore_collect</code>{.interpreted-text role=&quot;hook&quot;} - the <code>path</code> parameter - use <code>collection_path</code> instead.</li>
<li><code>pytest_collect_file</code>{.interpreted-text role=&quot;hook&quot;} - the <code>path</code> parameter - use <code>file_path</code> instead.</li>
<li><code>pytest_pycollect_makemodule</code>{.interpreted-text role=&quot;hook&quot;} - the <code>path</code> parameter - use <code>module_path</code> instead.</li>
<li><code>pytest_report_header</code>{.interpreted-text role=&quot;hook&quot;} - the <code>startdir</code> parameter - use <code>start_path</code> instead.</li>
<li><code>pytest_report_collectionfinish</code>{.interpreted-text role=&quot;hook&quot;} - the <code>startdir</code> parameter - use <code>start_path</code> instead.</li>
</ul>
<p>The replacement parameters are available since pytest 7.0.0.
The old parameters will be removed in pytest 9.0.0.</p>
<p>See <code>legacy-path-hooks-deprecated</code>{.interpreted-text role=&quot;ref&quot;} for more details.</p>
</li>
</ul>
<h2>Features</h2>
<ul>
<li>
<p><a href=""https://redirect.github.com/pytest-dev/pytest/issues/11871"">#11871</a>: Added support for reading command line arguments from a file using the prefix character <code>@</code>, like e.g.: <code>pytest @tests.txt</code>. The file must have one argument per line.</p>
<p>See <code>Read arguments from file &lt;args-from-file&gt;</code>{.interpreted-text role=&quot;ref&quot;} for details.</p>
</li>
</ul>
<h2>Improvements</h2>
<ul>
<li>
<p><a href=""https://redirect.github.com/pytest-dev/pytest/issues/11523"">#11523</a>: <code>pytest.importorskip</code>{.interpreted-text role=&quot;func&quot;} will now issue a warning if the module could be found, but raised <code>ImportError</code>{.interpreted-text role=&quot;class&quot;} instead of <code>ModuleNotFoundError</code>{.interpreted-text role=&quot;class&quot;}.</p>
<p>The warning can be suppressed by passing <code>exc_type=ImportError</code> to <code>pytest.importorskip</code>{.interpreted-text role=&quot;func&quot;}.</p>
<p>See <code>import-or-skip-import-error</code>{.interpreted-text role=&quot;ref&quot;} for details.</p>
</li>
<li>
<p><a href=""https://redirect.github.com/pytest-dev/pytest/issues/11728"">#11728</a>: For <code>unittest</code>-based tests, exceptions during class cleanup (as raised by functions registered with <code>TestCase.addClassCleanup &lt;unittest.TestCase.addClassCleanup&gt;</code>{.interpreted-text role=&quot;meth&quot;}) are now reported instead of silently failing.</p>
</li>
<li>
<p><a href=""https://redirect.github.com/pytest-dev/pytest/issues/11777"">#11777</a>: Text is no longer truncated in the <code>short test summary info</code> section when <code>-vv</code> is given.</p>
</li>
<li>
<p><a href=""https://redirect.github.com/pytest-dev/pytest/issues/12112"">#12112</a>: Improved namespace packages detection when <code>consider_namespace_packages</code>{.interpreted-text role=&quot;confval&quot;} is enabled, covering more situations (like editable installs).</p>
</li>
<li>
<p><a href=""https://redirect.github.com/pytest-dev/pytest/issues/9502"">#9502</a>: Added <code>PYTEST_VERSION</code>{.interpreted-text role=&quot;envvar&quot;} environment variable which is defined at the start of the pytest session and undefined afterwards. It contains the value of <code>pytest.__version__</code>, and among other things can be used to easily check if code is running from within a pytest run.</p>
</li>
</ul>
<h2>Bug Fixes</h2>
<ul>
<li>
<p><a href=""https://redirect.github.com/pytest-dev/pytest/issues/12065"">#12065</a>: Fixed a regression in pytest 8.0.0 where test classes containing <code>setup_method</code> and tests using <code>@staticmethod</code> or <code>@classmethod</code> would crash with <code>AttributeError: 'NoneType' object has no attribute 'setup_method'</code>.</p>
<p>Now the <code>request.instance &lt;pytest.FixtureRequest.instance&gt;</code>{.interpreted-text role=&quot;attr&quot;} attribute of tests using <code>@staticmethod</code> and <code>@classmethod</code> is no longer <code>None</code>, but a fresh instance of the class, like in non-static methods.</p>
</li>
</ul>
<!-- raw HTML omitted -->
</blockquote>
<p>... (truncated)</p>
</details>
<details>
<summary>Commits</summary>
<ul>
<li><a href=""https://github.com/pytest-dev/pytest/commit/6bd3f313447290380cbc2db30fb9ee5cca7eb941""><code>6bd3f31</code></a> Tweak changelog for 8.2.0</li>
<li><a href=""https://github.com/pytest-dev/pytest/commit/9b6219b5e89af237e5bc80354d405d2b5c2fc8a0""><code>9b6219b</code></a> Prepare release version 8.2.0</li>
<li><a href=""https://github.com/pytest-dev/pytest/commit/835765c9d31e0a86c6028f983b28d32c82a759c4""><code>835765c</code></a> Merge pull request <a href=""https://redirect.github.com/pytest-dev/pytest/issues/12130"">#12130</a> from bluetech/fixtures-inline</li>
<li><a href=""https://github.com/pytest-dev/pytest/commit/7e7503c0b015f61d9d21d3b5f55990b7fcd683f7""><code>7e7503c</code></a> unittest: report class cleanup exceptions (<a href=""https://redirect.github.com/pytest-dev/pytest/issues/12250"">#12250</a>)</li>
<li><a href=""https://github.com/pytest-dev/pytest/commit/882c4da2f37702b00bdbd3b6c74e9821d33e0204""><code>882c4da</code></a> fixtures: inline <code>fail_fixturefunc</code></li>
<li><a href=""https://github.com/pytest-dev/pytest/commit/2e8fb9f1401d727e20f004326752fd1922f9c601""><code>2e8fb9f</code></a> fixtures: extract a <code>_check_fixturedef</code> method</li>
<li><a href=""https://github.com/pytest-dev/pytest/commit/acf2971f46a9518b3552d48ea9541a1951c2b207""><code>acf2971</code></a> fixtures: inline <code>_getnextfixturedef</code> into <code>_get_active_fixturedef</code></li>
<li><a href=""https://github.com/pytest-dev/pytest/commit/3c77aec1dac0894ec4ca774b71ec91c85cf91dd1""><code>3c77aec</code></a> fixtures: move &quot;request&quot; check early</li>
<li><a href=""https://github.com/pytest-dev/pytest/commit/d217d68cde0c34d619862f15c773ecc02ecdaabe""><code>d217d68</code></a> fixtures: inline <code>_compute_fixture_value</code></li>
<li><a href=""https://github.com/pytest-dev/pytest/commit/530be285751143febe54b8974b234eed5eb8b079""><code>530be28</code></a> fixtures: use early return in <code>_get_active_fixturedef</code></li>
<li>Additional commits viewable in <a href=""https://github.com/pytest-dev/pytest/compare/8.1.1...8.2.0"">compare view</a></li>
</ul>
</details>
<br />

Updates `tox` from 4.14.2 to 4.15.0
<details>
<summary>Release notes</summary>
<p><em>Sourced from <a href=""https://github.com/tox-dev/tox/releases"">tox's releases</a>.</em></p>
<blockquote>
<h2>4.15.0</h2>
<!-- raw HTML omitted -->
<h2>What's Changed</h2>
<ul>
<li>Remove duplicated and misleading configuration section by <a href=""https://github.com/jugmac00""><code>@​jugmac00</code></a> in <a href=""https://redirect.github.com/tox-dev/tox/pull/3251"">tox-dev/tox#3251</a></li>
<li>Fix dropped leading characters <code>c</code> from constraints' packages by <a href=""https://github.com/jugmac00""><code>@​jugmac00</code></a> in <a href=""https://redirect.github.com/tox-dev/tox/pull/3250"">tox-dev/tox#3250</a></li>
<li>Fix type-checking by <a href=""https://github.com/stefanor""><code>@​stefanor</code></a> in <a href=""https://redirect.github.com/tox-dev/tox/pull/3260"">tox-dev/tox#3260</a></li>
<li>Update installation.rst by <a href=""https://github.com/shenxianpeng""><code>@​shenxianpeng</code></a> in <a href=""https://redirect.github.com/tox-dev/tox/pull/3257"">tox-dev/tox#3257</a></li>
<li>Allow appending to deps with the command line by <a href=""https://github.com/stefanor""><code>@​stefanor</code></a> in <a href=""https://redirect.github.com/tox-dev/tox/pull/3259"">tox-dev/tox#3259</a></li>
<li>Support multiple override appends by <a href=""https://github.com/amitschang""><code>@​amitschang</code></a> in <a href=""https://redirect.github.com/tox-dev/tox/pull/3261"">tox-dev/tox#3261</a></li>
<li>Add bang to invert exit code by <a href=""https://github.com/sillydan1""><code>@​sillydan1</code></a> in <a href=""https://redirect.github.com/tox-dev/tox/pull/3271"">tox-dev/tox#3271</a></li>
<li>fix(parser): Fix --discover parsed incorrectly from env by <a href=""https://github.com/mimre25""><code>@​mimre25</code></a> in <a href=""https://redirect.github.com/tox-dev/tox/pull/3274"">tox-dev/tox#3274</a></li>
</ul>
<h2>New Contributors</h2>
<ul>
<li><a href=""https://github.com/shenxianpeng""><code>@​shenxianpeng</code></a> made their first contribution in <a href=""https://redirect.github.com/tox-dev/tox/pull/3257"">tox-dev/tox#3257</a></li>
<li><a href=""https://github.com/amitschang""><code>@​amitschang</code></a> made their first contribution in <a href=""https://redirect.github.com/tox-dev/tox/pull/3261"">tox-dev/tox#3261</a></li>
<li><a href=""https://github.com/sillydan1""><code>@​sillydan1</code></a> made their first contribution in <a href=""https://redirect.github.com/tox-dev/tox/pull/3271"">tox-dev/tox#3271</a></li>
<li><a href=""https://github.com/mimre25""><code>@​mimre25</code></a> made their first contribution in <a href=""https://redirect.github.com/tox-dev/tox/pull/3274"">tox-dev/tox#3274</a></li>
</ul>
<p><strong>Full Changelog</strong>: <a href=""https://github.com/tox-dev/tox/compare/4.14.2...4.15.0"">https://github.com/tox-dev/tox/compare/4.14.2...4.15.0</a></p>
</blockquote>
</details>
<details>
<summary>Changelog</summary>
<p><em>Sourced from <a href=""https://github.com/tox-dev/tox/blob/main/docs/changelog.rst"">tox's changelog</a>.</em></p>
<blockquote>
<h2>v4.15.0 (2024-04-26)</h2>
<p>Features - 4.15.0</p>
<pre><code>- Add support for multiple appending override options (-x, --override) on command line - by :user:`amitschang`. (:issue:`3261`)
- Add support for inverting exit code success criteria using bang (!) (:issue:`3271`)
<p>Bugfixes - 4.15.0
</code></pre></p>
<ul>
<li>Fix issue that the leading character <code>c</code> was dropped from packages in constraints files - by :user:<code>jugmac00</code>. (:issue:<code>3247</code>)</li>
<li>Allow appending to <code>deps</code> with <code>--override testenv.deps+=foo</code> - by :user:<code>stefanor</code>. (:issue:<code>3256</code>)</li>
<li>Fix non-existing branch <code>rewrite</code> in the documentation to <code>main</code>. (:issue:<code>3257</code>)</li>
<li>Update test typing for build 1.2.0, which has an explicit <code>Distribution</code> type - by :user:<code>stefanor</code>. (:issue:<code>3260</code>)</li>
<li>Fix broken input parsing for <code>--discover</code> flag. - by :user:<code>mimre25</code> (:issue:<code>3272</code>)</li>
</ul>
<p>Improved Documentation - 4.15.0</p>
<pre><code>- Rephrase ``--discover`` flag's description to avoid confusion between paths and executables. - by :user:`mimre25` (:issue:`3274`)
</code></pre>
</blockquote>
</details>
<details>
<summary>Commits</summary>
<ul>
<li><a href=""https://github.com/tox-dev/tox/commit/261b4ca55686059489b1314c440f0e2fca21aca5""><code>261b4ca</code></a> release 4.15.0</li>
<li><a href=""https://github.com/tox-dev/tox/commit/c54dfbd9ad4aad9f0ef5503b7dff2558cdf64208""><code>c54dfbd</code></a> fix(parser): Fix --discover parsed incorrectly from env (<a href=""https://redirect.github.com/tox-dev/tox/issues/3274"">#3274</a>)</li>
<li><a href=""https://github.com/tox-dev/tox/commit/809e10f9871e75cf7b07063f47393f9c10861174""><code>809e10f</code></a> Add bang to invert exit code (<a href=""https://redirect.github.com/tox-dev/tox/issues/3271"">#3271</a>)</li>
<li><a href=""https://github.com/tox-dev/tox/commit/822c9d07699aa090fb8d37cb94247ea0d085125b""><code>822c9d0</code></a> [pre-commit.ci] pre-commit autoupdate (<a href=""https://redirect.github.com/tox-dev/tox/issues/3267"">#3267</a>)</li>
<li><a href=""https://github.com/tox-dev/tox/commit/0e5a3dbb9a1c7eb1df56421cc4bca5e187626ccd""><code>0e5a3db</code></a> [pre-commit.ci] pre-commit autoupdate (<a href=""https://redirect.github.com/tox-dev/tox/issues/3265"">#3265</a>)</li>
<li><a href=""https://github.com/tox-dev/tox/commit/f5850c0d3a893cbb6d9de192fe8e6e857573499b""><code>f5850c0</code></a> Support multiple override appends (<a href=""https://redirect.github.com/tox-dev/tox/issues/3261"">#3261</a>)</li>
<li><a href=""https://github.com/tox-dev/tox/commit/c2be62972e7f7b3e79260e5c96e4fe5bf76f5929""><code>c2be629</code></a> Allow appending to deps with the command line (<a href=""https://redirect.github.com/tox-dev/tox/issues/3259"">#3259</a>)</li>
<li><a href=""https://github.com/tox-dev/tox/commit/d28a9ee0ea28b2356b24a0d0e0ed70c0141d41cc""><code>d28a9ee</code></a> Update installation.rst (<a href=""https://redirect.github.com/tox-dev/tox/issues/3257"">#3257</a>)</li>
<li><a href=""https://github.com/tox-dev/tox/commit/a19a9467cfae5a0fc2c1b6faf1845d412898c693""><code>a19a946</code></a> [pre-commit.ci] pre-commit autoupdate (<a href=""https://redirect.github.com/tox-dev/tox/issues/3258"">#3258</a>)</li>
<li><a href=""https://github.com/tox-dev/tox/commit/a22fe8ffce73acdfc2aefd70228ede0337aac19b""><code>a22fe8f</code></a> Fix type-checking (<a href=""https://redirect.github.com/tox-dev/tox/issues/3260"">#3260</a>)</li>
<li>Additional commits viewable in <a href=""https://github.com/tox-dev/tox/compare/4.14.2...4.15.0"">compare view</a></li>
</ul>
</details>
<br />


Dependabot will resolve any conflicts with this PR as long as you don't alter it yourself. You can also trigger a rebase manually by commenting `@dependabot rebase`.

[//]: # (dependabot-automerge-start)
[//]: # (dependabot-automerge-end)

---

<details>
<summary>Dependabot commands and options</summary>
<br />

You can trigger Dependabot actions by commenting on this PR:
- `@dependabot rebase` will rebase this PR
- `@dependabot recreate` will recreate this PR, overwriting any edits that have been made to it
- `@dependabot merge` will merge this PR after your CI passes on it
- `@dependabot squash and merge` will squash and merge this PR after your CI passes on it
- `@dependabot cancel merge` will cancel a previously requested merge and block automerging
- `@dependabot reopen` will reopen this PR if it is closed
- `@dependabot close` will close this PR and stop Dependabot recreating it. You can achieve the same result by closing it manually
- `@dependabot show <dependency name> ignore conditions` will show all of the ignore conditions of the specified dependency
- `@dependabot ignore <dependency name> major version` will close this group update PR and stop Dependabot creating any more for the specific dependency's major version (unless you unignore this specific dependency's major version or upgrade to it yourself)
- `@dependabot ignore <dependency name> minor version` will close this group update PR and stop Dependabot creating any more for the specific dependency's minor version (unless you unignore this specific dependency's minor version or upgrade to it yourself)
- `@dependabot ignore <dependency name>` will close this group update PR and stop Dependabot creating any more for the specific dependency (unless you unignore this specific dependency or upgrade to it yourself)
- `@dependabot unignore <dependency name>` will remove all of the ignore conditions of the specified dependency
- `@dependabot unignore <dependency name> <ignore condition>` will remove the ignore condition of the specified dependency and ignore conditions


</details>",https://github.com/pallets/flask/pull/5476,dependabot[bot],CONTRIBUTOR,closed,False,main,dependabot/pip/requirements/python-requirements-4e21d20852,2024-05-06 17:19:28+00:00,2024-05-21 00:06:17+00:00,2024-05-06 17:24:44+00:00,2024-05-06 17:24:44+00:00,1,0.0877777777777777,0.0877777777777777,16,16,32,5,2,68,25534,1849,"['dependencies', 'python']",2,[],0,5,0,0,0,0,0,5,0,0,False,False,False,False,Merged,2024-Q2,2024-04-01,2024-06-30,Merged,True,True,False,False,False,False,True,False,False,True,True,False,False,False,False,False,False,False,False,False,4,True,1,Merged,10.147805339081744,7.52294091807237,2.833213344056216,2.833213344056216,3.49650756146648,1.791759469228055,1.0986122886681098,True,True,False,True,6.4,0.5,False,True,Small,2024,5,2,0,17,False,Monday,Previous contributor,0,0,0,0,validation
pallets/flask,5481,test with python 3.13,,https://github.com/pallets/flask/pull/5481,davidism,MEMBER,closed,False,3.0.x,313,2024-05-11 15:38:08+00:00,2024-05-26 00:06:50+00:00,2024-05-11 15:39:30+00:00,2024-05-11 15:39:30+00:00,1,0.0227777777777777,0.0227777777777777,2,1,3,2,1,21,0,0,[],0,[],0,2,0,0,2,0,0,2,0,0,False,False,True,False,Merged,2024-Q2,2024-04-01,2024-06-30,Merged,True,False,False,True,False,False,False,False,False,False,False,False,False,False,False,False,False,False,False,False,1,True,1,Merged,0.0,0.0,1.0986122886681098,0.6931471805599453,1.3862943611198906,1.0986122886681098,0.6931471805599453,False,False,False,False,1.5,0.3333333333333333,False,False,Very small,2024,5,2,5,15,True,Saturday,Internal or trusted,0,0,0,0,validation
pallets/flask,5487,Edited variable names in quickstart guide,"Changed variable names in the rendering templates code snippets. This was to remove confusion between the differences of the html variables and the python variables.

Also discussed here: #5484  ",https://github.com/pallets/flask/pull/5487,jaketanis,CONTRIBUTOR,closed,False,3.0.x,quickstart-doc,2024-05-21 23:53:37+00:00,2024-06-14 00:06:25+00:00,2024-05-25 18:27:37+00:00,2024-05-25 18:27:37+00:00,1,90.56666666666666,90.56666666666666,4,4,8,1,1,41,195,29,[],0,[],0,1,0,1,0,0,0,1,0,0,False,True,False,False,Merged,2024-Q2,2024-04-01,2024-06-30,Merged,True,False,False,False,False,False,False,False,False,False,False,False,False,False,False,False,False,False,False,False,0,False,1,Merged,5.278114659230517,3.4011973816621555,1.6094379124341005,1.6094379124341005,2.19722457733622,0.6931471805599453,0.6931471805599453,True,False,False,False,8.0,0.5,False,False,Very small,2024,5,2,1,23,False,Tuesday,Previous contributor,1,1,1,0,validation
pallets/flask,5493,Bump actions/checkout from 4.1.4 to 4.1.6 in the github-actions group,"Bumps the github-actions group with 1 update: [actions/checkout](https://github.com/actions/checkout).

Updates `actions/checkout` from 4.1.4 to 4.1.6
<details>
<summary>Release notes</summary>
<p><em>Sourced from <a href=""https://github.com/actions/checkout/releases"">actions/checkout's releases</a>.</em></p>
<blockquote>
<h2>v4.1.6</h2>
<h2>What's Changed</h2>
<ul>
<li>Check platform to set archive extension appropriately by <a href=""https://github.com/cory-miller""><code>@​cory-miller</code></a> in <a href=""https://redirect.github.com/actions/checkout/pull/1732"">actions/checkout#1732</a></li>
<li>Update for 4.1.6 release by <a href=""https://github.com/cory-miller""><code>@​cory-miller</code></a> in <a href=""https://redirect.github.com/actions/checkout/pull/1733"">actions/checkout#1733</a></li>
</ul>
<p><strong>Full Changelog</strong>: <a href=""https://github.com/actions/checkout/compare/v4.1.5...v4.1.6"">https://github.com/actions/checkout/compare/v4.1.5...v4.1.6</a></p>
<h2>v4.1.5</h2>
<h2>What's Changed</h2>
<ul>
<li>Update NPM dependencies by <a href=""https://github.com/cory-miller""><code>@​cory-miller</code></a> in <a href=""https://redirect.github.com/actions/checkout/pull/1703"">actions/checkout#1703</a></li>
<li>Bump github/codeql-action from 2 to 3 by <a href=""https://github.com/dependabot""><code>@​dependabot</code></a> in <a href=""https://redirect.github.com/actions/checkout/pull/1694"">actions/checkout#1694</a></li>
<li>Bump actions/setup-node from 1 to 4 by <a href=""https://github.com/dependabot""><code>@​dependabot</code></a> in <a href=""https://redirect.github.com/actions/checkout/pull/1696"">actions/checkout#1696</a></li>
<li>Bump actions/upload-artifact from 2 to 4 by <a href=""https://github.com/dependabot""><code>@​dependabot</code></a> in <a href=""https://redirect.github.com/actions/checkout/pull/1695"">actions/checkout#1695</a></li>
<li>README: Suggest <code>user.email</code> to be <code>41898282+github-actions[bot]@users.noreply.github.com</code> by <a href=""https://github.com/cory-miller""><code>@​cory-miller</code></a> in <a href=""https://redirect.github.com/actions/checkout/pull/1707"">actions/checkout#1707</a></li>
</ul>
<p><strong>Full Changelog</strong>: <a href=""https://github.com/actions/checkout/compare/v4.1.4...v4.1.5"">https://github.com/actions/checkout/compare/v4.1.4...v4.1.5</a></p>
</blockquote>
</details>
<details>
<summary>Changelog</summary>
<p><em>Sourced from <a href=""https://github.com/actions/checkout/blob/main/CHANGELOG.md"">actions/checkout's changelog</a>.</em></p>
<blockquote>
<h1>Changelog</h1>
<h2>v4.1.6</h2>
<ul>
<li>Check platform to set archive extension appropriately by <a href=""https://github.com/cory-miller""><code>@​cory-miller</code></a> in <a href=""https://redirect.github.com/actions/checkout/pull/1732"">actions/checkout#1732</a></li>
</ul>
<h2>v4.1.5</h2>
<ul>
<li>Update NPM dependencies by <a href=""https://github.com/cory-miller""><code>@​cory-miller</code></a> in <a href=""https://redirect.github.com/actions/checkout/pull/1703"">actions/checkout#1703</a></li>
<li>Bump github/codeql-action from 2 to 3 by <a href=""https://github.com/dependabot""><code>@​dependabot</code></a> in <a href=""https://redirect.github.com/actions/checkout/pull/1694"">actions/checkout#1694</a></li>
<li>Bump actions/setup-node from 1 to 4 by <a href=""https://github.com/dependabot""><code>@​dependabot</code></a> in <a href=""https://redirect.github.com/actions/checkout/pull/1696"">actions/checkout#1696</a></li>
<li>Bump actions/upload-artifact from 2 to 4 by <a href=""https://github.com/dependabot""><code>@​dependabot</code></a> in <a href=""https://redirect.github.com/actions/checkout/pull/1695"">actions/checkout#1695</a></li>
<li>README: Suggest <code>user.email</code> to be <code>41898282+github-actions[bot]@users.noreply.github.com</code> by <a href=""https://github.com/cory-miller""><code>@​cory-miller</code></a> in <a href=""https://redirect.github.com/actions/checkout/pull/1707"">actions/checkout#1707</a></li>
</ul>
<h2>v4.1.4</h2>
<ul>
<li>Disable <code>extensions.worktreeConfig</code> when disabling <code>sparse-checkout</code> by <a href=""https://github.com/jww3""><code>@​jww3</code></a> in <a href=""https://redirect.github.com/actions/checkout/pull/1692"">actions/checkout#1692</a></li>
<li>Add dependabot config by <a href=""https://github.com/cory-miller""><code>@​cory-miller</code></a> in <a href=""https://redirect.github.com/actions/checkout/pull/1688"">actions/checkout#1688</a></li>
<li>Bump the minor-actions-dependencies group with 2 updates by <a href=""https://github.com/dependabot""><code>@​dependabot</code></a> in <a href=""https://redirect.github.com/actions/checkout/pull/1693"">actions/checkout#1693</a></li>
<li>Bump word-wrap from 1.2.3 to 1.2.5 by <a href=""https://github.com/dependabot""><code>@​dependabot</code></a> in <a href=""https://redirect.github.com/actions/checkout/pull/1643"">actions/checkout#1643</a></li>
</ul>
<h2>v4.1.3</h2>
<ul>
<li>Check git version before attempting to disable <code>sparse-checkout</code> by <a href=""https://github.com/jww3""><code>@​jww3</code></a> in <a href=""https://redirect.github.com/actions/checkout/pull/1656"">actions/checkout#1656</a></li>
<li>Add SSH user parameter by <a href=""https://github.com/cory-miller""><code>@​cory-miller</code></a> in <a href=""https://redirect.github.com/actions/checkout/pull/1685"">actions/checkout#1685</a></li>
<li>Update <code>actions/checkout</code> version in <code>update-main-version.yml</code> by <a href=""https://github.com/jww3""><code>@​jww3</code></a> in <a href=""https://redirect.github.com/actions/checkout/pull/1650"">actions/checkout#1650</a></li>
</ul>
<h2>v4.1.2</h2>
<ul>
<li>Fix: Disable sparse checkout whenever <code>sparse-checkout</code> option is not present <a href=""https://github.com/dscho""><code>@​dscho</code></a> in <a href=""https://redirect.github.com/actions/checkout/pull/1598"">actions/checkout#1598</a></li>
</ul>
<h2>v4.1.1</h2>
<ul>
<li>Correct link to GitHub Docs by <a href=""https://github.com/peterbe""><code>@​peterbe</code></a> in <a href=""https://redirect.github.com/actions/checkout/pull/1511"">actions/checkout#1511</a></li>
<li>Link to release page from what's new section by <a href=""https://github.com/cory-miller""><code>@​cory-miller</code></a> in <a href=""https://redirect.github.com/actions/checkout/pull/1514"">actions/checkout#1514</a></li>
</ul>
<h2>v4.1.0</h2>
<ul>
<li><a href=""https://redirect.github.com/actions/checkout/pull/1396"">Add support for partial checkout filters</a></li>
</ul>
<h2>v4.0.0</h2>
<ul>
<li><a href=""https://redirect.github.com/actions/checkout/pull/1067"">Support fetching without the --progress option</a></li>
<li><a href=""https://redirect.github.com/actions/checkout/pull/1436"">Update to node20</a></li>
</ul>
<h2>v3.6.0</h2>
<ul>
<li><a href=""https://redirect.github.com/actions/checkout/pull/1377"">Fix: Mark test scripts with Bash'isms to be run via Bash</a></li>
<li><a href=""https://redirect.github.com/actions/checkout/pull/579"">Add option to fetch tags even if fetch-depth &gt; 0</a></li>
</ul>
<h2>v3.5.3</h2>
<ul>
<li><a href=""https://redirect.github.com/actions/checkout/pull/1196"">Fix: Checkout fail in self-hosted runners when faulty submodule are checked-in</a></li>
<li><a href=""https://redirect.github.com/actions/checkout/pull/1287"">Fix typos found by codespell</a></li>
<li><a href=""https://redirect.github.com/actions/checkout/pull/1369"">Add support for sparse checkouts</a></li>
</ul>
<h2>v3.5.2</h2>
<ul>
<li><a href=""https://redirect.github.com/actions/checkout/pull/1289"">Fix api endpoint for GHES</a></li>
</ul>
<h2>v3.5.1</h2>
<!-- raw HTML omitted -->
</blockquote>
<p>... (truncated)</p>
</details>
<details>
<summary>Commits</summary>
<ul>
<li><a href=""https://github.com/actions/checkout/commit/a5ac7e51b41094c92402da3b24376905380afc29""><code>a5ac7e5</code></a> Update for 4.1.6 release (<a href=""https://redirect.github.com/actions/checkout/issues/1733"">#1733</a>)</li>
<li><a href=""https://github.com/actions/checkout/commit/24ed1a352802348c9e4e8d13de9177fb95b537ba""><code>24ed1a3</code></a> Check platform for extension (<a href=""https://redirect.github.com/actions/checkout/issues/1732"">#1732</a>)</li>
<li><a href=""https://github.com/actions/checkout/commit/44c2b7a8a4ea60a981eaca3cf939b5f4305c123b""><code>44c2b7a</code></a> README: Suggest <code>user.email</code> to be `41898282+github-actions[bot]<a href=""https://github.com/users""><code>@​users</code></a>.norepl...</li>
<li><a href=""https://github.com/actions/checkout/commit/8459bc0c7e3759cdf591f513d9f141a95fef0a8f""><code>8459bc0</code></a> Bump actions/upload-artifact from 2 to 4 (<a href=""https://redirect.github.com/actions/checkout/issues/1695"">#1695</a>)</li>
<li><a href=""https://github.com/actions/checkout/commit/3f603f6d5e9f40714f97b2f017aa0df2a443192a""><code>3f603f6</code></a> Bump actions/setup-node from 1 to 4 (<a href=""https://redirect.github.com/actions/checkout/issues/1696"">#1696</a>)</li>
<li><a href=""https://github.com/actions/checkout/commit/fd084cde189b7b76ec305d52e27be545a0172823""><code>fd084cd</code></a> Bump github/codeql-action from 2 to 3 (<a href=""https://redirect.github.com/actions/checkout/issues/1694"">#1694</a>)</li>
<li><a href=""https://github.com/actions/checkout/commit/9c1e94e0ad997d618b6113a2171b055037589028""><code>9c1e94e</code></a> Update NPM dependencies (<a href=""https://redirect.github.com/actions/checkout/issues/1703"">#1703</a>)</li>
<li>See full diff in <a href=""https://github.com/actions/checkout/compare/0ad4b8fadaa221de15dcec353f45205ec38ea70b...a5ac7e51b41094c92402da3b24376905380afc29"">compare view</a></li>
</ul>
</details>
<br />


[![Dependabot compatibility score](https://dependabot-badges.githubapp.com/badges/compatibility_score?dependency-name=actions/checkout&package-manager=github_actions&previous-version=4.1.4&new-version=4.1.6)](https://docs.github.com/en/github/managing-security-vulnerabilities/about-dependabot-security-updates#about-compatibility-scores)

Dependabot will resolve any conflicts with this PR as long as you don't alter it yourself. You can also trigger a rebase manually by commenting `@dependabot rebase`.

[//]: # (dependabot-automerge-start)
[//]: # (dependabot-automerge-end)

---

<details>
<summary>Dependabot commands and options</summary>
<br />

You can trigger Dependabot actions by commenting on this PR:
- `@dependabot rebase` will rebase this PR
- `@dependabot recreate` will recreate this PR, overwriting any edits that have been made to it
- `@dependabot merge` will merge this PR after your CI passes on it
- `@dependabot squash and merge` will squash and merge this PR after your CI passes on it
- `@dependabot cancel merge` will cancel a previously requested merge and block automerging
- `@dependabot reopen` will reopen this PR if it is closed
- `@dependabot close` will close this PR and stop Dependabot recreating it. You can achieve the same result by closing it manually
- `@dependabot show <dependency name> ignore conditions` will show all of the ignore conditions of the specified dependency
- `@dependabot ignore <dependency name> major version` will close this group update PR and stop Dependabot creating any more for the specific dependency's major version (unless you unignore this specific dependency's major version or upgrade to it yourself)
- `@dependabot ignore <dependency name> minor version` will close this group update PR and stop Dependabot creating any more for the specific dependency's minor version (unless you unignore this specific dependency's minor version or upgrade to it yourself)
- `@dependabot ignore <dependency name>` will close this group update PR and stop Dependabot creating any more for the specific dependency (unless you unignore this specific dependency or upgrade to it yourself)
- `@dependabot unignore <dependency name>` will remove all of the ignore conditions of the specified dependency
- `@dependabot unignore <dependency name> <ignore condition>` will remove the ignore condition of the specified dependency and ignore conditions


</details>",https://github.com/pallets/flask/pull/5493,dependabot[bot],CONTRIBUTOR,closed,False,main,dependabot/github_actions/github-actions-edf2abb101,2024-06-01 15:55:46+00:00,2024-06-16 00:06:56+00:00,2024-06-01 16:01:47+00:00,2024-06-01 16:01:47+00:00,1,0.1002777777777777,0.1002777777777777,3,3,6,2,1,69,12044,827,"['dependencies', 'github_actions']",2,[],0,2,0,0,2,0,0,2,0,0,False,False,True,False,Merged,2024-Q2,2024-04-01,2024-06-30,Merged,True,False,False,True,False,False,False,False,False,True,True,False,False,False,False,False,False,False,False,False,3,True,1,Merged,9.396404915048972,6.71901315438526,1.3862943611198906,1.3862943611198906,1.9459101490553128,1.0986122886681098,0.6931471805599453,True,True,False,True,3.0,0.5,False,False,Very small,2024,6,2,5,15,True,Saturday,Previous contributor,0,0,0,0,validation
pallets/flask,5499,add SESSION_COOKIE_PARTITIONED config,"**This pull request is related to Add support for partitioned session cookies** 

fixes #5472

Regarding the commit [Adding code to handle SESSION_COOKIE_SECURE](https://github.com/pallets/flask/commit/1864dde5d9458ce3ebe7cc5cab8e9b3bccbf64b0) I see that in the test_basic.py in line 20 is using `import flask`, I believe this is the reason I got this error as it's using the package installed via `pip install flask` and not the code contained in /src/flask/

```
E       AssertionError: assert 'partitioned' in 'session=eyj0zxn0aw5nijo0mn0.zmzhyw.hgj68cffl4hz1avfswp08uya5ya; domain=example.com; secure; path=/; samesite=lax'
```

I'd like to learn if I'm doing something wrong with this to correct it and modify the PR

- [x] Test case modified for the behavior of the change
- [x] Updated relevant docs, based on the appearances of SESSION_COOKIE_SECURE
- [x] Added entry to CHANGES.rst
",https://github.com/pallets/flask/pull/5499,Josecespedesant,NONE,closed,False,main,main,2024-06-10 02:23:45+00:00,2024-11-22 00:08:16+00:00,2024-11-01 23:26:38+00:00,2024-11-01 23:26:38+00:00,1,3477.0480555555555,3477.0480555555555,34,0,34,5,1,37,904,120,[],0,[],0,5,1,2,0,1,0,5,0,0,True,True,False,True,Merged,2024-Q2,2024-04-01,2024-06-30,Merged,True,False,True,False,True,False,True,False,False,False,False,False,False,False,True,False,False,False,False,False,4,True,1,Merged,6.807934943699926,4.795790545596741,3.555348061489413,0.0,3.555348061489413,1.791759469228055,0.6931471805599453,True,True,False,False,6.8,0.0,False,False,Small,2024,6,2,0,2,False,Monday,External or unknown,1,1,1,1,validation
pallets/flask,5514,Bump the python-requirements group in /requirements with 5 updates,"Bumps the python-requirements group in /requirements with 5 updates:

| Package | From | To |
| --- | --- | --- |
| [cryptography](https://github.com/pyca/cryptography) | `42.0.7` | `42.0.8` |
| [mypy](https://github.com/python/mypy) | `1.10.0` | `1.10.1` |
| [pyright](https://github.com/RobertCraigie/pyright-python) | `1.1.365` | `1.1.369` |
| [pytest](https://github.com/pytest-dev/pytest) | `8.2.1` | `8.2.2` |
| [tox](https://github.com/tox-dev/tox) | `4.15.0` | `4.15.1` |

Updates `cryptography` from 42.0.7 to 42.0.8
<details>
<summary>Changelog</summary>
<p><em>Sourced from <a href=""https://github.com/pyca/cryptography/blob/main/CHANGELOG.rst"">cryptography's changelog</a>.</em></p>
<blockquote>
<p>42.0.8 - 2024-06-04</p>
<pre><code>
* Updated Windows, macOS, and Linux wheels to be compiled with OpenSSL 3.2.2.
<p>.. _v42-0-7:<br />
</code></pre></p>
</blockquote>
</details>
<details>
<summary>Commits</summary>
<ul>
<li><a href=""https://github.com/pyca/cryptography/commit/761ef4b955697c63e83734096f672224224082e1""><code>761ef4b</code></a> bump for 42.0.8 release (<a href=""https://redirect.github.com/pyca/cryptography/issues/11072"">#11072</a>)</li>
<li>See full diff in <a href=""https://github.com/pyca/cryptography/compare/42.0.7...42.0.8"">compare view</a></li>
</ul>
</details>
<br />

Updates `mypy` from 1.10.0 to 1.10.1
<details>
<summary>Changelog</summary>
<p><em>Sourced from <a href=""https://github.com/python/mypy/blob/master/CHANGELOG.md"">mypy's changelog</a>.</em></p>
<blockquote>
<h4>Mypy 1.10.1</h4>
<ul>
<li>Fix error reporting on cached run after uninstallation of third party library (Shantanu, PR <a href=""https://redirect.github.com/python/mypy/pull/17420"">17420</a>)</li>
</ul>
<h4>Acknowledgements</h4>
<p>Thanks to all mypy contributors who contributed to this release:</p>
<ul>
<li>Alex Waygood</li>
<li>Ali Hamdan</li>
<li>Edward Paget</li>
<li>Evgeniy Slobodkin</li>
<li>Hashem</li>
<li>hesam</li>
<li>Hugo van Kemenade</li>
<li>Ihor</li>
<li>James Braza</li>
<li>Jelle Zijlstra</li>
<li>jhance</li>
<li>Jukka Lehtosalo</li>
<li>Loïc Simon</li>
<li>Marc Mueller</li>
<li>Matthieu Devlin</li>
<li>Michael R. Crusoe</li>
<li>Nikita Sobolev</li>
<li>Oskari Lehto</li>
<li>Riccardo Di Maio</li>
<li>Richard Si</li>
<li>roberfi</li>
<li>Roman Solomatin</li>
<li>Sam Xifaras</li>
<li>Shantanu</li>
<li>Spencer Brown</li>
<li>Srinivas Lade</li>
<li>Tamir Duberstein</li>
<li>youkaichao</li>
</ul>
<p>I’d also like to thank my employer, Dropbox, for supporting mypy development.</p>
<h2>Mypy 1.9</h2>
<p>We’ve just uploaded mypy 1.9 to the Python Package Index (<a href=""https://pypi.org/project/mypy/"">PyPI</a>). Mypy is a static type checker for Python. This release includes new features, performance improvements and bug fixes. You can install it as follows:</p>
<pre><code>python3 -m pip install -U mypy
</code></pre>
<p>You can read the full documentation for this release on <a href=""http://mypy.readthedocs.io"">Read the Docs</a>.</p>
<h4>Breaking Changes</h4>
<p>Because the version of typeshed we use in mypy 1.9 doesn't support 3.7, neither does mypy 1.9. (Jared Hance, PR <a href=""https://redirect.github.com/python/mypy/pull/16883"">16883</a>)</p>
<!-- raw HTML omitted -->
</blockquote>
<p>... (truncated)</p>
</details>
<details>
<summary>Commits</summary>
<ul>
<li><a href=""https://github.com/python/mypy/commit/c28b5257b528f65a028e7d0dbecbcd81c7997356""><code>c28b525</code></a> [1.10 backport] Fix error reporting on cached run after uninstallation of thi...</li>
<li>See full diff in <a href=""https://github.com/python/mypy/compare/v1.10.0...v1.10.1"">compare view</a></li>
</ul>
</details>
<br />

Updates `pyright` from 1.1.365 to 1.1.369
<details>
<summary>Commits</summary>
<ul>
<li><a href=""https://github.com/RobertCraigie/pyright-python/commit/903dbc65aaae3fd5db91db637f35d6ad5ab1ed75""><code>903dbc6</code></a> chore(ci): enable workflow_dispatch for releasing</li>
<li><a href=""https://github.com/RobertCraigie/pyright-python/commit/82d28c784faec6219b3cf3b7c00bd160912a8846""><code>82d28c7</code></a> chore(internal): pin twine dependency</li>
<li><a href=""https://github.com/RobertCraigie/pyright-python/commit/ffa917f5173f703503b4f7ef1a5e8ec1a793b928""><code>ffa917f</code></a> [pyright updated to 1.1.369] Update Version (<a href=""https://redirect.github.com/RobertCraigie/pyright-python/issues/279"">#279</a>)</li>
<li><a href=""https://github.com/RobertCraigie/pyright-python/commit/604a0a0b620825aac310af9cce25c0fc569a3a60""><code>604a0a0</code></a> [pyright updated to 1.1.368] Update Version (<a href=""https://redirect.github.com/RobertCraigie/pyright-python/issues/278"">#278</a>)</li>
<li><a href=""https://github.com/RobertCraigie/pyright-python/commit/dd680bad2637799e57aa285c18bf942316473dc9""><code>dd680ba</code></a> Pyright NPM Package update to 1.1.367 (<a href=""https://redirect.github.com/RobertCraigie/pyright-python/issues/277"">#277</a>)</li>
<li><a href=""https://github.com/RobertCraigie/pyright-python/commit/d337bcf583c3e82def58bf73d3da5da30e81d190""><code>d337bcf</code></a> [pyright updated to 1.1.366] Update Version (<a href=""https://redirect.github.com/RobertCraigie/pyright-python/issues/276"">#276</a>)</li>
<li>See full diff in <a href=""https://github.com/RobertCraigie/pyright-python/compare/v1.1.365...v1.1.369"">compare view</a></li>
</ul>
</details>
<br />

Updates `pytest` from 8.2.1 to 8.2.2
<details>
<summary>Release notes</summary>
<p><em>Sourced from <a href=""https://github.com/pytest-dev/pytest/releases"">pytest's releases</a>.</em></p>
<blockquote>
<h2>8.2.2</h2>
<h1>pytest 8.2.2 (2024-06-04)</h1>
<h2>Bug Fixes</h2>
<ul>
<li><a href=""https://redirect.github.com/pytest-dev/pytest/issues/12355"">#12355</a>: Fix possible catastrophic performance slowdown on a certain parametrization pattern involving many higher-scoped parameters.</li>
<li><a href=""https://redirect.github.com/pytest-dev/pytest/issues/12367"">#12367</a>: Fix a regression in pytest 8.2.0 where unittest class instances (a fresh one is created for each test) were not released promptly on test teardown but only on session teardown.</li>
<li><a href=""https://redirect.github.com/pytest-dev/pytest/issues/12381"">#12381</a>: Fix possible &quot;Directory not empty&quot; crashes arising from concurent cache dir (<code>.pytest_cache</code>) creation. Regressed in pytest 8.2.0.</li>
</ul>
<h2>Improved Documentation</h2>
<ul>
<li><a href=""https://redirect.github.com/pytest-dev/pytest/issues/12290"">#12290</a>: Updated Sphinx theme to use Furo instead of Flask, enabling Dark mode theme.</li>
<li><a href=""https://redirect.github.com/pytest-dev/pytest/issues/12356"">#12356</a>: Added a subsection to the documentation for debugging flaky tests to mention
lack of thread safety in pytest as a possible source of flakyness.</li>
<li><a href=""https://redirect.github.com/pytest-dev/pytest/issues/12363"">#12363</a>: The documentation webpages now links to a canonical version to reduce outdated documentation in search engine results.</li>
</ul>
</blockquote>
</details>
<details>
<summary>Commits</summary>
<ul>
<li><a href=""https://github.com/pytest-dev/pytest/commit/329d3712146e69c471be3e30883d54bdde2f76cb""><code>329d371</code></a> Prepare release version 8.2.2</li>
<li><a href=""https://github.com/pytest-dev/pytest/commit/214d098fcce88940f5ce9353786b3cc8f0bd3938""><code>214d098</code></a> Merge pull request <a href=""https://redirect.github.com/pytest-dev/pytest/issues/12414"">#12414</a> from bluetech/backport-12409</li>
<li><a href=""https://github.com/pytest-dev/pytest/commit/153a436bc40c9e89d90d62255ef5a89e9a762dca""><code>153a436</code></a> [8.2.x] fixtures: fix catastrophic performance problem in <code>reorder_items</code></li>
<li><a href=""https://github.com/pytest-dev/pytest/commit/b41d5a52bbb808780ab310456d71e5ce509fd402""><code>b41d5a5</code></a> Merge pull request <a href=""https://redirect.github.com/pytest-dev/pytest/issues/12412"">#12412</a> from pytest-dev/backport-12408-to-8.2.x</li>
<li><a href=""https://github.com/pytest-dev/pytest/commit/9bb73d734ff40f52d7bbebd708b5e3ab1ba20798""><code>9bb73d7</code></a> [8.2.x] cacheprovider: fix &quot;Directory not empty&quot; crash from cache directory c...</li>
<li><a href=""https://github.com/pytest-dev/pytest/commit/4569a01e3d20d64811d48b0b09539596520ea5a6""><code>4569a01</code></a> [8.2.x] doc: Update trainings/events (<a href=""https://redirect.github.com/pytest-dev/pytest/issues/12402"">#12402</a>)</li>
<li><a href=""https://github.com/pytest-dev/pytest/commit/1d103e5cdc1cb08f332e61a5b20fb205fa5228e7""><code>1d103e5</code></a> [8.2.x] Clarify pytest_ignore_collect docs (<a href=""https://redirect.github.com/pytest-dev/pytest/issues/12386"">#12386</a>)</li>
<li><a href=""https://github.com/pytest-dev/pytest/commit/240a252d34fff26efad5b3a92e62be4c9af94b70""><code>240a252</code></a> [8.2.x] Add html_baseurl to sphinx conf.py (<a href=""https://redirect.github.com/pytest-dev/pytest/issues/12372"">#12372</a>)</li>
<li><a href=""https://github.com/pytest-dev/pytest/commit/a5ee3c41268199c2c0af59c33050326b1c4a342e""><code>a5ee3c4</code></a> Merge pull request <a href=""https://redirect.github.com/pytest-dev/pytest/issues/12370"">#12370</a> from pytest-dev/backport-12368-to-8.2.x</li>
<li><a href=""https://github.com/pytest-dev/pytest/commit/f7358aec2884720b4de4594ffd0811b46316514c""><code>f7358ae</code></a> [8.2.x] unittest: fix class instances no longer released on test teardown sin...</li>
<li>Additional commits viewable in <a href=""https://github.com/pytest-dev/pytest/compare/8.2.1...8.2.2"">compare view</a></li>
</ul>
</details>
<br />

Updates `tox` from 4.15.0 to 4.15.1
<details>
<summary>Release notes</summary>
<p><em>Sourced from <a href=""https://github.com/tox-dev/tox/releases"">tox's releases</a>.</em></p>
<blockquote>
<h2>4.15.1</h2>
<!-- raw HTML omitted -->
<h2>What's Changed</h2>
<ul>
<li>fix skip with package = wheel by <a href=""https://github.com/MarcinKonowalczyk""><code>@​MarcinKonowalczyk</code></a> in <a href=""https://redirect.github.com/tox-dev/tox/pull/3269"">tox-dev/tox#3269</a></li>
<li>Fixed typo in user guide. by <a href=""https://github.com/carltongibson""><code>@​carltongibson</code></a> in <a href=""https://redirect.github.com/tox-dev/tox/pull/3277"">tox-dev/tox#3277</a></li>
<li>Fix broad build privileges @ GHA release workflow by <a href=""https://github.com/webknjaz""><code>@​webknjaz</code></a> in <a href=""https://redirect.github.com/tox-dev/tox/pull/3281"">tox-dev/tox#3281</a></li>
<li>Allow <code>ConfigSet.add_config</code> to receive parameterized generics for <code>of_type</code>. by <a href=""https://github.com/ssbarnea""><code>@​ssbarnea</code></a> in <a href=""https://redirect.github.com/tox-dev/tox/pull/3288"">tox-dev/tox#3288</a></li>
<li>Fix section substitution with setenv by <a href=""https://github.com/JJLLWW""><code>@​JJLLWW</code></a> in <a href=""https://redirect.github.com/tox-dev/tox/pull/3289"">tox-dev/tox#3289</a></li>
</ul>
<h2>New Contributors</h2>
<ul>
<li><a href=""https://github.com/MarcinKonowalczyk""><code>@​MarcinKonowalczyk</code></a> made their first contribution in <a href=""https://redirect.github.com/tox-dev/tox/pull/3269"">tox-dev/tox#3269</a></li>
<li><a href=""https://github.com/carltongibson""><code>@​carltongibson</code></a> made their first contribution in <a href=""https://redirect.github.com/tox-dev/tox/pull/3277"">tox-dev/tox#3277</a></li>
<li><a href=""https://github.com/JJLLWW""><code>@​JJLLWW</code></a> made their first contribution in <a href=""https://redirect.github.com/tox-dev/tox/pull/3289"">tox-dev/tox#3289</a></li>
</ul>
<p><strong>Full Changelog</strong>: <a href=""https://github.com/tox-dev/tox/compare/4.15.0...4.15.1"">https://github.com/tox-dev/tox/compare/4.15.0...4.15.1</a></p>
</blockquote>
</details>
<details>
<summary>Changelog</summary>
<p><em>Sourced from <a href=""https://github.com/tox-dev/tox/blob/main/docs/changelog.rst"">tox's changelog</a>.</em></p>
<blockquote>
<h2>v4.15.1 (2024-06-05)</h2>
<p>Features - 4.15.1</p>
<pre><code>- Fix ``skip_missing_interpreters`` option for ``package = wheel`` (:issue:`3269`)
<p>Bugfixes - 4.15.1
</code></pre></p>
<ul>
<li>Fix section substitution with setenv. (:issue:<code>3262</code>)</li>
<li>Allow <code>ConfigSet.add_config</code> to receive parameterized generics for <code>of_type</code>. (:issue:<code>3288</code>)</li>
</ul>
</blockquote>
</details>
<details>
<summary>Commits</summary>
<ul>
<li><a href=""https://github.com/tox-dev/tox/commit/079000fe80bb9baa3eb0e7f8f53f932810942d14""><code>079000f</code></a> release 4.15.1</li>
<li><a href=""https://github.com/tox-dev/tox/commit/489ad821e5b9c6d5aff500e1b3abc4292f52a2dc""><code>489ad82</code></a> Fix section substitution with setenv (<a href=""https://redirect.github.com/tox-dev/tox/issues/3289"">#3289</a>)</li>
<li><a href=""https://github.com/tox-dev/tox/commit/7317225d179a7bd70cbe409f5273d6aa3ffac488""><code>7317225</code></a> Allow <code>ConfigSet.add_config</code> to receive parameterized generics for <code>of_type</code>....</li>
<li><a href=""https://github.com/tox-dev/tox/commit/406f80887f757ba430c79280ad767492cf046296""><code>406f808</code></a> [pre-commit.ci] pre-commit autoupdate (<a href=""https://redirect.github.com/tox-dev/tox/issues/3283"">#3283</a>)</li>
<li><a href=""https://github.com/tox-dev/tox/commit/5c28d9c180679ee712a2974f4bb7d4765295bd48""><code>5c28d9c</code></a> [pre-commit.ci] pre-commit autoupdate (<a href=""https://redirect.github.com/tox-dev/tox/issues/3279"">#3279</a>)</li>
<li><a href=""https://github.com/tox-dev/tox/commit/f4e257c3a4ea000e07d5b670836d439f5e11fce6""><code>f4e257c</code></a> Fix broad build privileges @ GHA release workflow (<a href=""https://redirect.github.com/tox-dev/tox/issues/3281"">#3281</a>)</li>
<li><a href=""https://github.com/tox-dev/tox/commit/77564a1aa04300a8b2cecf8f871864d60019d645""><code>77564a1</code></a> Fixed typo in user guide.</li>
<li><a href=""https://github.com/tox-dev/tox/commit/e2f66b1b890f57a468c639c8c5ce7993d98ce447""><code>e2f66b1</code></a> [pre-commit.ci] auto fixes from pre-commit.com hooks</li>
<li><a href=""https://github.com/tox-dev/tox/commit/9afc9cba99ed0f1b163a1a96727a3bf231a4f951""><code>9afc9cb</code></a> [pre-commit.ci] pre-commit autoupdate</li>
<li><a href=""https://github.com/tox-dev/tox/commit/3db98229ac0730e204b832c911861249d389070c""><code>3db9822</code></a> fix skip with package = wheel (<a href=""https://redirect.github.com/tox-dev/tox/issues/3269"">#3269</a>)</li>
<li>See full diff in <a href=""https://github.com/tox-dev/tox/compare/4.15.0...4.15.1"">compare view</a></li>
</ul>
</details>
<br />


Dependabot will resolve any conflicts with this PR as long as you don't alter it yourself. You can also trigger a rebase manually by commenting `@dependabot rebase`.

[//]: # (dependabot-automerge-start)
[//]: # (dependabot-automerge-end)

---

<details>
<summary>Dependabot commands and options</summary>
<br />

You can trigger Dependabot actions by commenting on this PR:
- `@dependabot rebase` will rebase this PR
- `@dependabot recreate` will recreate this PR, overwriting any edits that have been made to it
- `@dependabot merge` will merge this PR after your CI passes on it
- `@dependabot squash and merge` will squash and merge this PR after your CI passes on it
- `@dependabot cancel merge` will cancel a previously requested merge and block automerging
- `@dependabot reopen` will reopen this PR if it is closed
- `@dependabot close` will close this PR and stop Dependabot recreating it. You can achieve the same result by closing it manually
- `@dependabot show <dependency name> ignore conditions` will show all of the ignore conditions of the specified dependency
- `@dependabot ignore <dependency name> major version` will close this group update PR and stop Dependabot creating any more for the specific dependency's major version (unless you unignore this specific dependency's major version or upgrade to it yourself)
- `@dependabot ignore <dependency name> minor version` will close this group update PR and stop Dependabot creating any more for the specific dependency's minor version (unless you unignore this specific dependency's minor version or upgrade to it yourself)
- `@dependabot ignore <dependency name>` will close this group update PR and stop Dependabot creating any more for the specific dependency (unless you unignore this specific dependency or upgrade to it yourself)
- `@dependabot unignore <dependency name>` will remove all of the ignore conditions of the specified dependency
- `@dependabot unignore <dependency name> <ignore condition>` will remove the ignore condition of the specified dependency and ignore conditions


</details>",https://github.com/pallets/flask/pull/5514,dependabot[bot],CONTRIBUTOR,closed,False,main,dependabot/pip/requirements/python-requirements-4bbd7ec1a4,2024-07-01 15:28:18+00:00,2024-07-16 00:07:01+00:00,2024-07-01 23:14:08+00:00,2024-07-01 23:14:08+00:00,1,7.763888888888889,7.763888888888889,10,10,20,3,1,66,16617,1261,"['dependencies', 'python']",2,[],0,3,0,0,0,0,0,3,0,0,False,False,False,False,Merged,2024-Q3,2024-07-01,2024-09-30,Merged,True,False,False,False,False,False,False,False,False,True,True,False,False,False,False,False,False,False,False,False,2,True,1,Merged,9.718241724224926,7.140453043101158,2.3978952727983707,2.3978952727983707,3.044522437723423,1.3862943611198906,0.6931471805599453,True,True,False,True,6.666666666666667,0.5,False,False,Small,2024,7,3,0,15,False,Monday,Previous contributor,0,0,0,0,validation
pallets/flask,5516,Bump the github-actions group with 2 updates,"Bumps the github-actions group with 2 updates: [actions/checkout](https://github.com/actions/checkout) and [pypa/gh-action-pypi-publish](https://github.com/pypa/gh-action-pypi-publish).

Updates `actions/checkout` from 4.1.6 to 4.1.7
<details>
<summary>Release notes</summary>
<p><em>Sourced from <a href=""https://github.com/actions/checkout/releases"">actions/checkout's releases</a>.</em></p>
<blockquote>
<h2>v4.1.7</h2>
<h2>What's Changed</h2>
<ul>
<li>Bump the minor-npm-dependencies group across 1 directory with 4 updates by <a href=""https://github.com/dependabot""><code>@​dependabot</code></a> in <a href=""https://redirect.github.com/actions/checkout/pull/1739"">actions/checkout#1739</a></li>
<li>Bump actions/checkout from 3 to 4 by <a href=""https://github.com/dependabot""><code>@​dependabot</code></a> in <a href=""https://redirect.github.com/actions/checkout/pull/1697"">actions/checkout#1697</a></li>
<li>Check out other refs/* by commit by <a href=""https://github.com/orhantoy""><code>@​orhantoy</code></a> in <a href=""https://redirect.github.com/actions/checkout/pull/1774"">actions/checkout#1774</a></li>
<li>Pin actions/checkout's own workflows to a known, good, stable version. by <a href=""https://github.com/jww3""><code>@​jww3</code></a> in <a href=""https://redirect.github.com/actions/checkout/pull/1776"">actions/checkout#1776</a></li>
</ul>
<h2>New Contributors</h2>
<ul>
<li><a href=""https://github.com/orhantoy""><code>@​orhantoy</code></a> made their first contribution in <a href=""https://redirect.github.com/actions/checkout/pull/1774"">actions/checkout#1774</a></li>
</ul>
<p><strong>Full Changelog</strong>: <a href=""https://github.com/actions/checkout/compare/v4.1.6...v4.1.7"">https://github.com/actions/checkout/compare/v4.1.6...v4.1.7</a></p>
</blockquote>
</details>
<details>
<summary>Changelog</summary>
<p><em>Sourced from <a href=""https://github.com/actions/checkout/blob/main/CHANGELOG.md"">actions/checkout's changelog</a>.</em></p>
<blockquote>
<h1>Changelog</h1>
<h2>v4.1.7</h2>
<ul>
<li>Bump the minor-npm-dependencies group across 1 directory with 4 updates by <a href=""https://github.com/dependabot""><code>@​dependabot</code></a> in <a href=""https://redirect.github.com/actions/checkout/pull/1739"">actions/checkout#1739</a></li>
<li>Bump actions/checkout from 3 to 4 by <a href=""https://github.com/dependabot""><code>@​dependabot</code></a> in <a href=""https://redirect.github.com/actions/checkout/pull/1697"">actions/checkout#1697</a></li>
<li>Check out other refs/* by commit by <a href=""https://github.com/orhantoy""><code>@​orhantoy</code></a> in <a href=""https://redirect.github.com/actions/checkout/pull/1774"">actions/checkout#1774</a></li>
<li>Pin actions/checkout's own workflows to a known, good, stable version. by <a href=""https://github.com/jww3""><code>@​jww3</code></a> in <a href=""https://redirect.github.com/actions/checkout/pull/1776"">actions/checkout#1776</a></li>
</ul>
<h2>v4.1.6</h2>
<ul>
<li>Check platform to set archive extension appropriately by <a href=""https://github.com/cory-miller""><code>@​cory-miller</code></a> in <a href=""https://redirect.github.com/actions/checkout/pull/1732"">actions/checkout#1732</a></li>
</ul>
<h2>v4.1.5</h2>
<ul>
<li>Update NPM dependencies by <a href=""https://github.com/cory-miller""><code>@​cory-miller</code></a> in <a href=""https://redirect.github.com/actions/checkout/pull/1703"">actions/checkout#1703</a></li>
<li>Bump github/codeql-action from 2 to 3 by <a href=""https://github.com/dependabot""><code>@​dependabot</code></a> in <a href=""https://redirect.github.com/actions/checkout/pull/1694"">actions/checkout#1694</a></li>
<li>Bump actions/setup-node from 1 to 4 by <a href=""https://github.com/dependabot""><code>@​dependabot</code></a> in <a href=""https://redirect.github.com/actions/checkout/pull/1696"">actions/checkout#1696</a></li>
<li>Bump actions/upload-artifact from 2 to 4 by <a href=""https://github.com/dependabot""><code>@​dependabot</code></a> in <a href=""https://redirect.github.com/actions/checkout/pull/1695"">actions/checkout#1695</a></li>
<li>README: Suggest <code>user.email</code> to be <code>41898282+github-actions[bot]@users.noreply.github.com</code> by <a href=""https://github.com/cory-miller""><code>@​cory-miller</code></a> in <a href=""https://redirect.github.com/actions/checkout/pull/1707"">actions/checkout#1707</a></li>
</ul>
<h2>v4.1.4</h2>
<ul>
<li>Disable <code>extensions.worktreeConfig</code> when disabling <code>sparse-checkout</code> by <a href=""https://github.com/jww3""><code>@​jww3</code></a> in <a href=""https://redirect.github.com/actions/checkout/pull/1692"">actions/checkout#1692</a></li>
<li>Add dependabot config by <a href=""https://github.com/cory-miller""><code>@​cory-miller</code></a> in <a href=""https://redirect.github.com/actions/checkout/pull/1688"">actions/checkout#1688</a></li>
<li>Bump the minor-actions-dependencies group with 2 updates by <a href=""https://github.com/dependabot""><code>@​dependabot</code></a> in <a href=""https://redirect.github.com/actions/checkout/pull/1693"">actions/checkout#1693</a></li>
<li>Bump word-wrap from 1.2.3 to 1.2.5 by <a href=""https://github.com/dependabot""><code>@​dependabot</code></a> in <a href=""https://redirect.github.com/actions/checkout/pull/1643"">actions/checkout#1643</a></li>
</ul>
<h2>v4.1.3</h2>
<ul>
<li>Check git version before attempting to disable <code>sparse-checkout</code> by <a href=""https://github.com/jww3""><code>@​jww3</code></a> in <a href=""https://redirect.github.com/actions/checkout/pull/1656"">actions/checkout#1656</a></li>
<li>Add SSH user parameter by <a href=""https://github.com/cory-miller""><code>@​cory-miller</code></a> in <a href=""https://redirect.github.com/actions/checkout/pull/1685"">actions/checkout#1685</a></li>
<li>Update <code>actions/checkout</code> version in <code>update-main-version.yml</code> by <a href=""https://github.com/jww3""><code>@​jww3</code></a> in <a href=""https://redirect.github.com/actions/checkout/pull/1650"">actions/checkout#1650</a></li>
</ul>
<h2>v4.1.2</h2>
<ul>
<li>Fix: Disable sparse checkout whenever <code>sparse-checkout</code> option is not present <a href=""https://github.com/dscho""><code>@​dscho</code></a> in <a href=""https://redirect.github.com/actions/checkout/pull/1598"">actions/checkout#1598</a></li>
</ul>
<h2>v4.1.1</h2>
<ul>
<li>Correct link to GitHub Docs by <a href=""https://github.com/peterbe""><code>@​peterbe</code></a> in <a href=""https://redirect.github.com/actions/checkout/pull/1511"">actions/checkout#1511</a></li>
<li>Link to release page from what's new section by <a href=""https://github.com/cory-miller""><code>@​cory-miller</code></a> in <a href=""https://redirect.github.com/actions/checkout/pull/1514"">actions/checkout#1514</a></li>
</ul>
<h2>v4.1.0</h2>
<ul>
<li><a href=""https://redirect.github.com/actions/checkout/pull/1396"">Add support for partial checkout filters</a></li>
</ul>
<h2>v4.0.0</h2>
<ul>
<li><a href=""https://redirect.github.com/actions/checkout/pull/1067"">Support fetching without the --progress option</a></li>
<li><a href=""https://redirect.github.com/actions/checkout/pull/1436"">Update to node20</a></li>
</ul>
<h2>v3.6.0</h2>
<ul>
<li><a href=""https://redirect.github.com/actions/checkout/pull/1377"">Fix: Mark test scripts with Bash'isms to be run via Bash</a></li>
<li><a href=""https://redirect.github.com/actions/checkout/pull/579"">Add option to fetch tags even if fetch-depth &gt; 0</a></li>
</ul>
<h2>v3.5.3</h2>
<ul>
<li><a href=""https://redirect.github.com/actions/checkout/pull/1196"">Fix: Checkout fail in self-hosted runners when faulty submodule are checked-in</a></li>
<li><a href=""https://redirect.github.com/actions/checkout/pull/1287"">Fix typos found by codespell</a></li>
</ul>
<!-- raw HTML omitted -->
</blockquote>
<p>... (truncated)</p>
</details>
<details>
<summary>Commits</summary>
<ul>
<li><a href=""https://github.com/actions/checkout/commit/692973e3d937129bcbf40652eb9f2f61becf3332""><code>692973e</code></a> Prepare 4.1.7 release (<a href=""https://redirect.github.com/actions/checkout/issues/1775"">#1775</a>)</li>
<li><a href=""https://github.com/actions/checkout/commit/6ccd57f4c5d15bdc2fef309bd9fb6cc9db2ef1c6""><code>6ccd57f</code></a> Pin actions/checkout's own workflows to a known, good, stable version. (<a href=""https://redirect.github.com/actions/checkout/issues/1776"">#1776</a>)</li>
<li><a href=""https://github.com/actions/checkout/commit/b17fe1e4d59a9d1d95a7aead5e6fcd13e50939a5""><code>b17fe1e</code></a> Handle hidden refs (<a href=""https://redirect.github.com/actions/checkout/issues/1774"">#1774</a>)</li>
<li><a href=""https://github.com/actions/checkout/commit/b80ff79f1755d06ba70441c368a6fe801f5f3a62""><code>b80ff79</code></a> Bump actions/checkout from 3 to 4 (<a href=""https://redirect.github.com/actions/checkout/issues/1697"">#1697</a>)</li>
<li><a href=""https://github.com/actions/checkout/commit/b1ec3021b8fa02164da82ca1557d017d83b0e179""><code>b1ec302</code></a> Bump the minor-npm-dependencies group across 1 directory with 4 updates (<a href=""https://redirect.github.com/actions/checkout/issues/1739"">#1739</a>)</li>
<li>See full diff in <a href=""https://github.com/actions/checkout/compare/a5ac7e51b41094c92402da3b24376905380afc29...692973e3d937129bcbf40652eb9f2f61becf3332"">compare view</a></li>
</ul>
</details>
<br />

Updates `pypa/gh-action-pypi-publish` from 1.8.14 to 1.9.0
<details>
<summary>Release notes</summary>
<p><em>Sourced from <a href=""https://github.com/pypa/gh-action-pypi-publish/releases"">pypa/gh-action-pypi-publish's releases</a>.</em></p>
<blockquote>
<h2>v1.9.0</h2>
<h2>💅 Cosmetic Output Improvements</h2>
<ul>
<li><a href=""https://github.com/woodruffw""><code>@​woodruffw</code></a><a href=""https://github.com/sponsors/woodruffw"">💰</a> updated the tense on password nudge in <a href=""https://redirect.github.com/pypa/gh-action-pypi-publish/issues/234"">#234</a></li>
<li><a href=""https://github.com/shenxianpeng""><code>@​shenxianpeng</code></a><a href=""https://github.com/sponsors/shenxianpeng"">💰</a> helped us disable the progress bar that was being produced by the <code>twine upload</code> command via <a href=""https://redirect.github.com/pypa/gh-action-pypi-publish/issues/231"">#231</a></li>
<li><a href=""https://github.com/woodruffw""><code>@​woodruffw</code></a><a href=""https://github.com/sponsors/woodruffw"">💰</a> also linked the PyPI status dashboard in the trusted publishing error message via <a href=""https://redirect.github.com/pypa/gh-action-pypi-publish/pull/243"">pypa/gh-action-pypi-publish#243</a></li>
</ul>
<h2>🛠️ Internal Dependencies</h2>
<ul>
<li>pre-commit linters got auto-updated @ <a href=""https://redirect.github.com/pypa/gh-action-pypi-publish/issues/225"">#225</a></li>
<li>some notable dependency bumps include
<ul>
<li><code>cryptography == 42.0.7</code></li>
<li><code>id == 1.4.0</code></li>
<li><code>idna == 3.7</code> via <a href=""https://redirect.github.com/pypa/gh-action-pypi-publish/issues/228"">#228</a></li>
<li><code>requests == 2.32.0</code> via <a href=""https://redirect.github.com/pypa/gh-action-pypi-publish/issues/240"">#240</a></li>
<li><code>Twine == 5.1.0</code></li>
</ul>
</li>
</ul>
<h2>⚙️ Secret Stuff</h2>
<p>In <a href=""https://redirect.github.com/pypa/gh-action-pypi-publish/issues/241"">#241</a>, <a href=""https://github.com/br3ndonland""><code>@​br3ndonland</code></a><a href=""https://github.com/sponsors/br3ndonland"">💰</a> added a Docker label linking the container image to this repository for GHCR to display it nicely. This is preparatory work for a big performance-focused refactoring he's working on in <a href=""https://redirect.github.com/pypa/gh-action-pypi-publish/issues/230"">#230</a>.</p>
<h2>💪 New Contributors</h2>
<ul>
<li><a href=""https://github.com/shenxianpeng""><code>@​shenxianpeng</code></a> made their first contribution in <a href=""https://redirect.github.com/pypa/gh-action-pypi-publish/pull/231"">pypa/gh-action-pypi-publish#231</a></li>
<li><a href=""https://github.com/br3ndonland""><code>@​br3ndonland</code></a> made their first contribution in <a href=""https://redirect.github.com/pypa/gh-action-pypi-publish/pull/241"">pypa/gh-action-pypi-publish#241</a></li>
</ul>
<p><strong>🪞 Full Diff</strong>: <a href=""https://github.com/pypa/gh-action-pypi-publish/compare/v1.8.14...v1.9.0"">https://github.com/pypa/gh-action-pypi-publish/compare/v1.8.14...v1.9.0</a></p>
<p><strong>🧔‍♂️ Release Manager:</strong> <a href=""https://github.com/sponsors/webknjaz""><code>@​webknjaz 🇺🇦</code></a></p>
<p><strong>🙏 Special Thanks</strong> to <a href=""https://github.com/pradyunsg""><code>@​pradyunsg</code></a><a href=""https://github.com/sponsors/pradyunsg"">💰</a> for promptly unblocking this release to Marketplace as GitHub started asking for yet another developer agreement signature from the organization admins.</p>
</blockquote>
</details>
<details>
<summary>Commits</summary>
<ul>
<li><a href=""https://github.com/pypa/gh-action-pypi-publish/commit/ec4db0b4ddc65acdf4bff5fa45ac92d78b56bdf0""><code>ec4db0b</code></a> Merge PR <a href=""https://redirect.github.com/pypa/gh-action-pypi-publish/issues/243"">#243</a> into unstable/v1</li>
<li><a href=""https://github.com/pypa/gh-action-pypi-publish/commit/e7908444c66f5eb9b434207e3ecfef975ea3294e""><code>e790844</code></a> oidc-exchange: link to status dashboard</li>
<li><a href=""https://github.com/pypa/gh-action-pypi-publish/commit/87b624f8716b1150d93f45fa364e49eceebf3ffd""><code>87b624f</code></a> 💅Update homepage @ Dockerfile to GH Marketplace</li>
<li><a href=""https://github.com/pypa/gh-action-pypi-publish/commit/da2f9bb91e4befc116f611d2977e267bfc852706""><code>da2f9bb</code></a> Merge pull request <a href=""https://redirect.github.com/pypa/gh-action-pypi-publish/issues/241"">#241</a> from br3ndonland/ghcr-label</li>
<li><a href=""https://github.com/pypa/gh-action-pypi-publish/commit/abbea2dd5c5802d41c4b6d88c355c64e10207278""><code>abbea2d</code></a> Add Docker label for GHCR</li>
<li><a href=""https://github.com/pypa/gh-action-pypi-publish/commit/2734d07314198e3efbc2a559db0dd8ee41311611""><code>2734d07</code></a> build(deps): bump requests from 2.31.0 to 2.32.0 in /requirements (<a href=""https://redirect.github.com/pypa/gh-action-pypi-publish/issues/240"">#240</a>)</li>
<li><a href=""https://github.com/pypa/gh-action-pypi-publish/commit/a54b9b8952a40829f62ac2bc7855f676d46f9738""><code>a54b9b8</code></a> ---</li>
<li><a href=""https://github.com/pypa/gh-action-pypi-publish/commit/699cd6103f50bf5c3b2f070c70712d109c168e6c""><code>699cd61</code></a> ⇪📦 Bump the runtime dep lockfile</li>
<li><a href=""https://github.com/pypa/gh-action-pypi-publish/commit/8414fc245772bb111cb480a62446d4bdfff3ddb0""><code>8414fc2</code></a> [pre-commit.ci] pre-commit autoupdate (<a href=""https://redirect.github.com/pypa/gh-action-pypi-publish/issues/225"">#225</a>)</li>
<li><a href=""https://github.com/pypa/gh-action-pypi-publish/commit/67a07ebbede58a32f17e8cae6b08094c1f2a5c95""><code>67a07eb</code></a> Disable the progress bar when running <code>twine upload</code></li>
<li>Additional commits viewable in <a href=""https://github.com/pypa/gh-action-pypi-publish/compare/81e9d935c883d0b210363ab89cf05f3894778450...ec4db0b4ddc65acdf4bff5fa45ac92d78b56bdf0"">compare view</a></li>
</ul>
</details>
<br />


Dependabot will resolve any conflicts with this PR as long as you don't alter it yourself. You can also trigger a rebase manually by commenting `@dependabot rebase`.

[//]: # (dependabot-automerge-start)
[//]: # (dependabot-automerge-end)

---

<details>
<summary>Dependabot commands and options</summary>
<br />

You can trigger Dependabot actions by commenting on this PR:
- `@dependabot rebase` will rebase this PR
- `@dependabot recreate` will recreate this PR, overwriting any edits that have been made to it
- `@dependabot merge` will merge this PR after your CI passes on it
- `@dependabot squash and merge` will squash and merge this PR after your CI passes on it
- `@dependabot cancel merge` will cancel a previously requested merge and block automerging
- `@dependabot reopen` will reopen this PR if it is closed
- `@dependabot close` will close this PR and stop Dependabot recreating it. You can achieve the same result by closing it manually
- `@dependabot show <dependency name> ignore conditions` will show all of the ignore conditions of the specified dependency
- `@dependabot ignore <dependency name> major version` will close this group update PR and stop Dependabot creating any more for the specific dependency's major version (unless you unignore this specific dependency's major version or upgrade to it yourself)
- `@dependabot ignore <dependency name> minor version` will close this group update PR and stop Dependabot creating any more for the specific dependency's minor version (unless you unignore this specific dependency's minor version or upgrade to it yourself)
- `@dependabot ignore <dependency name>` will close this group update PR and stop Dependabot creating any more for the specific dependency (unless you unignore this specific dependency or upgrade to it yourself)
- `@dependabot unignore <dependency name>` will remove all of the ignore conditions of the specified dependency
- `@dependabot unignore <dependency name> <ignore condition>` will remove the ignore condition of the specified dependency and ignore conditions


</details>",https://github.com/pallets/flask/pull/5516,dependabot[bot],CONTRIBUTOR,closed,False,main,dependabot/github_actions/github-actions-15fc6d9b70,2024-07-01 15:56:21+00:00,2024-07-16 00:07:02+00:00,2024-07-01 19:47:02+00:00,2024-07-01 19:47:02+00:00,1,3.8447222222222224,3.8447222222222224,5,5,10,2,1,44,17251,1153,"['dependencies', 'github_actions']",2,[],0,2,0,0,2,0,0,2,0,0,False,False,True,False,Merged,2024-Q3,2024-07-01,2024-09-30,Merged,True,False,False,True,False,False,False,False,False,True,True,False,False,False,False,False,False,False,False,False,3,True,1,Merged,9.755683357767731,7.050989447068045,1.791759469228055,1.791759469228055,2.3978952727983707,1.0986122886681098,0.6931471805599453,True,True,False,True,5.0,0.5,False,False,Very small,2024,7,3,0,15,False,Monday,Previous contributor,0,0,0,0,validation
pallets/flask,5517,[pre-commit.ci] pre-commit autoupdate,"<!--pre-commit.ci start-->
updates:
- [github.com/astral-sh/ruff-pre-commit: v0.4.7 → v0.5.0](https://github.com/astral-sh/ruff-pre-commit/compare/v0.4.7...v0.5.0)
<!--pre-commit.ci end-->",https://github.com/pallets/flask/pull/5517,pre-commit-ci[bot],CONTRIBUTOR,closed,False,main,pre-commit-ci-update-config,2024-07-02 00:15:34+00:00,2024-07-17 00:07:02+00:00,2024-07-02 11:17:59+00:00,2024-07-02 11:17:59+00:00,1,11.040277777777778,11.040277777777778,1,1,2,1,1,37,188,10,[],0,[],0,1,0,0,1,0,0,1,0,0,False,False,True,False,Merged,2024-Q3,2024-07-01,2024-09-30,Merged,True,False,False,True,False,False,False,False,False,False,False,False,False,False,False,False,False,False,False,False,1,True,1,Merged,5.241747015059643,2.3978952727983707,0.6931471805599453,0.6931471805599453,1.0986122886681098,0.6931471805599453,0.6931471805599453,True,False,False,False,2.0,0.5,False,False,Very small,2024,7,3,1,0,False,Tuesday,Previous contributor,0,0,0,0,validation
pallets/flask,5522,Update waitress.rst,"fixed a small typo

<!--
Before opening a PR, open a ticket describing the issue or feature the
PR will address. An issue is not required for fixing typos in
documentation, or other simple non-code changes.

Replace this comment with a description of the change. Describe how it
addresses the linked ticket.
-->

<!--
Link to relevant issues or previous PRs, one per line. Use ""fixes"" to
automatically close an issue.

fixes #<issue number>
-->

<!--
Ensure each step in CONTRIBUTING.rst is complete, especially the following:

- Add tests that demonstrate the correct behavior of the change. Tests
  should fail without the change.
- Add or update relevant docs, in the docs folder and in code.
- Add an entry in CHANGES.rst summarizing the change and linking to the issue.
- Add `.. versionchanged::` entries in any relevant code docs.
-->
",https://github.com/pallets/flask/pull/5522,amrear,CONTRIBUTOR,closed,False,3.0.x,patch-1,2024-07-09 10:21:00+00:00,2024-07-26 00:06:25+00:00,2024-07-11 01:08:49+00:00,2024-07-11 01:08:49+00:00,1,38.79694444444444,38.79694444444444,1,1,2,1,1,19,867,141,[],0,[],0,1,0,1,0,0,0,1,0,0,False,True,False,False,Merged,2024-Q3,2024-07-01,2024-09-30,Merged,True,False,False,False,False,False,False,False,False,False,False,False,False,False,False,False,False,False,False,False,0,False,1,Merged,6.766191714660351,4.955827057601261,0.6931471805599453,0.6931471805599453,1.0986122886681098,0.6931471805599453,0.6931471805599453,True,True,False,False,2.0,0.5,False,False,Very small,2024,7,3,1,10,False,Tuesday,Previous contributor,1,0,0,0,validation
pallets/flask,5526,Add encoding parameter to open resource,"- Add encoding parameter to open_resource method and pass it to built-in open function
- Remove skip mark from unittests, that checks this functionality

This PR fixes #5504 
",https://github.com/pallets/flask/pull/5526,markparonyan,CONTRIBUTOR,closed,False,main,add-encoding-parameter-to-open-resource,2024-07-10 11:57:00+00:00,2024-07-26 00:06:24+00:00,2024-07-11 02:16:46+00:00,2024-07-11 02:16:46+00:00,1,14.329444444444444,14.329444444444444,81,53,134,4,1,39,176,28,[],0,[],0,4,1,1,0,0,0,4,0,0,True,True,False,False,Merged,2024-Q3,2024-07-01,2024-09-30,Merged,True,False,False,False,True,True,True,True,True,False,False,False,False,False,False,False,False,False,False,False,5,True,1,Merged,5.176149732573829,3.367295829986474,4.406719247264253,3.9889840465642745,4.90527477843843,1.6094379124341005,0.6931471805599453,True,False,False,False,33.5,0.3955223880597014,False,False,Medium,2024,7,3,2,11,False,Wednesday,Previous contributor,0,0,0,0,validation
pallets/flask,5539,Bump the github-actions group with 3 updates,"Bumps the github-actions group with 3 updates: [actions/setup-python](https://github.com/actions/setup-python), [actions/upload-artifact](https://github.com/actions/upload-artifact) and [actions/download-artifact](https://github.com/actions/download-artifact).

Updates `actions/setup-python` from 5.1.0 to 5.1.1
<details>
<summary>Release notes</summary>
<p><em>Sourced from <a href=""https://github.com/actions/setup-python/releases"">actions/setup-python's releases</a>.</em></p>
<blockquote>
<h2>v5.1.1</h2>
<h2>What's Changed</h2>
<h3>Bug fixes:</h3>
<ul>
<li>fix(ci): update all failing workflows by <a href=""https://github.com/mayeut""><code>@​mayeut</code></a> in <a href=""https://redirect.github.com/actions/setup-python/pull/863"">actions/setup-python#863</a>
This update ensures compatibility and optimal performance of workflows on the latest macOS version.</li>
</ul>
<h3>Documentation changes:</h3>
<ul>
<li>Documentation update for cache by <a href=""https://github.com/gowridurgad""><code>@​gowridurgad</code></a> in <a href=""https://redirect.github.com/actions/setup-python/pull/873"">actions/setup-python#873</a></li>
</ul>
<h3>Dependency updates:</h3>
<ul>
<li>Bump braces from 3.0.2 to 3.0.3 and undici from 5.28.3 to 5.28.4 by <a href=""https://github.com/dependabot""><code>@​dependabot</code></a> in <a href=""https://redirect.github.com/actions/setup-python/pull/893"">actions/setup-python#893</a></li>
</ul>
<h2>New Contributors</h2>
<ul>
<li><a href=""https://github.com/gowridurgad""><code>@​gowridurgad</code></a> made their first contribution in <a href=""https://redirect.github.com/actions/setup-python/pull/873"">actions/setup-python#873</a></li>
</ul>
<p><strong>Full Changelog</strong>: <a href=""https://github.com/actions/setup-python/compare/v5...v5.1.1"">https://github.com/actions/setup-python/compare/v5...v5.1.1</a></p>
</blockquote>
</details>
<details>
<summary>Commits</summary>
<ul>
<li><a href=""https://github.com/actions/setup-python/commit/39cd14951b08e74b54015e9e001cdefcf80e669f""><code>39cd149</code></a> Documentation update for cache (<a href=""https://redirect.github.com/actions/setup-python/issues/873"">#873</a>)</li>
<li><a href=""https://github.com/actions/setup-python/commit/a0d74c0c423f896bc4e7be91d5cb1e2d54438db3""><code>a0d74c0</code></a> fix(ci): update all failing workflows (<a href=""https://redirect.github.com/actions/setup-python/issues/863"">#863</a>)</li>
<li><a href=""https://github.com/actions/setup-python/commit/4eb7dbcb9561cb76a85079ffa9d89b983166e00c""><code>4eb7dbc</code></a> Bump braces from 3.0.2 to 3.0.3 (<a href=""https://redirect.github.com/actions/setup-python/issues/893"">#893</a>)</li>
<li>See full diff in <a href=""https://github.com/actions/setup-python/compare/82c7e631bb3cdc910f68e0081d67478d79c6982d...39cd14951b08e74b54015e9e001cdefcf80e669f"">compare view</a></li>
</ul>
</details>
<br />

Updates `actions/upload-artifact` from 4.3.3 to 4.3.4
<details>
<summary>Release notes</summary>
<p><em>Sourced from <a href=""https://github.com/actions/upload-artifact/releases"">actions/upload-artifact's releases</a>.</em></p>
<blockquote>
<h2>v4.3.4</h2>
<h2>What's Changed</h2>
<ul>
<li>Update <code>@​actions/artifact</code> version, bump dependencies by <a href=""https://github.com/robherley""><code>@​robherley</code></a> in <a href=""https://redirect.github.com/actions/upload-artifact/pull/584"">actions/upload-artifact#584</a></li>
</ul>
<p><strong>Full Changelog</strong>: <a href=""https://github.com/actions/upload-artifact/compare/v4.3.3...v4.3.4"">https://github.com/actions/upload-artifact/compare/v4.3.3...v4.3.4</a></p>
</blockquote>
</details>
<details>
<summary>Commits</summary>
<ul>
<li><a href=""https://github.com/actions/upload-artifact/commit/0b2256b8c012f0828dc542b3febcab082c67f72b""><code>0b2256b</code></a> Merge pull request <a href=""https://redirect.github.com/actions/upload-artifact/issues/584"">#584</a> from actions/robherley/bump-pkgs</li>
<li><a href=""https://github.com/actions/upload-artifact/commit/488dcefb9bf01619ac19bad29c5c5409a1e4dd4c""><code>488dcef</code></a> licensed cache</li>
<li><a href=""https://github.com/actions/upload-artifact/commit/04c51f57662651dd3333286989e2db1111c0fd07""><code>04c51f5</code></a> ncc</li>
<li><a href=""https://github.com/actions/upload-artifact/commit/32a9e276a8f8ac18b4b2dce8213ed340ed4e5ed8""><code>32a9e27</code></a> bump <code>@​actions/artifact</code> and npm audit</li>
<li><a href=""https://github.com/actions/upload-artifact/commit/552bf3722c16e81001aea7db72d8cedf64eb5f68""><code>552bf37</code></a> new version</li>
<li><a href=""https://github.com/actions/upload-artifact/commit/79616d2ded92999fceefea2ca2e4bdf6101fa919""><code>79616d2</code></a> Merge pull request <a href=""https://redirect.github.com/actions/upload-artifact/issues/565"">#565</a> from actions/eggyhead/use-artifact-v2.1.6</li>
<li>See full diff in <a href=""https://github.com/actions/upload-artifact/compare/65462800fd760344b1a7b4382951275a0abb4808...0b2256b8c012f0828dc542b3febcab082c67f72b"">compare view</a></li>
</ul>
</details>
<br />

Updates `actions/download-artifact` from 4.1.7 to 4.1.8
<details>
<summary>Release notes</summary>
<p><em>Sourced from <a href=""https://github.com/actions/download-artifact/releases"">actions/download-artifact's releases</a>.</em></p>
<blockquote>
<h2>v4.1.8</h2>
<h2>What's Changed</h2>
<ul>
<li>Update <code>@​actions/artifact</code> version, bump dependencies by <a href=""https://github.com/robherley""><code>@​robherley</code></a> in <a href=""https://redirect.github.com/actions/download-artifact/pull/341"">actions/download-artifact#341</a></li>
</ul>
<p><strong>Full Changelog</strong>: <a href=""https://github.com/actions/download-artifact/compare/v4...v4.1.8"">https://github.com/actions/download-artifact/compare/v4...v4.1.8</a></p>
</blockquote>
</details>
<details>
<summary>Commits</summary>
<ul>
<li><a href=""https://github.com/actions/download-artifact/commit/fa0a91b85d4f404e444e00e005971372dc801d16""><code>fa0a91b</code></a> Merge pull request <a href=""https://redirect.github.com/actions/download-artifact/issues/341"">#341</a> from actions/robherley/bump-pkgs</li>
<li><a href=""https://github.com/actions/download-artifact/commit/b54d0883e196647f43ce531a3fc13b246cf908b6""><code>b54d088</code></a> Update <code>@​actions/artifact</code> version, bump dependencies</li>
<li>See full diff in <a href=""https://github.com/actions/download-artifact/compare/65a9edc5881444af0b9093a5e628f2fe47ea3b2e...fa0a91b85d4f404e444e00e005971372dc801d16"">compare view</a></li>
</ul>
</details>
<br />


Dependabot will resolve any conflicts with this PR as long as you don't alter it yourself. You can also trigger a rebase manually by commenting `@dependabot rebase`.

[//]: # (dependabot-automerge-start)
[//]: # (dependabot-automerge-end)

---

<details>
<summary>Dependabot commands and options</summary>
<br />

You can trigger Dependabot actions by commenting on this PR:
- `@dependabot rebase` will rebase this PR
- `@dependabot recreate` will recreate this PR, overwriting any edits that have been made to it
- `@dependabot merge` will merge this PR after your CI passes on it
- `@dependabot squash and merge` will squash and merge this PR after your CI passes on it
- `@dependabot cancel merge` will cancel a previously requested merge and block automerging
- `@dependabot reopen` will reopen this PR if it is closed
- `@dependabot close` will close this PR and stop Dependabot recreating it. You can achieve the same result by closing it manually
- `@dependabot show <dependency name> ignore conditions` will show all of the ignore conditions of the specified dependency
- `@dependabot ignore <dependency name> major version` will close this group update PR and stop Dependabot creating any more for the specific dependency's major version (unless you unignore this specific dependency's major version or upgrade to it yourself)
- `@dependabot ignore <dependency name> minor version` will close this group update PR and stop Dependabot creating any more for the specific dependency's minor version (unless you unignore this specific dependency's minor version or upgrade to it yourself)
- `@dependabot ignore <dependency name>` will close this group update PR and stop Dependabot creating any more for the specific dependency (unless you unignore this specific dependency or upgrade to it yourself)
- `@dependabot unignore <dependency name>` will remove all of the ignore conditions of the specified dependency
- `@dependabot unignore <dependency name> <ignore condition>` will remove the ignore condition of the specified dependency and ignore conditions


</details>",https://github.com/pallets/flask/pull/5539,dependabot[bot],CONTRIBUTOR,closed,False,main,dependabot/github_actions/github-actions-5070efb06b,2024-08-01 15:48:35+00:00,2024-08-18 00:07:39+00:00,2024-08-03 14:28:46+00:00,2024-08-03 14:28:46+00:00,1,46.66972222222222,46.66972222222222,6,6,12,2,1,44,8614,620,"['dependencies', 'github_actions']",2,[],0,2,0,0,2,0,0,2,0,0,False,False,True,False,Merged,2024-Q3,2024-07-01,2024-09-30,Merged,True,False,False,True,False,False,False,False,False,True,True,False,False,False,False,False,False,False,False,False,3,True,1,Merged,9.06126014896203,6.431331081933479,1.9459101490553128,1.9459101490553128,2.5649493574615367,1.0986122886681098,0.6931471805599453,True,True,False,True,6.0,0.5,False,False,Small,2024,8,3,3,15,False,Thursday,Previous contributor,1,0,0,0,validation
pallets/flask,5541,[pre-commit.ci] pre-commit autoupdate,"<!--pre-commit.ci start-->
updates:
- [github.com/astral-sh/ruff-pre-commit: v0.5.0 → v0.5.6](https://github.com/astral-sh/ruff-pre-commit/compare/v0.5.0...v0.5.6)
<!--pre-commit.ci end-->",https://github.com/pallets/flask/pull/5541,pre-commit-ci[bot],CONTRIBUTOR,closed,False,main,pre-commit-ci-update-config,2024-08-05 23:09:20+00:00,2024-08-21 00:07:51+00:00,2024-08-06 15:31:01+00:00,2024-08-06 15:31:01+00:00,1,16.36138888888889,16.36138888888889,1,1,2,1,1,37,188,10,[],0,[],0,1,0,0,1,0,0,1,0,0,False,False,True,False,Merged,2024-Q3,2024-07-01,2024-09-30,Merged,True,False,False,True,False,False,False,False,False,False,False,False,False,False,False,False,False,False,False,False,1,True,1,Merged,5.241747015059643,2.3978952727983707,0.6931471805599453,0.6931471805599453,1.0986122886681098,0.6931471805599453,0.6931471805599453,True,False,False,False,2.0,0.5,False,False,Very small,2024,8,3,0,23,False,Monday,Previous contributor,0,0,0,0,validation
pallets/flask,5599,update helpers.send_from_directory docstring,"Update helpers.send_from_directory docstring to match werkzeug.utils.send_from_directory docstring on the :param directory: line.

The previous ""relative to the current application's root path"" is misleading to actual behaviour.

[Current: send_from_directory](https://flask.palletsprojects.com/en/3.0.x/api/#flask.send_from_directory)",https://github.com/pallets/flask/pull/5599,CheeseCake87,MEMBER,closed,False,stable,update-docs-send-from-dir,2024-09-07 11:14:57+00:00,2024-11-21 00:08:14+00:00,2024-11-06 17:47:58+00:00,2024-11-06 17:47:58+00:00,1,1446.550277777778,1446.550277777778,2,1,3,1,2,44,339,28,[],0,[],0,1,0,0,0,0,0,1,0,0,False,False,False,False,Merged,2024-Q3,2024-07-01,2024-09-30,Merged,True,True,True,False,False,False,False,False,False,False,False,False,False,False,False,False,False,False,False,False,2,True,1,Merged,5.828945617610208,3.367295829986474,1.0986122886681098,0.6931471805599453,1.3862943611198906,0.6931471805599453,1.0986122886681098,True,False,False,False,3.0,0.3333333333333333,False,True,Very small,2024,9,3,5,11,True,Saturday,Internal or trusted,1,1,1,1,validation
pallets/flask,5609,Fix typo in the changelog,"~~Changed the naming rules to match the #2 of the [Recommended Extension Guidelines](https://flask.palletsprojects.com/en/3.0.x/extensiondev/#recommended-extension-guidelines) section.~~

This PR also fixed a typo in the changelog.",https://github.com/pallets/flask/pull/5609,greyli,CONTRIBUTOR,closed,False,3.0.x,fix-docs,2024-09-22 13:44:44+00:00,2024-11-02 00:07:37+00:00,2024-10-18 19:59:21+00:00,2024-10-18 19:59:21+00:00,1,630.2436111111111,630.2436111111111,1,1,2,1,1,25,233,23,[],0,[],0,1,0,1,0,0,0,1,0,0,False,True,False,False,Merged,2024-Q3,2024-07-01,2024-09-30,Merged,True,False,True,False,False,False,False,False,False,False,False,False,False,False,False,False,False,False,False,False,1,True,1,Merged,5.455321115357702,3.1780538303479458,0.6931471805599453,0.6931471805599453,1.0986122886681098,0.6931471805599453,0.6931471805599453,True,False,False,False,2.0,0.5,False,False,Very small,2024,9,3,6,13,True,Sunday,Previous contributor,1,1,1,1,validation
pallets/flask,5615,use python 3.9 to test dev versions,"Minimum supported version of dev versions is now Python 3.9 (MarkupSafe got there first). 3.8 is still supported by the 3.0.x branch, but testing dev versions needs to be bumped.
",https://github.com/pallets/flask/pull/5615,davidism,MEMBER,closed,False,3.0.x,py39-dev,2024-10-18 20:20:56+00:00,2024-11-02 00:07:35+00:00,2024-10-18 20:22:45+00:00,2024-10-18 20:22:45+00:00,1,0.0302777777777777,0.0302777777777777,2,2,4,2,1,35,178,30,[],0,[],0,2,0,0,2,0,0,2,0,0,False,False,True,False,Merged,2024-Q4,2024-10-01,2024-12-31,Merged,True,False,False,True,False,False,False,False,False,False,False,False,False,False,False,False,False,False,False,False,1,True,1,Merged,5.187385805840755,3.4339872044851463,1.0986122886681098,1.0986122886681098,1.6094379124341005,1.0986122886681098,0.6931471805599453,True,False,False,False,2.0,0.5,False,False,Very small,2024,10,4,4,20,False,Friday,Internal or trusted,0,0,0,0,validation
pallets/flask,5623,drop support for Python 3.8,"Python 3.8 is EOL https://devguide.python.org/versions/
",https://github.com/pallets/flask/pull/5623,davidism,MEMBER,closed,False,main,drop-python3.8,2024-10-31 19:30:34+00:00,2024-11-15 00:08:18+00:00,2024-10-31 19:32:11+00:00,2024-10-31 19:32:11+00:00,1,0.0269444444444444,0.0269444444444444,25,42,67,12,1,27,55,5,[],0,[],0,12,0,4,3,0,0,12,0,0,False,True,True,False,Merged,2024-Q4,2024-10-01,2024-12-31,Merged,True,False,False,True,False,True,True,False,False,False,False,False,True,True,False,False,False,False,False,False,5,True,1,Merged,4.02535169073515,1.791759469228055,3.258096538021482,3.7612001156935615,4.219507705176107,2.5649493574615367,0.6931471805599453,True,False,False,False,5.583333333333333,0.6268656716417911,False,False,Medium,2024,10,4,3,19,False,Thursday,Internal or trusted,0,0,0,0,validation
pallets/flask,5630,update env file precedence,"Precedence is now `os.environ` > `-e path` > `.env` > `.flaskenv`; previously `-e path` was lowest precedence. `load_dotenv` now loads the default files in addition to the given path unless `load_defaults=False` is passed; previously only the given path or the defaults were loaded, not both. `ScriptInfo.load_dotenv_defaults` was added to track the setting between `FlaskGroup` and `_env_file_callback`. `_env_file_callback` only errors if a value was given for the option, so that it handles calling `load_dotenv` for all cases rather than loading defaults in `make_context`.

fixes #5628 ",https://github.com/pallets/flask/pull/5630,davidism,MEMBER,closed,False,main,cli-env,2024-11-07 19:37:42+00:00,2024-11-22 00:08:17+00:00,2024-11-07 19:56:27+00:00,2024-11-07 19:56:27+00:00,1,0.3125,0.3125,90,47,137,3,1,26,592,84,['cli'],1,[],0,3,1,1,0,0,0,3,0,0,True,True,False,False,Merged,2024-Q4,2024-10-01,2024-12-31,Merged,True,False,False,False,True,True,False,True,True,False,False,False,False,False,False,False,False,False,False,False,4,True,1,Merged,6.385194398997726,4.442651256490317,4.51085950651685,3.871201010907891,4.927253685157205,1.3862943611198906,0.6931471805599453,True,True,False,False,45.66666666666666,0.3430656934306569,False,False,Medium,2024,11,4,3,19,False,Thursday,Internal or trusted,0,0,0,0,validation
pallets/flask,5634,setting `SERVER_NAME` does not restrict routing for both `subdomain_matching` and `host_matching`,"I wrote a bunch in #5553 about investigating this. Essentially, we need to pass `""""` to disable subdomain matching, not `None`. The two tests that had to change were accidentally working because setting `SERVER_NAME` was bypassing `subdomain_matching = False`, and the tests should have been setting it to `True` since they were working with subdomains.

Now `SERVER_NAME` only affects routing if `subdomain_matching=True`, in which case it correctly limits routing to subdomains under that name.

fixes #5553 ",https://github.com/pallets/flask/pull/5634,davidism,MEMBER,closed,False,main,subdomain,2024-11-11 04:18:14+00:00,2024-11-27 00:11:17+00:00,2024-11-12 18:13:39+00:00,2024-11-12 18:13:39+00:00,1,37.92361111111112,37.92361111111112,98,43,141,5,1,97,513,76,[],0,[],0,5,2,2,0,0,0,5,0,0,True,True,False,False,Merged,2024-Q4,2024-10-01,2024-12-31,Merged,True,False,False,False,True,True,True,True,True,False,False,False,False,False,False,False,False,True,False,False,6,True,1,Merged,6.2422232654551655,4.343805421853684,4.59511985013459,3.784189633918261,4.955827057601261,1.791759469228055,0.6931471805599453,True,True,False,False,28.2,0.3049645390070922,False,False,Medium,2024,11,4,0,4,False,Monday,Internal or trusted,1,0,0,0,validation
pallets/flask,5647,fix type hint for `cli_runner.invoke`,"https://github.com/pallets/flask/issues/5645

Hello! I love Flask! This is my first attempt to start participating in open source, so I'm very nervous, even though the changes I've made are insignificant. Thank you!

From `testing.invoke() -> t.Any` to `testing.invoke() -> Result`",https://github.com/pallets/flask/pull/5647,kurtatter,NONE,closed,False,stable,issue5645,2024-11-23 00:37:56+00:00,2024-12-10 00:08:38+00:00,2024-11-24 01:52:56+00:00,2024-11-24 01:52:56+00:00,1,25.25,25.25,4,1,5,2,1,37,285,38,[],0,[],0,2,0,1,0,0,0,2,0,0,False,True,False,False,Merged,2024-Q4,2024-10-01,2024-12-31,Merged,True,False,False,False,False,False,False,False,False,False,False,False,False,False,False,False,False,False,False,False,0,False,1,Merged,5.655991810819852,3.6635616461296463,1.6094379124341005,0.6931471805599453,1.791759469228055,1.0986122886681098,0.6931471805599453,True,False,False,False,2.5,0.2,False,False,Very small,2024,11,4,5,0,True,Saturday,External or unknown,1,0,0,0,validation
pallets/flask,5659,Async Iterable Response,"In this pull request, we fix the typing for what is allowed to be used as a response type, allowing responses to be `AsyncIterable[str]` or `AsyncIterable[bytes]`.

Flask sans-io is used by Quart

Through a huge chain of things, this pull request fixes #5322, because https://github.com/pallets/quart/pull/341 doesn't actually fix the root issue unfortunately.",https://github.com/pallets/flask/pull/5659,CoolCat467,CONTRIBUTOR,closed,False,stable,AsyncIterable-response,2024-12-23 23:00:56+00:00,2025-04-15 00:08:41+00:00,2025-03-30 20:15:54+00:00,2025-03-30 20:15:54+00:00,1,2325.2494444444446,2325.2494444444446,6,0,6,2,1,23,364,52,['typing'],1,[],0,2,0,1,0,0,0,2,0,0,False,True,False,False,Merged,2024-Q4,2024-10-01,2024-12-31,Merged,True,False,True,False,False,False,False,False,False,False,False,False,False,False,False,False,False,False,False,False,1,True,1,Merged,5.899897353582492,3.970291913552122,1.9459101490553128,0.0,1.9459101490553128,1.0986122886681098,0.6931471805599453,True,True,False,False,3.0,0.0,False,False,Very small,2024,12,4,0,23,False,Monday,Previous contributor,1,1,1,1,validation
pallets/flask,5671,Update app factory docs,"Update app factory documentation

1. 
```
> flask --app app:create_app(testing=True) run
bash: syntax error near unexpected token `('
```

2. Update example application name from `myapp` (old name) to `hello`",https://github.com/pallets/flask/pull/5671,kotvkvante,CONTRIBUTOR,closed,False,stable,fix-appfactory-docs,2025-01-25 22:31:09+00:00,2025-04-13 00:33:05+00:00,2025-03-29 22:10:56+00:00,2025-03-29 22:10:56+00:00,1,1511.6630555555555,1511.6630555555555,2,2,4,1,1,23,216,30,['docs'],1,[],0,1,0,1,0,0,0,1,0,0,False,True,False,False,Merged,2025-Q1,2025-01-01,2025-03-31,Merged,True,False,True,False,False,False,False,False,False,False,False,False,False,False,False,False,False,False,False,False,1,True,1,Merged,5.37989735354046,3.4339872044851463,1.0986122886681098,1.0986122886681098,1.6094379124341005,0.6931471805599453,0.6931471805599453,True,False,False,False,4.0,0.5,False,False,Very small,2025,1,1,5,22,True,Saturday,Previous contributor,1,1,1,1,test
pallets/flask,5674,Handle help arg by itself the same as no args,"When the `flask` command is used with only the `--help` parameter, this change will make sure to try and load the app before the help callback is run. This was previously only being done when the `flask` command was used by itself. This meant when passing in `--help`, any custom commands were not getting shown in the help message. With this change, custom commands will be included in the help message when running `flask` on the command line by itself or with the `--help` parameter.

This addresses #5673.

If you want me to update anything else for this PR please let me know!",https://github.com/pallets/flask/pull/5674,dunkmann00,CONTRIBUTOR,closed,False,stable,cli-help,2025-01-30 03:42:21+00:00,2025-04-14 00:09:10+00:00,2025-03-29 22:15:04+00:00,2025-03-29 22:15:04+00:00,1,1410.5452777777778,1410.5452777777778,5,1,6,2,1,45,585,103,['cli'],1,[],0,2,0,1,0,0,0,2,0,0,False,True,False,False,Merged,2025-Q1,2025-01-01,2025-03-31,Merged,True,False,True,False,False,False,False,False,False,False,False,False,False,False,False,False,False,False,False,False,1,True,1,Merged,6.373319789577012,4.6443908991413725,1.791759469228055,0.6931471805599453,1.9459101490553128,1.0986122886681098,0.6931471805599453,True,True,False,False,3.0,0.1666666666666666,False,False,Very small,2025,1,1,3,3,False,Thursday,Previous contributor,1,1,1,1,test
pallets/flask,5695,Remove HTTP Public Key Pinning from docs,"This PR simply removes the section on HTTP Public Key Pinning from the security headers documentation.
The header is considered obsolete and no longer supported by any major browser.
The MDN link is dead/redirects to an explanation of the certificate transparency system. The only remaining reference I found within MDN is in the [glossary](https://developer.mozilla.org/en-US/docs/Glossary/HPKP).",https://github.com/pallets/flask/pull/5695,s-hamann,CONTRIBUTOR,closed,False,stable,drop-hpkp,2025-03-24 09:49:53+00:00,2025-04-13 00:33:04+00:00,2025-03-29 22:17:48+00:00,2025-03-29 22:17:48+00:00,1,132.46527777777777,132.46527777777777,0,13,13,1,1,40,399,54,['docs'],1,[],0,1,0,1,0,1,0,1,0,0,False,True,False,True,Merged,2025-Q1,2025-01-01,2025-03-31,Merged,True,False,False,False,False,False,False,False,False,False,False,False,False,False,True,False,False,False,False,False,1,True,1,Merged,5.991464547107982,4.007333185232471,0.0,2.6390573296152584,2.6390573296152584,0.6931471805599453,0.6931471805599453,True,True,False,False,13.0,1.0,False,False,Small,2025,3,1,0,9,False,Monday,Previous contributor,1,1,1,0,test
pallets/flask,5700,better type checking during deprecation,"This hides `__getattr__` from type checkers so that they do not allow through arbitrary names like `flask.InvalidName`.

fixes #5691 ",https://github.com/pallets/flask/pull/5700,davidism,MEMBER,closed,False,stable,typing-getattr,2025-03-29 22:26:58+00:00,2025-04-13 00:33:03+00:00,2025-03-29 22:28:27+00:00,2025-03-29 22:28:27+00:00,1,0.0247222222222222,0.0247222222222222,14,13,27,1,1,39,134,19,['typing'],1,[],0,1,0,0,0,0,0,1,0,0,False,False,False,False,Merged,2025-Q1,2025-01-01,2025-03-31,Merged,True,False,False,False,False,False,False,False,False,False,False,False,False,False,False,False,False,False,False,False,0,False,1,Merged,4.90527477843843,2.995732273553991,2.70805020110221,2.6390573296152584,3.332204510175204,0.6931471805599453,0.6931471805599453,True,False,False,False,27.0,0.4814814814814814,False,False,Small,2025,3,1,5,22,True,Saturday,Internal or trusted,0,0,0,0,test
pallets/flask,5701,add endpoint name in favicon example,fixes #5688,https://github.com/pallets/flask/pull/5701,davidism,MEMBER,closed,False,stable,docs-favicon,2025-03-29 22:31:22+00:00,2025-04-13 00:33:02+00:00,2025-03-29 22:32:30+00:00,2025-03-29 22:32:30+00:00,1,0.0188888888888888,0.0188888888888888,5,2,7,1,1,36,11,2,['docs'],1,[],0,1,0,1,0,0,0,1,0,0,False,True,False,False,Merged,2025-Q1,2025-01-01,2025-03-31,Merged,True,False,False,False,False,False,False,False,False,False,False,False,False,False,False,False,False,False,False,False,0,False,1,Merged,2.4849066497880004,1.0986122886681098,1.791759469228055,1.0986122886681098,2.079441541679836,0.6931471805599453,0.6931471805599453,True,False,False,False,7.0,0.2857142857142857,False,False,Very small,2025,3,1,5,22,True,Saturday,Internal or trusted,0,0,0,0,test
pallets/flask,5702,remove tests about deprecated pkgutil.get_loader,"Seems that the code being tested isn't affected by this anymore, and it will go away completely in Python 3.14, so remove these so tests can still pass at that point.

fixes #5692 ",https://github.com/pallets/flask/pull/5702,davidism,MEMBER,closed,False,stable,remove-get_loader-tests,2025-03-29 22:43:56+00:00,2025-04-13 00:33:01+00:00,2025-03-29 22:45:12+00:00,2025-03-29 22:45:11+00:00,1,0.0211111111111111,0.0208333333333333,3,35,38,2,1,48,181,33,[],0,[],0,2,2,0,0,0,0,2,0,0,True,False,False,False,Merged,2025-Q1,2025-01-01,2025-03-31,Merged,True,False,False,False,True,True,False,False,False,False,False,False,False,False,False,False,False,False,False,False,2,True,1,Merged,5.204006687076795,3.5263605246161616,1.3862943611198906,3.58351893845611,3.6635616461296463,1.0986122886681098,0.6931471805599453,True,False,False,False,19.0,0.9210526315789472,False,False,Small,2025,3,1,5,22,True,Saturday,Internal or trusted,0,0,0,0,test
pallets/flask,5723,Update macOS UI reference to “System Settings”,"made changes to rename system preferences to system settings according to new mac os name change

Docs: Update macOS UI reference to “System Settings”

This PR updates the documentation in docs/server.rst to reflect the latest macOS UI terminology.
Specifically, it replaces the outdated term “System Preferences” with “System Settings”, aligning with macOS Ventura and later versions.

What Changed
• Line updated in instructions to disable AirPlay Receiver from:
• ""System Preferences"" → ""System Settings""

Notes
• No issue was created for this change, as it is a minor documentation correction.
• This update does not affect any code or behavior.
• No test or changelog entry required per contribution guidelines for doc typo-level fixes.",https://github.com/pallets/flask/pull/5723,abhiramk6,CONTRIBUTOR,closed,False,stable,main,2025-05-01 15:48:38+00:00,2025-09-02 00:08:46+00:00,2025-08-18 17:08:08+00:00,2025-08-18 17:08:08+00:00,1,2617.325,2617.325,1,1,2,1,1,46,755,114,['docs'],1,[],0,1,0,1,0,0,0,1,0,0,False,True,False,False,Merged,2025-Q2,2025-04-01,2025-06-30,Merged,True,False,True,False,False,False,False,False,False,False,False,False,False,False,False,False,False,False,False,False,1,True,1,Merged,6.628041376179533,4.74493212836325,0.6931471805599453,0.6931471805599453,1.0986122886681098,0.6931471805599453,0.6931471805599453,True,True,False,False,2.0,0.5,False,False,Very small,2025,5,2,3,15,False,Thursday,Previous contributor,1,1,1,1,test
pallets/flask,5727,use uv,"Use uv to manage dev dependencies.

- tox-uv sets up envs with uv and dependency groups
- the min and dev test envs need to use a `uv pip` command to install specific versions after env setup, as there's no way to tell uv to use a different lock file or to tell tox-uv to use dependency groups and individual installs.
- pre-commit-uv sets up envs with uv
- workflows use uv to install dependencies, but still use setup-python to install python itself, since that's already cached by github.
- use uv to build during publish workflow
- read the docs uses a custom build step
- tox config is moved into pyproject.toml
- use new license metadata
- add a `tox r -e docs-auto` to start a local server that rebuilds on docs changes

New env setup steps are:

1. install uv
2. `uv sync`
3. `uv tox` (or activate venv as before)",https://github.com/pallets/flask/pull/5727,davidism,MEMBER,closed,False,stable,uv,2025-05-12 00:59:11+00:00,2025-05-27 00:08:54+00:00,2025-05-12 01:04:35+00:00,2025-05-12 01:04:35+00:00,1,0.09,0.09,1876,534,2410,24,1,6,837,154,[],0,[],0,24,0,0,8,0,1,9,14,0,False,False,True,False,Merged,2025-Q2,2025-04-01,2025-06-30,Merged,True,False,False,True,False,True,True,True,True,False,False,True,True,False,False,True,False,False,False,False,8,True,1,Merged,6.731018100482083,5.043425116919247,7.537430036586509,6.282266746896006,7.787796878181171,3.218875824868201,0.6931471805599453,True,True,True,False,100.41666666666669,0.2215767634854771,False,False,Very large,2025,5,2,0,0,False,Monday,Internal or trusted,0,0,0,0,test
pallets/flask,5730,release version 3.1.1,,https://github.com/pallets/flask/pull/5730,davidism,MEMBER,closed,False,stable,release-3.1.1,2025-05-13 14:51:56+00:00,2025-05-28 00:09:12+00:00,2025-05-13 15:01:42+00:00,2025-05-13 15:01:42+00:00,1,0.1627777777777777,0.1627777777777777,4,4,8,3,1,21,0,0,[],0,[],0,3,0,1,1,0,0,3,0,0,False,True,True,False,Merged,2025-Q2,2025-04-01,2025-06-30,Merged,True,False,False,True,False,False,False,False,False,False,False,False,False,False,False,False,False,False,False,False,1,True,1,Merged,0.0,0.0,1.6094379124341005,1.6094379124341005,2.19722457733622,1.3862943611198906,0.6931471805599453,False,False,False,False,2.6666666666666665,0.5,False,False,Very small,2025,5,2,1,14,False,Tuesday,Internal or trusted,0,0,0,0,test
pallets/flask,5731,drop end of life python versions,"https://palletsprojects.com/versions

> When a release is made, it supports all Python versions that are not within six months of end of life (EOL). See [Python's EOL calendar](https://devguide.python.org/versions/) for timing.",https://github.com/pallets/flask/pull/5731,davidism,MEMBER,closed,False,main,drop-eol-python,2025-05-13 15:34:34+00:00,2025-05-28 00:09:13+00:00,2025-05-13 15:35:41+00:00,2025-05-13 15:35:41+00:00,1,0.0186111111111111,0.0186111111111111,78,284,362,11,1,32,229,29,[],0,[],0,11,1,3,2,0,0,11,0,0,True,True,True,False,Merged,2025-Q2,2025-04-01,2025-06-30,Merged,True,False,False,True,True,True,True,True,True,False,False,False,True,True,False,False,False,False,False,False,8,True,1,Merged,5.438079308923196,3.4011973816621555,4.3694478524670215,5.652489180268651,5.8944028342648505,2.4849066497880004,0.6931471805599453,True,False,False,False,32.90909090909091,0.7845303867403315,False,False,Large,2025,5,2,1,15,False,Tuesday,Internal or trusted,0,0,0,0,test
pallets/flask,5736,support call template_filter without parens,"This PR enhances the App.template_filter decorator to support:

- `@app.template_filter` (without parentheses)

It also ensures that the original usage remains fully supported, with no breaking changes:

- `@app.template_filter()`
- `@app.template_filter(name=""..."")`
- `@app.template_filter(""..."")`

I’m not fully confident in the solution, so I’d like to confirm it first. If it’s good, I’ll apply the same change to template_global and template_test.

---

I considered the following implementation options:

1. Rename the input parameter to func_or_name to better reflect the logic of how the input is interpreted:
```
def template_filter(self, func_or_name: t.Callable[..., t.Any] | str | None = None):
```
However, this would be a breaking change for calls like @app.template_filter(name=""...""), so I decided to keep the original parameter name for backward compatibility.

2. Make func_or_name a positional-only parameter and keep name as keyword-only:
```
def template_filter(self, func_or_name: t.Callable[..., t.Any] | str | None = None, /, *, name: str | None = None):
```

This approach is type-safe, but it introduces the awkward case where both func_or_name and name are provided at the same time. It could also be confusing for users reading the function signature.

So eventually, I decided to keep the original function parameter and distinguish the usage using `if callable(name):`. I’d like to discuss whether there’s a better approach, and I’m open to making improvements based on feedback and suggestions.

---


fixes https://github.com/pallets/flask/issues/5729

---

- [x] Add tests that demonstrate the correct behavior of the change. Tests should fail without the change.
- [x] Add or update relevant docs, in the docs folder and in code.
- [x] Add an entry in CHANGES.rst summarizing the change and linking to the issue.
- [ ] Add `.. versionchanged::` entries in any relevant code docs.
",https://github.com/pallets/flask/pull/5736,kadai0308,CONTRIBUTOR,closed,False,main,support-template-filter-no-parens,2025-05-17 04:29:30+00:00,2025-09-03 00:08:11+00:00,2025-08-19 19:36:01+00:00,2025-08-19 19:36:01+00:00,1,2271.1086111111117,2271.1086111111117,410,112,522,6,2,43,1955,283,[],0,[],0,6,2,2,0,0,0,6,0,0,True,True,False,False,Merged,2025-Q2,2025-04-01,2025-06-30,Merged,True,True,True,False,True,True,True,True,True,False,False,False,False,False,False,False,False,False,False,False,7,True,1,Merged,7.578656850594762,5.648974238161206,6.018593214496234,4.727387818712341,6.259581464064923,1.9459101490553128,1.0986122886681098,True,True,False,False,87.0,0.21455938697318,False,True,Very large,2025,5,2,5,4,True,Saturday,Previous contributor,1,1,1,1,test
pallets/flask,5737,Fix global CONTRIBUTING link,"Fixes the live contributing guidelines link, which just links to https://flask.palletsprojects.com/en/stable/contributing/_contrib (i.e. it puts the RST slug in the URL somehow).

I wrapped to 80 characters, let me know if that's incorrect.",https://github.com/pallets/flask/pull/5737,strugee,CONTRIBUTOR,closed,False,stable,patch-1,2025-05-18 15:13:11+00:00,2025-06-20 00:09:10+00:00,2025-05-20 16:30:06+00:00,2025-05-20 16:30:06+00:00,1,49.28194444444444,49.28194444444444,1,1,2,1,1,28,242,32,['docs'],1,[],0,1,0,1,0,0,0,1,0,0,False,True,False,False,Merged,2025-Q2,2025-04-01,2025-06-30,Merged,True,False,False,False,False,False,False,False,False,False,False,False,False,False,False,False,False,False,False,False,0,False,1,Merged,5.493061443340548,3.49650756146648,0.6931471805599453,0.6931471805599453,1.0986122886681098,0.6931471805599453,0.6931471805599453,True,False,False,False,2.0,0.5,False,False,Very small,2025,5,2,6,15,True,Sunday,Previous contributor,1,1,0,0,test
pallets/flask,5742,Docs: Fix escaping in HTML escaping example,"The code in the [Quickstart's HTML Escaping section](https://flask.palletsprojects.com/en/stable/quickstart/#html-escaping) does not render `name=<script>alert(""bad"")</script>` to text because the slash in </script> gets interpreted as a trailing slash, leading to a 404.

Getting the name as a query parameter instead allows:
1. the script tag to be rendered as text if HTML escaping is done
2. the alert in the script tag to be executed if HTML escaping is not done.",https://github.com/pallets/flask/pull/5742,Badhreesh,CONTRIBUTOR,closed,False,stable,fix_html_escaping_docs,2025-05-21 18:37:43+00:00,2025-09-02 00:08:45+00:00,2025-08-18 17:20:07+00:00,2025-08-18 17:20:07+00:00,1,2134.7066666666665,2134.7066666666665,6,8,14,1,1,43,472,68,['docs'],1,[],0,1,0,1,0,0,0,1,0,0,False,True,False,False,Merged,2025-Q2,2025-04-01,2025-06-30,Merged,True,False,True,False,False,False,False,False,False,False,False,False,False,False,False,False,False,False,False,False,1,True,1,Merged,6.159095388491933,4.23410650459726,1.9459101490553128,2.19722457733622,2.70805020110221,0.6931471805599453,0.6931471805599453,True,True,False,False,14.0,0.5714285714285714,False,False,Small,2025,5,2,2,18,False,Wednesday,Previous contributor,1,1,1,1,test
pallets/flask,5754,remove slsa provenance,PyPI and trusted publishing has built-in attestation support now.,https://github.com/pallets/flask/pull/5754,davidism,MEMBER,closed,False,stable,remove-slsa,2025-06-08 16:44:14+00:00,2025-06-23 00:10:02+00:00,2025-06-08 16:47:45+00:00,2025-06-08 16:47:45+00:00,1,0.0586111111111111,0.0586111111111111,3,26,29,2,1,22,65,9,[],0,[],0,2,0,0,2,0,0,2,0,0,False,False,True,False,Merged,2025-Q2,2025-04-01,2025-06-30,Merged,True,False,False,True,False,True,False,False,False,False,False,False,False,False,False,False,False,False,False,False,2,True,1,Merged,4.189654742026425,2.302585092994046,1.3862943611198906,3.295836866004329,3.4011973816621555,1.0986122886681098,0.6931471805599453,True,False,False,False,14.5,0.896551724137931,False,False,Small,2025,6,2,6,16,True,Sunday,Internal or trusted,0,0,0,0,test
pallets/flask,5757,svg logo,Use SVG instead of PNG for the logo.,https://github.com/pallets/flask/pull/5757,davidism,MEMBER,closed,False,stable,logo,2025-06-09 21:32:15+00:00,2025-06-24 00:09:14+00:00,2025-06-09 21:33:26+00:00,2025-06-09 21:33:26+00:00,1,0.0197222222222222,0.0197222222222222,9,3,12,9,1,8,36,8,[],0,[],0,9,0,9,0,0,3,3,3,0,False,True,False,False,Merged,2025-Q2,2025-04-01,2025-06-30,Merged,True,False,False,False,False,False,False,False,False,False,False,True,True,True,False,True,False,False,False,False,4,True,1,Merged,3.610917912644224,2.19722457733622,2.302585092994046,1.3862943611198906,2.5649493574615367,2.302585092994046,0.6931471805599453,True,False,True,False,1.3333333333333333,0.25,False,False,Small,2025,6,2,0,21,False,Monday,Internal or trusted,0,0,0,0,test
pallets/flask,5777,use IO[bytes] instead of BinaryIO for wider compatibility,"`flask.helpers.send_file` was the only place where `t.BinaryIO` was used. I changed it to be more loose type `t.IO[bytes]`.

fixes #5776 
",https://github.com/pallets/flask/pull/5777,tvuotila,CONTRIBUTOR,closed,False,stable,no-binary-io,2025-07-16 10:07:40+00:00,2025-09-02 00:08:44+00:00,2025-08-18 17:26:13+00:00,2025-08-18 17:26:12+00:00,1,799.3091666666667,799.3088888888889,2,1,3,2,1,57,138,20,[],0,[],0,2,0,1,0,0,0,2,0,0,False,True,False,False,Merged,2025-Q3,2025-07-01,2025-09-30,Merged,True,False,True,False,False,False,False,False,False,False,False,False,False,False,False,False,False,False,False,False,1,True,1,Merged,4.934473933130692,3.044522437723423,1.0986122886681098,0.6931471805599453,1.3862943611198906,1.0986122886681098,0.6931471805599453,True,False,False,False,1.5,0.3333333333333333,False,False,Very small,2025,7,3,2,10,False,Wednesday,Previous contributor,1,1,1,1,test
pallets/flask,5795,Update GitHub Actions workflow for artifact handling,"## Use `artifact-id` instead of (default assumed) `name` with Actions Artifacts 🔒 

This pull updates the **publish** workflow to use `artifact-id` instead of the default assumed `name` (in this case the literal word `artifact`) when downloading artifacts that have been previously published in prior workflow steps. This is important because artifacts produced by GitHub Actions can be completely overwritten by other workflow runs if they use the same `name` under very unique circumstances (like passing the `run-id` value to the download-artifact action to point to an entirely different workflow run - don't do that). To avoid potential TOCTOU issues/vulnerabilities where an artifact might be replaced between upload and download, the new `artifact-ids` input allows you to download artifacts by their specific ID rather than by name. This is safer but also helps lead to more deterministic workflow builds by referencing the artifact you wish to download by its _exact id_.

This PR also hardens the workflow a bit by adding `persist-credentials: false` to the checkout step.

---

I recently did some work to land these exact changes in the [urllib3/urllib3](https://github.com/urllib3/urllib3/pulls?q=is%3Apr+is%3Aclosed+author%3AGrantBirki) and wanted to contribute those same changes here as well! Also recently made updates to Python's [requests](https://github.com/psf/requests/pull/7005) library to do the same.",https://github.com/pallets/flask/pull/5795,GrantBirki,CONTRIBUTOR,closed,False,stable,grantbirki/publish-workflow,2025-08-07 04:47:00+00:00,2025-09-03 00:08:10+00:00,2025-08-19 20:56:49+00:00,2025-08-19 20:56:49+00:00,1,304.1636111111111,304.1636111111111,16,3,19,1,1,52,1433,202,[],0,[],0,1,0,0,1,0,0,1,0,0,False,False,True,False,Merged,2025-Q3,2025-07-01,2025-09-30,Merged,True,False,True,True,False,False,False,False,False,False,False,False,False,False,False,False,False,False,False,False,2,True,1,Merged,7.268223021159565,5.313205979041787,2.833213344056216,1.3862943611198906,2.995732273553991,0.6931471805599453,0.6931471805599453,True,True,False,False,19.0,0.1578947368421052,False,False,Small,2025,8,3,3,4,False,Thursday,Previous contributor,1,1,1,1,test
pallets/flask,5797,push preserved contexts in correct order,"The test client asks the app to append contexts to a stack, in order to re-push them when using `with client`. However, they were being pushed in reverse order, resulting in the oldest context being seen as current. This PR pushes them in the correct order, meaning `session` will be in the correct state of the last response.

fixes #5786 ",https://github.com/pallets/flask/pull/5797,davidism,MEMBER,closed,False,stable,test-redirect-session,2025-08-18 16:48:05+00:00,2025-09-02 00:08:47+00:00,2025-08-18 16:56:39+00:00,2025-08-18 16:56:39+00:00,1,0.1427777777777777,0.1427777777777777,15,23,38,3,1,40,341,60,[],0,[],0,3,1,1,0,0,0,3,0,0,True,True,False,False,Merged,2025-Q3,2025-07-01,2025-09-30,Merged,True,False,False,False,True,True,False,False,False,False,False,False,False,False,False,False,False,False,False,False,2,True,1,Merged,5.834810737062605,4.110873864173311,2.772588722239781,3.1780538303479458,3.6635616461296463,1.3862943611198906,0.6931471805599453,True,True,False,False,12.666666666666666,0.6052631578947368,False,False,Small,2025,8,3,0,16,False,Monday,Internal or trusted,0,0,0,0,test
pallets/flask,5798,security docs for TRUSTED_HOSTS,closes #5718,https://github.com/pallets/flask/pull/5798,davidism,MEMBER,closed,False,stable,docs-host-header,2025-08-18 18:44:00+00:00,2025-09-02 00:08:43+00:00,2025-08-18 18:44:57+00:00,2025-08-18 18:44:57+00:00,1,0.0158333333333333,0.0158333333333333,21,0,21,1,1,31,12,2,['docs'],1,[],0,1,0,1,0,1,0,1,0,0,False,True,False,True,Merged,2025-Q3,2025-07-01,2025-09-30,Merged,True,False,False,False,False,False,False,False,False,False,False,False,False,False,True,False,False,False,False,False,1,True,1,Merged,2.5649493574615367,1.0986122886681098,3.091042453358316,0.0,3.091042453358316,0.6931471805599453,0.6931471805599453,True,False,False,False,21.0,0.0,False,False,Small,2025,8,3,0,18,False,Monday,Internal or trusted,0,0,0,0,test
pallets/flask,5799,refactor stream_with_context for async views,"Store the app context as well as the request context when creating the generator. This prevents the request context from automatically creating and pushing a different app context. Then push the app context first, and push them only when iteration starts, not during setup. This prevents the request context from automatically popping the app context, and avoids associating the internal ContextVar with the temporary event loop in async views.

fixes #5774",https://github.com/pallets/flask/pull/5799,davidism,MEMBER,closed,False,stable,stream-context,2025-08-19 15:22:33+00:00,2025-09-03 00:08:13+00:00,2025-08-19 15:23:51+00:00,2025-08-19 15:23:51+00:00,1,0.0216666666666666,0.0216666666666666,63,32,95,3,1,44,459,71,['async'],1,[],0,3,1,1,0,0,0,3,0,0,True,True,False,False,Merged,2025-Q3,2025-07-01,2025-09-30,Merged,True,False,False,False,True,True,False,True,True,False,False,False,False,False,False,False,False,False,False,False,4,True,1,Merged,6.131226489483141,4.276666119016055,4.158883083359672,3.49650756146648,4.564348191467836,1.3862943611198906,0.6931471805599453,True,True,False,False,31.666666666666668,0.3368421052631579,False,False,Medium,2025,8,3,1,15,False,Tuesday,Internal or trusted,0,0,0,0,test
pallets/flask,5800,release version 3.1.2,,https://github.com/pallets/flask/pull/5800,davidism,MEMBER,closed,False,stable,release-3.1.2,2025-08-19 20:42:29+00:00,2025-09-03 00:08:09+00:00,2025-08-19 21:03:43+00:00,2025-08-19 21:03:43+00:00,1,0.3538888888888888,0.3538888888888888,5,5,10,3,1,21,0,0,[],0,[],0,3,0,1,1,0,0,3,0,0,False,True,True,False,Merged,2025-Q3,2025-07-01,2025-09-30,Merged,True,False,False,True,False,False,False,False,False,False,False,False,False,False,False,False,False,False,False,False,1,True,1,Merged,0.0,0.0,1.791759469228055,1.791759469228055,2.3978952727983707,1.3862943611198906,0.6931471805599453,False,False,False,False,3.333333333333333,0.5,False,False,Very small,2025,8,3,1,20,False,Tuesday,Internal or trusted,0,0,0,0,test
pallets/flask,5808,fix annotation for select_jinja_autoescape,"Inside the code of the method the filename is checked against a None value and returns True, but the static annotated type is a str. I have changed the static annotation type to `str` to `str | None`.",https://github.com/pallets/flask/pull/5808,subhajitsaha01,CONTRIBUTOR,closed,False,stable,type_mismatch_branch1,2025-09-06 16:33:44+00:00,2026-02-09 00:13:54+00:00,2026-01-25 02:25:31+00:00,2026-01-25 02:25:31+00:00,1,3369.8630555555555,3369.8630555555555,1,1,2,1,1,42,200,38,[],0,[],0,1,0,0,0,0,0,1,0,0,False,False,False,False,Merged,2025-Q3,2025-07-01,2025-09-30,Merged,True,False,True,False,False,False,False,False,False,False,False,False,False,False,False,False,False,False,False,False,1,True,1,Merged,5.303304908059076,3.6635616461296463,0.6931471805599453,0.6931471805599453,1.0986122886681098,0.6931471805599453,0.6931471805599453,True,False,False,False,2.0,0.5,False,False,Very small,2025,9,3,5,16,True,Saturday,Previous contributor,1,1,1,1,test
pallets/flask,5812,merge app and request context,"Merges the `RequestContext` class into the `AppContext` class. closes #5639

A lot of the size of this PR is rewriting or cleaning up docs related to the contexts. See `ctx.py` for the bulk of the work, and even there it's pretty much no new code, mostly deduplication. The ""request context"" still exists, but what data is available on the context object is what distinguishes it from an ""app context"" now.

How the user works with the context is pretty much unchanged. For example, `teardown_request` and `teardown_appcontext` still both exist, `app.app_context` and `app.test_request_context`, etc. All the same global proxies, `current_app`, `g`, `request`, and `session` still exist and are still available. in the same situations they were before.

The difference is that we no longer have to track whether an app context is already pushed when pushing a request context. This was already sort of an artificial behavior, it was not something that would ever happen under intended/documented request or testing scenarios. Now, every request always sets the app, and the request if request data is given. This greatly simplifies the internal data, as we simply need to record the previous value of the context var to restore on pop.

Some code in app internals was changed to use the contextvar directly, which code was already doing. This probably gains some tiny bit of performance rather than going through the proxies. When we go ahead with #5229 and beyond, we'll be passing around the context objects directly and won't even need to use the contextvar.

---

There are a few implications for testing that may have used `with app.app_context()` around a test client request. I've already highly discouraged this practice in issues over the years because it was already causing other issues. None of these patterns were in our docs.

With the old behavior, an app context was not pushed if one was already pushed when pushing a request context. Therefore,  `teardown_app` functions would only run once the `with` block exited rather than when the request exited. Along with using `with client` around everything, this was already the source of occasional bug reports and questions. The docs also say that no assumptions should be made about how many times a teardown function will be called or what data will be set for them.

Also, `g` was part of the app context, not the request context. Data could be set on `g` ahead of the request, because a new app context wouldn't be pushed. This was never documented, I don't know where I saw it.

```python
# do not do this, for example only
with app.app_context():
    g.user = test_user
    r = client.get(""/secret"")
```

It's not in Flask's docs or tests. The docs show making a request to login before making the request being tested, relying on the session to persist across requests. If you _really_ wanted to set up `g` beforehand, the signal docs show using the `appcontext_pushed` signal to modify the current context's `g` once it's created.

A project may run into some failed tests when upgrading, if they were relying on this. However, the failure would indicate patterns that were already unsound and should be fixed, so I don't see this as a blocker.

Interestingly, `copy_current_request_context` was already not copying `g`. I thought about changing this, but concluded that it was a good thing, because `g` is often used to store connections/caches that are not concurrent safe, such as Flask-SQLAlchemy's `db.session`.",https://github.com/pallets/flask/pull/5812,davidism,MEMBER,closed,False,main,merge-contexts,2025-09-12 22:45:00+00:00,2026-05-02 03:37:13+00:00,2025-09-19 23:45:27+00:00,2025-09-19 23:45:27+00:00,1,169.0075,169.0075,779,1007,1786,36,1,29,3517,570,[],0,[],0,36,5,20,0,1,0,36,0,0,True,True,False,True,Merged,2025-Q3,2025-07-01,2025-09-30,Merged,True,False,True,False,True,True,True,True,True,True,True,False,True,True,True,False,False,False,False,False,11,True,1,Merged,8.165647925297504,6.3473892096560105,6.659293919683638,6.915723448631314,7.488293515159428,3.610917912644224,0.6931471805599453,True,True,False,True,49.61111111111112,0.5638297872340425,False,False,Very large,2025,9,3,4,22,False,Friday,Internal or trusted,1,1,1,1,test
pallets/flask,5818,pass context through dispatch methods,"The current `AppContext` object is passed through the various request dispatch methods, rather than each method accessing the proxies. closes #5815 

@pgjones first proposed this in #5229 as a way to speed up dispatch especially for Quart and async views. This PR applies to more methods, and also implements compatibility during a deprecation period.

Dispatch methods now take `ctx: AppContext` as the first parameter. The following `Flask` methods were changed:

- `update_template_context`
- `handle_http_exception`
- `handle_user_exception`
- `handle_exception`
- `log_exception`
- `dispatch_request`
- `full_dispatch_request`
- `finalize_request`
- `make_default_options_response`
- `preprocess_request`
- `process_response`
- `do_teardown_request`
- `do_teardown_appcontext`

`url_for` and `make_response` were not changed, as it's much more likely that these are called from user code that only has access to the proxy.

An `__init_subclass__` class method is added to detect old signatures on subclasses of `Flask`. The second parameter is inspected (first is self). If it is not annotated, it must be named `ctx`. If it is annotated, it must either be the string or class `AppContext`. If an old signature is detected, the method is wrapped to remove the argument when other `Flask` methods call it during dispatch. The base method is also wrapped to inject the argument so that `super().base_method` from the overridden method will continue to work.

I did not apply the compat wrapper to every base `Flask` method, only the ones that a subclass overrides. Therefore, if user code is directly calling these internal dispatch methods, they will get a `TypeError`. This is only likely (and unlikely at that) to happen during testing. I did this over concern that the wrapper would be unnecessary and a performance hit for most applications. If we get bug reports we can consider adding the wrapper.",https://github.com/pallets/flask/pull/5818,davidism,MEMBER,closed,False,main,pass-context,2025-09-20 00:47:44+00:00,2025-12-02 00:09:33+00:00,2025-11-17 16:49:53+00:00,2025-11-17 16:49:53+00:00,1,1408.0358333333334,1408.0358333333334,167,72,239,6,1,37,1931,285,[],0,[],0,6,2,1,0,0,0,6,0,0,True,True,False,False,Merged,2025-Q3,2025-07-01,2025-09-30,Merged,True,False,True,False,True,True,True,True,True,False,False,False,False,False,False,False,False,False,False,False,6,True,1,Merged,7.566311014772463,5.655991810819852,5.123963979403259,4.290459441148391,5.480638923341991,1.9459101490553128,0.6931471805599453,True,True,False,False,39.833333333333336,0.301255230125523,False,False,Large,2025,9,3,5,0,True,Saturday,Internal or trusted,1,1,1,1,test
pallets/flask,5827,clarify 415 vs 400 errors for request.json,"## Description
Clarifies the distinction between 415 and 400 error codes when using `request.json`, aligning the JavaScript patterns documentation with the API reference.

## Changes
- Updated ""Receiving JSON in Views"" section to specify:
  - 400 Bad Request: for invalid JSON body
  - 415 Unsupported Media Type: for missing/incorrect Content-Type header
- Updated ""Making a Request with fetch"" section for consistency

## Fixes
Fixes #5825

## Checklist
- [x] Documentation updated
- [x] Changes align with existing API documentation",https://github.com/pallets/flask/pull/5827,adityasah104,CONTRIBUTOR,closed,False,stable,docs-clarify-json-415-error,2025-10-09 07:06:09+00:00,2026-02-09 00:13:53+00:00,2026-01-25 02:46:57+00:00,2026-01-25 02:46:57+00:00,1,2587.68,2587.68,5,3,8,1,2,42,549,79,['docs'],1,[],0,1,0,1,0,0,0,1,0,0,False,True,False,False,Merged,2025-Q4,2025-10-01,2025-12-31,Merged,True,True,True,False,False,False,False,False,False,False,False,False,False,False,False,False,False,False,False,False,2,True,1,Merged,6.309918278226516,4.382026634673881,1.791759469228055,1.3862943611198906,2.19722457733622,0.6931471805599453,1.0986122886681098,True,True,False,False,8.0,0.375,False,True,Very small,2025,10,4,3,7,False,Thursday,Previous contributor,1,1,1,1,test
pallets/flask,5829,Docs typo/markup fixes,Just two typos I've run into.,https://github.com/pallets/flask/pull/5829,hynek,CONTRIBUTOR,closed,False,main,patch-1,2025-10-14 07:43:09+00:00,2025-10-30 00:08:51+00:00,2025-10-14 20:26:26+00:00,2025-10-14 20:26:26+00:00,1,12.721388888888889,12.721388888888889,5,5,10,2,2,22,29,6,[],0,[],0,2,0,2,0,0,0,2,0,0,False,True,False,False,Merged,2025-Q4,2025-10-01,2025-12-31,Merged,True,True,False,False,False,False,False,False,False,False,False,False,False,False,False,False,False,False,False,False,1,True,1,Merged,3.4011973816621555,1.9459101490553128,1.791759469228055,1.791759469228055,2.3978952727983707,1.0986122886681098,1.0986122886681098,True,False,False,False,5.0,0.5,False,True,Very small,2025,10,4,1,7,False,Tuesday,Previous contributor,0,0,0,0,test
pallets/flask,5844,pre-commit: Add codespell,"* #5833 on the `stable` branch.

The `stable` branch contains no codespell discoverable typos, but the default branch contains:
```
./docs/appcontext.rst:122: requet ==> request
./docs/quickstart.rst:465: interanlly ==> internally
./docs/templating.rst:186: avaialble ==> available
```

<!--
Before opening a PR, open a ticket describing the issue or feature the
PR will address. An issue is not required for fixing typos in
documentation, or other simple non-code changes.

Replace this comment with a description of the change. Describe how it
addresses the linked ticket.
-->

<!--
Link to relevant issues or previous PRs, one per line. Use ""fixes"" to
automatically close an issue.

fixes #<issue number>
-->

<!--
Ensure each step in CONTRIBUTING.rst is complete, especially the following:

- Add tests that demonstrate the correct behavior of the change. Tests
  should fail without the change.
- Add or update relevant docs, in the docs folder and in code.
- Add an entry in CHANGES.rst summarizing the change and linking to the issue.
- Add `.. versionchanged::` entries in any relevant code docs.
-->
",https://github.com/pallets/flask/pull/5844,cclauss,CONTRIBUTOR,closed,False,stable,codespell,2025-11-05 17:14:08+00:00,2026-02-09 00:13:52+00:00,2026-01-25 03:00:24+00:00,2026-01-25 03:00:24+00:00,1,1929.7711111111112,1929.7711111111112,13,4,17,4,2,25,1141,170,[],0,[],0,4,0,0,2,1,0,4,0,0,False,False,True,True,Merged,2025-Q4,2025-10-01,2025-12-31,Merged,True,True,True,True,False,False,True,False,False,False,False,False,False,False,True,False,False,False,False,False,5,True,1,Merged,7.040536390215956,5.14166355650266,2.6390573296152584,1.6094379124341005,2.8903717578961645,1.6094379124341005,1.0986122886681098,True,True,False,False,4.25,0.2352941176470588,False,True,Small,2025,11,4,2,17,False,Wednesday,Previous contributor,1,1,1,1,test
pallets/flask,5865,Increase required flit_core version to 3.11,"Needed since Flask 3.1.1 after having set the ""license"" keyword to an SPDX license expression. Avoids this possible build error:

  flit_core.config.ConfigError: license field should be <class 'dict'>, not <class 'str'>

Fixes: 0109e496f (""use uv"").

<!--
Before opening a PR, open a ticket describing the issue or feature the
PR will address. An issue is not required for fixing typos in
documentation, or other simple non-code changes.

Replace this comment with a description of the change. Describe how it
addresses the linked ticket.
-->

<!--
Link to relevant issues or previous PRs, one per line. Use ""fixes"" to
automatically close an issue.

fixes #<issue number>
-->

<!--
Ensure each step in CONTRIBUTING.rst is complete, especially the following:

- Add tests that demonstrate the correct behavior of the change. Tests
  should fail without the change.
- Add or update relevant docs, in the docs folder and in code.
- Add an entry in CHANGES.rst summarizing the change and linking to the issue.
- Add `.. versionchanged::` entries in any relevant code docs.
-->
",https://github.com/pallets/flask/pull/5865,marcows,CONTRIBUTOR,closed,False,stable,flit-minimum,2025-12-17 15:22:57+00:00,2026-02-11 00:17:35+00:00,2026-01-25 03:04:07+00:00,2026-01-25 03:04:07+00:00,1,923.6861111111112,923.6861111111112,1,1,2,1,1,43,1102,171,[],0,[],0,1,0,0,1,0,0,1,0,0,False,False,True,False,Merged,2025-Q4,2025-10-01,2025-12-31,Merged,True,False,True,True,False,False,False,False,False,False,False,False,False,False,False,False,False,False,False,False,2,True,1,Merged,7.005789019253503,5.147494476813453,0.6931471805599453,0.6931471805599453,1.0986122886681098,0.6931471805599453,0.6931471805599453,True,True,False,False,2.0,0.5,False,False,Very small,2025,12,4,2,15,False,Wednesday,Previous contributor,1,1,1,1,test
pallets/flask,5898,redirect defaults to 303,closes #5895 ,https://github.com/pallets/flask/pull/5898,davidism,MEMBER,closed,False,main,redirect,2026-01-25 00:51:47+00:00,2026-02-09 00:13:57+00:00,2026-01-25 01:18:36+00:00,2026-01-25 01:18:35+00:00,1,0.4469444444444444,0.4466666666666666,14,3,17,4,1,24,12,2,[],0,[],0,4,0,2,0,0,0,4,0,0,False,True,False,False,Merged,2026-Q1,2026-01-01,2026-03-31,Merged,True,False,False,False,False,False,True,False,False,False,False,False,False,False,False,False,False,False,False,False,1,True,1,Merged,2.5649493574615367,1.0986122886681098,2.70805020110221,1.3862943611198906,2.8903717578961645,1.6094379124341005,0.6931471805599453,True,False,False,False,4.25,0.1764705882352941,False,False,Small,2026,1,1,6,0,True,Sunday,Internal or trusted,0,0,0,0,test
pallets/flask,5899,deprecate `should_ignore_error`,closes #5816 ,https://github.com/pallets/flask/pull/5899,davidism,MEMBER,closed,False,main,should_ignore_error,2026-01-25 03:51:26+00:00,2026-02-09 00:13:51+00:00,2026-01-25 03:53:12+00:00,2026-01-25 03:53:12+00:00,1,0.0294444444444444,0.0294444444444444,27,9,36,3,1,31,12,2,[],0,[],0,3,0,1,0,0,0,3,0,0,False,True,False,False,Merged,2026-Q1,2026-01-01,2026-03-31,Merged,True,False,False,False,False,False,False,False,False,False,False,False,False,False,False,False,False,False,False,False,0,False,1,Merged,2.5649493574615367,1.0986122886681098,3.332204510175204,2.302585092994046,3.610917912644224,1.3862943611198906,0.6931471805599453,True,False,False,False,12.0,0.25,False,False,Small,2026,1,1,6,3,True,Sunday,Internal or trusted,0,0,0,0,test
pallets/flask,5900,document using gevent for async,"closes #5881 

Adds a separate page about gevent. Shows examples of using asyncio and libuv. Removes mentions of eventlet, since the maintainers have indicated it is no longer recommended.",https://github.com/pallets/flask/pull/5900,davidism,MEMBER,closed,False,stable,gevent,2026-01-25 18:34:37+00:00,2026-02-09 00:13:50+00:00,2026-01-25 18:35:13+00:00,2026-01-25 18:35:12+00:00,1,0.01,0.0097222222222222,168,142,310,9,1,31,190,29,['docs'],1,[],0,9,0,9,0,0,1,8,0,0,False,True,False,False,Merged,2026-Q1,2026-01-01,2026-03-31,Merged,True,False,False,False,False,True,True,True,True,False,False,True,True,True,False,False,False,False,False,False,7,True,1,Merged,5.25227342804663,3.4011973816621555,5.1298987149230735,4.962844630259907,5.739792912179234,2.302585092994046,0.6931471805599453,True,False,False,False,34.44444444444444,0.4580645161290322,False,False,Large,2026,1,1,6,18,True,Sunday,Internal or trusted,0,0,0,0,test
pallets/flask,5903,Abort if the instance folder cannot be created,"According to the comment, the instance folder should exist in any case. But a PermissionError was ignored silently.

Since Python 3.9 is the minimum required version, it is safe to use ""exist_ok"" added in Python 3.2 and avoid exception handling.",https://github.com/pallets/flask/pull/5903,marcows,CONTRIBUTOR,closed,False,stable,instance-folder,2026-01-27 08:24:02+00:00,2026-02-12 00:12:40+00:00,2026-01-28 15:43:01+00:00,2026-01-28 15:43:01+00:00,1,31.316388888888888,31.316388888888888,2,8,10,2,1,46,247,40,['docs'],1,[],0,2,0,1,0,0,0,2,0,0,False,True,False,False,Merged,2026-Q1,2026-01-01,2026-03-31,Merged,True,False,False,False,False,False,False,False,False,False,False,False,False,False,False,False,False,False,False,False,0,False,1,Merged,5.513428746164983,3.713572066704308,1.0986122886681098,2.19722457733622,2.3978952727983707,1.0986122886681098,0.6931471805599453,True,False,False,False,5.0,0.8,False,False,Very small,2026,1,1,1,8,False,Tuesday,Previous contributor,1,0,0,0,test
pallets/flask,5917,fix provide_automatic_options override,"`OPTIONS` is added correctly whenever `provide_automatic_options` is set. Previously, it was only added if the argument was not passed and was not set as an attribute; it could only be disabled, not enabled.

Also cleans up the tests about options. Fixes some other tests that were inadvertently adding duplicate routes.

fixes #5916 ",https://github.com/pallets/flask/pull/5917,davidism,MEMBER,closed,False,main,automatic-options,2026-02-12 21:06:34+00:00,2026-02-27 00:14:20+00:00,2026-02-12 21:07:51+00:00,2026-02-12 21:07:51+00:00,1,0.0213888888888888,0.0213888888888888,96,86,182,7,1,38,337,52,[],0,[],0,7,4,2,0,0,0,7,0,0,True,True,False,False,Merged,2026-Q1,2026-01-01,2026-03-31,Merged,True,False,False,False,True,True,True,True,True,False,False,False,True,False,False,False,False,False,False,False,6,True,1,Merged,5.823045895483019,3.970291913552122,4.574710978503383,4.465908118654584,5.209486152841421,2.079441541679836,0.6931471805599453,True,True,False,False,26.0,0.4725274725274725,False,False,Medium,2026,2,1,3,21,False,Thursday,Internal or trusted,0,0,0,0,test
pallets/flask,5924,release version 3.1.3,,https://github.com/pallets/flask/pull/5924,davidism,MEMBER,closed,False,stable,release-3.1.3,2026-02-19 03:42:42+00:00,2026-03-06 00:17:52+00:00,2026-02-19 05:01:53+00:00,2026-02-19 05:01:53+00:00,1,1.3197222222222222,1.3197222222222222,3,3,6,3,1,21,0,0,[],0,[],0,3,0,1,1,0,0,3,0,0,False,True,True,False,Merged,2026-Q1,2026-01-01,2026-03-31,Merged,True,False,False,True,False,False,False,False,False,False,False,False,False,False,False,False,False,False,False,False,1,True,1,Merged,0.0,0.0,1.3862943611198906,1.3862943611198906,1.9459101490553128,1.3862943611198906,0.6931471805599453,False,False,False,False,2.0,0.5,False,False,Very small,2026,2,1,3,3,False,Thursday,Internal or trusted,0,0,0,0,test
pallets/flask,5928,all teardown callbacks are called despite errors,"Previously, Flask documented that teardown callbacks must not fail. Now, all callbacks will be called, and any errors are collected to be raised at the end. This applies to app and request teardown callbacks and signals. On Python >= 3.11, this will result in an `ExceptionGroup` each for app and request teardown, collected in an `ExceptionGroup` for overall teardown. On 3.10, the first collected error is raise, which basically matches what happens now.

Also adjusts a bunch of tests to clean up any resources. None were failing with `ResourceWarning`, but this ensures they don't even if they fail for some other reason.",https://github.com/pallets/flask/pull/5928,davidism,MEMBER,closed,False,main,teardown,2026-02-20 03:51:07+00:00,2026-03-07 00:12:24+00:00,2026-02-20 04:00:34+00:00,2026-02-20 04:00:34+00:00,1,0.1575,0.1575,194,80,274,10,1,48,627,102,[],0,[],0,10,5,2,0,0,0,10,0,0,True,True,False,False,Merged,2026-Q1,2026-01-01,2026-03-31,Merged,True,False,False,False,True,True,True,True,True,False,False,False,True,False,False,False,False,False,False,False,6,True,1,Merged,6.442540166468199,4.634728988229636,5.272999558563747,4.394449154672439,5.616771097666572,2.3978952727983707,0.6931471805599453,True,True,False,False,27.4,0.291970802919708,False,False,Large,2026,2,1,4,3,False,Friday,Internal or trusted,0,0,0,0,test
pallets/flask,5945,add zizmor to scan workflows,"https://docs.zizmor.sh/

Among the findings:

- apply empty permissions with `permissions: {}`, although we have read only defaults set at the organization level
- use concurrency group for each workflow
- disable credentials for checkout
- remove some template variables in favor of env vars",https://github.com/pallets/flask/pull/5945,davidism,MEMBER,closed,False,stable,zizmor,2026-03-08 23:11:47+00:00,2026-03-29 00:16:24+00:00,2026-03-08 23:15:00+00:00,2026-03-08 23:15:00+00:00,1,0.0536111111111111,0.0536111111111111,51,9,60,5,1,28,299,44,[],0,[],0,5,0,0,5,0,1,4,0,0,False,False,True,False,Merged,2026-Q1,2026-01-01,2026-03-31,Merged,True,False,False,True,False,False,True,False,False,False,False,True,False,False,False,False,False,False,False,False,3,True,1,Merged,5.703782474656201,3.80666248977032,3.951243718581428,2.302585092994046,4.110873864173311,1.791759469228055,0.6931471805599453,True,False,False,False,12.0,0.15,False,False,Medium,2026,3,1,6,23,True,Sunday,Internal or trusted,0,0,0,0,test
pallets/flask,5962,remove unicode host test,"This test is invalid, the `Host` header cannot contain non-ASCII. It was added in https://github.com/pallets/flask/pull/2994. It appears there was some confusion over Python 2/3 handling of strings, rather than testing this because it was a valid `Host` header.

closes #5961 ",https://github.com/pallets/flask/pull/5962,davidism,MEMBER,closed,False,main,remove-unicode-test,2026-03-24 13:54:00+00:00,2026-04-08 00:18:11+00:00,2026-03-24 13:55:58+00:00,2026-03-24 13:55:57+00:00,1,0.0327777777777777,0.0325,0,21,21,1,1,24,277,40,[],0,[],0,1,1,0,0,0,0,1,0,0,True,False,False,False,Merged,2026-Q1,2026-01-01,2026-03-31,Merged,True,False,False,False,True,True,False,False,False,False,False,False,False,False,False,False,False,False,False,False,2,True,1,Merged,5.627621113690637,3.713572066704308,0.0,3.091042453358316,3.091042453358316,0.6931471805599453,0.6931471805599453,True,False,False,False,21.0,1.0,False,False,Small,2026,3,1,1,13,False,Tuesday,Internal or trusted,0,0,0,0,test
pallets/flask,6013,autoescape selection uses case-insensitive comparison,Use case-insensitive comparison on file extension. Previously only lower case was used.,https://github.com/pallets/flask/pull/6013,davidism,MEMBER,closed,False,main,autoescape-case,2026-05-02 03:56:17+00:00,2026-05-17 00:27:57+00:00,2026-05-02 03:58:57+00:00,2026-05-02 03:58:57+00:00,1,0.0444444444444444,0.0444444444444444,6,1,7,2,1,53,87,12,[],0,[],0,2,0,1,0,0,0,2,0,0,False,True,False,False,Merged,2026-Q2,2026-04-01,2026-06-30,Merged,True,False,False,False,False,False,False,False,False,False,False,False,False,False,False,False,False,False,False,False,0,False,1,Merged,4.477336814478207,2.5649493574615367,1.9459101490553128,0.6931471805599453,2.079441541679836,1.0986122886681098,0.6931471805599453,True,False,False,False,3.5,0.1428571428571428,False,False,Very small,2026,5,2,5,3,True,Saturday,Internal or trusted,0,0,0,0,test
