pr_number,was_merged,split,additions,deletions,total_changes,changed_files,commit_count,title_length,body_length,body_word_count,label_count,file_records_returned,test_files_changed,documentation_files_changed,configuration_files_changed,security_sensitive_files_changed,files_added,files_modified,files_removed,files_renamed,iqr_outlier_feature_count,log1p_body_length,log1p_body_word_count,log1p_additions,log1p_deletions,log1p_total_changes,log1p_changed_files,log1p_commit_count,change_density_per_file,deletion_ratio,created_day_of_week,created_hour_utc,draft,requested_reviewer_count,has_test_changes,has_documentation_changes,has_configuration_changes,has_security_sensitive_changes,commit_count_iqr_outlier,configuration_files_changed_iqr_outlier,test_files_changed_iqr_outlier,deletions_iqr_outlier,files_modified_iqr_outlier,additions_iqr_outlier,total_changes_iqr_outlier,body_length_iqr_outlier,body_word_count_iqr_outlier,files_added_iqr_outlier,changed_files_iqr_outlier,documentation_files_changed_iqr_outlier,security_sensitive_files_changed_iqr_outlier,files_removed_iqr_outlier,files_renamed_iqr_outlier,title_length_iqr_outlier,requested_reviewer_count_iqr_outlier,has_any_iqr_outlier,has_description,has_detailed_description,short_title,very_long_description,has_zero_code_change,has_multiple_commits,created_on_weekend
2575,0,train,-0.10182850941645721,-0.11150156645270311,-0.10624884197660489,-0.15347915067568513,-0.07824481063198063,0.4509563649834031,-0.08310256549167976,0.04153617999922796,-0.6697505392372824,-0.15347915067568513,-0.1580470784389542,-0.09575505810207449,-0.2320713915475348,-0.13392533418289954,-0.09444490577171503,-0.21131873623656344,-0.09135431758701307,-0.06346514466983384,-0.7749652817779098,0.6077265938051187,0.6638632557819377,-0.8870614097166676,-0.9845249053250537,-1.1159646413151367,-0.5383567051862455,-0.32314246870482466,-0.47554994663755895,-1.5931527127555483,-0.3064735142438632,-0.4347341826684084,0.0,0.0,0.0,1.0,0.0,0.0,0.0,0.0,0.0,0.0,0.0,0.0,0.0,0.0,0.0,0.0,0.0,0.0,0.0,0.0,0.0,0.0,0.0,0.0,1.0,1.0,0.0,0.0,0.0,0.0,0.0
2577,1,train,-0.10182850941645721,-0.11077384660104567,-0.10593741124175554,-0.15347915067568513,-0.07824481063198063,-0.5916488269650886,-0.3404569114330127,-0.34528724819286544,-0.6697505392372824,-0.15347915067568513,-0.1580470784389542,-0.19305811945291232,-0.2320713915475348,-0.13392533418289954,-0.09444490577171503,-0.21131873623656344,-0.09135431758701307,-0.06346514466983384,-0.7749652817779098,0.1614543523975198,0.19624468784585117,-0.8870614097166676,-0.5625167073768849,-0.8767395512791257,-0.5383567051862455,-0.32314246870482466,-0.44173539720400995,0.5275215952761285,-0.3064735142438632,1.31577617017277,0.0,0.0,0.0,0.0,0.0,0.0,0.0,0.0,0.0,0.0,0.0,0.0,0.0,0.0,0.0,0.0,0.0,0.0,0.0,0.0,0.0,0.0,0.0,0.0,1.0,1.0,0.0,0.0,0.0,0.0,0.0
2579,0,train,-0.07094563843072957,-0.0911254106062949,-0.07977722951440985,-0.07865275034626523,-0.07824481063198063,0.5161191894801839,-0.4094908188255596,-0.4583587118182466,1.1381650268020076,-0.07865275034626523,0.041782560966620086,-0.19305811945291232,-0.2320713915475348,0.8648398698929615,-0.09444490577171503,-0.025172101713864917,-0.09135431758701307,-0.06346514466983384,1.3298786934213516,-0.09024082581345613,-0.05778496962654005,1.1871884556090389,1.0655829000951853,1.1099706045341018,0.43326726781991537,-0.32314246870482466,0.4599859210239644,-0.21224851217678214,0.1985764717759862,0.5200896461540525,0.0,0.0,1.0,0.0,0.0,1.0,0.0,0.0,1.0,1.0,0.0,1.0,1.0,0.0,0.0,0.0,0.0,0.0,1.0,0.0,0.0,0.0,0.0,1.0,1.0,0.0,0.0,0.0,0.0,0.0,0.0
2582,1,train,-0.10074489990818607,-0.09985804882618413,-0.10064308874931653,-0.11606595051097518,-0.07824481063198063,-0.9174629494489922,-0.46481946519164496,-0.5714301754436277,-0.6697505392372824,-0.11606595051097518,-0.1580470784389542,-0.19305811945291232,-0.2320713915475348,-0.13392533418289954,-0.09444490577171503,-0.11824541897521418,-0.09135431758701307,-0.06346514466983384,-0.35399648673805756,-0.4722796029342399,-0.5075099956132192,-0.4622402945223449,0.7404179224911043,0.24256440390207276,0.030006883824063718,-0.32314246870482466,-0.18812627645239216,1.9785092797188544,1.208676443815685,-0.5938714874721519,0.0,1.0,0.0,0.0,0.0,0.0,0.0,0.0,0.0,0.0,0.0,0.0,0.0,0.0,0.0,0.0,0.0,0.0,0.0,0.0,0.0,0.0,1.0,1.0,1.0,0.0,0.0,0.0,0.0,0.0,1.0
2588,0,train,-0.0942432428585592,-0.11150156645270311,-0.10188881168871394,-0.07865275034626523,-0.07236676441752418,1.6238872059254563,0.07476173744274735,0.3569460522173964,-0.6697505392372824,-0.07865275034626523,0.24161220037219439,-0.19305811945291232,-0.2320713915475348,-0.13392533418289954,0.004733515563737508,-0.11824541897521418,-0.09135431758701307,-0.06346514466983384,0.487941103341647,0.7600760385189229,0.8831197148122863,0.38740193586630073,-0.9845249053250537,0.11090933645825053,0.43326726781991537,0.255803221450059,-0.34029174890336283,-1.5931527127555483,-1.316573486283562,0.9975015605652829,0.0,0.0,1.0,0.0,0.0,0.0,1.0,0.0,1.0,0.0,0.0,0.0,0.0,0.0,0.0,1.0,0.0,0.0,0.0,0.0,0.0,0.0,0.0,1.0,1.0,1.0,0.0,0.0,0.0,1.0,0.0
2592,1,train,-0.07907270974276316,-0.09840260912286926,-0.08756299788564369,-0.11606595051097518,-0.07824481063198063,-0.005183406494062019,-0.37497386512928615,-0.3809940261798279,1.1381650268020076,-0.11606595051097518,0.24161220037219439,-0.19305811945291232,-0.2320713915475348,-0.13392533418289954,-0.09444490577171503,-0.11824541897521418,-0.09135431758701307,-0.06346514466983384,-0.35399648673805756,0.05174917402518857,0.1270075176176089,1.007399303645653,0.8081353296377196,0.9100935366830583,0.030006883824063718,-0.32314246870482466,0.5219792616521376,-0.3416072194909524,-0.3064735142438632,1.31577617017277,0.0,0.0,1.0,0.0,0.0,0.0,0.0,0.0,1.0,0.0,0.0,0.0,0.0,0.0,0.0,0.0,0.0,0.0,0.0,0.0,0.0,0.0,0.0,1.0,1.0,0.0,0.0,0.0,0.0,0.0,0.0
2600,0,train,-0.00484545842618972,-0.11004612674938824,-0.049879878968871916,-0.003826350016845344,-0.04885457955969834,-1.7645796679071417,-0.5105036686131833,-0.6666482500755276,-0.6697505392372824,-0.003826350016845344,-0.1580470784389542,-0.19305811945291232,-0.2320713915475348,-0.13392533418289954,0.10391193689919007,-0.025172101713864917,-0.09135431758701307,-0.06346514466983384,0.9089098983814993,-2.6607436936541022,-2.2057073092032726,1.8742103686252523,-0.3156577365802952,1.54868288487585,1.0016308568302243,1.4656223519725455,0.7214851033100769,-1.5465444862054019,-0.3064735142438632,-0.7530087922758953,0.0,0.0,0.0,0.0,0.0,0.0,1.0,0.0,0.0,0.0,0.0,1.0,1.0,0.0,0.0,1.0,0.0,0.0,0.0,0.0,0.0,0.0,0.0,1.0,0.0,0.0,1.0,0.0,0.0,1.0,0.0
2603,1,train,-0.10074489990818607,-0.1093184068977308,-0.10469168830235813,-0.15347915067568513,-0.07824481063198063,-0.5264860024683079,-0.46735747649284154,-0.5833324347726152,-0.6697505392372824,-0.15347915067568513,-0.1580470784389542,-0.19305811945291232,-0.2320713915475348,-0.13392533418289954,-0.09444490577171503,-0.21131873623656344,-0.09135431758701307,-0.06346514466983384,-0.7749652817779098,-0.49969675983523887,-0.5825314243986272,-0.4622402945223449,-0.14050850942871598,-0.37683240049076266,-0.5383567051862455,-0.32314246870482466,-0.3064771994698138,0.5275215952761285,-1.316573486283562,-1.5486953162946127,0.0,0.0,0.0,0.0,0.0,0.0,0.0,0.0,0.0,0.0,0.0,0.0,0.0,0.0,0.0,0.0,0.0,0.0,0.0,0.0,0.0,0.0,0.0,0.0,1.0,0.0,0.0,0.0,0.0,0.0,0.0
2609,1,train,-0.10074489990818607,-0.11150156645270311,-0.10562598050690619,-0.15347915067568513,-0.07824481063198063,-0.39616035347474643,-0.45415981772661934,-0.5714301754436277,1.1381650268020076,-0.15347915067568513,-0.1580470784389542,-0.19305811945291232,0.3581679857987965,-0.13392533418289954,-0.09444490577171503,-0.21131873623656344,-0.09135431758701307,-0.06346514466983384,-0.35399648673805756,-0.3715424168213535,-0.5075099956132192,-0.4622402945223449,-0.9845249053250537,-0.7070066487240076,-0.5383567051862455,-0.32314246870482466,-0.4079208477704609,-1.5931527127555483,1.7137264298355344,1.1566388653690263,0.0,0.0,0.0,0.0,1.0,0.0,0.0,1.0,0.0,0.0,0.0,0.0,0.0,0.0,0.0,0.0,0.0,0.0,0.0,0.0,0.0,0.0,0.0,1.0,1.0,0.0,0.0,0.0,0.0,0.0,1.0
2614,0,train,-0.10020309515405049,-0.1093184068977308,-0.10438025756750878,-0.15347915067568513,-0.04885457955969834,-0.72197447595865,-0.3937551487581408,-0.42265193383128413,-0.6697505392372824,-0.15347915067568513,-0.1580470784389542,-0.19305811945291232,-0.2320713915475348,-0.13392533418289954,-0.09444490577171503,-0.21131873623656344,-0.09135431758701307,-0.06346514466983384,-0.35399648673805756,-0.020329885827108027,0.03461127399553429,-0.32547844223991174,-0.14050850942871598,-0.2980486561328784,-0.5383567051862455,1.4656223519725455,-0.2726626500362647,0.22456812270017432,-0.3064735142438632,-0.4347341826684084,0.0,0.0,0.0,0.0,0.0,0.0,1.0,0.0,0.0,0.0,0.0,0.0,0.0,0.0,0.0,0.0,0.0,0.0,0.0,0.0,0.0,0.0,0.0,1.0,1.0,0.0,0.0,0.0,0.0,1.0,0.0
2619,0,train,-0.10182850941645721,-0.11077384660104567,-0.10593741124175554,-0.15347915067568513,-0.07824481063198063,-1.0477885984425537,-0.4846159533409783,-0.6130880830950839,-0.6697505392372824,-0.15347915067568513,-0.1580470784389542,-0.19305811945291232,-0.2320713915475348,-0.13392533418289954,-0.09444490577171503,-0.21131873623656344,-0.09135431758701307,-0.06346514466983384,-0.7749652817779098,-0.7437797582211084,-0.82556280739995,-0.8870614097166676,-0.5625167073768849,-0.8767395512791257,-0.5383567051862455,-0.32314246870482466,-0.44173539720400995,0.5275215952761285,0.1985764717759862,1.4749134749765134,0.0,0.0,0.0,0.0,0.0,0.0,0.0,0.0,0.0,0.0,0.0,0.0,0.0,0.0,0.0,0.0,0.0,0.0,0.0,0.0,0.0,0.0,0.0,0.0,1.0,0.0,0.0,0.0,0.0,0.0,0.0
2622,1,train,-0.08665797630066117,-0.08821453119966516,-0.08756299788564369,-0.04123955018155529,-0.07824481063198063,-0.8523001249522115,-0.5044124414903116,-0.6547459907465402,1.1381650268020076,-0.04123955018155529,-0.1580470784389542,-0.09575505810207449,0.9484073631451279,-0.13392533418289954,-0.09444490577171503,0.06790121554748434,-0.09135431758701307,-0.06346514466983384,0.487941103341647,-1.416346798736402,-1.547211032808428,0.7726682100519553,1.144250766725747,0.9100935366830583,0.746060322396679,-0.32314246870482466,0.006307382790514811,0.6318170530481783,-0.8115235002637127,0.5200896461540525,0.0,0.0,0.0,1.0,1.0,0.0,0.0,1.0,0.0,1.0,1.0,0.0,0.0,0.0,0.0,0.0,0.0,0.0,0.0,0.0,0.0,0.0,0.0,1.0,1.0,0.0,0.0,0.0,0.0,0.0,0.0
2630,1,train,-0.10128670466232163,-0.11004612674938824,-0.10531454977205683,-0.15347915067568513,-0.07824481063198063,-0.26583470448118496,-0.38817152389550835,-0.4464564524892591,-0.6697505392372824,-0.15347915067568513,-0.1580470784389542,-0.19305811945291232,-0.2320713915475348,-0.13392533418289954,-0.09444490577171503,-0.21131873623656344,-0.09135431758701307,-0.06346514466983384,-0.7749652817779098,0.0022395122154622634,-0.025377664293504226,-0.6385569878134462,-0.3156577365802952,-0.5753515812801854,-0.5383567051862455,-0.32314246870482466,-0.37410629833691184,0.5275215952761285,-1.316573486283562,1.4749134749765134,0.0,0.0,0.0,0.0,0.0,0.0,0.0,0.0,0.0,0.0,0.0,0.0,0.0,0.0,0.0,0.0,0.0,0.0,0.0,0.0,0.0,0.0,0.0,0.0,1.0,0.0,0.0,0.0,0.0,0.0,0.0
2633,0,train,-0.10182850941645721,-0.11077384660104567,-0.10593741124175554,-0.15347915067568513,-0.07824481063198063,1.1025846099512104,-0.21101833507198725,-0.1131931912776094,-0.6697505392372824,-0.15347915067568513,-0.1580470784389542,-0.19305811945291232,-0.2320713915475348,-0.13392533418289954,-0.09444490577171503,-0.21131873623656344,-0.09135431758701307,-0.06346514466983384,-0.7749652817779098,0.4354234929977618,0.5174942492973426,-0.8870614097166676,-0.5625167073768849,-0.8767395512791257,-0.5383567051862455,-0.32314246870482466,-0.44173539720400995,0.5275215952761285,1.7137264298355344,-0.7530087922758953,0.0,0.0,0.0,0.0,0.0,0.0,0.0,0.0,0.0,0.0,0.0,0.0,0.0,0.0,0.0,0.0,0.0,0.0,0.0,0.0,0.0,0.0,0.0,0.0,1.0,1.0,0.0,0.0,0.0,0.0,1.0
2637,1,train,-0.09532685236683033,-0.10131348852949901,-0.09815164287052171,-0.15347915067568513,-0.07824481063198063,0.059979418002718714,-0.5044124414903116,-0.6547459907465402,1.1381650268020076,-0.15347915067568513,-0.1580470784389542,-0.09575505810207449,-0.2320713915475348,-0.13392533418289954,-0.09444490577171503,-0.21131873623656344,-0.09135431758701307,-0.06346514466983384,-0.7749652817779098,-1.416346798736402,-1.547211032808428,0.3055622390181148,0.6642149545083453,0.44108358469149583,-0.5383567051862455,-0.32314246870482466,0.403628338634716,0.6060650881661904,1.208676443815685,0.5200896461540525,0.0,0.0,0.0,1.0,0.0,0.0,0.0,0.0,0.0,0.0,0.0,0.0,0.0,0.0,0.0,0.0,0.0,0.0,0.0,0.0,0.0,0.0,0.0,0.0,1.0,0.0,0.0,0.0,0.0,0.0,1.0
2641,0,train,-0.09153421908788133,-0.09403629001292464,-0.0928573203780827,-0.003826350016845344,-0.07824481063198063,0.32063071598984166,-0.36888263800641435,-0.42265193383128413,-0.6697505392372824,-0.003826350016845344,0.8411011185889173,-0.19305811945291232,-0.2320713915475348,-0.13392533418289954,-0.09444490577171503,0.16097453280883361,-0.09135431758701307,-0.06346514466983384,0.487941103341647,0.073000216454853,0.03461127399553429,0.5540666609213364,0.9752204768522277,0.7210145839740949,1.0016308568302243,-0.32314246870482466,-0.21179646105587646,0.7203101687335535,-1.316573486283562,-0.9121460970796389,0.0,0.0,1.0,0.0,0.0,0.0,0.0,0.0,1.0,1.0,1.0,0.0,0.0,0.0,0.0,0.0,0.0,0.0,0.0,0.0,0.0,0.0,0.0,1.0,1.0,0.0,0.0,0.0,0.0,0.0,0.0
2650,0,train,-0.10020309515405049,-0.11150156645270311,-0.10531454977205683,-0.15347915067568513,-0.07824481063198063,0.38579354048662234,-0.5105036686131833,-0.6666482500755276,-0.6697505392372824,-0.15347915067568513,-0.1580470784389542,-0.09575505810207449,-0.2320713915475348,-0.13392533418289954,-0.09444490577171503,-0.21131873623656344,-0.09135431758701307,-0.06346514466983384,-0.7749652817779098,-2.6607436936541022,-2.2057073092032726,-0.32547844223991174,-0.9845249053250537,-0.5753515812801854,-0.5383567051862455,-0.32314246870482466,-0.37410629833691184,-1.5931527127555483,-1.316573486283562,-0.5938714874721519,0.0,0.0,0.0,1.0,0.0,0.0,0.0,0.0,0.0,0.0,0.0,0.0,0.0,0.0,0.0,0.0,0.0,0.0,0.0,0.0,0.0,0.0,0.0,0.0,0.0,0.0,0.0,0.0,0.0,0.0,0.0
2652,1,train,-0.10182850941645721,-0.11150156645270311,-0.10624884197660489,-0.15347915067568513,-0.07824481063198063,-0.3309975289779657,-0.5105036686131833,-0.6666482500755276,-0.6697505392372824,-0.15347915067568513,-0.1580470784389542,-0.09575505810207449,-0.2320713915475348,-0.13392533418289954,-0.09444490577171503,-0.21131873623656344,-0.09135431758701307,-0.06346514466983384,-0.7749652817779098,-2.6607436936541022,-2.2057073092032726,-0.8870614097166676,-0.9845249053250537,-1.1159646413151367,-0.5383567051862455,-0.32314246870482466,-0.47554994663755895,-1.5931527127555483,-1.316573486283562,1.6340507797802568,0.0,0.0,0.0,1.0,0.0,0.0,0.0,0.0,0.0,0.0,0.0,0.0,0.0,0.0,0.0,0.0,0.0,0.0,0.0,0.0,0.0,0.0,0.0,0.0,0.0,0.0,0.0,0.0,0.0,0.0,0.0
2672,0,train,-0.07311285744727186,-0.06638293564994208,-0.07043430746892924,-0.11606595051097518,-0.06061067198861126,-1.0477885984425537,-0.4724334990952347,-0.6071369534305902,-0.6697505392372824,-0.11606595051097518,0.041782560966620086,-0.19305811945291232,-0.2320713915475348,-0.13392533418289954,-0.09444490577171503,-0.11824541897521418,-0.09135431758701307,-0.06346514466983384,1.3298786934213516,-0.5596686351186885,-0.7684349205639498,1.1441611559280862,1.5379362238229148,1.2847679301834791,0.030006883824063718,0.9851885307800714,1.4518793710747362,0.673774995830037,-1.316573486283562,0.9975015605652829,0.0,0.0,1.0,0.0,0.0,0.0,1.0,0.0,1.0,1.0,0.0,1.0,1.0,0.0,0.0,0.0,0.0,0.0,0.0,0.0,0.0,0.0,0.0,1.0,1.0,0.0,0.0,0.0,0.0,1.0,0.0
2676,1,train,1.7072575646422194,1.5164077417049813,1.6302889355433903,3.662667266124729,-0.07824481063198063,-0.26583470448118496,0.301152345509482,0.8865965923573398,1.1381650268020076,3.662667266124729,1.840249315616789,2.920639843773898,4.489843627223115,7.856196298423989,3.3767998409691242,0.6263411191155799,6.27299647430823,0.9707816573570879,4.69762905374017,0.9186097349594834,1.131897921715549,3.661100751674666,3.7115799248476513,3.564777239115773,5.0003271816361226,-0.32314246870482466,1.3215456222871733,0.10810187826717386,0.1985764717759862,1.1566388653690263,0.0,0.0,1.0,1.0,1.0,1.0,0.0,1.0,1.0,1.0,1.0,1.0,1.0,0.0,0.0,1.0,1.0,1.0,1.0,1.0,1.0,0.0,0.0,1.0,1.0,1.0,0.0,0.0,0.0,0.0,0.0
2682,0,train,-0.10237031417059278,-0.11150156645270311,-0.10656027271145425,-0.19089235084039508,-0.07824481063198063,0.25546789149306093,-0.22979961870084192,-0.15485109892906562,-0.6697505392372824,-0.19089235084039508,-0.1580470784389542,-0.19305811945291232,-0.2320713915475348,-0.13392533418289954,-0.09444490577171503,-0.3043920534979127,-0.09135431758701307,-0.06346514466983384,-0.7749652817779098,0.40405760466546836,0.47110952344000306,-1.3118825249109904,-0.9845249053250537,-1.5249226339062658,-1.5099806781924063,-0.32314246870482466,-0.509364496071108,-1.5931527127555483,0.7036264577958357,-0.5938714874721519,0.0,0.0,0.0,0.0,0.0,0.0,0.0,0.0,0.0,0.0,0.0,0.0,0.0,0.0,0.0,0.0,0.0,0.0,0.0,0.0,0.0,0.0,0.0,0.0,1.0,1.0,0.0,0.0,1.0,0.0,0.0
2685,1,train,0.19128786257088756,0.16139337791883543,0.17902171114540288,0.07100005031257454,-0.07824481063198063,-1.1781142474361153,-0.1501060638432694,0.01773166134125298,1.1381650268020076,0.07100005031257454,-0.1580470784389542,0.09885106459960115,-0.2320713915475348,-0.13392533418289954,-0.09444490577171503,0.34712116733153214,-0.09135431758701307,-0.06346514466983384,1.7508474884612037,0.5251074257130217,0.6435430338322017,2.5475359057227958,2.6255817201589213,2.5001852049148554,1.4048912408260767,-0.32314246870482466,3.9203414797238154,0.14131373328998892,-1.316573486283562,-0.9121460970796389,0.0,0.0,0.0,1.0,0.0,0.0,0.0,0.0,0.0,1.0,1.0,1.0,1.0,0.0,0.0,0.0,1.0,1.0,0.0,0.0,0.0,0.0,0.0,1.0,1.0,1.0,0.0,0.0,0.0,0.0,0.0
2699,1,train,0.08238510698963747,-0.10204120838115643,0.0036862074252168864,0.5947848526185138,-0.07824481063198063,-0.6568116514618694,-0.4064452052641237,-0.4881143601407153,-0.6697505392372824,0.5947848526185138,0.24161220037219439,0.19615412595043896,2.7191254951841213,0.8648398698929615,1.2940529929246205,0.34712116733153214,-0.09135431758701307,-0.06346514466983384,3.0137538735807605,-0.07590023791067277,-0.14741266725781116,2.2641989680041714,0.6222100842815667,1.9396366556555282,2.8229099884572597,-0.32314246870482466,0.06065219438014721,-1.4373969726176286,0.1985764717759862,0.8383642557615394,0.0,0.0,1.0,1.0,1.0,1.0,0.0,1.0,1.0,0.0,1.0,1.0,1.0,0.0,0.0,1.0,1.0,1.0,1.0,0.0,0.0,0.0,0.0,1.0,1.0,0.0,0.0,0.0,0.0,0.0,0.0
2719,1,train,-0.10182850941645721,-0.11077384660104567,-0.10593741124175554,-0.15347915067568513,-0.07824481063198063,-1.3736027209264574,-0.4932451917650466,-0.6487948610820464,-0.6697505392372824,-0.15347915067568513,-0.1580470784389542,-0.09575505810207449,-0.2320713915475348,-0.13392533418289954,-0.09444490577171503,-0.21131873623656344,-0.09135431758701307,-0.06346514466983384,-0.7749652817779098,-0.935850344318087,-1.3747775224162295,-0.8870614097166676,-0.5625167073768849,-0.8767395512791257,-0.5383567051862455,-0.32314246870482466,-0.44173539720400995,0.5275215952761285,-0.8115235002637127,-2.026107230705843,0.0,0.0,0.0,1.0,0.0,0.0,0.0,0.0,0.0,0.0,0.0,0.0,0.0,0.0,0.0,0.0,0.0,0.0,0.0,0.0,0.0,0.0,0.0,0.0,1.0,0.0,0.0,0.0,0.0,0.0,0.0
2730,1,train,-0.09966129039991492,-0.11077384660104567,-0.10469168830235813,-0.07865275034626523,-0.07824481063198063,0.32063071598984166,-0.5105036686131833,-0.6666482500755276,1.1381650268020076,-0.07865275034626523,0.041782560966620086,-0.09575505810207449,-0.2320713915475348,-0.13392533418289954,-0.09444490577171503,-0.025172101713864917,-0.09135431758701307,-0.06346514466983384,-0.35399648673805756,-2.6607436936541022,-2.2057073092032726,-0.21373587261912344,-0.5625167073768849,-0.37683240049076266,0.43326726781991537,-0.32314246870482466,-0.44173539720400995,-0.8862612767449896,0.7036264577958357,-0.2755968778646649,0.0,0.0,1.0,1.0,0.0,0.0,0.0,0.0,1.0,0.0,0.0,0.0,0.0,0.0,0.0,0.0,0.0,0.0,0.0,0.0,0.0,0.0,0.0,1.0,0.0,0.0,0.0,0.0,0.0,0.0,0.0
2740,0,train,-0.09641046187510148,-0.11150156645270311,-0.10313453462811135,-0.15347915067568513,-0.07824481063198063,0.059979418002718714,-0.4663422719723629,-0.5833324347726152,1.1381650268020076,-0.15347915067568513,-0.1580470784389542,-0.09575505810207449,-0.2320713915475348,-0.13392533418289954,-0.09444490577171503,-0.21131873623656344,-0.09135431758701307,-0.06346514466983384,-0.7749652817779098,-0.48854329007520325,-0.5825314243986272,0.21108524257519945,-0.9845249053250537,-0.05882356609686755,-0.5383567051862455,-0.32314246870482466,-0.1374044523020686,-1.5931527127555483,1.208676443815685,0.20181503654656552,0.0,0.0,0.0,1.0,0.0,0.0,0.0,0.0,0.0,0.0,0.0,0.0,0.0,0.0,0.0,0.0,0.0,0.0,0.0,0.0,0.0,0.0,0.0,0.0,1.0,0.0,0.0,0.0,0.0,0.0,1.0
2746,1,train,-0.10182850941645721,-0.11077384660104567,-0.10593741124175554,-0.15347915067568513,-0.07824481063198063,0.711607662970526,-0.4105060233460382,-0.49406548980520903,1.1381650268020076,-0.15347915067568513,-0.1580470784389542,-0.19305811945291232,-0.2320713915475348,-0.13392533418289954,-0.09444490577171503,-0.21131873623656344,-0.09135431758701307,-0.06346514466983384,-0.7749652817779098,-0.09511679215275037,-0.1670665310051054,-0.8870614097166676,-0.5625167073768849,-0.8767395512791257,-0.5383567051862455,-0.32314246870482466,-0.44173539720400995,0.5275215952761285,1.7137264298355344,1.4749134749765134,0.0,0.0,0.0,0.0,0.0,0.0,0.0,0.0,0.0,0.0,0.0,0.0,0.0,0.0,0.0,0.0,0.0,0.0,0.0,0.0,0.0,0.0,0.0,0.0,1.0,0.0,0.0,0.0,0.0,0.0,1.0
2753,0,train,-0.10182850941645721,-0.11077384660104567,-0.10593741124175554,-0.15347915067568513,-0.07824481063198063,-1.1129514229393345,-0.4592358403290125,-0.5595279161146403,-0.6697505392372824,-0.15347915067568513,-0.1580470784389542,-0.09575505810207449,-0.2320713915475348,-0.13392533418289954,-0.09444490577171503,-0.21131873623656344,-0.09135431758701307,-0.06346514466983384,-0.35399648673805756,-0.41691701099959616,-0.44084255768702596,-0.8870614097166676,-0.5625167073768849,-0.8767395512791257,-0.5383567051862455,-0.32314246870482466,-0.44173539720400995,0.5275215952761285,-0.3064735142438632,0.36095234135030896,0.0,0.0,0.0,1.0,0.0,0.0,0.0,0.0,0.0,0.0,0.0,0.0,0.0,0.0,0.0,0.0,0.0,0.0,0.0,0.0,0.0,0.0,0.0,1.0,1.0,0.0,0.0,0.0,0.0,0.0,0.0
2765,1,train,-0.08123992875930545,-0.10495208778778618,-0.09161159743868529,-0.07865275034626523,-0.07824481063198063,0.5161191894801839,-0.3734510583485682,-0.3809940261798279,1.1381650268020076,-0.07865275034626523,0.041782560966620086,-0.09575505810207449,-0.2320713915475348,-0.13392533418289954,-0.09444490577171503,-0.025172101713864917,-0.09135431758701307,-0.06346514466983384,0.487941103341647,0.057149837219341845,0.1270075176176089,0.9489849033430564,0.4173559837117559,0.771257832924741,0.43326726781991537,-0.32314246870482466,0.031668294865676586,-0.7978998472436695,-0.8115235002637127,0.5200896461540525,0.0,1.0,1.0,1.0,0.0,0.0,0.0,0.0,1.0,0.0,0.0,0.0,0.0,0.0,0.0,0.0,0.0,0.0,0.0,0.0,0.0,0.0,1.0,1.0,1.0,0.0,0.0,0.0,0.0,0.0,0.0
2775,0,train,-0.06498578613523827,-0.05619485772673797,-0.06140281615829799,-0.11606595051097518,0.01580392879932271,0.25546789149306093,-0.22472359609844877,-0.11914432094210314,-0.6697505392372824,-0.11606595051097518,-0.1580470784389542,0.0015480032487633255,-0.2320713915475348,-0.13392533418289954,0.004733515563737508,-0.3043920534979127,0.020300959463780674,-0.06346514466983384,1.7508474884612037,0.4127368087060993,0.5110836091370337,1.291966321689194,1.660110389639441,1.4154135847757063,0.030006883824063718,2.8141773004030104,1.942190337861197,0.6298989756638648,1.208676443815685,0.20181503654656552,0.0,0.0,0.0,1.0,0.0,0.0,1.0,0.0,0.0,1.0,0.0,1.0,1.0,0.0,0.0,1.0,0.0,0.0,0.0,1.0,0.0,0.0,0.0,1.0,1.0,1.0,0.0,0.0,0.0,1.0,1.0
2781,0,train,-0.06769480990591614,-0.10859068704607336,-0.08538298274169821,-0.11606595051097518,-0.07824481063198063,0.6464448384737453,0.22907282455549924,0.6783070541000586,-0.6697505392372824,-0.11606595051097518,-0.1580470784389542,-0.19305811945291232,-0.2320713915475348,-0.13392533418289954,-0.09444490577171503,-0.11824541897521418,-0.09135431758701307,-0.06346514466983384,0.06697230830179471,0.8735204419167837,1.0459488237082757,1.2465464855301525,-0.00465221423641297,0.9732072656315518,0.030006883824063718,-0.32314246870482466,0.6403301846695593,-1.3436616176929979,1.7137264298355344,1.1566388653690263,0.0,0.0,0.0,0.0,0.0,0.0,0.0,0.0,0.0,0.0,0.0,1.0,0.0,0.0,0.0,0.0,0.0,0.0,0.0,0.0,0.0,0.0,0.0,1.0,1.0,1.0,0.0,0.0,0.0,0.0,1.0
2783,0,train,-0.09803587613750821,-0.10640752749110105,-0.10188881168871394,-0.15347915067568513,-0.07236676441752418,0.12514224249949946,-0.4582206358085339,-0.565479045779134,-0.6697505392372824,-0.15347915067568513,-0.1580470784389542,-0.19305811945291232,-0.2320713915475348,-0.13392533418289954,-0.09444490577171503,-0.21131873623656344,-0.09135431758701307,-0.06346514466983384,0.06697230830179471,-0.40749623796346224,-0.4732498630200618,0.034768549284098414,0.28149968851945306,0.11090933645825053,-0.5383567051862455,0.255803221450059,-0.002146254567872448,0.3861433080740167,-1.316573486283562,0.8383642557615394,0.0,0.0,0.0,0.0,0.0,0.0,1.0,0.0,0.0,0.0,0.0,0.0,0.0,0.0,0.0,0.0,0.0,0.0,0.0,0.0,0.0,0.0,0.0,1.0,1.0,0.0,0.0,0.0,0.0,1.0,0.0
2793,1,train,-0.10182850941645721,-0.11077384660104567,-0.10593741124175554,-0.15347915067568513,-0.07824481063198063,-0.3309975289779657,-0.45568262450733726,-0.5714301754436277,-0.6697505392372824,-0.15347915067568513,-0.1580470784389542,-0.09575505810207449,-0.2320713915475348,-0.13392533418289954,-0.09444490577171503,-0.21131873623656344,-0.09135431758701307,-0.06346514466983384,-0.7749652817779098,-0.384714843165494,-0.5075099956132192,-0.8870614097166676,-0.5625167073768849,-0.8767395512791257,-0.5383567051862455,-0.32314246870482466,-0.44173539720400995,0.5275215952761285,-1.316573486283562,-1.0712834018833823,0.0,0.0,0.0,1.0,0.0,0.0,0.0,0.0,0.0,0.0,0.0,0.0,0.0,0.0,0.0,0.0,0.0,0.0,0.0,0.0,0.0,0.0,0.0,0.0,1.0,0.0,0.0,0.0,0.0,0.0,0.0
2797,0,train,-0.10182850941645721,-0.11077384660104567,-0.10593741124175554,-0.15347915067568513,-0.07824481063198063,-1.5690911944167996,-0.49273758950480734,-0.636892601753059,-0.6697505392372824,-0.15347915067568513,-0.1580470784389542,-0.19305811945291232,-0.2320713915475348,-0.13392533418289954,-0.09444490577171503,-0.21131873623656344,-0.09135431758701307,-0.06346514466983384,-0.7749652817779098,-0.9221831147010626,-1.1317461394149064,-0.8870614097166676,-0.5625167073768849,-0.8767395512791257,-0.5383567051862455,-0.32314246870482466,-0.44173539720400995,0.5275215952761285,-0.3064735142438632,-1.5486953162946127,0.0,0.0,0.0,0.0,0.0,0.0,0.0,0.0,0.0,0.0,0.0,0.0,0.0,0.0,0.0,0.0,0.0,0.0,0.0,0.0,0.0,0.0,0.0,0.0,1.0,0.0,1.0,0.0,0.0,0.0,0.0
2808,1,train,-0.10182850941645721,-0.11077384660104567,-0.10593741124175554,-0.15347915067568513,-0.07824481063198063,-0.6568116514618694,-0.5105036686131833,-0.6666482500755276,-0.6697505392372824,-0.15347915067568513,-0.1580470784389542,-0.09575505810207449,-0.2320713915475348,-0.13392533418289954,-0.09444490577171503,-0.21131873623656344,-0.09135431758701307,-0.06346514466983384,-0.7749652817779098,-2.6607436936541022,-2.2057073092032726,-0.8870614097166676,-0.5625167073768849,-0.8767395512791257,-0.5383567051862455,-0.32314246870482466,-0.44173539720400995,0.5275215952761285,-0.8115235002637127,0.679226950957796,0.0,0.0,0.0,1.0,0.0,0.0,0.0,0.0,0.0,0.0,0.0,0.0,0.0,0.0,0.0,0.0,0.0,0.0,0.0,0.0,0.0,0.0,0.0,0.0,0.0,0.0,0.0,0.0,0.0,0.0,0.0
2809,0,train,-0.09641046187510148,-0.11150156645270311,-0.10313453462811135,-0.15347915067568513,-0.07824481063198063,0.19030506699628016,-0.4785247262181065,-0.5892835644371089,-0.6697505392372824,-0.15347915067568513,0.041782560966620086,-0.19305811945291232,-0.2320713915475348,-0.13392533418289954,-0.09444490577171503,-0.21131873623656344,-0.09135431758701307,-0.06346514466983384,0.06697230830179471,-0.6430425721082221,-0.6238850023993103,0.21108524257519945,-0.9845249053250537,-0.05882356609686755,-0.5383567051862455,-0.32314246870482466,-0.1374044523020686,-1.5931527127555483,-0.3064735142438632,-1.8669699259020998,0.0,0.0,1.0,0.0,0.0,0.0,0.0,0.0,1.0,0.0,0.0,0.0,0.0,0.0,0.0,0.0,0.0,0.0,0.0,0.0,0.0,0.0,0.0,1.0,1.0,0.0,0.0,0.0,0.0,0.0,0.0
2834,1,train,-0.10182850941645721,-0.11077384660104567,-0.10593741124175554,-0.15347915067568513,-0.07824481063198063,0.32063071598984166,-0.4064452052641237,-0.5119188787986902,-0.6697505392372824,-0.15347915067568513,-0.1580470784389542,-0.09575505810207449,-0.2320713915475348,-0.13392533418289954,-0.09444490577171503,-0.21131873623656344,-0.09135431758701307,-0.06346514466983384,-0.7749652817779098,-0.07590023791067277,-0.23021848001873865,-0.8870614097166676,-0.5625167073768849,-0.8767395512791257,-0.5383567051862455,-0.32314246870482466,-0.44173539720400995,0.5275215952761285,1.7137264298355344,-1.3895580114908692,0.0,0.0,0.0,1.0,0.0,0.0,0.0,0.0,0.0,0.0,0.0,0.0,0.0,0.0,0.0,0.0,0.0,0.0,0.0,0.0,0.0,0.0,0.0,0.0,1.0,0.0,0.0,0.0,0.0,0.0,1.0
2835,0,train,-0.10182850941645721,-0.11150156645270311,-0.10624884197660489,-0.15347915067568513,-0.07824481063198063,-0.5916488269650886,-0.48512355560121756,-0.6190392127595777,-0.6697505392372824,-0.15347915067568513,-0.1580470784389542,-0.19305811945291232,-0.2320713915475348,-0.13392533418289954,-0.09444490577171503,-0.21131873623656344,-0.09135431758701307,-0.06346514466983384,-0.7749652817779098,-0.7532005312572426,-0.888714756413583,-0.8870614097166676,-0.9845249053250537,-1.1159646413151367,-0.5383567051862455,-0.32314246870482466,-0.47554994663755895,-1.5931527127555483,-1.316573486283562,1.31577617017277,0.0,0.0,0.0,0.0,0.0,0.0,0.0,0.0,0.0,0.0,0.0,0.0,0.0,0.0,0.0,0.0,0.0,0.0,0.0,0.0,0.0,0.0,0.0,0.0,1.0,0.0,0.0,0.0,0.0,0.0,0.0
2849,0,train,-0.09532685236683033,-0.09694716941955439,-0.09628305846142558,-0.15347915067568513,-0.06648871820306772,-0.5916488269650886,-0.03234233946774821,0.17246103261809034,-0.6697505392372824,-0.15347915067568513,-0.1580470784389542,-0.19305811945291232,-0.2320713915475348,-0.13392533418289954,-0.09444490577171503,-0.21131873623656344,-0.09135431758701307,-0.06346514466983384,0.06697230830179471,0.6621120931086967,0.7647616155923788,0.3055622390181148,0.8690690550781563,0.5556359570334353,-0.5383567051862455,0.6665717256942094,0.6065156352360103,0.9773616000101205,0.7036264577958357,-1.3895580114908692,0.0,0.0,0.0,0.0,0.0,0.0,1.0,0.0,0.0,1.0,0.0,0.0,0.0,0.0,0.0,0.0,0.0,0.0,0.0,0.0,0.0,0.0,0.0,1.0,1.0,1.0,0.0,0.0,0.0,1.0,0.0
2850,1,train,-0.10182850941645721,-0.11077384660104567,-0.10593741124175554,-0.15347915067568513,-0.07824481063198063,0.7767704874673067,-0.46025104484949114,-0.5773813051081215,-0.6697505392372824,-0.15347915067568513,-0.1580470784389542,-0.09575505810207449,-0.2320713915475348,-0.13392533418289954,-0.09444490577171503,-0.21131873623656344,-0.09135431758701307,-0.06346514466983384,-0.7749652817779098,-0.4265243460711024,-0.5438477356291861,-0.8870614097166676,-0.5625167073768849,-0.8767395512791257,-0.5383567051862455,-0.32314246870482466,-0.44173539720400995,0.5275215952761285,0.7036264577958357,0.9975015605652829,0.0,0.0,0.0,1.0,0.0,0.0,0.0,0.0,0.0,0.0,0.0,0.0,0.0,0.0,0.0,0.0,0.0,0.0,0.0,0.0,0.0,0.0,0.0,0.0,1.0,0.0,0.0,0.0,0.0,0.0,0.0
2854,1,train,-0.07961451449689873,-0.11150156645270311,-0.0934801818477814,-0.11606595051097518,-0.07824481063198063,1.4935615569318947,-0.18462301753954286,-0.07748641329064694,1.1381650268020076,-0.11606595051097518,-0.1580470784389542,-0.09575505810207449,-0.2320713915475348,-0.13392533418289954,-0.09444490577171503,-0.11824541897521418,-0.09135431758701307,-0.06346514466983384,-0.35399648673805756,0.47633595024698566,0.5545816944033727,0.9933093195212027,-0.9845249053250537,0.6941917074446992,0.030006883824063718,-0.32314246870482466,0.20074104203342177,-1.5931527127555483,0.7036264577958357,1.1566388653690263,0.0,0.0,0.0,1.0,0.0,0.0,0.0,0.0,0.0,0.0,0.0,0.0,0.0,0.0,0.0,0.0,0.0,0.0,0.0,0.0,0.0,0.0,0.0,1.0,1.0,1.0,0.0,0.0,0.0,0.0,0.0
2855,0,train,-0.09803587613750821,-0.11004612674938824,-0.10344596536296072,-0.15347915067568513,-0.07824481063198063,-0.46132317797152717,-0.47953993073858514,-0.6011858237660964,-0.6697505392372824,-0.15347915067568513,-0.1580470784389542,-0.19305811945291232,-0.2320713915475348,-0.13392533418289954,-0.09444490577171503,-0.21131873623656344,-0.09135431758701307,-0.06346514466983384,-0.7749652817779098,-0.6584455980921126,-0.7162812460213847,0.034768549284098414,-0.3156577365802952,-0.11016042364207619,-0.5383567051862455,-0.32314246870482466,-0.17121900173561763,-0.7448829895428775,1.7137264298355344,-1.5486953162946127,0.0,0.0,0.0,0.0,0.0,0.0,0.0,0.0,0.0,0.0,0.0,0.0,0.0,0.0,0.0,0.0,0.0,0.0,0.0,0.0,0.0,0.0,0.0,0.0,1.0,0.0,0.0,0.0,0.0,0.0,1.0
2858,0,train,-0.09857768089164377,-0.10495208778778618,-0.1015773809538646,-0.07865275034626523,-0.06648871820306772,0.6464448384737453,-0.16076571130829503,-0.14294883960007812,-0.6697505392372824,-0.07865275034626523,-0.1580470784389542,-0.09575505810207449,-0.2320713915475348,-0.13392533418289954,-0.09444490577171503,-0.025172101713864917,-0.09135431758701307,-0.06346514466983384,-0.35399648673805756,0.5105620880426888,0.484732590338046,-0.037419179328021863,0.4173559837117559,0.14667796444230605,0.43326726781991537,0.6665717256942094,-0.3290202324255132,0.792605883780088,-0.8115235002637127,1.31577617017277,0.0,0.0,0.0,1.0,0.0,0.0,1.0,0.0,0.0,0.0,0.0,0.0,0.0,0.0,0.0,0.0,0.0,0.0,0.0,0.0,0.0,0.0,0.0,1.0,1.0,1.0,0.0,0.0,0.0,1.0,0.0
2859,0,train,-0.0942432428585592,-0.10058576867784157,-0.09721735066597365,-0.11606595051097518,-0.06648871820306772,0.5161191894801839,-0.4089832165653203,-0.5059677491341965,-0.6697505392372824,-0.11606595051097518,-0.1580470784389542,0.0015480032487633255,-0.2320713915475348,-0.13392533418289954,-0.09444490577171503,-0.11824541897521418,-0.09135431758701307,-0.06346514466983384,-0.35399648673805756,-0.08782109727123144,-0.20842010900578858,0.38740193586630073,0.7035078864676217,0.5011355440919291,0.030006883824063718,0.6665717256942094,-0.002146254567872448,0.5275215952761285,-0.3064735142438632,-1.2304207066871258,0.0,0.0,0.0,1.0,0.0,0.0,1.0,0.0,0.0,0.0,0.0,0.0,0.0,0.0,0.0,0.0,0.0,0.0,0.0,0.0,0.0,0.0,0.0,1.0,1.0,0.0,0.0,0.0,0.0,1.0,0.0
2861,1,train,-0.0882833905630679,-0.0991303289745267,-0.09316875111293205,-0.04123955018155529,-0.07236676441752418,2.340678275390044,0.2970915274275675,0.8925477220218335,1.1381650268020076,-0.04123955018155529,-0.1580470784389542,0.19615412595043896,-0.2320713915475348,-0.13392533418289954,-0.09444490577171503,0.06790121554748434,-0.09135431758701307,-0.06346514466983384,0.9089098983814993,0.9161778774014705,1.1341813116822108,0.7080940863816423,0.7752176301126319,0.7077555615401819,0.746060322396679,0.255803221450059,-0.14585808966045585,0.08365953080438211,-0.3064735142438632,0.20181503654656552,0.0,0.0,0.0,1.0,0.0,0.0,1.0,0.0,0.0,0.0,1.0,0.0,0.0,0.0,0.0,0.0,0.0,1.0,0.0,0.0,0.0,0.0,0.0,1.0,1.0,1.0,0.0,0.0,0.0,1.0,0.0
2862,0,train,-0.09315963335028805,-0.10786296719441593,-0.09970879654476847,-0.11606595051097518,-0.07236676441752418,0.4509563649834031,-0.3704054447871323,-0.40479854483780287,-0.6697505392372824,-0.11606595051097518,0.041782560966620086,-0.19305811945291232,-0.2320713915475348,-0.13392533418289954,-0.09444490577171503,-0.11824541897521418,-0.09135431758701307,-0.06346514466983384,0.06697230830179471,0.0677740844078217,0.07596485199621772,0.45958966447842076,0.10635046136787357,0.32502418300441155,0.030006883824063718,0.255803221450059,-0.1374044523020686,-0.6292098454684227,0.1985764717759862,-1.5486953162946127,0.0,0.0,1.0,0.0,0.0,0.0,1.0,0.0,1.0,0.0,0.0,0.0,0.0,0.0,0.0,0.0,0.0,0.0,0.0,0.0,0.0,0.0,0.0,1.0,1.0,0.0,0.0,0.0,0.0,1.0,0.0
2871,0,train,-0.0942432428585592,-0.10058576867784157,-0.09721735066597365,-0.15347915067568513,-0.07236676441752418,1.6238872059254563,-0.48715396464217486,-0.6309414720885652,-0.6697505392372824,-0.15347915067568513,-0.1580470784389542,-0.09575505810207449,-0.2320713915475348,-0.13392533418289954,-0.09444490577171503,-0.21131873623656344,-0.09135431758701307,-0.06346514466983384,-0.35399648673805756,-0.7928270010280678,-1.0393498957928322,0.38740193586630073,0.7035078864676217,0.5011355440919291,-0.5383567051862455,0.255803221450059,0.5050719869353631,0.5275215952761285,-0.8115235002637127,-1.0712834018833823,0.0,0.0,0.0,1.0,0.0,0.0,1.0,0.0,0.0,0.0,0.0,0.0,0.0,0.0,0.0,0.0,0.0,0.0,0.0,0.0,0.0,0.0,0.0,1.0,1.0,0.0,0.0,0.0,0.0,1.0,0.0
2872,1,train,-0.10182850941645721,-0.11077384660104567,-0.10593741124175554,-0.15347915067568513,-0.07824481063198063,-1.0477885984425537,-0.49679840758672184,-0.6428437314175527,-0.6697505392372824,-0.15347915067568513,-0.1580470784389542,-0.09575505810207449,-0.2320713915475348,-0.13392533418289954,-0.09444490577171503,-0.21131873623656344,-0.09135431758701307,-0.06346514466983384,-0.7749652817779098,-1.0441094573366467,-1.2410277007934718,-0.8870614097166676,-0.5625167073768849,-0.8767395512791257,-0.5383567051862455,-0.32314246870482466,-0.44173539720400995,0.5275215952761285,-0.8115235002637127,0.8383642557615394,0.0,0.0,0.0,1.0,0.0,0.0,0.0,0.0,0.0,0.0,0.0,0.0,0.0,0.0,0.0,0.0,0.0,0.0,0.0,0.0,0.0,0.0,0.0,0.0,1.0,0.0,0.0,0.0,0.0,0.0,0.0
2874,0,train,-0.10182850941645721,-0.11077384660104567,-0.10593741124175554,-0.15347915067568513,-0.07824481063198063,0.25546789149306093,-0.4135516369074741,-0.4702609711472341,-0.6697505392372824,-0.15347915067568513,-0.1580470784389542,-0.19305811945291232,-0.2320713915475348,-0.13392533418289954,-0.09444490577171503,-0.21131873623656344,-0.09135431758701307,-0.06346514466983384,-0.7749652817779098,-0.11004580288934923,-0.09204510221969744,-0.8870614097166676,-0.5625167073768849,-0.8767395512791257,-0.5383567051862455,-0.32314246870482466,-0.44173539720400995,0.5275215952761285,0.1985764717759862,0.5200896461540525,0.0,0.0,0.0,0.0,0.0,0.0,0.0,0.0,0.0,0.0,0.0,0.0,0.0,0.0,0.0,0.0,0.0,0.0,0.0,0.0,0.0,0.0,0.0,0.0,1.0,0.0,0.0,0.0,0.0,0.0,0.0
2877,1,train,-0.04168818170740866,-0.029996943067070268,-0.036799788105199065,0.5199584522890939,-0.07236676441752418,0.4509563649834031,-0.4140592391677134,-0.4762121008117278,-0.6697505392372824,0.5199584522890939,-0.1580470784389542,1.6557000462130063,-0.2320713915475348,-0.13392533418289954,-0.09444490577171503,1.4640009744677234,-0.09135431758701307,-0.06346514466983384,2.592785078540908,-0.11257925286046691,-0.10993864416910545,1.5854735077270892,1.8936465282877921,1.6705856366001752,2.6893082684090004,0.255803221450059,-0.1107087553808457,0.5275215952761285,1.7137264298355344,-1.7078326210983563,0.0,0.0,0.0,1.0,0.0,0.0,1.0,0.0,0.0,1.0,1.0,1.0,1.0,0.0,0.0,0.0,1.0,1.0,0.0,0.0,0.0,0.0,0.0,1.0,1.0,0.0,0.0,0.0,0.0,1.0,1.0
2889,0,train,-0.10182850941645721,-0.11077384660104567,-0.10593741124175554,-0.15347915067568513,-0.07824481063198063,0.25546789149306093,-0.1272639621325002,-0.261971432889953,-0.6697505392372824,-0.15347915067568513,-0.1580470784389542,-0.09575505810207449,-0.2320713915475348,-0.13392533418289954,-0.09444490577171503,-0.21131873623656344,-0.09135431758701307,-0.06346514466983384,-0.7749652817779098,0.5548808503199731,0.3321701530237894,-0.8870614097166676,-0.5625167073768849,-0.8767395512791257,-0.5383567051862455,-0.32314246870482466,-0.44173539720400995,0.5275215952761285,-1.316573486283562,0.20181503654656552,0.0,0.0,0.0,1.0,0.0,0.0,0.0,0.0,0.0,0.0,0.0,0.0,0.0,0.0,0.0,0.0,0.0,0.0,0.0,0.0,0.0,0.0,0.0,0.0,1.0,1.0,0.0,0.0,0.0,0.0,0.0
2898,1,train,-0.07690549072622087,-0.11004612674938824,-0.09130016670383592,-0.07865275034626523,-0.07236676441752418,1.1677474344479912,-0.16888734747212406,-0.1667533582580531,1.1381650268020076,-0.07865275034626523,-0.1580470784389542,0.0015480032487633255,-0.2320713915475348,-0.13392533418289954,-0.09444490577171503,-0.025172101713864917,-0.09135431758701307,-0.06346514466983384,0.06697230830179471,0.49917964063156645,0.4571696127965818,1.0607274729638452,-0.3156577365802952,0.7831774639370241,0.43326726781991537,0.255803221450059,0.04293981134352623,-1.4200364427121464,0.7036264577958357,1.4749134749765134,0.0,0.0,0.0,1.0,0.0,0.0,1.0,0.0,0.0,0.0,0.0,0.0,0.0,0.0,0.0,0.0,0.0,0.0,0.0,0.0,0.0,0.0,0.0,1.0,1.0,1.0,0.0,0.0,0.0,1.0,0.0
2904,0,train,-0.08503256203825446,-0.11150156645270311,-0.09659448919627493,-0.15347915067568513,-0.07824481063198063,-1.1129514229393345,-0.30644755999697854,-0.26792256255444674,-0.6697505392372824,-0.15347915067568513,-0.1580470784389542,-0.09575505810207449,-0.2320713915475348,-0.13392533418289954,-0.09444490577171503,-0.21131873623656344,-0.09135431758701307,-0.06346514466983384,-0.7749652817779098,0.2496677765679407,0.3234197911738243,0.8310826103545514,-0.9845249053250537,0.5380226589850635,-0.5383567051862455,-0.32314246870482466,0.5727010858024612,-1.5931527127555483,-0.8115235002637127,-0.5938714874721519,0.0,0.0,0.0,1.0,0.0,0.0,0.0,0.0,0.0,0.0,0.0,0.0,0.0,0.0,0.0,0.0,0.0,0.0,0.0,0.0,0.0,0.0,0.0,0.0,1.0,1.0,0.0,0.0,0.0,0.0,0.0
2910,1,train,-0.10128670466232163,-0.10713524734275849,-0.10406882683265942,-0.15347915067568513,-0.07236676441752418,0.12514224249949946,-0.13132478021441474,-0.04773076496817821,-0.6697505392372824,-0.15347915067568513,-0.1580470784389542,-0.09575505810207449,-0.2320713915475348,-0.13392533418289954,-0.09444490577171503,-0.21131873623656344,-0.09135431758701307,-0.06346514466983384,-0.35399648673805756,0.5497195828451364,0.5838259890118135,-0.6385569878134462,0.20020188633339758,-0.22855646865198537,-0.5383567051862455,0.255803221450059,-0.23884810060271572,1.5878587492919667,-1.316573486283562,-0.7530087922758953,0.0,0.0,0.0,1.0,0.0,0.0,1.0,0.0,0.0,0.0,0.0,0.0,0.0,0.0,0.0,0.0,0.0,0.0,0.0,0.0,0.0,0.0,0.0,1.0,1.0,1.0,0.0,0.0,0.0,1.0,0.0
2913,1,train,-0.10182850941645721,-0.11077384660104567,-0.10593741124175554,-0.15347915067568513,-0.07824481063198063,0.25546789149306093,-0.4049223984834057,-0.5297722677921716,2.946080592841297,-0.15347915067568513,-0.1580470784389542,-0.19305811945291232,-0.2320713915475348,-0.13392533418289954,-0.09444490577171503,-0.21131873623656344,-0.09135431758701307,-0.06346514466983384,-0.35399648673805756,-0.06888583282802292,-0.30081635262786294,-0.8870614097166676,-0.5625167073768849,-0.8767395512791257,-0.5383567051862455,-0.32314246870482466,-0.44173539720400995,0.5275215952761285,-0.8115235002637127,-0.9121460970796389,0.0,0.0,0.0,0.0,0.0,0.0,0.0,0.0,0.0,0.0,0.0,0.0,0.0,0.0,0.0,0.0,0.0,0.0,0.0,0.0,0.0,0.0,0.0,1.0,1.0,0.0,0.0,0.0,0.0,0.0,0.0
2915,1,train,-0.10182850941645721,-0.11077384660104567,-0.10593741124175554,-0.15347915067568513,-0.07824481063198063,0.38579354048662234,-0.40746040978460235,-0.5297722677921716,-0.6697505392372824,-0.15347915067568513,-0.1580470784389542,-0.09575505810207449,-0.2320713915475348,-0.13392533418289954,-0.09444490577171503,-0.21131873623656344,-0.09135431758701307,-0.06346514466983384,-0.7749652817779098,-0.08063349074194952,-0.30081635262786294,-0.8870614097166676,-0.5625167073768849,-0.8767395512791257,-0.5383567051862455,-0.32314246870482466,-0.44173539720400995,0.5275215952761285,-0.3064735142438632,0.5200896461540525,0.0,0.0,0.0,1.0,0.0,0.0,0.0,0.0,0.0,0.0,0.0,0.0,0.0,0.0,0.0,0.0,0.0,0.0,0.0,0.0,0.0,0.0,0.0,0.0,1.0,0.0,0.0,0.0,0.0,0.0,0.0
2917,1,train,-0.10020309515405049,-0.10495208778778618,-0.10251167315841266,-0.15347915067568513,-0.07824481063198063,0.32063071598984166,-0.39121713745694425,-0.42860306349577787,1.1381650268020076,-0.15347915067568513,-0.1580470784389542,-0.09575505810207449,-0.2320713915475348,-0.13392533418289954,-0.09444490577171503,-0.21131873623656344,-0.09135431758701307,-0.06346514466983384,-0.35399648673805756,-0.009940740080231818,0.02016746324562788,-0.32547844223991174,0.4173559837117559,0.03212559210036664,-0.5383567051862455,-0.32314246870482466,-0.06977535343497052,1.3431655599036962,0.7036264577958357,-1.2304207066871258,0.0,0.0,0.0,1.0,0.0,0.0,0.0,0.0,0.0,0.0,0.0,0.0,0.0,0.0,0.0,0.0,0.0,0.0,0.0,0.0,0.0,0.0,0.0,1.0,1.0,0.0,0.0,0.0,0.0,0.0,0.0
2921,0,train,-0.09749407138337263,-0.1093184068977308,-0.102823103893262,-0.15347915067568513,-0.07824481063198063,2.927143695861071,-0.3516241611582776,-0.36314063718634665,-0.6697505392372824,-0.15347915067568513,-0.1580470784389542,-0.19305811945291232,-0.2320713915475348,-0.13392533418289954,-0.09444490577171503,-0.21131873623656344,-0.09135431758701307,-0.06346514466983384,-0.35399648673805756,0.1286005709852912,0.1626252705904133,0.09934267295441115,-0.14050850942871598,-0.01159823507080119,-0.5383567051862455,-0.32314246870482466,-0.10358990286851956,-0.5328155587397099,1.7137264298355344,-0.4347341826684084,0.0,0.0,0.0,0.0,0.0,0.0,0.0,0.0,0.0,0.0,0.0,0.0,0.0,0.0,0.0,0.0,0.0,0.0,0.0,0.0,0.0,1.0,0.0,1.0,1.0,1.0,0.0,0.0,0.0,0.0,1.0
2928,1,train,-0.09478504761269477,-0.10567980763944362,-0.09970879654476847,-0.07865275034626523,-0.07824481063198063,2.014864152906141,-0.4018767849219699,-0.46430984148274035,-0.6697505392372824,-0.07865275034626523,0.041782560966620086,-0.09575505810207449,-0.2320713915475348,-0.13392533418289954,-0.09444490577171503,-0.025172101713864917,-0.09135431758701307,-0.06346514466983384,0.06697230830179471,-0.05515412655903231,-0.07467028738303134,0.34784709485763243,0.35320943216446354,0.32502418300441155,0.43326726781991537,-0.32314246870482466,-0.2613911335584151,-0.05084412509614718,0.7036264577958357,1.1566388653690263,0.0,0.0,1.0,1.0,0.0,0.0,0.0,0.0,1.0,0.0,0.0,0.0,0.0,0.0,0.0,0.0,0.0,0.0,0.0,0.0,0.0,0.0,0.0,1.0,1.0,0.0,0.0,0.0,0.0,0.0,0.0
2929,0,train,-0.09586865712096591,-0.0991303289745267,-0.097528781400823,-0.11606595051097518,-0.07824481063198063,-0.46132317797152717,-0.24045926616586755,-0.16080222859355936,-0.6697505392372824,-0.11606595051097518,-0.1580470784389542,0.0015480032487633255,0.3581679857987965,-0.13392533418289954,0.004733515563737508,-0.21131873623656344,-0.09135431758701307,-0.06346514466983384,0.06697230830179471,0.38530964933997847,0.4641800920275799,0.2601424028590739,0.7752176301126319,0.48178949393808385,0.030006883824063718,-0.32314246870482466,-0.019053529284646965,0.8931550966609001,1.7137264298355344,-1.2304207066871258,0.0,0.0,0.0,1.0,1.0,0.0,0.0,1.0,0.0,0.0,0.0,0.0,0.0,0.0,0.0,1.0,0.0,0.0,0.0,0.0,0.0,0.0,0.0,1.0,1.0,1.0,0.0,0.0,0.0,0.0,1.0
2930,0,train,-0.09803587613750821,-0.10859068704607336,-0.102823103893262,-0.11606595051097518,-0.07824481063198063,2.2755154508932636,-0.2978183215729102,-0.3214827295348905,-0.6697505392372824,-0.11606595051097518,-0.1580470784389542,-0.09575505810207449,-0.2320713915475348,-0.13392533418289954,-0.09444490577171503,-0.11824541897521418,-0.09135431758701307,-0.06346514466983384,-0.7749652817779098,0.26971346541607966,0.2383243581719861,0.034768549284098414,-0.00465221423641297,-0.01159823507080119,0.030006883824063718,-0.32314246870482466,-0.3064771994698138,-0.1793698407344305,-1.316573486283562,1.1566388653690263,0.0,0.0,0.0,1.0,0.0,0.0,0.0,0.0,0.0,0.0,0.0,0.0,0.0,0.0,0.0,0.0,0.0,0.0,0.0,0.0,0.0,0.0,0.0,0.0,1.0,1.0,0.0,0.0,0.0,0.0,0.0
2934,1,train,-0.09695226662923706,-0.11077384660104567,-0.10313453462811135,-0.07865275034626523,-0.07824481063198063,1.7542128549190177,-0.1734557678142779,-0.20246013624501558,-0.6697505392372824,-0.07865275034626523,0.041782560966620086,-0.09575505810207449,-0.2320713915475348,-0.13392533418289954,-0.09444490577171503,-0.025172101713864917,-0.09135431758701307,-0.06346514466983384,0.06697230830179471,0.4926576737020338,0.41329228731426165,0.1577570732570075,-0.5625167073768849,-0.05882356609686755,0.43326726781991537,-0.32314246870482466,-0.3853778148147616,-1.207575565840698,0.1985764717759862,-0.11645957306092145,0.0,0.0,1.0,1.0,0.0,0.0,0.0,0.0,1.0,0.0,0.0,0.0,0.0,0.0,0.0,0.0,0.0,0.0,0.0,0.0,0.0,0.0,0.0,1.0,1.0,1.0,0.0,0.0,0.0,0.0,0.0
2940,1,train,-0.10182850941645721,-0.11077384660104567,-0.10593741124175554,-0.15347915067568513,-0.06648871820306772,-1.1129514229393345,-0.22776920965988465,-0.14889996926457186,-0.6697505392372824,-0.15347915067568513,-0.1580470784389542,-0.19305811945291232,-0.2320713915475348,-0.13392533418289954,-0.09444490577171503,-0.21131873623656344,-0.09135431758701307,-0.06346514466983384,-0.35399648673805756,0.4075479403456337,0.4779597596166154,-0.8870614097166676,-0.5625167073768849,-0.8767395512791257,-0.5383567051862455,0.6665717256942094,-0.44173539720400995,0.5275215952761285,1.208676443815685,0.679226950957796,0.0,0.0,0.0,0.0,0.0,0.0,1.0,0.0,0.0,0.0,0.0,0.0,0.0,0.0,0.0,0.0,0.0,0.0,0.0,0.0,0.0,0.0,0.0,1.0,1.0,1.0,0.0,0.0,0.0,1.0,1.0
2944,0,train,-0.09695226662923706,-0.11150156645270311,-0.10344596536296072,-0.15347915067568513,-0.07824481063198063,3.122632169351413,-0.3181224119824828,-0.33338498886387796,-0.6697505392372824,-0.15347915067568513,-0.1580470784389542,-0.09575505810207449,-0.2320713915475348,-0.13392533418289954,-0.09444490577171503,-0.21131873623656344,-0.09135431758701307,-0.06346514466983384,-0.35399648673805756,0.22115751841516476,0.2176537187078189,0.1577570732570075,-0.9845249053250537,-0.11016042364207619,-0.5383567051862455,-0.32314246870482466,-0.17121900173561763,-1.5931527127555483,-1.316573486283562,0.20181503654656552,0.0,0.0,0.0,1.0,0.0,0.0,0.0,0.0,0.0,0.0,0.0,0.0,0.0,0.0,0.0,0.0,0.0,0.0,0.0,0.0,0.0,1.0,0.0,1.0,1.0,1.0,0.0,0.0,0.0,0.0,0.0
2955,0,train,-0.10182850941645721,-0.11150156645270311,-0.10624884197660489,-0.15347915067568513,-0.07824481063198063,-1.8297424924039225,-0.24045926616586755,-0.16080222859355936,1.1381650268020076,-0.15347915067568513,-0.1580470784389542,-0.19305811945291232,-0.2320713915475348,-0.13392533418289954,-0.09444490577171503,-0.21131873623656344,-0.09135431758701307,-0.06346514466983384,-0.7749652817779098,0.38530964933997847,0.4641800920275799,-0.8870614097166676,-0.9845249053250537,-1.1159646413151367,-0.5383567051862455,-0.32314246870482466,-0.47554994663755895,-1.5931527127555483,0.7036264577958357,0.20181503654656552,0.0,0.0,0.0,0.0,0.0,0.0,0.0,0.0,0.0,0.0,0.0,0.0,0.0,0.0,0.0,0.0,0.0,0.0,0.0,0.0,0.0,0.0,0.0,0.0,1.0,1.0,1.0,0.0,0.0,0.0,0.0
2963,1,train,-0.09315963335028805,-0.10859068704607336,-0.10002022727961783,-0.11606595051097518,-0.07824481063198063,1.9497013284093598,-0.2754838221223803,-0.22031352523849682,-0.6697505392372824,-0.11606595051097518,0.041782560966620086,-0.19305811945291232,-0.2320713915475348,-0.13392533418289954,-0.09444490577171503,-0.11824541897521418,-0.09135431758701307,-0.06346514466983384,-0.35399648673805756,0.3180493377627296,0.3900872291000175,0.45958966447842076,-0.00465221423641297,0.298797568949053,0.030006883824063718,-0.32314246870482466,-0.1543117270188431,-0.7852767858863383,-0.3064735142438632,0.36095234135030896,0.0,0.0,1.0,0.0,0.0,0.0,0.0,0.0,1.0,0.0,0.0,0.0,0.0,0.0,0.0,0.0,0.0,0.0,0.0,0.0,0.0,0.0,0.0,1.0,1.0,1.0,0.0,0.0,0.0,0.0,0.0
2969,1,train,-0.09315963335028805,-0.0991303289745267,-0.09597162772657623,0.2954792513008342,-0.07824481063198063,0.5812820139769646,-0.43081011375561085,-0.517870008463184,-0.6697505392372824,0.2954792513008342,-0.1580470784389542,1.0718816781079794,-0.2320713915475348,-0.13392533418289954,-0.09444490577171503,0.9055610708996278,-0.09135431758701307,-0.06346514466983384,0.487941103341647,-0.20460259246707788,-0.25283962280310873,0.45958966447842076,0.7752176301126319,0.5727386521353177,2.1893366378217647,-0.32314246870482466,-0.4209264437064413,0.5275215952761285,1.208676443815685,-0.11645957306092145,0.0,0.0,0.0,1.0,0.0,0.0,0.0,0.0,0.0,0.0,1.0,0.0,0.0,0.0,0.0,0.0,1.0,1.0,0.0,0.0,0.0,0.0,0.0,1.0,1.0,0.0,0.0,0.0,0.0,0.0,1.0
2973,0,train,-0.10074489990818607,-0.1093184068977308,-0.10469168830235813,-0.15347915067568513,-0.07824481063198063,0.9070961364608682,-0.4861387601216962,-0.6130880830950839,1.1381650268020076,-0.15347915067568513,-0.1580470784389542,-0.09575505810207449,-0.2320713915475348,-0.13392533418289954,-0.09444490577171503,-0.21131873623656344,-0.09135431758701307,-0.06346514466983384,-0.35399648673805756,-0.7726093020497776,-0.82556280739995,-0.4622402945223449,-0.14050850942871598,-0.37683240049076266,-0.5383567051862455,-0.32314246870482466,-0.3064771994698138,0.5275215952761285,1.7137264298355344,-2.026107230705843,0.0,0.0,0.0,1.0,0.0,0.0,0.0,0.0,0.0,0.0,0.0,0.0,0.0,0.0,0.0,0.0,0.0,0.0,0.0,0.0,0.0,0.0,0.0,1.0,1.0,0.0,0.0,0.0,0.0,0.0,1.0
2983,0,train,-0.0823235382675766,-0.09985804882618413,-0.09005444376443851,-0.11606595051097518,-0.07236676441752418,1.1677474344479912,-0.4242112843724997,-0.6011858237660964,-0.6697505392372824,-0.11606595051097518,0.041782560966620086,-0.19305811945291232,-0.2320713915475348,-0.13392533418289954,-0.09444490577171503,-0.11824541897521418,-0.09135431758701307,-0.06346514466983384,0.487941103341647,-0.16624213719623512,-0.7162812460213847,0.917547893809083,0.7404179224911043,0.8285846065662835,0.030006883824063718,0.255803221450059,0.3867210639179415,-0.3127455833779321,0.1985764717759862,0.8383642557615394,0.0,0.0,1.0,0.0,0.0,0.0,1.0,0.0,1.0,0.0,0.0,0.0,0.0,0.0,0.0,0.0,0.0,0.0,0.0,0.0,0.0,0.0,0.0,1.0,1.0,0.0,0.0,0.0,0.0,1.0,0.0
2986,1,train,-0.08665797630066117,-0.1093184068977308,-0.09659448919627493,-0.07865275034626523,-0.07236676441752418,1.1677474344479912,-0.48512355560121756,-0.6547459907465402,-0.6697505392372824,-0.07865275034626523,0.041782560966620086,-0.09575505810207449,-0.2320713915475348,-0.13392533418289954,-0.09444490577171503,-0.025172101713864917,-0.09135431758701307,-0.06346514466983384,0.487941103341647,-0.7532005312572426,-1.547211032808428,0.7726682100519553,-0.14050850942871598,0.5380226589850635,0.43326726781991537,0.255803221450059,-0.1486759687799183,-1.195526279999609,0.1985764717759862,1.1566388653690263,0.0,0.0,1.0,1.0,0.0,0.0,1.0,0.0,1.0,0.0,0.0,0.0,0.0,0.0,0.0,0.0,0.0,0.0,0.0,0.0,0.0,0.0,0.0,1.0,1.0,0.0,0.0,0.0,0.0,1.0,0.0
2993,1,train,-0.10020309515405049,-0.07147697461154412,-0.0881858593553424,-0.15347915067568513,-0.07824481063198063,2.6013295733771673,-0.38512591033407245,-0.5059677491341965,1.1381650268020076,-0.15347915067568513,-0.1580470784389542,-0.09575505810207449,-0.2320713915475348,-0.13392533418289954,-0.09444490577171503,-0.21131873623656344,-0.09135431758701307,-0.06346514466983384,-0.35399648673805756,0.014121442423181226,-0.20842010900578858,-0.32547844223991174,1.4662264801779048,0.8907474865292128,-0.5383567051862455,-0.32314246870482466,1.485693920508285,2.3606468445916455,-1.316573486283562,1.1566388653690263,0.0,0.0,0.0,1.0,0.0,0.0,0.0,0.0,0.0,1.0,0.0,0.0,0.0,0.0,0.0,0.0,0.0,0.0,0.0,0.0,0.0,0.0,0.0,1.0,1.0,0.0,0.0,0.0,0.0,0.0,0.0
3001,0,train,-0.08990880482547461,-0.06783837535325694,-0.08071152171895792,-0.003826350016845344,-0.04297653334524188,-1.4387655454232382,-0.2633013678766367,-0.3274338591993842,-0.6697505392372824,-0.003826350016845344,0.041782560966620086,0.09885106459960115,-0.2320713915475348,-0.13392533418289954,-0.09444490577171503,0.16097453280883361,-0.09135431758701307,-0.06346514466983384,1.7508474884612037,0.3425160967179484,0.22807814043867994,0.6359063577695223,1.518294871003781,1.0892666673186358,1.0016308568302243,1.656285920093244,0.051957024525806056,1.4728824313866349,-1.316573486283562,0.36095234135030896,0.0,0.0,1.0,1.0,0.0,0.0,1.0,0.0,1.0,1.0,1.0,0.0,1.0,0.0,0.0,0.0,0.0,1.0,0.0,0.0,0.0,0.0,0.0,1.0,1.0,1.0,0.0,0.0,0.0,1.0,0.0
3011,1,train,-0.10074489990818607,-0.1093184068977308,-0.10469168830235813,-0.15347915067568513,-0.07824481063198063,0.059979418002718714,-0.4978136121072005,-0.6428437314175527,-0.6697505392372824,-0.15347915067568513,-0.1580470784389542,-0.19305811945291232,-0.2320713915475348,-0.13392533418289954,-0.09444490577171503,-0.21131873623656344,-0.09135431758701307,-0.06346514466983384,-0.35399648673805756,-1.0800632784787554,-1.2410277007934718,-0.4622402945223449,-0.14050850942871598,-0.37683240049076266,-0.5383567051862455,-0.32314246870482466,-0.3064771994698138,0.5275215952761285,1.208676443815685,-1.8669699259020998,0.0,0.0,0.0,0.0,0.0,0.0,0.0,0.0,0.0,0.0,0.0,0.0,0.0,0.0,0.0,0.0,0.0,0.0,0.0,0.0,0.0,0.0,0.0,1.0,1.0,0.0,0.0,0.0,0.0,0.0,1.0
3015,0,train,-0.09695226662923706,-0.10859068704607336,-0.1022002424235633,-0.15347915067568513,-0.07236676441752418,0.32063071598984166,-0.15873530226733776,-0.012023986981215744,-0.6697505392372824,-0.15347915067568513,-0.1580470784389542,-0.09575505810207449,-0.2320713915475348,-0.13392533418289954,-0.09444490577171503,-0.21131873623656344,-0.09135431758701307,-0.06346514466983384,-0.35399648673805756,0.5133664575101095,0.6171339543811262,0.1577570732570075,-0.00465221423641297,0.07283150134695467,-0.5383567051862455,0.255803221450059,-0.03596080400142149,-0.381338822451733,-0.3064735142438632,-1.2304207066871258,0.0,0.0,0.0,1.0,0.0,0.0,1.0,0.0,0.0,0.0,0.0,0.0,0.0,0.0,0.0,0.0,0.0,0.0,0.0,0.0,0.0,0.0,0.0,1.0,1.0,1.0,0.0,0.0,0.0,1.0,0.0
3030,0,train,-0.09803587613750821,-0.1093184068977308,-0.10313453462811135,-0.15347915067568513,-0.07824481063198063,0.5812820139769646,-0.4490837951242262,-0.5535767864501465,-0.6697505392372824,-0.15347915067568513,-0.1580470784389542,-0.09575505810207449,-0.2320713915475348,-0.13392533418289954,-0.09444490577171503,-0.21131873623656344,-0.09135431758701307,-0.06346514466983384,-0.7749652817779098,-0.33005094379734534,-0.41009791400642853,0.034768549284098414,-0.14050850942871598,-0.05882356609686755,-0.5383567051862455,-0.32314246870482466,-0.1374044523020686,-0.4364212720109974,0.7036264577958357,0.679226950957796,0.0,0.0,0.0,1.0,0.0,0.0,0.0,0.0,0.0,0.0,0.0,0.0,0.0,0.0,0.0,0.0,0.0,0.0,0.0,0.0,0.0,0.0,0.0,0.0,1.0,0.0,0.0,0.0,0.0,0.0,0.0
3031,1,train,-0.10128670466232163,-0.11004612674938824,-0.10531454977205683,-0.11606595051097518,-0.07824481063198063,0.9070961364608682,-0.4856311578614569,-0.6249903424240715,-0.6697505392372824,-0.11606595051097518,-0.1580470784389542,0.0015480032487633255,-0.2320713915475348,-0.13392533418289954,-0.09444490577171503,-0.11824541897521418,-0.09135431758701307,-0.06346514466983384,-0.35399648673805756,-0.7628078663287493,-0.9593126290227075,-0.6385569878134462,-0.3156577365802952,-0.5753515812801854,0.030006883824063718,-0.32314246870482466,-0.44173539720400995,0.5275215952761285,0.7036264577958357,0.679226950957796,0.0,0.0,0.0,1.0,0.0,0.0,0.0,0.0,0.0,0.0,0.0,0.0,0.0,0.0,0.0,0.0,0.0,0.0,0.0,0.0,0.0,0.0,0.0,1.0,1.0,0.0,0.0,0.0,0.0,0.0,0.0
3042,0,train,-0.10182850941645721,-0.11150156645270311,-0.10624884197660489,-0.15347915067568513,-0.07824481063198063,-2.0252309658942647,-0.5054276460107902,-0.6547459907465402,-0.6697505392372824,-0.15347915067568513,0.041782560966620086,-0.19305811945291232,-0.2320713915475348,-0.13392533418289954,-0.09444490577171503,-0.21131873623656344,-0.09135431758701307,-0.06346514466983384,-0.35399648673805756,-1.4973938508481432,-1.547211032808428,-0.8870614097166676,-0.9845249053250537,-1.1159646413151367,-0.5383567051862455,-0.32314246870482466,-0.47554994663755895,-1.5931527127555483,0.7036264577958357,0.679226950957796,0.0,0.0,1.0,0.0,0.0,0.0,0.0,0.0,1.0,0.0,0.0,0.0,0.0,0.0,0.0,0.0,0.0,0.0,0.0,0.0,0.0,0.0,0.0,1.0,1.0,0.0,1.0,0.0,0.0,0.0,0.0
3049,1,train,-0.10182850941645721,-0.11077384660104567,-0.10593741124175554,-0.15347915067568513,-0.07824481063198063,1.8845385039125793,-0.5105036686131833,-0.6666482500755276,1.1381650268020076,-0.15347915067568513,-0.1580470784389542,-0.19305811945291232,-0.2320713915475348,-0.13392533418289954,-0.09444490577171503,-0.21131873623656344,-0.09135431758701307,-0.06346514466983384,-0.35399648673805756,-2.6607436936541022,-2.2057073092032726,-0.8870614097166676,-0.5625167073768849,-0.8767395512791257,-0.5383567051862455,-0.32314246870482466,-0.44173539720400995,0.5275215952761285,0.1985764717759862,-0.7530087922758953,0.0,0.0,0.0,0.0,0.0,0.0,0.0,0.0,0.0,0.0,0.0,0.0,0.0,0.0,0.0,0.0,0.0,0.0,0.0,0.0,0.0,0.0,0.0,1.0,0.0,0.0,0.0,0.0,0.0,0.0,0.0
3052,0,train,-0.09532685236683033,-0.09840260912286926,-0.0969059199311243,-0.11606595051097518,-0.07236676441752418,0.32063071598984166,-0.3927399442376622,-0.4107496745022966,-0.6697505392372824,-0.11606595051097518,-0.1580470784389542,-0.19305811945291232,-0.2320713915475348,-0.13392533418289954,-0.09444490577171503,-0.11824541897521418,-0.09135431758701307,-0.06346514466983384,0.06697230830179471,-0.016147492968350774,0.06249486622309341,0.3055622390181148,0.8081353296377196,0.5198673290493797,0.030006883824063718,0.255803221450059,0.014761020148902071,0.8695658385070443,0.7036264577958357,1.6340507797802568,0.0,0.0,0.0,0.0,0.0,0.0,1.0,0.0,0.0,0.0,0.0,0.0,0.0,0.0,0.0,0.0,0.0,0.0,0.0,0.0,0.0,0.0,0.0,1.0,1.0,0.0,0.0,0.0,0.0,1.0,0.0
3056,1,train,-0.09749407138337263,-0.10567980763944362,-0.10126595021901524,-0.15347915067568513,-0.07824481063198063,-0.39616035347474643,-0.292742298970517,-0.3571895075218529,1.1381650268020076,-0.15347915067568513,-0.1580470784389542,-0.19305811945291232,-0.2320713915475348,-0.13392533418289954,-0.09444490577171503,-0.21131873623656344,-0.09135431758701307,-0.06346514466983384,-0.7749652817779098,0.28112939369861434,0.17404255181839914,0.09934267295441115,0.35320943216446354,0.18040152393914327,-0.5383567051862455,-0.32314246870482466,0.06548284429922563,0.4027760477448531,-1.316573486283562,-0.7530087922758953,0.0,0.0,0.0,0.0,0.0,0.0,0.0,0.0,0.0,0.0,0.0,0.0,0.0,0.0,0.0,0.0,0.0,0.0,0.0,0.0,0.0,0.0,0.0,0.0,1.0,1.0,0.0,0.0,0.0,0.0,0.0
3058,0,train,-0.0942432428585592,-0.11150156645270311,-0.10188881168871394,-0.15347915067568513,-0.07824481063198063,1.8845385039125793,-0.331320070748705,-0.3274338591993842,1.1381650268020076,-0.15347915067568513,-0.1580470784389542,-0.09575505810207449,-0.2320713915475348,-0.13392533418289954,-0.09444490577171503,-0.21131873623656344,-0.09135431758701307,-0.06346514466983384,-0.35399648673805756,0.18677250888099442,0.22807814043867994,0.38740193586630073,-0.9845249053250537,0.11090933645825053,-0.5383567051862455,-0.32314246870482466,-0.002146254567872448,-1.5931527127555483,0.1985764717759862,-1.2304207066871258,0.0,0.0,0.0,1.0,0.0,0.0,0.0,0.0,0.0,0.0,0.0,0.0,0.0,0.0,0.0,0.0,0.0,0.0,0.0,0.0,0.0,0.0,0.0,1.0,1.0,1.0,0.0,0.0,0.0,0.0,0.0
3059,1,train,-0.06877841941418729,-0.10786296719441593,-0.08569441347654756,-0.04123955018155529,-0.07824481063198063,1.1677474344479912,-0.4064452052641237,-0.5059677491341965,-0.6697505392372824,-0.04123955018155529,0.041782560966620086,-0.09575505810207449,-0.2320713915475348,-0.13392533418289954,-0.09444490577171503,0.06790121554748434,-0.09135431758701307,-0.06346514466983384,0.487941103341647,-0.07590023791067277,-0.20842010900578858,1.2273921980188807,0.10635046136787357,0.9645939496245644,0.746060322396679,-0.32314246870482466,0.057029206940838365,-1.2766341593179849,0.7036264577958357,-1.8669699259020998,0.0,0.0,1.0,1.0,0.0,0.0,0.0,0.0,1.0,0.0,1.0,1.0,0.0,0.0,0.0,0.0,0.0,0.0,0.0,0.0,0.0,0.0,0.0,1.0,1.0,0.0,0.0,0.0,0.0,0.0,0.0
3060,0,train,-0.10182850941645721,-0.11077384660104567,-0.10593741124175554,-0.15347915067568513,-0.07824481063198063,1.8193756794157985,-0.4049223984834057,-0.517870008463184,-0.6697505392372824,-0.15347915067568513,-0.1580470784389542,-0.19305811945291232,-0.2320713915475348,-0.13392533418289954,-0.09444490577171503,-0.21131873623656344,-0.09135431758701307,-0.06346514466983384,-0.7749652817779098,-0.06888583282802292,-0.25283962280310873,-0.8870614097166676,-0.5625167073768849,-0.8767395512791257,-0.5383567051862455,-0.32314246870482466,-0.44173539720400995,0.5275215952761285,0.7036264577958357,-0.9121460970796389,0.0,0.0,0.0,0.0,0.0,0.0,0.0,0.0,0.0,0.0,0.0,0.0,0.0,0.0,0.0,0.0,0.0,0.0,0.0,0.0,0.0,0.0,0.0,0.0,1.0,0.0,0.0,0.0,0.0,0.0,0.0
3063,1,train,-0.09586865712096591,-0.10349664808447132,-0.09939736580991912,-0.11606595051097518,-0.07824481063198063,0.5812820139769646,-0.37294345608832885,-0.42860306349577787,-0.6697505392372824,-0.11606595051097518,0.041782560966620086,-0.19305811945291232,-0.2320713915475348,-0.13392533418289954,-0.09444490577171503,-0.11824541897521418,-0.09135431758701307,-0.06346514466983384,-0.35399648673805756,0.058936780554470915,0.02016746324562788,0.2601424028590739,0.5283586593160425,0.35013442649426163,0.030006883824063718,-0.32314246870482466,-0.12049717758529407,0.43531836449214256,1.208676443815685,1.1566388653690263,0.0,0.0,1.0,0.0,0.0,0.0,0.0,0.0,1.0,0.0,0.0,0.0,0.0,0.0,0.0,0.0,0.0,0.0,0.0,0.0,0.0,0.0,0.0,1.0,1.0,0.0,0.0,0.0,0.0,0.0,1.0
3065,1,train,-0.10074489990818607,-0.1093184068977308,-0.10469168830235813,-0.15347915067568513,-0.07824481063198063,0.12514224249949946,-0.4018767849219699,-0.48216323047622156,1.1381650268020076,-0.15347915067568513,-0.1580470784389542,-0.09575505810207449,-0.2320713915475348,-0.13392533418289954,-0.09444490577171503,-0.21131873623656344,-0.09135431758701307,-0.06346514466983384,-0.7749652817779098,-0.05515412655903231,-0.12838284223566432,-0.4622402945223449,-0.14050850942871598,-0.37683240049076266,-0.5383567051862455,-0.32314246870482466,-0.3064771994698138,0.5275215952761285,1.7137264298355344,0.8383642557615394,0.0,0.0,0.0,1.0,0.0,0.0,0.0,0.0,0.0,0.0,0.0,0.0,0.0,0.0,0.0,0.0,0.0,0.0,0.0,0.0,0.0,0.0,0.0,0.0,1.0,0.0,0.0,0.0,0.0,0.0,1.0
3067,1,train,-0.10020309515405049,-0.11004612674938824,-0.10469168830235813,-0.11606595051097518,-0.07824481063198063,0.711607662970526,-0.5044124414903116,-0.6547459907465402,1.1381650268020076,-0.11606595051097518,-0.1580470784389542,0.0015480032487633255,-0.2320713915475348,-0.13392533418289954,-0.09444490577171503,-0.11824541897521418,-0.09135431758701307,-0.06346514466983384,-0.7749652817779098,-1.416346798736402,-1.547211032808428,-0.32547844223991174,-0.3156577365802952,-0.37683240049076266,0.030006883824063718,-0.32314246870482466,-0.4079208477704609,-0.1793698407344305,1.7137264298355344,1.6340507797802568,0.0,0.0,0.0,1.0,0.0,0.0,0.0,0.0,0.0,0.0,0.0,0.0,0.0,0.0,0.0,0.0,0.0,0.0,0.0,0.0,0.0,0.0,0.0,0.0,1.0,0.0,0.0,0.0,0.0,0.0,1.0
3069,1,train,-0.09749407138337263,-0.11077384660104567,-0.10344596536296072,-0.11606595051097518,-0.07824481063198063,-0.39616035347474643,-0.29375750349099566,-0.285775951547928,-0.6697505392372824,-0.11606595051097518,-0.1580470784389542,-0.09575505810207449,-0.2320713915475348,-0.13392533418289954,-0.09444490577171503,-0.11824541897521418,-0.09135431758701307,-0.06346514466983384,-0.35399648673805756,0.27886759674887707,0.29637509221317027,0.09934267295441115,-0.5625167073768849,-0.11016042364207619,0.030006883824063718,-0.32314246870482466,-0.34029174890336283,-1.1690178511492126,-0.8115235002637127,-0.7530087922758953,0.0,0.0,0.0,1.0,0.0,0.0,0.0,0.0,0.0,0.0,0.0,0.0,0.0,0.0,0.0,0.0,0.0,0.0,0.0,0.0,0.0,0.0,0.0,1.0,1.0,1.0,0.0,0.0,0.0,0.0,0.0
3073,0,train,-0.10182850941645721,-0.11150156645270311,-0.10624884197660489,-0.15347915067568513,-0.07824481063198063,-0.5264860024683079,-0.3896943306762263,-0.48216323047622156,1.1381650268020076,-0.15347915067568513,-0.1580470784389542,-0.09575505810207449,-0.2320713915475348,-0.13392533418289954,-0.09444490577171503,-0.21131873623656344,-0.09135431758701307,-0.06346514466983384,-0.35399648673805756,-0.0038123903795400805,-0.12838284223566432,-0.8870614097166676,-0.9845249053250537,-1.1159646413151367,-0.5383567051862455,-0.32314246870482466,-0.47554994663755895,-1.5931527127555483,1.208676443815685,0.679226950957796,0.0,0.0,0.0,1.0,0.0,0.0,0.0,0.0,0.0,0.0,0.0,0.0,0.0,0.0,0.0,0.0,0.0,0.0,0.0,0.0,0.0,0.0,0.0,1.0,1.0,0.0,0.0,0.0,0.0,0.0,1.0
3075,0,train,-0.09207602384201691,-0.11150156645270311,-0.10064308874931653,-0.15347915067568513,-0.07824481063198063,2.4710039243836057,-0.22624640287916672,-0.27982482188343427,1.1381650268020076,-0.15347915067568513,-0.1580470784389542,-0.09575505810207449,-0.2320713915475348,-0.13392533418289954,-0.09444490577171503,-0.21131873623656344,-0.09135431758701307,-0.06346514466983384,-0.35399648673805756,0.41014931154871603,0.3055262492244163,0.5241637881487338,-0.9845249053250537,0.24256440390207276,-0.5383567051862455,-0.32314246870482466,0.1331119431663237,-1.5931527127555483,-0.8115235002637127,0.20181503654656552,0.0,0.0,0.0,1.0,0.0,0.0,0.0,0.0,0.0,0.0,0.0,0.0,0.0,0.0,0.0,0.0,0.0,0.0,0.0,0.0,0.0,0.0,0.0,1.0,1.0,1.0,0.0,0.0,0.0,0.0,0.0
3079,0,train,-0.09911948564577935,-0.10640752749110105,-0.10251167315841266,-0.11606595051097518,-0.06648871820306772,-1.4387655454232382,-0.24045926616586755,-0.16080222859355936,-0.6697505392372824,-0.11606595051097518,-0.1580470784389542,0.0015480032487633255,-0.2320713915475348,-0.13392533418289954,-0.09444490577171503,-0.11824541897521418,-0.09135431758701307,-0.06346514466983384,-0.35399648673805756,0.38530964933997847,0.4641800920275799,-0.1192588761762082,0.28149968851945306,0.03212559210036664,0.030006883824063718,0.6665717256942094,-0.2895699247530393,0.6906503882016419,1.208676443815685,-1.7078326210983563,0.0,0.0,0.0,1.0,0.0,0.0,1.0,0.0,0.0,0.0,0.0,0.0,0.0,0.0,0.0,0.0,0.0,0.0,0.0,0.0,0.0,0.0,0.0,1.0,1.0,1.0,0.0,0.0,0.0,1.0,1.0
3082,1,train,-0.09911948564577935,-0.10713524734275849,-0.102823103893262,-0.15347915067568513,-0.07824481063198063,1.6238872059254563,0.2732342211963197,0.47001751584277757,-0.6697505392372824,-0.15347915067568513,-0.1580470784389542,-0.19305811945291232,-0.2320713915475348,-0.13392533418289954,-0.09444490577171503,-0.21131873623656344,-0.09135431758701307,-0.06346514466983384,-0.7749652817779098,0.9016391645844063,0.945578327552702,-0.1192588761762082,0.20020188633339758,-0.01159823507080119,-0.5383567051862455,-0.32314246870482466,-0.10358990286851956,0.5275215952761285,0.7036264577958357,-0.7530087922758953,0.0,0.0,0.0,0.0,0.0,0.0,0.0,0.0,0.0,0.0,0.0,0.0,0.0,0.0,0.0,0.0,0.0,0.0,0.0,0.0,0.0,0.0,0.0,0.0,1.0,1.0,0.0,0.0,0.0,0.0,0.0
3100,0,train,-0.10074489990818607,-0.11077384660104567,-0.10531454977205683,-0.15347915067568513,-0.07824481063198063,-0.20067187998440422,-0.33893410465229473,-0.3274338591993842,1.1381650268020076,-0.15347915067568513,-0.1580470784389542,-0.09575505810207449,-0.2320713915475348,-0.13392533418289954,-0.09444490577171503,-0.21131873623656344,-0.09135431758701307,-0.06346514466983384,-0.35399648673805756,0.165766865832894,0.22807814043867994,-0.4622402945223449,-0.5625167073768849,-0.5753515812801854,-0.5383567051862455,-0.32314246870482466,-0.37410629833691184,-0.5328155587397099,0.1985764717759862,0.5200896461540525,0.0,0.0,0.0,1.0,0.0,0.0,0.0,0.0,0.0,0.0,0.0,0.0,0.0,0.0,0.0,0.0,0.0,0.0,0.0,0.0,0.0,0.0,0.0,1.0,1.0,1.0,0.0,0.0,0.0,0.0,0.0
3101,1,train,-0.10020309515405049,-0.10859068704607336,-0.10406882683265942,-0.15347915067568513,-0.07824481063198063,0.19030506699628016,-0.4419773634808758,-0.541674527121159,-0.6697505392372824,-0.15347915067568513,-0.1580470784389542,-0.09575505810207449,-0.2320713915475348,-0.13392533418289954,-0.09444490577171503,-0.21131873623656344,-0.09135431758701307,-0.06346514466983384,-0.7749652817779098,-0.27734673970317575,-0.3529700271704281,-0.32547844223991174,-0.00465221423641297,-0.22855646865198537,-0.5383567051862455,-0.32314246870482466,-0.23884810060271572,0.5275215952761285,1.208676443815685,-2.026107230705843,0.0,0.0,0.0,1.0,0.0,0.0,0.0,0.0,0.0,0.0,0.0,0.0,0.0,0.0,0.0,0.0,0.0,0.0,0.0,0.0,0.0,0.0,0.0,0.0,1.0,0.0,0.0,0.0,0.0,0.0,1.0
3104,1,train,-0.07419646695554301,-0.09258085030960977,-0.08226867539320468,-0.003826350016845344,-0.07236676441752418,2.014864152906141,-0.4394393521796792,-0.5714301754436277,-0.6697505392372824,-0.003826350016845344,0.4414418397777687,-0.09575505810207449,-0.2320713915475348,-0.13392533418289954,0.004733515563737508,0.06790121554748434,-0.09135431758701307,-0.06346514466983384,1.7508474884612037,-0.259830231809194,-0.5075099956132192,1.1214590303409204,1.0220766009092215,1.053058886602848,1.0016308568302243,0.255803221450059,0.01814247509225696,-0.1793698407344305,1.7137264298355344,1.4749134749765134,0.0,0.0,1.0,1.0,0.0,0.0,1.0,0.0,1.0,1.0,1.0,0.0,0.0,0.0,0.0,1.0,0.0,0.0,0.0,0.0,0.0,0.0,0.0,1.0,1.0,0.0,0.0,0.0,0.0,1.0,1.0
3109,0,train,-0.10020309515405049,-0.10859068704607336,-0.10406882683265942,-0.15347915067568513,-0.07824481063198063,-1.0477885984425537,-0.4683726810133202,-0.5595279161146403,-0.6697505392372824,-0.15347915067568513,-0.1580470784389542,-0.19305811945291232,-0.2320713915475348,-0.13392533418289954,-0.09444490577171503,-0.21131873623656344,-0.09135431758701307,-0.06346514466983384,-0.7749652817779098,-0.5111126881177736,-0.44084255768702596,-0.32547844223991174,-0.00465221423641297,-0.22855646865198537,-0.5383567051862455,-0.32314246870482466,-0.23884810060271572,0.5275215952761285,1.208676443815685,-1.8669699259020998,0.0,0.0,0.0,0.0,0.0,0.0,0.0,0.0,0.0,0.0,0.0,0.0,0.0,0.0,0.0,0.0,0.0,0.0,0.0,0.0,0.0,0.0,0.0,0.0,1.0,0.0,0.0,0.0,0.0,0.0,1.0
3112,0,train,-0.10182850941645721,-0.11077384660104567,-0.10593741124175554,-0.15347915067568513,-0.07824481063198063,-0.46132317797152717,-0.24045926616586755,-0.16080222859355936,-0.6697505392372824,-0.15347915067568513,-0.1580470784389542,-0.09575505810207449,-0.2320713915475348,-0.13392533418289954,-0.09444490577171503,-0.21131873623656344,-0.09135431758701307,-0.06346514466983384,-0.7749652817779098,0.38530964933997847,0.4641800920275799,-0.8870614097166676,-0.5625167073768849,-0.8767395512791257,-0.5383567051862455,-0.32314246870482466,-0.44173539720400995,0.5275215952761285,-0.8115235002637127,1.4749134749765134,0.0,0.0,0.0,1.0,0.0,0.0,0.0,0.0,0.0,0.0,0.0,0.0,0.0,0.0,0.0,0.0,0.0,0.0,0.0,0.0,0.0,0.0,0.0,0.0,1.0,1.0,0.0,0.0,0.0,0.0,0.0
3113,1,train,-0.10020309515405049,-0.10859068704607336,-0.10406882683265942,-0.15347915067568513,-0.07824481063198063,1.2980730834415526,-0.472941101355474,-0.6011858237660964,-0.6697505392372824,-0.15347915067568513,-0.1580470784389542,-0.09575505810207449,-0.2320713915475348,-0.13392533418289954,-0.09444490577171503,-0.21131873623656344,-0.09135431758701307,-0.06346514466983384,-0.7749652817779098,-0.5660946173675228,-0.7162812460213847,-0.32547844223991174,-0.00465221423641297,-0.22855646865198537,-0.5383567051862455,-0.32314246870482466,-0.23884810060271572,0.5275215952761285,-0.3064735142438632,-1.7078326210983563,0.0,0.0,0.0,1.0,0.0,0.0,0.0,0.0,0.0,0.0,0.0,0.0,0.0,0.0,0.0,0.0,0.0,0.0,0.0,0.0,0.0,0.0,0.0,0.0,1.0,0.0,0.0,0.0,0.0,0.0,0.0
3121,0,train,-0.10020309515405049,-0.11150156645270311,-0.10531454977205683,-0.15347915067568513,-0.07824481063198063,-0.39616035347474643,-0.2450276865080214,-0.22626465490299055,-0.6697505392372824,-0.15347915067568513,-0.1580470784389542,-0.09575505810207449,-0.2320713915475348,-0.13392533418289954,-0.09444490577171503,-0.21131873623656344,-0.09135431758701307,-0.06346514466983384,-0.35399648673805756,0.3770475932793079,0.38214818401117356,-0.32547844223991174,-0.9845249053250537,-0.5753515812801854,-0.5383567051862455,-0.32314246870482466,-0.37410629833691184,-1.5931527127555483,-0.8115235002637127,-0.2755968778646649,0.0,0.0,0.0,1.0,0.0,0.0,0.0,0.0,0.0,0.0,0.0,0.0,0.0,0.0,0.0,0.0,0.0,0.0,0.0,0.0,0.0,0.0,0.0,1.0,1.0,1.0,0.0,0.0,0.0,0.0,0.0
3128,0,train,-0.10128670466232163,-0.11004612674938824,-0.10531454977205683,-0.15347915067568513,-0.07824481063198063,-1.1781142474361153,-0.5105036686131833,-0.6666482500755276,-0.6697505392372824,-0.15347915067568513,-0.1580470784389542,-0.09575505810207449,-0.2320713915475348,-0.13392533418289954,-0.09444490577171503,-0.21131873623656344,-0.09135431758701307,-0.06346514466983384,-0.7749652817779098,-2.6607436936541022,-2.2057073092032726,-0.6385569878134462,-0.3156577365802952,-0.5753515812801854,-0.5383567051862455,-0.32314246870482466,-0.37410629833691184,0.5275215952761285,1.208676443815685,0.5200896461540525,0.0,0.0,0.0,1.0,0.0,0.0,0.0,0.0,0.0,0.0,0.0,0.0,0.0,0.0,0.0,0.0,0.0,0.0,0.0,0.0,0.0,0.0,0.0,0.0,0.0,0.0,0.0,0.0,0.0,0.0,1.0
3129,1,train,-0.10020309515405049,-0.10859068704607336,-0.10406882683265942,-0.15347915067568513,-0.07824481063198063,0.25546789149306093,-0.4582206358085339,-0.5535767864501465,1.1381650268020076,-0.15347915067568513,-0.1580470784389542,-0.09575505810207449,-0.2320713915475348,-0.13392533418289954,-0.09444490577171503,-0.21131873623656344,-0.09135431758701307,-0.06346514466983384,-0.35399648673805756,-0.40749623796346224,-0.41009791400642853,-0.32547844223991174,-0.00465221423641297,-0.22855646865198537,-0.5383567051862455,-0.32314246870482466,-0.23884810060271572,0.5275215952761285,1.208676443815685,1.6340507797802568,0.0,0.0,0.0,1.0,0.0,0.0,0.0,0.0,0.0,0.0,0.0,0.0,0.0,0.0,0.0,0.0,0.0,0.0,0.0,0.0,0.0,0.0,0.0,1.0,1.0,0.0,0.0,0.0,0.0,0.0,1.0
3136,0,train,-0.09803587613750821,-0.10567980763944362,-0.1015773809538646,-0.15347915067568513,-0.07824481063198063,-0.9174629494489922,-0.5105036686131833,-0.6666482500755276,-0.6697505392372824,-0.15347915067568513,-0.1580470784389542,-0.19305811945291232,-0.2320713915475348,-0.13392533418289954,-0.09444490577171503,-0.21131873623656344,-0.09135431758701307,-0.06346514466983384,-0.7749652817779098,-2.6607436936541022,-2.2057073092032726,0.034768549284098414,0.35320943216446354,0.14667796444230605,-0.5383567051862455,-0.32314246870482466,0.031668294865676586,0.5275215952761285,-0.3064735142438632,-0.7530087922758953,0.0,0.0,0.0,0.0,0.0,0.0,0.0,0.0,0.0,0.0,0.0,0.0,0.0,0.0,0.0,0.0,0.0,0.0,0.0,0.0,0.0,0.0,0.0,0.0,0.0,0.0,0.0,0.0,0.0,0.0,0.0
3137,1,train,-0.10074489990818607,-0.11004612674938824,-0.10500311903720748,-0.15347915067568513,-0.07236676441752418,0.7767704874673067,-0.24045926616586755,-0.16080222859355936,1.1381650268020076,-0.15347915067568513,-0.1580470784389542,-0.09575505810207449,-0.2320713915475348,-0.13392533418289954,-0.09444490577171503,-0.21131873623656344,-0.09135431758701307,-0.06346514466983384,0.06697230830179471,0.38530964933997847,0.4641800920275799,-0.4622402945223449,-0.3156577365802952,-0.4677815586879967,-0.5383567051862455,0.255803221450059,-0.34029174890336283,0.10338673366979323,-0.3064735142438632,-0.7530087922758953,0.0,0.0,0.0,1.0,0.0,0.0,1.0,0.0,0.0,0.0,0.0,0.0,0.0,0.0,0.0,0.0,0.0,0.0,0.0,0.0,0.0,0.0,0.0,1.0,1.0,1.0,0.0,0.0,0.0,1.0,0.0
3149,0,train,-0.10074489990818607,-0.11077384660104567,-0.10531454977205683,-0.15347915067568513,-0.07824481063198063,-0.982625773945773,-0.33944170691253406,-0.42265193383128413,-0.6697505392372824,-0.15347915067568513,-0.1580470784389542,-0.09575505810207449,-0.2320713915475348,-0.13392533418289954,-0.09444490577171503,-0.21131873623656344,-0.09135431758701307,-0.06346514466983384,-0.35399648673805756,0.16433361643894479,0.03461127399553429,-0.4622402945223449,-0.5625167073768849,-0.5753515812801854,-0.5383567051862455,-0.32314246870482466,-0.37410629833691184,-0.5328155587397099,0.1985764717759862,0.36095234135030896,0.0,0.0,0.0,1.0,0.0,0.0,0.0,0.0,0.0,0.0,0.0,0.0,0.0,0.0,0.0,0.0,0.0,0.0,0.0,0.0,0.0,0.0,0.0,1.0,1.0,0.0,0.0,0.0,0.0,0.0,0.0
3156,0,train,-0.10182850941645721,-0.11077384660104567,-0.10593741124175554,-0.15347915067568513,-0.07824481063198063,1.2980730834415526,-0.42065806855082455,-0.5535767864501465,-0.6697505392372824,-0.15347915067568513,-0.1580470784389542,-0.19305811945291232,0.3581679857987965,-0.13392533418289954,-0.09444490577171503,-0.21131873623656344,-0.09135431758701307,-0.06346514466983384,-0.35399648673805756,-0.14677773898094745,-0.41009791400642853,-0.8870614097166676,-0.5625167073768849,-0.8767395512791257,-0.5383567051862455,-0.32314246870482466,-0.44173539720400995,0.5275215952761285,-1.316573486283562,0.8383642557615394,0.0,0.0,0.0,0.0,1.0,0.0,0.0,1.0,0.0,0.0,0.0,0.0,0.0,0.0,0.0,0.0,0.0,0.0,0.0,0.0,0.0,0.0,0.0,1.0,1.0,0.0,0.0,0.0,0.0,0.0,0.0
3159,1,train,-0.0942432428585592,-0.1093184068977308,-0.10095451948416588,-0.15347915067568513,-0.07236676441752418,-0.7871373004554308,-0.5105036686131833,-0.6666482500755276,1.1381650268020076,-0.15347915067568513,-0.1580470784389542,-0.09575505810207449,-0.2320713915475348,-0.13392533418289954,-0.09444490577171503,-0.21131873623656344,-0.09135431758701307,-0.06346514466983384,0.06697230830179471,-2.6607436936541022,-2.2057073092032726,0.38740193586630073,-0.14050850942871598,0.2123012746642494,-0.5383567051862455,0.255803221450059,0.09929739373277466,-0.8862612767449896,-0.8115235002637127,0.679226950957796,0.0,0.0,0.0,1.0,0.0,0.0,1.0,0.0,0.0,0.0,0.0,0.0,0.0,0.0,0.0,0.0,0.0,0.0,0.0,0.0,0.0,0.0,0.0,1.0,0.0,0.0,0.0,0.0,0.0,1.0,0.0
3173,1,train,-0.10182850941645721,-0.11150156645270311,-0.10624884197660489,-0.15347915067568513,-0.07824481063198063,0.19030506699628016,-0.47040309005427744,-0.5833324347726152,-0.6697505392372824,-0.15347915067568513,-0.1580470784389542,-0.09575505810207449,-0.2320713915475348,-0.13392533418289954,-0.09444490577171503,-0.21131873623656344,-0.09135431758701307,-0.06346514466983384,-0.7749652817779098,-0.5347834590896627,-0.5825314243986272,-0.8870614097166676,-0.9845249053250537,-1.1159646413151367,-0.5383567051862455,-0.32314246870482466,-0.47554994663755895,-1.5931527127555483,-1.316573486283562,0.04267773174282203,0.0,0.0,0.0,1.0,0.0,0.0,0.0,0.0,0.0,0.0,0.0,0.0,0.0,0.0,0.0,0.0,0.0,0.0,0.0,0.0,0.0,0.0,0.0,0.0,1.0,0.0,0.0,0.0,0.0,0.0,0.0
3177,0,train,-0.06552759088937385,-0.06638293564994208,-0.0660742771810383,-0.15347915067568513,-0.07824481063198063,1.689050030422237,-0.09223940617598744,0.14865651396011537,-0.6697505392372824,-0.15347915067568513,-0.1580470784389542,-0.09575505810207449,-0.2320713915475348,-0.13392533418289954,-0.09444490577171503,-0.21131873623656344,-0.09135431758701307,-0.06346514466983384,0.487941103341647,0.597255225438436,0.7476350464173112,1.2831476470093064,1.5379362238229148,1.3514519178467637,-0.5383567051862455,-0.32314246870482466,3.8865269302902665,0.42964431952082016,-1.316573486283562,0.5200896461540525,0.0,0.0,0.0,1.0,0.0,0.0,0.0,0.0,0.0,1.0,0.0,1.0,1.0,0.0,0.0,0.0,0.0,0.0,0.0,0.0,0.0,0.0,0.0,1.0,1.0,1.0,0.0,0.0,0.0,0.0,0.0
3183,1,train,1.9554041420363117,2.408592279836998,2.1547382930297014,2.2409656598657515,-0.07236676441752418,-1.3084398964296766,-0.4770019194373885,-0.6428437314175527,-0.6697505392372824,2.2409656598657515,6.636160661350573,-0.19305811945291232,2.7191254951841213,2.862370278044683,0.004733515563737508,5.65230025122844,-0.09135431758701307,-0.06346514466983384,3.4347226686206134,-0.6208178664901047,-1.2410277007934718,3.7398369821784723,3.9775416845940965,3.720434419568699,4.362897550473729,0.255803221450059,3.2679807875750395,0.4296802658186692,-1.316573486283562,0.9975015605652829,0.0,0.0,1.0,0.0,1.0,1.0,1.0,1.0,1.0,1.0,1.0,1.0,1.0,0.0,0.0,1.0,1.0,0.0,1.0,0.0,0.0,0.0,0.0,1.0,1.0,0.0,0.0,0.0,0.0,1.0,0.0
3184,0,train,-0.09695226662923706,-0.1093184068977308,-0.10251167315841266,-0.11606595051097518,-0.07236676441752418,0.12514224249949946,-0.42522648889297837,-0.5952346941016027,-0.6697505392372824,-0.11606595051097518,-0.1580470784389542,-0.19305811945291232,0.9484073631451279,-0.13392533418289954,-0.09444490577171503,-0.11824541897521418,-0.09135431758701307,-0.06346514466983384,0.487941103341647,-0.17194990381870187,-0.6683045161966304,0.1577570732570075,-0.14050850942871598,0.03212559210036664,0.030006883824063718,0.255803221450059,-0.2895699247530393,-0.6143799552024669,-1.316573486283562,0.9975015605652829,0.0,0.0,0.0,0.0,1.0,0.0,1.0,1.0,0.0,0.0,0.0,0.0,0.0,0.0,0.0,0.0,0.0,0.0,0.0,0.0,0.0,0.0,0.0,1.0,1.0,0.0,0.0,0.0,0.0,1.0,0.0
3192,0,train,-0.10128670466232163,-0.11004612674938824,-0.10531454977205683,-0.15347915067568513,-0.07824481063198063,-1.2432770719328958,-0.45568262450733726,-0.5595279161146403,-0.6697505392372824,-0.15347915067568513,-0.1580470784389542,-0.19305811945291232,-0.2320713915475348,-0.13392533418289954,-0.09444490577171503,-0.21131873623656344,-0.09135431758701307,-0.06346514466983384,-0.7749652817779098,-0.384714843165494,-0.44084255768702596,-0.6385569878134462,-0.3156577365802952,-0.5753515812801854,-0.5383567051862455,-0.32314246870482466,-0.37410629833691184,0.5275215952761285,0.1985764717759862,0.20181503654656552,0.0,0.0,0.0,0.0,0.0,0.0,0.0,0.0,0.0,0.0,0.0,0.0,0.0,0.0,0.0,0.0,0.0,0.0,0.0,0.0,0.0,0.0,0.0,0.0,1.0,0.0,0.0,0.0,0.0,0.0,0.0
3199,1,train,-0.09478504761269477,-0.10131348852949901,-0.09784021213567236,0.14582645064199443,-0.07824481063198063,-0.20067187998440422,-0.3536545701992349,-0.3928962855088154,1.1381650268020076,0.14582645064199443,-0.1580470784389542,0.6826694327046281,-0.2320713915475348,-0.13392533418289954,-0.09444490577171503,0.5332678018542306,-0.09135431758701307,-0.06346514466983384,0.487941103341647,0.12238055544174067,0.10202935590382027,0.34784709485763243,0.6642149545083453,0.4617875219069619,1.71768429540284,-0.32314246870482466,-0.40416367561117766,0.5275215952761285,-0.8115235002637127,1.1566388653690263,0.0,0.0,0.0,1.0,0.0,0.0,0.0,0.0,0.0,0.0,1.0,0.0,0.0,0.0,0.0,0.0,1.0,1.0,0.0,0.0,0.0,0.0,0.0,1.0,1.0,0.0,0.0,0.0,0.0,0.0,0.0
3200,0,train,-0.10237031417059278,-0.11077384660104567,-0.10624884197660489,-0.15347915067568513,-0.07824481063198063,1.2980730834415526,-0.4531446132061407,-0.6071369534305902,-0.6697505392372824,-0.15347915067568513,-0.1580470784389542,-0.19305811945291232,-0.2320713915475348,-0.13392533418289954,-0.09444490577171503,-0.21131873623656344,-0.09135431758701307,-0.06346514466983384,-0.7749652817779098,-0.3629553861574618,-0.7684349205639498,-1.3118825249109904,-0.5625167073768849,-1.1159646413151367,-0.5383567051862455,-0.32314246870482466,-0.47554994663755895,2.6481959033078053,-0.8115235002637127,1.6340507797802568,0.0,0.0,0.0,0.0,0.0,0.0,0.0,0.0,0.0,0.0,0.0,0.0,0.0,0.0,0.0,0.0,0.0,0.0,0.0,0.0,0.0,0.0,0.0,0.0,1.0,0.0,0.0,0.0,0.0,0.0,0.0
3205,0,train,-0.08882519531720347,-0.10422436793612874,-0.09566019699172687,-0.15347915067568513,-0.07824481063198063,1.6238872059254563,-0.24045926616586755,-0.16080222859355936,-0.6697505392372824,-0.15347915067568513,-0.1580470784389542,-0.19305811945291232,-0.2320713915475348,-0.13392533418289954,-0.09444490577171503,-0.21131873623656344,-0.09135431758701307,-0.06346514466983384,-0.7749652817779098,0.38530964933997847,0.4641800920275799,0.6849635180533967,0.47538359798098917,0.5893595165302724,-0.5383567051862455,-0.32314246870482466,0.6741447341031083,-0.381338822451733,0.7036264577958357,-2.026107230705843,0.0,0.0,0.0,0.0,0.0,0.0,0.0,0.0,0.0,0.0,0.0,0.0,0.0,0.0,0.0,0.0,0.0,0.0,0.0,0.0,0.0,0.0,0.0,0.0,1.0,1.0,0.0,0.0,0.0,0.0,0.0
3230,1,train,-0.10074489990818607,-0.11150156645270311,-0.10562598050690619,-0.15347915067568513,-0.07824481063198063,1.3632359079383334,-0.5105036686131833,-0.6666482500755276,-0.6697505392372824,-0.15347915067568513,-0.1580470784389542,-0.19305811945291232,0.3581679857987965,-0.13392533418289954,-0.09444490577171503,-0.21131873623656344,-0.09135431758701307,-0.06346514466983384,-0.35399648673805756,-2.6607436936541022,-2.2057073092032726,-0.4622402945223449,-0.9845249053250537,-0.7070066487240076,-0.5383567051862455,-0.32314246870482466,-0.4079208477704609,-1.5931527127555483,0.7036264577958357,-0.11645957306092145,0.0,0.0,0.0,0.0,1.0,0.0,0.0,1.0,0.0,0.0,0.0,0.0,0.0,0.0,0.0,0.0,0.0,0.0,0.0,0.0,0.0,0.0,0.0,1.0,0.0,0.0,0.0,0.0,0.0,0.0,0.0
3236,1,train,-0.09586865712096591,-0.11150156645270311,-0.102823103893262,-0.11606595051097518,-0.07824481063198063,0.6464448384737453,-0.45771303354829457,-0.5595279161146403,1.1381650268020076,-0.11606595051097518,0.041782560966620086,-0.19305811945291232,-0.2320713915475348,-0.13392533418289954,-0.09444490577171503,-0.11824541897521418,-0.09135431758701307,-0.06346514466983384,-0.35399648673805756,-0.40285357509921366,-0.44084255768702596,0.2601424028590739,-0.9845249053250537,-0.01159823507080119,0.030006883824063718,-0.32314246870482466,-0.3064771994698138,-1.5931527127555483,0.7036264577958357,0.36095234135030896,0.0,0.0,1.0,0.0,0.0,0.0,0.0,0.0,1.0,0.0,0.0,0.0,0.0,0.0,0.0,0.0,0.0,0.0,0.0,0.0,0.0,0.0,0.0,1.0,1.0,0.0,0.0,0.0,0.0,0.0,0.0
3238,0,train,-0.10182850941645721,-0.11077384660104567,-0.10593741124175554,-0.15347915067568513,-0.07824481063198063,-0.5916488269650886,-0.4861387601216962,-0.6309414720885652,-0.6697505392372824,-0.15347915067568513,-0.1580470784389542,-0.19305811945291232,-0.2320713915475348,-0.13392533418289954,-0.09444490577171503,-0.21131873623656344,-0.09135431758701307,-0.06346514466983384,-0.7749652817779098,-0.7726093020497776,-1.0393498957928322,-0.8870614097166676,-0.5625167073768849,-0.8767395512791257,-0.5383567051862455,-0.32314246870482466,-0.44173539720400995,0.5275215952761285,0.7036264577958357,0.36095234135030896,0.0,0.0,0.0,0.0,0.0,0.0,0.0,0.0,0.0,0.0,0.0,0.0,0.0,0.0,0.0,0.0,0.0,0.0,0.0,0.0,0.0,0.0,0.0,0.0,1.0,0.0,0.0,0.0,0.0,0.0,0.0
3244,1,train,-0.09857768089164377,-0.11077384660104567,-0.10406882683265942,-0.11606595051097518,-0.07824481063198063,2.340678275390044,-0.4724334990952347,-0.5952346941016027,1.1381650268020076,-0.11606595051097518,-0.1580470784389542,-0.09575505810207449,-0.2320713915475348,-0.13392533418289954,-0.09444490577171503,-0.11824541897521418,-0.09135431758701307,-0.06346514466983384,-0.7749652817779098,-0.5596686351186885,-0.6683045161966304,-0.037419179328021863,-0.5625167073768849,-0.22855646865198537,0.030006883824063718,-0.32314246870482466,-0.37410629833691184,-1.062984135747629,0.7036264577958357,0.9975015605652829,0.0,0.0,0.0,1.0,0.0,0.0,0.0,0.0,0.0,0.0,0.0,0.0,0.0,0.0,0.0,0.0,0.0,0.0,0.0,0.0,0.0,0.0,0.0,0.0,1.0,0.0,0.0,0.0,0.0,0.0,0.0
3260,1,train,-0.0882833905630679,-0.11150156645270311,-0.09846307360537106,-0.15347915067568513,-0.07236676441752418,0.711607662970526,-0.1364008028168079,0.05938956899270919,1.1381650268020076,-0.15347915067568513,-0.1580470784389542,-0.09575505810207449,-0.2320713915475348,-0.13392533418289954,-0.09444490577171503,-0.21131873623656344,-0.09135431758701307,-0.06346514466983384,-0.35399648673805756,0.5431898131176714,0.6786637396404722,0.7080940863816423,-0.9845249053250537,0.4196266139751544,-0.5383567051862455,0.255803221450059,0.369813789201167,-1.5931527127555483,-0.3064735142438632,0.04267773174282203,0.0,0.0,0.0,1.0,0.0,0.0,1.0,0.0,0.0,0.0,0.0,0.0,0.0,0.0,0.0,0.0,0.0,0.0,0.0,0.0,0.0,0.0,0.0,1.0,1.0,1.0,0.0,0.0,0.0,1.0,0.0
3267,0,train,-0.10074489990818607,-0.1093184068977308,-0.10469168830235813,-0.07865275034626523,-0.07824481063198063,0.4509563649834031,-0.33284287752942293,-0.36314063718634665,-0.6697505392372824,-0.07865275034626523,-0.1580470784389542,0.09885106459960115,-0.2320713915475348,-0.13392533418289954,-0.09444490577171503,-0.025172101713864917,-0.09135431758701307,-0.06346514466983384,-0.35399648673805756,0.18264350892021733,0.1626252705904133,-0.4622402945223449,-0.14050850942871598,-0.37683240049076266,0.43326726781991537,-0.32314246870482466,-0.44173539720400995,0.5275215952761285,0.1985764717759862,-0.9121460970796389,0.0,0.0,0.0,1.0,0.0,0.0,0.0,0.0,0.0,0.0,0.0,0.0,0.0,0.0,0.0,0.0,0.0,1.0,0.0,0.0,0.0,0.0,0.0,1.0,1.0,1.0,0.0,0.0,0.0,0.0,0.0
3274,1,train,-0.10182850941645721,-0.11077384660104567,-0.10593741124175554,-0.15347915067568513,-0.07824481063198063,-1.8949053169007033,-0.5105036686131833,-0.6666482500755276,1.1381650268020076,-0.15347915067568513,-0.1580470784389542,-0.19305811945291232,-0.2320713915475348,-0.13392533418289954,-0.09444490577171503,-0.21131873623656344,-0.09135431758701307,-0.06346514466983384,-0.7749652817779098,-2.6607436936541022,-2.2057073092032726,-0.8870614097166676,-0.5625167073768849,-0.8767395512791257,-0.5383567051862455,-0.32314246870482466,-0.44173539720400995,0.5275215952761285,1.7137264298355344,-0.5938714874721519,0.0,0.0,0.0,0.0,0.0,0.0,0.0,0.0,0.0,0.0,0.0,0.0,0.0,0.0,0.0,0.0,0.0,0.0,0.0,0.0,0.0,0.0,0.0,0.0,0.0,0.0,1.0,0.0,0.0,0.0,1.0
3276,0,train,-0.10020309515405049,-0.10859068704607336,-0.10406882683265942,-0.15347915067568513,-0.07824481063198063,-0.005183406494062019,-0.44400777252183304,-0.5297722677921716,-0.6697505392372824,-0.15347915067568513,-0.1580470784389542,-0.19305811945291232,-0.2320713915475348,-0.13392533418289954,-0.09444490577171503,-0.21131873623656344,-0.09135431758701307,-0.06346514466983384,-0.7749652817779098,-0.29183004111397703,-0.30081635262786294,-0.32547844223991174,-0.00465221423641297,-0.22855646865198537,-0.5383567051862455,-0.32314246870482466,-0.23884810060271572,0.5275215952761285,-1.316573486283562,0.04267773174282203,0.0,0.0,0.0,0.0,0.0,0.0,0.0,0.0,0.0,0.0,0.0,0.0,0.0,0.0,0.0,0.0,0.0,0.0,0.0,0.0,0.0,0.0,0.0,0.0,1.0,0.0,0.0,0.0,0.0,0.0,0.0
3278,1,train,-0.07148744318486515,-0.0933085701612672,-0.08102295245380726,0.0335868501478646,-0.07824481063198063,0.5812820139769646,-0.40238438718220915,-0.4702609711472341,-0.6697505392372824,0.0335868501478646,0.4414418397777687,0.0015480032487633255,-0.2320713915475348,-0.13392533418289954,-0.09444490577171503,0.2540478500701829,-0.09135431758701307,-0.06346514466983384,0.9089098983814993,-0.05741592350876962,-0.09204510221969744,1.1767114942262535,0.9990991896916674,1.082200694626666,1.2177126648156034,-0.32314246870482466,-0.047232320479271186,-0.30005862249233073,-1.316573486283562,0.20181503654656552,0.0,0.0,1.0,1.0,0.0,0.0,0.0,0.0,1.0,1.0,1.0,1.0,0.0,0.0,0.0,0.0,0.0,0.0,0.0,0.0,0.0,0.0,0.0,1.0,1.0,0.0,0.0,0.0,0.0,0.0,0.0
3280,0,train,-0.10182850941645721,-0.11077384660104567,-0.10593741124175554,-0.15347915067568513,-0.07824481063198063,-1.699416843410361,-0.45162180642542277,-0.6071369534305902,-0.6697505392372824,-0.15347915067568513,0.041782560966620086,-0.19305811945291232,-0.2320713915475348,-0.13392533418289954,-0.09444490577171503,-0.21131873623656344,-0.09135431758701307,-0.06346514466983384,-0.35399648673805756,-0.35035326029865554,-0.7684349205639498,-0.8870614097166676,-0.5625167073768849,-0.8767395512791257,-0.5383567051862455,-0.32314246870482466,-0.44173539720400995,0.5275215952761285,-1.316573486283562,0.20181503654656552,0.0,0.0,1.0,0.0,0.0,0.0,0.0,0.0,1.0,0.0,0.0,0.0,0.0,0.0,0.0,0.0,0.0,0.0,0.0,0.0,0.0,0.0,0.0,1.0,1.0,0.0,1.0,0.0,0.0,0.0,0.0
3282,1,train,-0.08069812400516987,-0.0933085701612672,-0.08631727494624628,0.10841325047728449,-0.07824481063198063,-0.39616035347474643,-0.08361016775191908,0.11294973597315289,1.1381650268020076,0.10841325047728449,0.24161220037219439,0.19615412595043896,-0.2320713915475348,-0.13392533418289954,-0.09444490577171503,0.4401944845928814,-0.09135431758701307,-0.06346514466983384,1.3298786934213516,0.6071507426194016,0.720991142617938,0.9641186924024436,0.9990991896916674,0.9469806515761927,1.5699944458405344,-0.32314246870482466,-0.23462128192352208,0.03813521649958755,-1.316573486283562,1.4749134749765134,0.0,0.0,1.0,1.0,0.0,0.0,0.0,0.0,1.0,1.0,1.0,0.0,0.0,0.0,0.0,0.0,1.0,1.0,0.0,0.0,0.0,0.0,0.0,1.0,1.0,1.0,0.0,0.0,0.0,0.0,0.0
3290,1,train,-0.09803587613750821,-0.10422436793612874,-0.10095451948416588,-0.15347915067568513,-0.07236676441752418,2.731655222370729,-0.44857619286398687,-0.5357233974566653,-0.6697505392372824,-0.15347915067568513,-0.1580470784389542,-0.09575505810207449,-0.2320713915475348,-0.13392533418289954,-0.09444490577171503,-0.21131873623656344,-0.09135431758701307,-0.06346514466983384,0.06697230830179471,-0.3260904763588485,-0.3263261233710555,0.034768549284098414,0.47538359798098917,0.2123012746642494,-0.5383567051862455,0.255803221450059,0.09929739373277466,0.7631520739463149,1.7137264298355344,0.9975015605652829,0.0,0.0,0.0,1.0,0.0,0.0,1.0,0.0,0.0,0.0,0.0,0.0,0.0,0.0,0.0,0.0,0.0,0.0,0.0,0.0,0.0,1.0,0.0,1.0,1.0,0.0,0.0,0.0,0.0,1.0,1.0
3296,0,train,-0.09857768089164377,-0.10640752749110105,-0.1022002424235633,-0.15347915067568513,-0.07824481063198063,1.0374217854544296,-0.36431421766426053,-0.42860306349577787,-0.6697505392372824,-0.15347915067568513,-0.1580470784389542,-0.09575505810207449,-0.2320713915475348,-0.13392533418289954,-0.09444490577171503,-0.21131873623656344,-0.09135431758701307,-0.06346514466983384,-0.7749652817779098,0.08834909270187064,0.02016746324562788,-0.037419179328021863,0.28149968851945306,0.07283150134695467,-0.5383567051862455,-0.32314246870482466,-0.03596080400142149,0.5275215952761285,-0.3064735142438632,0.36095234135030896,0.0,0.0,0.0,1.0,0.0,0.0,0.0,0.0,0.0,0.0,0.0,0.0,0.0,0.0,0.0,0.0,0.0,0.0,0.0,0.0,0.0,0.0,0.0,0.0,1.0,0.0,0.0,0.0,0.0,0.0,0.0
3299,1,train,-0.09586865712096591,-0.11004612674938824,-0.1022002424235633,-0.07865275034626523,-0.07824481063198063,-0.72197447595865,-0.47801712395786716,-0.6130880830950839,2.946080592841297,-0.07865275034626523,-0.1580470784389542,-0.09575505810207449,-0.2320713915475348,-0.13392533418289954,-0.09444490577171503,-0.025172101713864917,-0.09135431758701307,-0.06346514466983384,-0.7749652817779098,-0.635520645202549,-0.82556280739995,0.2601424028590739,-0.3156577365802952,0.07283150134695467,0.43326726781991537,-0.32314246870482466,-0.35156326538121246,-0.9872457676036408,-0.3064735142438632,0.8383642557615394,0.0,0.0,0.0,1.0,0.0,0.0,0.0,0.0,0.0,0.0,0.0,0.0,0.0,0.0,0.0,0.0,0.0,0.0,0.0,0.0,0.0,0.0,0.0,0.0,1.0,0.0,0.0,0.0,0.0,0.0,0.0
3308,1,train,-0.10182850941645721,-0.11077384660104567,-0.10593741124175554,-0.15347915067568513,-0.07824481063198063,2.405841099886825,-0.19731307404552573,-0.12509545060659688,-0.6697505392372824,-0.15347915067568513,-0.1580470784389542,-0.09575505810207449,-0.2320713915475348,-0.13392533418289954,-0.09444490577171503,-0.21131873623656344,-0.09135431758701307,-0.06346514466983384,-0.7749652817779098,0.4570965313082001,0.504603663415988,-0.8870614097166676,-0.5625167073768849,-0.8767395512791257,-0.5383567051862455,-0.32314246870482466,-0.44173539720400995,0.5275215952761285,1.7137264298355344,0.04267773174282203,0.0,0.0,0.0,1.0,0.0,0.0,0.0,0.0,0.0,0.0,0.0,0.0,0.0,0.0,0.0,0.0,0.0,0.0,0.0,0.0,0.0,0.0,0.0,0.0,1.0,1.0,0.0,0.0,0.0,0.0,1.0
3309,0,train,-0.09370143810442362,-0.11150156645270311,-0.1015773809538646,-0.15347915067568513,-0.07824481063198063,-0.39616035347474643,-0.24045926616586755,-0.16080222859355936,-0.6697505392372824,-0.15347915067568513,-0.1580470784389542,-0.19305811945291232,-0.2320713915475348,-0.13392533418289954,0.004733515563737508,-0.3043920534979127,-0.09135431758701307,-0.06346514466983384,-0.35399648673805756,0.38530964933997847,0.4641800920275799,0.42455799762433405,-0.9845249053250537,0.14667796444230605,-0.5383567051862455,-0.32314246870482466,0.031668294865676586,-1.5931527127555483,-1.316573486283562,-0.9121460970796389,0.0,0.0,0.0,0.0,0.0,0.0,0.0,0.0,0.0,0.0,0.0,0.0,0.0,0.0,0.0,1.0,0.0,0.0,0.0,0.0,0.0,0.0,0.0,1.0,1.0,1.0,0.0,0.0,0.0,0.0,0.0
3321,1,train,-0.10074489990818607,-0.11077384660104567,-0.10531454977205683,-0.15347915067568513,-0.07824481063198063,-0.20067187998440422,-0.46735747649284154,-0.5952346941016027,-0.6697505392372824,-0.15347915067568513,-0.1580470784389542,-0.09575505810207449,-0.2320713915475348,-0.13392533418289954,-0.09444490577171503,-0.21131873623656344,-0.09135431758701307,-0.06346514466983384,-0.7749652817779098,-0.49969675983523887,-0.6683045161966304,-0.4622402945223449,-0.5625167073768849,-0.5753515812801854,-0.5383567051862455,-0.32314246870482466,-0.37410629833691184,-0.5328155587397099,0.1985764717759862,0.20181503654656552,0.0,0.0,0.0,1.0,0.0,0.0,0.0,0.0,0.0,0.0,0.0,0.0,0.0,0.0,0.0,0.0,0.0,0.0,0.0,0.0,0.0,0.0,0.0,0.0,1.0,0.0,0.0,0.0,0.0,0.0,0.0
3324,0,train,-0.09911948564577935,-0.11150156645270311,-0.10469168830235813,-0.15347915067568513,-0.07824481063198063,1.8845385039125793,0.23871726750004624,0.7497206100739836,-0.6697505392372824,-0.15347915067568513,-0.1580470784389542,-0.19305811945291232,-0.2320713915475348,-0.13392533418289954,-0.09444490577171503,-0.21131873623656344,-0.09135431758701307,-0.06346514466983384,-0.35399648673805756,0.879801917584972,1.0768254768908632,-0.1192588761762082,-0.9845249053250537,-0.37683240049076266,-0.5383567051862455,-0.32314246870482466,-0.3064771994698138,-1.5931527127555483,-0.3064735142438632,1.31577617017277,0.0,0.0,0.0,0.0,0.0,0.0,0.0,0.0,0.0,0.0,0.0,0.0,0.0,0.0,0.0,0.0,0.0,0.0,0.0,0.0,0.0,0.0,0.0,1.0,1.0,1.0,0.0,0.0,0.0,0.0,0.0
3333,0,train,-0.09911948564577935,-0.11150156645270311,-0.10469168830235813,-0.15347915067568513,-0.07824481063198063,0.25546789149306093,-0.36431421766426053,-0.3571895075218529,-0.6697505392372824,-0.15347915067568513,-0.1580470784389542,-0.09575505810207449,-0.2320713915475348,-0.13392533418289954,-0.09444490577171503,-0.21131873623656344,-0.09135431758701307,-0.06346514466983384,-0.7749652817779098,0.08834909270187064,0.17404255181839914,-0.1192588761762082,-0.9845249053250537,-0.37683240049076266,-0.5383567051862455,-0.32314246870482466,-0.3064771994698138,-1.5931527127555483,-0.8115235002637127,0.20181503654656552,0.0,0.0,0.0,1.0,0.0,0.0,0.0,0.0,0.0,0.0,0.0,0.0,0.0,0.0,0.0,0.0,0.0,0.0,0.0,0.0,0.0,0.0,0.0,0.0,1.0,1.0,0.0,0.0,0.0,0.0,0.0
3336,1,train,-0.10182850941645721,-0.11077384660104567,-0.10593741124175554,-0.15347915067568513,-0.07824481063198063,-0.5264860024683079,-0.26025575431520087,-0.19650900658052184,-0.6697505392372824,-0.15347915067568513,-0.1580470784389542,-0.19305811945291232,-0.2320713915475348,-0.13392533418289954,-0.09444490577171503,-0.21131873623656344,-0.09135431758701307,-0.06346514466983384,-0.7749652817779098,0.34844473954136523,0.4208318727806146,-0.8870614097166676,-0.5625167073768849,-0.8767395512791257,-0.5383567051862455,-0.32314246870482466,-0.44173539720400995,0.5275215952761285,0.7036264577958357,-1.8669699259020998,0.0,0.0,0.0,0.0,0.0,0.0,0.0,0.0,0.0,0.0,0.0,0.0,0.0,0.0,0.0,0.0,0.0,0.0,0.0,0.0,0.0,0.0,0.0,0.0,1.0,1.0,0.0,0.0,0.0,0.0,0.0
3337,0,train,-0.09586865712096591,-0.11150156645270311,-0.102823103893262,-0.15347915067568513,-0.07824481063198063,0.38579354048662234,-0.07701133836880797,0.20221668094055906,-0.6697505392372824,-0.15347915067568513,-0.1580470784389542,-0.09575505810207449,-0.2320713915475348,-0.13392533418289954,-0.09444490577171503,-0.21131873623656344,-0.09135431758701307,-0.06346514466983384,-0.7749652817779098,0.6145840163376176,0.7855037940124535,0.2601424028590739,-0.9845249053250537,-0.01159823507080119,-0.5383567051862455,-0.32314246870482466,-0.10358990286851956,-1.5931527127555483,0.7036264577958357,-1.7078326210983563,0.0,0.0,0.0,1.0,0.0,0.0,0.0,0.0,0.0,0.0,0.0,0.0,0.0,0.0,0.0,0.0,0.0,0.0,0.0,0.0,0.0,0.0,0.0,0.0,1.0,1.0,0.0,0.0,0.0,0.0,0.0
3338,0,train,-0.10182850941645721,-0.11150156645270311,-0.10624884197660489,-0.15347915067568513,-0.07824481063198063,-0.5916488269650886,-0.4759867149169099,-0.6249903424240715,-0.6697505392372824,-0.15347915067568513,-0.1580470784389542,-0.09575505810207449,-0.2320713915475348,-0.13392533418289954,-0.09444490577171503,-0.21131873623656344,-0.09135431758701307,-0.06346514466983384,-0.7749652817779098,-0.6065475857488107,-0.9593126290227075,-0.8870614097166676,-0.9845249053250537,-1.1159646413151367,-0.5383567051862455,-0.32314246870482466,-0.47554994663755895,-1.5931527127555483,1.208676443815685,-2.026107230705843,0.0,0.0,0.0,1.0,0.0,0.0,0.0,0.0,0.0,0.0,0.0,0.0,0.0,0.0,0.0,0.0,0.0,0.0,0.0,0.0,0.0,0.0,0.0,0.0,1.0,0.0,0.0,0.0,0.0,0.0,1.0
3344,1,train,-0.10074489990818607,-0.11077384660104567,-0.10531454977205683,-0.15347915067568513,-0.07824481063198063,-0.8523001249522115,-0.2658393791778333,-0.14889996926457186,1.1381650268020076,-0.15347915067568513,-0.1580470784389542,-0.09575505810207449,-0.2320713915475348,-0.13392533418289954,-0.09444490577171503,-0.21131873623656344,-0.09135431758701307,-0.06346514466983384,-0.35399648673805756,0.3375196100533512,0.4779597596166154,-0.4622402945223449,-0.5625167073768849,-0.5753515812801854,-0.5383567051862455,-0.32314246870482466,-0.37410629833691184,-0.5328155587397099,-0.3064735142438632,1.4749134749765134,0.0,0.0,0.0,1.0,0.0,0.0,0.0,0.0,0.0,0.0,0.0,0.0,0.0,0.0,0.0,0.0,0.0,0.0,0.0,0.0,0.0,0.0,0.0,1.0,1.0,1.0,0.0,0.0,0.0,0.0,0.0
3360,0,train,-0.06552759088937385,-0.11150156645270311,-0.08538298274169821,-0.07865275034626523,-0.07824481063198063,0.5812820139769646,-0.39527795553885875,-0.4167008041667904,-0.6697505392372824,-0.07865275034626523,0.041782560966620086,-0.09575505810207449,-0.2320713915475348,-0.13392533418289954,-0.09444490577171503,-0.025172101713864917,-0.09135431758701307,-0.06346514466983384,0.06697230830179471,-0.026671865899815128,0.04871519863405791,1.2831476470093064,-0.9845249053250537,0.9732072656315518,0.43326726781991537,-0.32314246870482466,0.25709862442267023,-1.5931527127555483,-0.8115235002637127,0.04267773174282203,0.0,0.0,1.0,1.0,0.0,0.0,0.0,0.0,1.0,0.0,0.0,1.0,0.0,0.0,0.0,0.0,0.0,0.0,0.0,0.0,0.0,0.0,0.0,1.0,1.0,0.0,0.0,0.0,0.0,0.0,0.0
3369,1,train,-0.06281856711869599,-0.10786296719441593,-0.08226867539320468,-0.07865275034626523,-0.07824481063198063,3.383283467338536,0.35394298057437085,0.7140138320870211,-0.6697505392372824,-0.07865275034626523,0.041782560966620086,-0.09575505810207449,-0.2320713915475348,0.8648398698929615,-0.09444490577171503,-0.025172101713864917,-0.09135431758701307,-0.06346514466983384,1.3298786934213516,0.9491622463790675,1.0615859490123278,1.3260243786226413,0.10635046136787357,1.053058886602848,0.43326726781991537,-0.32314246870482466,0.369813789201167,-1.3212713912130256,1.7137264298355344,-0.2755968778646649,0.0,0.0,1.0,1.0,0.0,1.0,0.0,0.0,1.0,0.0,0.0,1.0,0.0,0.0,0.0,0.0,0.0,0.0,1.0,0.0,0.0,1.0,0.0,1.0,1.0,1.0,0.0,0.0,0.0,0.0,1.0
3376,1,train,-0.06715300515178056,-0.013259386478949238,-0.04427412574158355,0.37030565163025414,-0.07824481063198063,-0.7871373004554308,-0.45162180642542277,-0.5297722677921716,1.1381650268020076,0.37030565163025414,-0.1580470784389542,1.266487800809655,0.3581679857987965,-0.13392533418289954,0.3022687795700952,0.34712116733153214,0.3552667906161619,-0.06346514466983384,3.0137538735807605,-0.35035326029865554,-0.30081635262786294,1.2559037255488743,2.006442516335611,1.6040361069292324,2.376515213832237,-0.32314246870482466,-0.058503836957120824,1.2697576030872155,-0.8115235002637127,0.04267773174282203,0.0,0.0,0.0,1.0,1.0,0.0,0.0,1.0,0.0,1.0,1.0,1.0,1.0,0.0,0.0,1.0,1.0,1.0,0.0,1.0,0.0,0.0,0.0,1.0,1.0,0.0,0.0,0.0,0.0,0.0,0.0
3378,0,train,-0.10074489990818607,-0.11150156645270311,-0.10562598050690619,-0.15347915067568513,-0.07824481063198063,-1.6342540189135804,-0.14959846158303008,0.023682791005746724,1.1381650268020076,-0.15347915067568513,-0.1580470784389542,-0.09575505810207449,-0.2320713915475348,-0.13392533418289954,-0.09444490577171503,-0.21131873623656344,-0.09135431758701307,-0.06346514466983384,-0.35399648673805756,0.5257893015343459,0.648688036593059,-0.4622402945223449,-0.9845249053250537,-0.7070066487240076,-0.5383567051862455,-0.32314246870482466,-0.4079208477704609,-1.5931527127555483,-0.8115235002637127,0.20181503654656552,0.0,0.0,0.0,1.0,0.0,0.0,0.0,0.0,0.0,0.0,0.0,0.0,0.0,0.0,0.0,0.0,0.0,0.0,0.0,0.0,0.0,0.0,0.0,1.0,1.0,1.0,1.0,0.0,0.0,0.0,0.0
3381,1,train,-0.10128670466232163,-0.11004612674938824,-0.10531454977205683,-0.15347915067568513,-0.07824481063198063,-0.3309975289779657,-0.26127095883567947,-0.2084112659095093,1.1381650268020076,-0.15347915067568513,-0.1580470784389542,-0.09575505810207449,-0.2320713915475348,-0.13392533418289954,-0.09444490577171503,-0.21131873623656344,-0.09135431758701307,-0.06346514466983384,-0.7749652817779098,0.3464765641564448,0.40565665359173586,-0.6385569878134462,-0.3156577365802952,-0.5753515812801854,-0.5383567051862455,-0.32314246870482466,-0.37410629833691184,0.5275215952761285,1.208676443815685,1.4749134749765134,0.0,0.0,0.0,1.0,0.0,0.0,0.0,0.0,0.0,0.0,0.0,0.0,0.0,0.0,0.0,0.0,0.0,0.0,0.0,0.0,0.0,0.0,0.0,0.0,1.0,1.0,0.0,0.0,0.0,0.0,1.0
3382,1,train,-0.10128670466232163,-0.11004612674938824,-0.10531454977205683,-0.15347915067568513,-0.06061067198861126,1.1677474344479912,-0.46431186293140564,-0.6011858237660964,-0.6697505392372824,-0.15347915067568513,-0.1580470784389542,-0.09575505810207449,-0.2320713915475348,-0.13392533418289954,-0.09444490577171503,-0.21131873623656344,-0.09135431758701307,-0.06346514466983384,-0.35399648673805756,-0.4669773144523907,-0.7162812460213847,-0.6385569878134462,-0.3156577365802952,-0.5753515812801854,-0.5383567051862455,0.9851885307800714,-0.37410629833691184,0.5275215952761285,1.7137264298355344,0.679226950957796,0.0,0.0,0.0,1.0,0.0,0.0,1.0,0.0,0.0,0.0,0.0,0.0,0.0,0.0,0.0,0.0,0.0,0.0,0.0,0.0,0.0,0.0,0.0,1.0,1.0,0.0,0.0,0.0,0.0,1.0,1.0
3386,0,train,-0.08015631925103431,-0.11150156645270311,-0.09379161258263076,-0.003826350016845344,-0.07824481063198063,0.5161191894801839,-0.2663469814380726,-0.25006917356096553,-0.6697505392372824,-0.003826350016845344,0.24161220037219439,-0.19305811945291232,1.538646740491459,-0.13392533418289954,0.004733515563737508,0.06790121554748434,-0.09135431758701307,-0.06346514466983384,0.9089098983814993,0.3365141080001487,0.3492967221988576,0.978887776115659,-0.9845249053250537,0.6803086747275067,1.0016308568302243,-0.32314246870482466,-0.23208519071600592,-1.5931527127555483,0.7036264577958357,-0.2755968778646649,0.0,0.0,1.0,0.0,1.0,0.0,0.0,1.0,1.0,0.0,1.0,0.0,0.0,0.0,0.0,1.0,0.0,0.0,0.0,0.0,0.0,0.0,0.0,1.0,1.0,1.0,0.0,0.0,0.0,0.0,0.0
3390,0,train,-0.10128670466232163,-0.11150156645270311,-0.10593741124175554,-0.11606595051097518,-0.07824481063198063,-1.6342540189135804,-0.24045926616586755,-0.16080222859355936,1.1381650268020076,-0.11606595051097518,-0.1580470784389542,0.0015480032487633255,-0.2320713915475348,-0.13392533418289954,-0.09444490577171503,-0.11824541897521418,-0.09135431758701307,-0.06346514466983384,-0.7749652817779098,0.38530964933997847,0.4641800920275799,-0.6385569878134462,-0.9845249053250537,-0.8767395512791257,0.030006883824063718,-0.32314246870482466,-0.47554994663755895,-1.5931527127555483,1.208676443815685,1.6340507797802568,0.0,0.0,0.0,1.0,0.0,0.0,0.0,0.0,0.0,0.0,0.0,0.0,0.0,0.0,0.0,0.0,0.0,0.0,0.0,0.0,0.0,0.0,0.0,0.0,1.0,1.0,1.0,0.0,0.0,0.0,1.0
3395,1,train,-0.10182850941645721,-0.11077384660104567,-0.10593741124175554,-0.15347915067568513,-0.07824481063198063,-1.0477885984425537,-0.4962908053264825,-0.6428437314175527,-0.6697505392372824,-0.15347915067568513,-0.1580470784389542,-0.09575505810207449,-0.2320713915475348,-0.13392533418289954,-0.09444490577171503,-0.21131873623656344,-0.09135431758701307,-0.06346514466983384,-0.7749652817779098,-1.027084743267857,-1.2410277007934718,-0.8870614097166676,-0.5625167073768849,-0.8767395512791257,-0.5383567051862455,-0.32314246870482466,-0.44173539720400995,0.5275215952761285,-1.316573486283562,1.1566388653690263,0.0,0.0,0.0,1.0,0.0,0.0,0.0,0.0,0.0,0.0,0.0,0.0,0.0,0.0,0.0,0.0,0.0,0.0,0.0,0.0,0.0,0.0,0.0,0.0,1.0,0.0,0.0,0.0,0.0,0.0,0.0
3397,0,train,-0.09586865712096591,-0.11077384660104567,-0.10251167315841266,-0.15347915067568513,-0.07236676441752418,-1.3736027209264574,-0.4790323284783458,-0.6071369534305902,-0.6697505392372824,-0.15347915067568513,-0.1580470784389542,-0.09575505810207449,-0.2320713915475348,-0.13392533418289954,-0.09444490577171503,-0.21131873623656344,-0.09135431758701307,-0.06346514466983384,-0.35399648673805756,-0.6506829594141935,-0.7684349205639498,0.2601424028590739,-0.5625167073768849,0.03212559210036664,-0.5383567051862455,0.255803221450059,-0.06977535343497052,-1.266895126904521,-0.8115235002637127,-0.4347341826684084,0.0,0.0,0.0,1.0,0.0,0.0,1.0,0.0,0.0,0.0,0.0,0.0,0.0,0.0,0.0,0.0,0.0,0.0,0.0,0.0,0.0,0.0,0.0,1.0,1.0,0.0,0.0,0.0,0.0,1.0,0.0
3401,1,train,-0.08394895252998331,-0.08748681134800772,-0.08569441347654756,-0.04123955018155529,-0.07236676441752418,-0.46132317797152717,-0.3282744571872691,-0.4583587118182466,-0.6697505392372824,-0.04123955018155529,-0.1580470784389542,-0.09575505810207449,1.538646740491459,-0.13392533418289954,-0.09444490577171503,0.06790121554748434,-0.09135431758701307,-0.06346514466983384,1.3298786934213516,0.1949265590904373,-0.05778496962654005,0.8671452064948705,1.1624261204392732,0.9645939496245644,0.746060322396679,0.255803221450059,0.057029206940838365,0.495869739932372,0.7036264577958357,1.6340507797802568,0.0,0.0,0.0,1.0,1.0,0.0,1.0,1.0,0.0,1.0,1.0,0.0,0.0,0.0,0.0,0.0,0.0,0.0,0.0,0.0,0.0,0.0,0.0,1.0,1.0,0.0,0.0,0.0,0.0,1.0,0.0
3405,0,train,-0.07311285744727186,-0.11150156645270311,-0.08974301302958916,-0.04123955018155529,-0.04885457955969834,1.6238872059254563,-0.044017191453252474,0.23197232926302777,-0.6697505392372824,-0.04123955018155529,0.041782560966620086,0.0015480032487633255,-0.2320713915475348,-0.13392533418289954,-0.09444490577171503,0.06790121554748434,-0.09135431758701307,-0.06346514466983384,1.3298786934213516,0.6501323593391092,0.8055521224935392,1.1441611559280862,-0.9845249053250537,0.8394106289840044,0.746060322396679,1.4656223519725455,-0.052868078718196,-1.5931527127555483,0.7036264577958357,1.31577617017277,0.0,0.0,1.0,1.0,0.0,0.0,1.0,0.0,1.0,0.0,1.0,1.0,0.0,0.0,0.0,0.0,0.0,0.0,0.0,0.0,0.0,0.0,0.0,1.0,1.0,1.0,0.0,0.0,0.0,1.0,0.0
3407,0,train,-0.08178173351344102,-0.11150156645270311,-0.09472590478717882,-0.11606595051097518,-0.07824481063198063,-0.982625773945773,-0.3561925815004315,-0.3809940261798279,1.1381650268020076,-0.11606595051097518,-0.1580470784389542,-0.19305811945291232,-0.2320713915475348,-0.13392533418289954,-0.09444490577171503,-0.11824541897521418,-0.09135431758701307,-0.06346514466983384,-0.7749652817779098,0.11449168947886121,0.1270075176176089,0.933467939956618,-0.9845249053250537,0.6365848475563388,0.030006883824063718,-0.32314246870482466,0.1331119431663237,-1.5931527127555483,1.7137264298355344,-1.8669699259020998,0.0,0.0,0.0,0.0,0.0,0.0,0.0,0.0,0.0,0.0,0.0,0.0,0.0,0.0,0.0,0.0,0.0,0.0,0.0,0.0,0.0,0.0,0.0,0.0,1.0,0.0,0.0,0.0,0.0,0.0,1.0
3408,1,train,-0.10182850941645721,-0.11150156645270311,-0.10624884197660489,-0.15347915067568513,-0.07824481063198063,0.25546789149306093,-0.26076335657544014,-0.2976782108769155,1.1381650268020076,-0.15347915067568513,-0.1580470784389542,-0.09575505810207449,-0.2320713915475348,-0.13392533418289954,-0.09444490577171503,-0.21131873623656344,-0.09135431758701307,-0.06346514466983384,-0.7749652817779098,0.3474616499101293,0.2776426569968574,-0.8870614097166676,-0.9845249053250537,-1.1159646413151367,-0.5383567051862455,-0.32314246870482466,-0.47554994663755895,-1.5931527127555483,-1.316573486283562,-0.5938714874721519,0.0,0.0,0.0,1.0,0.0,0.0,0.0,0.0,0.0,0.0,0.0,0.0,0.0,0.0,0.0,0.0,0.0,0.0,0.0,0.0,0.0,0.0,0.0,0.0,1.0,1.0,0.0,0.0,0.0,0.0,0.0
3412,1,train,0.1035154924009248,-0.09476400986458208,0.018946313432835208,0.2954792513008342,-0.054732625774154796,-1.1781142474361153,0.13364359963050793,0.5711867201391713,1.1381650268020076,0.2954792513008342,0.041782560966620086,0.19615412595043896,0.9484073631451279,-0.13392533418289954,0.10391193689919007,0.7194144363769291,-0.09135431758701307,-0.06346514466983384,3.8556914636604653,0.8065454685758501,0.996429830952297,2.3303838345625922,0.9503668572642114,2.0159221535093725,2.1893366378217647,1.245517415849093,0.5388865363689122,-1.351090632930593,0.7036264577958357,-0.2755968778646649,0.0,0.0,1.0,1.0,1.0,0.0,1.0,1.0,1.0,1.0,1.0,1.0,1.0,0.0,0.0,1.0,1.0,1.0,0.0,0.0,0.0,0.0,0.0,1.0,1.0,1.0,0.0,0.0,0.0,1.0,0.0
3419,0,train,-0.09857768089164377,-0.11077384660104567,-0.10406882683265942,-0.15347915067568513,-0.07824481063198063,-1.5039283699200188,-0.5049200437505509,-0.6547459907465402,-0.6697505392372824,-0.15347915067568513,-0.1580470784389542,-0.19305811945291232,-0.2320713915475348,-0.13392533418289954,-0.09444490577171503,-0.21131873623656344,-0.09135431758701307,-0.06346514466983384,-0.35399648673805756,-1.4551798839199357,-1.547211032808428,-0.037419179328021863,-0.5625167073768849,-0.22855646865198537,-0.5383567051862455,-0.32314246870482466,-0.23884810060271572,-1.062984135747629,0.1985764717759862,0.8383642557615394,0.0,0.0,0.0,0.0,0.0,0.0,0.0,0.0,0.0,0.0,0.0,0.0,0.0,0.0,0.0,0.0,0.0,0.0,0.0,0.0,0.0,0.0,0.0,1.0,1.0,0.0,1.0,0.0,0.0,0.0,0.0
3421,0,train,-0.09641046187510148,-0.1093184068977308,-0.1022002424235633,-0.15347915067568513,-0.04885457955969834,1.0374217854544296,-0.3902019329364656,-0.4881143601407153,-0.6697505392372824,-0.15347915067568513,-0.1580470784389542,-0.09575505810207449,-0.2320713915475348,-0.13392533418289954,-0.09444490577171503,-0.21131873623656344,-0.09135431758701307,-0.06346514466983384,0.487941103341647,-0.00584658441630674,-0.14741266725781116,0.21108524257519945,-0.14050850942871598,0.07283150134695467,-0.5383567051862455,1.4656223519725455,-0.03596080400142149,-0.6842922950276872,-1.316573486283562,1.4749134749765134,0.0,1.0,0.0,1.0,0.0,0.0,1.0,0.0,0.0,0.0,0.0,0.0,0.0,0.0,0.0,0.0,0.0,0.0,0.0,0.0,0.0,0.0,1.0,1.0,1.0,0.0,0.0,0.0,0.0,1.0,0.0
3425,1,train,-0.10182850941645721,-0.11077384660104567,-0.10593741124175554,-0.15347915067568513,-0.07824481063198063,0.4509563649834031,-0.42218087533154247,-0.5476256567856528,1.1381650268020076,-0.15347915067568513,-0.1580470784389542,-0.19305811945291232,-0.2320713915475348,-0.13392533418289954,-0.09444490577171503,-0.21131873623656344,-0.09135431758701307,-0.06346514466983384,-0.7749652817779098,-0.15502419078423335,-0.3808536193979872,-0.8870614097166676,-0.5625167073768849,-0.8767395512791257,-0.5383567051862455,-0.32314246870482466,-0.44173539720400995,0.5275215952761285,-0.3064735142438632,1.4749134749765134,0.0,0.0,0.0,0.0,0.0,0.0,0.0,0.0,0.0,0.0,0.0,0.0,0.0,0.0,0.0,0.0,0.0,0.0,0.0,0.0,0.0,0.0,0.0,0.0,1.0,0.0,0.0,0.0,0.0,0.0,0.0
3426,0,train,-0.10128670466232163,-0.11004612674938824,-0.10531454977205683,-0.11606595051097518,-0.07236676441752418,0.12514224249949946,-0.47953993073858514,-0.6190392127595777,-0.6697505392372824,-0.11606595051097518,0.041782560966620086,-0.19305811945291232,-0.2320713915475348,-0.13392533418289954,-0.09444490577171503,-0.11824541897521418,-0.09135431758701307,-0.06346514466983384,0.06697230830179471,-0.6584455980921126,-0.888714756413583,-0.6385569878134462,-0.3156577365802952,-0.5753515812801854,0.030006883824063718,0.255803221450059,-0.44173539720400995,0.5275215952761285,0.1985764717759862,-1.7078326210983563,0.0,0.0,1.0,0.0,0.0,0.0,1.0,0.0,1.0,0.0,0.0,0.0,0.0,0.0,0.0,0.0,0.0,0.0,0.0,0.0,0.0,0.0,0.0,1.0,1.0,0.0,0.0,0.0,0.0,1.0,0.0
3432,0,train,-0.09370143810442362,-0.11150156645270311,-0.1015773809538646,-0.15347915067568513,-0.07824481063198063,1.0374217854544296,-0.4861387601216962,-0.6547459907465402,-0.6697505392372824,-0.15347915067568513,-0.1580470784389542,-0.09575505810207449,-0.2320713915475348,-0.13392533418289954,-0.09444490577171503,-0.21131873623656344,-0.09135431758701307,-0.06346514466983384,-0.7749652817779098,-0.7726093020497776,-1.547211032808428,0.42455799762433405,-0.9845249053250537,0.14667796444230605,-0.5383567051862455,-0.32314246870482466,0.031668294865676586,-1.5931527127555483,-1.316573486283562,0.5200896461540525,0.0,0.0,0.0,1.0,0.0,0.0,0.0,0.0,0.0,0.0,0.0,0.0,0.0,0.0,0.0,0.0,0.0,0.0,0.0,0.0,0.0,0.0,0.0,0.0,1.0,0.0,0.0,0.0,0.0,0.0,0.0
3434,1,train,-0.06336037187283156,-0.08166505253474823,-0.0713685996734773,-0.04123955018155529,-0.07236676441752418,-0.5916488269650886,-0.3541621724594742,-0.3571895075218529,2.946080592841297,-0.04123955018155529,-0.1580470784389542,0.09885106459960115,-0.2320713915475348,-0.13392533418289954,-0.09444490577171503,0.06790121554748434,-0.09135431758701307,-0.06346514466983384,1.7508474884612037,0.12081301105055389,0.17404255181839914,1.3176856470496257,1.291077253026325,1.269442349882519,0.746060322396679,0.255803221450059,0.4458965254266523,-0.05425631223698657,-1.316573486283562,1.1566388653690263,0.0,0.0,0.0,1.0,0.0,0.0,1.0,0.0,0.0,1.0,1.0,1.0,1.0,0.0,0.0,0.0,0.0,1.0,0.0,0.0,0.0,0.0,0.0,1.0,1.0,1.0,0.0,0.0,0.0,1.0,0.0
3437,1,train,-0.10128670466232163,-0.10859068704607336,-0.10469168830235813,-0.15347915067568513,-0.07824481063198063,-0.982625773945773,-0.44502297704231164,-0.5119188787986902,-0.6697505392372824,-0.15347915067568513,-0.1580470784389542,-0.09575505810207449,-0.2320713915475348,-0.13392533418289954,-0.09444490577171503,-0.21131873623656344,-0.09135431758701307,-0.06346514466983384,-0.35399648673805756,-0.29923712494490234,-0.23021848001873865,-0.6385569878134462,-0.00465221423641297,-0.37683240049076266,-0.5383567051862455,-0.32314246870482466,-0.3064771994698138,1.2344130312866872,0.7036264577958357,0.5200896461540525,0.0,0.0,0.0,1.0,0.0,0.0,0.0,0.0,0.0,0.0,0.0,0.0,0.0,0.0,0.0,0.0,0.0,0.0,0.0,0.0,0.0,0.0,0.0,1.0,1.0,0.0,0.0,0.0,0.0,0.0,0.0
3456,1,train,-0.0942432428585592,-0.11150156645270311,-0.10188881168871394,-0.07865275034626523,-0.07236676441752418,1.6238872059254563,-0.21964757349605563,-0.12509545060659688,-0.6697505392372824,-0.07865275034626523,0.041782560966620086,-0.09575505810207449,-0.2320713915475348,-0.13392533418289954,-0.09444490577171503,-0.025172101713864917,-0.09135431758701307,-0.06346514466983384,0.487941103341647,0.42126347048208757,0.504603663415988,0.38740193586630073,-0.9845249053250537,0.11090933645825053,0.43326726781991537,0.255803221450059,-0.34029174890336283,-1.5931527127555483,0.1985764717759862,-1.8669699259020998,0.0,0.0,1.0,1.0,0.0,0.0,1.0,0.0,1.0,0.0,0.0,0.0,0.0,0.0,0.0,0.0,0.0,0.0,0.0,0.0,0.0,0.0,0.0,1.0,1.0,1.0,0.0,0.0,0.0,1.0,0.0
3458,0,train,-0.09966129039991492,-0.11077384660104567,-0.10469168830235813,-0.11606595051097518,-0.07824481063198063,2.927143695861071,-0.24096686842610687,-0.17270448792254683,-0.6697505392372824,-0.11606595051097518,0.041782560966620086,-0.19305811945291232,-0.2320713915475348,-0.13392533418289954,-0.09444490577171503,-0.11824541897521418,-0.09135431758701307,-0.06346514466983384,0.06697230830179471,0.3843985606834739,0.45007616738905604,-0.21373587261912344,-0.5625167073768849,-0.37683240049076266,0.030006883824063718,-0.32314246870482466,-0.4079208477704609,-0.8862612767449896,1.7137264298355344,0.20181503654656552,0.0,0.0,1.0,0.0,0.0,0.0,0.0,0.0,1.0,0.0,0.0,0.0,0.0,0.0,0.0,0.0,0.0,0.0,0.0,0.0,0.0,1.0,0.0,1.0,1.0,1.0,0.0,0.0,0.0,0.0,1.0
3460,1,train,-0.10182850941645721,-0.11077384660104567,-0.10593741124175554,-0.15347915067568513,-0.07824481063198063,0.8419333119640875,-0.25365692493208974,-0.20246013624501558,1.1381650268020076,-0.15347915067568513,-0.1580470784389542,-0.09575505810207449,-0.2320713915475348,-0.13392533418289954,-0.09444490577171503,-0.21131873623656344,-0.09135431758701307,-0.06346514466983384,-0.35399648673805756,0.3610468654001719,0.41329228731426165,-0.8870614097166676,-0.5625167073768849,-0.8767395512791257,-0.5383567051862455,-0.32314246870482466,-0.44173539720400995,0.5275215952761285,0.7036264577958357,-0.9121460970796389,0.0,0.0,0.0,1.0,0.0,0.0,0.0,0.0,0.0,0.0,0.0,0.0,0.0,0.0,0.0,0.0,0.0,0.0,0.0,0.0,0.0,0.0,0.0,1.0,1.0,1.0,0.0,0.0,0.0,0.0,0.0
3461,0,train,-0.10237031417059278,-0.11150156645270311,-0.10656027271145425,-0.19089235084039508,-0.07824481063198063,0.25546789149306093,-0.23132242548155987,-0.14889996926457186,-0.6697505392372824,-0.19089235084039508,-0.1580470784389542,-0.19305811945291232,-0.2320713915475348,-0.13392533418289954,-0.09444490577171503,-0.3043920534979127,-0.09135431758701307,-0.06346514466983384,-0.7749652817779098,0.4014232747522637,0.4779597596166154,-1.3118825249109904,-0.9845249053250537,-1.5249226339062658,-1.5099806781924063,-0.32314246870482466,-0.509364496071108,-1.5931527127555483,0.7036264577958357,0.20181503654656552,0.0,0.0,0.0,0.0,0.0,0.0,0.0,0.0,0.0,0.0,0.0,0.0,0.0,0.0,0.0,0.0,0.0,0.0,0.0,0.0,0.0,0.0,0.0,0.0,1.0,1.0,0.0,0.0,1.0,0.0,0.0
3467,0,train,-0.10237031417059278,-0.11150156645270311,-0.10656027271145425,-0.19089235084039508,-0.07824481063198063,0.25546789149306093,-0.23132242548155987,-0.14889996926457186,-0.6697505392372824,-0.19089235084039508,-0.1580470784389542,-0.19305811945291232,-0.2320713915475348,-0.13392533418289954,-0.09444490577171503,-0.3043920534979127,-0.09135431758701307,-0.06346514466983384,-0.7749652817779098,0.4014232747522637,0.4779597596166154,-1.3118825249109904,-0.9845249053250537,-1.5249226339062658,-1.5099806781924063,-0.32314246870482466,-0.509364496071108,-1.5931527127555483,-0.8115235002637127,-1.7078326210983563,0.0,0.0,0.0,0.0,0.0,0.0,0.0,0.0,0.0,0.0,0.0,0.0,0.0,0.0,0.0,0.0,0.0,0.0,0.0,0.0,0.0,0.0,0.0,0.0,1.0,1.0,0.0,0.0,1.0,0.0,0.0
3473,1,train,-0.09803587613750821,-0.10859068704607336,-0.102823103893262,-0.15347915067568513,-0.07824481063198063,-0.07034623099084275,-0.4105060233460382,-0.5535767864501465,1.1381650268020076,-0.15347915067568513,-0.1580470784389542,-0.09575505810207449,-0.2320713915475348,-0.13392533418289954,-0.09444490577171503,-0.21131873623656344,-0.09135431758701307,-0.06346514466983384,-0.35399648673805756,-0.09511679215275037,-0.41009791400642853,0.034768549284098414,-0.00465221423641297,-0.01159823507080119,-0.5383567051862455,-0.32314246870482466,-0.10358990286851956,-0.1793698407344305,-0.3064735142438632,0.36095234135030896,0.0,0.0,0.0,1.0,0.0,0.0,0.0,0.0,0.0,0.0,0.0,0.0,0.0,0.0,0.0,0.0,0.0,0.0,0.0,0.0,0.0,0.0,0.0,1.0,1.0,0.0,0.0,0.0,0.0,0.0,0.0
3479,1,train,-0.10182850941645721,-0.11077384660104567,-0.10593741124175554,-0.15347915067568513,-0.07824481063198063,0.4509563649834031,-0.2912194921897991,-0.261971432889953,1.1381650268020076,-0.15347915067568513,-0.1580470784389542,-0.09575505810207449,-0.2320713915475348,-0.13392533418289954,-0.09444490577171503,-0.21131873623656344,-0.09135431758701307,-0.06346514466983384,-0.7749652817779098,0.28450244019644333,0.3321701530237894,-0.8870614097166676,-0.5625167073768849,-0.8767395512791257,-0.5383567051862455,-0.32314246870482466,-0.44173539720400995,0.5275215952761285,0.1985764717759862,1.1566388653690263,0.0,0.0,0.0,1.0,0.0,0.0,0.0,0.0,0.0,0.0,0.0,0.0,0.0,0.0,0.0,0.0,0.0,0.0,0.0,0.0,0.0,0.0,0.0,0.0,1.0,1.0,0.0,0.0,0.0,0.0,0.0
3483,0,train,-0.10074489990818607,-0.11150156645270311,-0.10562598050690619,-0.15347915067568513,-0.07824481063198063,-1.2432770719328958,-0.3704054447871323,-0.36909176685084044,-0.6697505392372824,-0.15347915067568513,-0.1580470784389542,-0.09575505810207449,-0.2320713915475348,-0.13392533418289954,-0.09444490577171503,-0.21131873623656344,-0.09135431758701307,-0.06346514466983384,-0.7749652817779098,0.0677740844078217,0.15098628078162543,-0.4622402945223449,-0.9845249053250537,-0.7070066487240076,-0.5383567051862455,-0.32314246870482466,-0.4079208477704609,-1.5931527127555483,0.1985764717759862,1.6340507797802568,0.0,0.0,0.0,1.0,0.0,0.0,0.0,0.0,0.0,0.0,0.0,0.0,0.0,0.0,0.0,0.0,0.0,0.0,0.0,0.0,0.0,0.0,0.0,0.0,1.0,1.0,0.0,0.0,0.0,0.0,0.0
3487,0,train,-0.10182850941645721,-0.11077384660104567,-0.10593741124175554,-0.15347915067568513,-0.07824481063198063,0.5812820139769646,-0.4785247262181065,-0.6011858237660964,-0.6697505392372824,-0.15347915067568513,-0.1580470784389542,-0.19305811945291232,0.3581679857987965,-0.13392533418289954,-0.09444490577171503,-0.21131873623656344,-0.09135431758701307,-0.06346514466983384,-0.35399648673805756,-0.6430425721082221,-0.7162812460213847,-0.8870614097166676,-0.5625167073768849,-0.8767395512791257,-0.5383567051862455,-0.32314246870482466,-0.44173539720400995,0.5275215952761285,0.7036264577958357,-0.2755968778646649,0.0,0.0,0.0,0.0,1.0,0.0,0.0,1.0,0.0,0.0,0.0,0.0,0.0,0.0,0.0,0.0,0.0,0.0,0.0,0.0,0.0,0.0,0.0,1.0,1.0,0.0,0.0,0.0,0.0,0.0,0.0
3488,0,train,-0.10182850941645721,-0.11077384660104567,-0.10593741124175554,-0.15347915067568513,-0.07824481063198063,1.5587243814286755,-0.3648218199244998,-0.3809940261798279,-0.6697505392372824,-0.15347915067568513,-0.1580470784389542,-0.19305811945291232,0.3581679857987965,-0.13392533418289954,-0.09444490577171503,-0.21131873623656344,-0.09135431758701307,-0.06346514466983384,-0.35399648673805756,0.08666744607187743,0.1270075176176089,-0.8870614097166676,-0.5625167073768849,-0.8767395512791257,-0.5383567051862455,-0.32314246870482466,-0.44173539720400995,0.5275215952761285,0.7036264577958357,-0.11645957306092145,0.0,0.0,0.0,0.0,1.0,0.0,0.0,1.0,0.0,0.0,0.0,0.0,0.0,0.0,0.0,0.0,0.0,0.0,0.0,0.0,0.0,0.0,0.0,1.0,1.0,0.0,0.0,0.0,0.0,0.0,0.0
3489,0,train,-0.10182850941645721,-0.11077384660104567,-0.10593741124175554,-0.15347915067568513,-0.07824481063198063,-0.982625773945773,0.07425413518250802,0.13080312496663413,-0.6697505392372824,-0.15347915067568513,-0.1580470784389542,-0.19305811945291232,0.3581679857987965,-0.13392533418289954,-0.09444490577171503,-0.21131873623656344,-0.09135431758701307,-0.06346514466983384,0.06697230830179471,0.7596554450231328,0.7344611283910623,-0.8870614097166676,-0.5625167073768849,-0.8767395512791257,-0.5383567051862455,-0.32314246870482466,-0.44173539720400995,0.5275215952761285,0.7036264577958357,-0.11645957306092145,0.0,1.0,0.0,0.0,1.0,0.0,0.0,1.0,0.0,0.0,0.0,0.0,0.0,0.0,0.0,0.0,0.0,0.0,0.0,0.0,0.0,0.0,1.0,1.0,1.0,1.0,0.0,0.0,0.0,0.0,0.0
3491,0,train,-0.10182850941645721,-0.11077384660104567,-0.10593741124175554,-0.15347915067568513,-0.07236676441752418,0.32063071598984166,-0.2130487441129445,-0.10724206161311566,-0.6697505392372824,-0.15347915067568513,-0.1580470784389542,-0.19305811945291232,0.3581679857987965,-0.13392533418289954,-0.09444490577171503,-0.21131873623656344,-0.09135431758701307,-0.06346514466983384,0.487941103341647,0.432128712477338,0.523837050722775,-0.8870614097166676,-0.5625167073768849,-0.8767395512791257,-0.5383567051862455,0.255803221450059,-0.44173539720400995,0.5275215952761285,1.208676443815685,-0.4347341826684084,0.0,1.0,0.0,0.0,1.0,0.0,1.0,1.0,0.0,0.0,0.0,0.0,0.0,0.0,0.0,0.0,0.0,0.0,0.0,0.0,0.0,0.0,1.0,1.0,1.0,1.0,0.0,0.0,0.0,1.0,1.0
3492,1,train,-0.09641046187510148,-0.10640752749110105,-0.10095451948416588,-0.07865275034626523,-0.07824481063198063,-0.1355090554876235,-0.4582206358085339,-0.565479045779134,1.1381650268020076,-0.07865275034626523,0.041782560966620086,-0.09575505810207449,-0.2320713915475348,-0.13392533418289954,-0.09444490577171503,-0.025172101713864917,-0.09135431758701307,-0.06346514466983384,-0.35399648673805756,-0.40749623796346224,-0.4732498630200618,0.21108524257519945,0.28149968851945306,0.2123012746642494,0.43326726781991537,-0.32314246870482466,-0.3064771994698138,0.0562606379357559,-1.316573486283562,-2.026107230705843,0.0,0.0,1.0,1.0,0.0,0.0,0.0,0.0,1.0,0.0,0.0,0.0,0.0,0.0,0.0,0.0,0.0,0.0,0.0,0.0,0.0,0.0,0.0,1.0,1.0,0.0,0.0,0.0,0.0,0.0,0.0
3497,1,train,-0.10182850941645721,-0.11077384660104567,-0.10593741124175554,-0.15347915067568513,-0.07824481063198063,-0.6568116514618694,-0.49121478272408936,-0.6309414720885652,-0.6697505392372824,-0.15347915067568513,-0.1580470784389542,-0.19305811945291232,0.3581679857987965,-0.13392533418289954,-0.09444490577171503,-0.21131873623656344,-0.09135431758701307,-0.06346514466983384,-0.35399648673805756,-0.8833500295175288,-1.0393498957928322,-0.8870614097166676,-0.5625167073768849,-0.8767395512791257,-0.5383567051862455,-0.32314246870482466,-0.44173539720400995,0.5275215952761285,-1.316573486283562,0.9975015605652829,0.0,0.0,0.0,0.0,1.0,0.0,0.0,1.0,0.0,0.0,0.0,0.0,0.0,0.0,0.0,0.0,0.0,0.0,0.0,0.0,0.0,0.0,0.0,1.0,1.0,0.0,0.0,0.0,0.0,0.0,0.0
3507,0,train,-0.10237031417059278,-0.07220469446320156,-0.08974301302958916,-0.11606595051097518,-0.07824481063198063,-0.07034623099084275,-0.3049247532162606,-0.38694515584432165,1.1381650268020076,-0.11606595051097518,-0.1580470784389542,0.0015480032487633255,-0.2320713915475348,-0.13392533418289954,-0.09444490577171503,-0.21131873623656344,0.020300959463780674,-0.06346514466983384,0.487941103341647,0.2532659727919519,0.11464854076565881,-1.3118825249109904,1.45525628906963,0.8394106289840044,0.030006883824063718,-0.32314246870482466,0.403628338634716,2.6481959033078053,-0.8115235002637127,-1.0712834018833823,0.0,0.0,0.0,1.0,0.0,0.0,0.0,0.0,0.0,1.0,0.0,0.0,0.0,0.0,0.0,0.0,0.0,0.0,0.0,1.0,0.0,0.0,0.0,1.0,1.0,0.0,0.0,0.0,0.0,0.0,0.0
3510,0,train,-0.09641046187510148,-0.10349664808447132,-0.09970879654476847,-0.15347915067568513,-0.07824481063198063,-1.0477885984425537,-0.24045926616586755,-0.16080222859355936,-0.6697505392372824,-0.15347915067568513,0.041782560966620086,-0.19305811945291232,-0.2320713915475348,-0.13392533418289954,-0.09444490577171503,-0.21131873623656344,-0.09135431758701307,-0.06346514466983384,-0.35399648673805756,0.38530964933997847,0.4641800920275799,0.21108524257519945,0.5283586593160425,0.32502418300441155,-0.5383567051862455,-0.32314246870482466,0.2345555914669708,0.5275215952761285,0.1985764717759862,0.9975015605652829,0.0,0.0,1.0,0.0,0.0,0.0,0.0,0.0,1.0,0.0,0.0,0.0,0.0,0.0,0.0,0.0,0.0,0.0,0.0,0.0,0.0,0.0,0.0,1.0,1.0,1.0,0.0,0.0,0.0,0.0,0.0
3517,1,train,-0.10182850941645721,-0.11077384660104567,-0.10593741124175554,-0.15347915067568513,-0.07824481063198063,-1.8949053169007033,-0.24045926616586755,-0.16080222859355936,-0.6697505392372824,-0.15347915067568513,-0.1580470784389542,-0.09575505810207449,-0.2320713915475348,-0.13392533418289954,-0.09444490577171503,-0.21131873623656344,-0.09135431758701307,-0.06346514466983384,-0.7749652817779098,0.38530964933997847,0.4641800920275799,-0.8870614097166676,-0.5625167073768849,-0.8767395512791257,-0.5383567051862455,-0.32314246870482466,-0.44173539720400995,0.5275215952761285,0.1985764717759862,1.4749134749765134,0.0,0.0,0.0,1.0,0.0,0.0,0.0,0.0,0.0,0.0,0.0,0.0,0.0,0.0,0.0,0.0,0.0,0.0,0.0,0.0,0.0,0.0,0.0,0.0,1.0,1.0,1.0,0.0,0.0,0.0,0.0
3524,1,train,-0.10237031417059278,-0.1093184068977308,-0.10562598050690619,-0.15347915067568513,-0.07824481063198063,0.12514224249949946,-0.009500237756979021,0.0474873096637217,-0.6697505392372824,-0.15347915067568513,-0.1580470784389542,-0.19305811945291232,0.3581679857987965,-0.13392533418289954,-0.09444490577171503,-0.21131873623656344,-0.09135431758701307,-0.06346514466983384,0.06697230830179471,0.6847282597990119,0.6688374680753731,-1.3118825249109904,-0.14050850942871598,-0.7070066487240076,-0.5383567051862455,-0.32314246870482466,-0.4079208477704609,2.6481959033078053,-1.316573486283562,0.8383642557615394,0.0,0.0,0.0,0.0,1.0,0.0,0.0,1.0,0.0,0.0,0.0,0.0,0.0,0.0,0.0,0.0,0.0,0.0,0.0,0.0,0.0,0.0,0.0,1.0,1.0,1.0,0.0,0.0,0.0,0.0,0.0
3530,1,train,-0.10128670466232163,-0.11004612674938824,-0.10531454977205683,-0.15347915067568513,-0.07824481063198063,0.4509563649834031,-0.48816916916265346,-0.6309414720885652,1.1381650268020076,-0.15347915067568513,-0.1580470784389542,-0.09575505810207449,-0.2320713915475348,-0.13392533418289954,-0.09444490577171503,-0.21131873623656344,-0.09135431758701307,-0.06346514466983384,-0.35399648673805756,-0.8139240016825025,-1.0393498957928322,-0.6385569878134462,-0.3156577365802952,-0.5753515812801854,-0.5383567051862455,-0.32314246870482466,-0.37410629833691184,0.5275215952761285,0.1985764717759862,-0.4347341826684084,0.0,0.0,0.0,1.0,0.0,0.0,0.0,0.0,0.0,0.0,0.0,0.0,0.0,0.0,0.0,0.0,0.0,0.0,0.0,0.0,0.0,0.0,0.0,1.0,1.0,0.0,0.0,0.0,0.0,0.0,0.0
3537,1,train,-0.10182850941645721,-0.11077384660104567,-0.10593741124175554,-0.15347915067568513,-0.07824481063198063,0.059979418002718714,-0.5105036686131833,-0.6666482500755276,1.1381650268020076,-0.15347915067568513,-0.1580470784389542,-0.19305811945291232,-0.2320713915475348,-0.13392533418289954,-0.09444490577171503,-0.21131873623656344,-0.09135431758701307,-0.06346514466983384,-0.35399648673805756,-2.6607436936541022,-2.2057073092032726,-0.8870614097166676,-0.5625167073768849,-0.8767395512791257,-0.5383567051862455,-0.32314246870482466,-0.44173539720400995,0.5275215952761285,-0.3064735142438632,-0.9121460970796389,0.0,0.0,0.0,0.0,0.0,0.0,0.0,0.0,0.0,0.0,0.0,0.0,0.0,0.0,0.0,0.0,0.0,0.0,0.0,0.0,0.0,0.0,0.0,1.0,0.0,0.0,0.0,0.0,0.0,0.0,0.0
3544,1,train,-0.10182850941645721,-0.11077384660104567,-0.10593741124175554,-0.15347915067568513,-0.07824481063198063,-0.9174629494489922,-0.24045926616586755,-0.16080222859355936,-0.6697505392372824,-0.15347915067568513,-0.1580470784389542,-0.09575505810207449,-0.2320713915475348,-0.13392533418289954,-0.09444490577171503,-0.21131873623656344,-0.09135431758701307,-0.06346514466983384,-0.7749652817779098,0.38530964933997847,0.4641800920275799,-0.8870614097166676,-0.5625167073768849,-0.8767395512791257,-0.5383567051862455,-0.32314246870482466,-0.44173539720400995,0.5275215952761285,-0.3064735142438632,0.20181503654656552,0.0,0.0,0.0,1.0,0.0,0.0,0.0,0.0,0.0,0.0,0.0,0.0,0.0,0.0,0.0,0.0,0.0,0.0,0.0,0.0,0.0,0.0,0.0,0.0,1.0,1.0,0.0,0.0,0.0,0.0,0.0
3548,0,train,-0.10182850941645721,-0.11077384660104567,-0.10593741124175554,-0.15347915067568513,-0.07824481063198063,-0.72197447595865,-0.21203353959246588,-0.10129093194862192,-0.6697505392372824,-0.15347915067568513,-0.1580470784389542,-0.09575505810207449,-0.2320713915475348,-0.13392533418289954,-0.09444490577171503,-0.21131873623656344,-0.09135431758701307,-0.06346514466983384,-0.7749652817779098,0.43377889967036115,0.5301134341591802,-0.8870614097166676,-0.5625167073768849,-0.8767395512791257,-0.5383567051862455,-0.32314246870482466,-0.44173539720400995,0.5275215952761285,1.208676443815685,0.679226950957796,0.0,0.0,0.0,1.0,0.0,0.0,0.0,0.0,0.0,0.0,0.0,0.0,0.0,0.0,0.0,0.0,0.0,0.0,0.0,0.0,0.0,0.0,0.0,0.0,1.0,1.0,0.0,0.0,0.0,0.0,1.0
3554,1,train,0.21512727175285273,1.3817795691483559,0.7149940058211404,2.95181646299524,-0.04297653334524188,-1.5690911944167996,-0.4120288301267562,-0.517870008463184,-0.6697505392372824,2.95181646299524,5.2373531855115525,2.336821475668871,3.899604249876784,1.8636050739688226,-0.09444490577171503,6.95532669288733,0.5785773447177494,-0.06346514466983384,3.8556914636604653,-0.10252387598367567,-0.25283962280310873,2.5952893273398643,3.6590498598542953,3.12320215415793,4.717537207727385,1.656285920093244,0.552573377806301,1.7060312751754607,1.208676443815685,0.8383642557615394,0.0,0.0,1.0,1.0,1.0,1.0,1.0,1.0,1.0,1.0,1.0,1.0,1.0,0.0,0.0,0.0,1.0,1.0,1.0,1.0,0.0,0.0,0.0,1.0,1.0,0.0,1.0,0.0,0.0,1.0,1.0
3563,1,train,-0.07798910023449201,-0.08384821208972054,-0.08071152171895792,-0.003826350016845344,-0.07824481063198063,0.19030506699628016,-0.5044124414903116,-0.6547459907465402,1.1381650268020076,-0.003826350016845344,0.24161220037219439,0.0015480032487633255,-0.2320713915475348,-0.13392533418289954,-0.09444490577171503,0.16097453280883361,-0.09135431758701307,-0.06346514466983384,0.9089098983814993,-1.416346798736402,-1.547211032808428,1.0346432251060849,1.245958160488257,1.0892666673186358,1.0016308568302243,-0.32314246870482466,0.051957024525806056,0.34866954520116766,-0.8115235002637127,1.4749134749765134,0.0,0.0,1.0,1.0,0.0,0.0,0.0,0.0,1.0,1.0,1.0,0.0,1.0,0.0,0.0,0.0,0.0,0.0,0.0,0.0,0.0,0.0,0.0,1.0,1.0,0.0,0.0,0.0,0.0,0.0,0.0
3567,0,train,-0.10182850941645721,-0.11077384660104567,-0.10593741124175554,-0.15347915067568513,-0.07824481063198063,0.5812820139769646,-0.09934583781933785,-0.09533980228412817,-0.6697505392372824,-0.15347915067568513,-0.1580470784389542,-0.19305811945291232,0.3581679857987965,-0.13392533418289954,-0.09444490577171503,-0.21131873623656344,-0.09135431758701307,-0.06346514466983384,-0.35399648673805756,0.5889516438463925,0.5363247761825369,-0.8870614097166676,-0.5625167073768849,-0.8767395512791257,-0.5383567051862455,-0.32314246870482466,-0.44173539720400995,0.5275215952761285,0.7036264577958357,-1.0712834018833823,0.0,0.0,0.0,0.0,1.0,0.0,0.0,1.0,0.0,0.0,0.0,0.0,0.0,0.0,0.0,0.0,0.0,0.0,0.0,0.0,0.0,0.0,0.0,1.0,1.0,1.0,0.0,0.0,0.0,0.0,0.0
3579,1,train,-0.09153421908788133,-0.11077384660104567,-0.10002022727961783,-0.07865275034626523,-0.07824481063198063,1.2329102589447718,-0.07904174740976523,0.07724295798619042,-0.6697505392372824,-0.07865275034626523,0.041782560966620086,-0.09575505810207449,-0.2320713915475348,-0.13392533418289954,-0.09444490577171503,-0.025172101713864917,-0.09135431758701307,-0.06346514466983384,0.487941103341647,0.6123089614440649,0.6931075503903792,0.5540666609213364,-0.5625167073768849,0.298797568949053,0.43326726781991537,-0.32314246870482466,-0.2726626500362647,-1.3911837310382458,-1.316573486283562,0.9975015605652829,0.0,1.0,1.0,1.0,0.0,0.0,0.0,0.0,1.0,0.0,0.0,0.0,0.0,0.0,0.0,0.0,0.0,0.0,0.0,0.0,0.0,0.0,1.0,1.0,1.0,1.0,0.0,0.0,0.0,0.0,0.0
3581,0,train,-0.09911948564577935,-0.11004612674938824,-0.10406882683265942,-0.15347915067568513,-0.07236676441752418,0.19030506699628016,-0.20543471020935478,-0.10724206161311566,-0.6697505392372824,-0.15347915067568513,-0.1580470784389542,-0.09575505810207449,-0.2320713915475348,-0.13392533418289954,-0.09444490577171503,-0.21131873623656344,-0.09135431758701307,-0.06346514466983384,-0.35399648673805756,0.4443704359669235,0.523837050722775,-0.1192588761762082,-0.3156577365802952,-0.22855646865198537,-0.5383567051862455,0.255803221450059,-0.23884810060271572,-0.5328155587397099,-0.3064735142438632,-2.026107230705843,0.0,0.0,0.0,1.0,0.0,0.0,1.0,0.0,0.0,0.0,0.0,0.0,0.0,0.0,0.0,0.0,0.0,0.0,0.0,0.0,0.0,0.0,0.0,1.0,1.0,1.0,0.0,0.0,0.0,1.0,0.0
3587,0,train,-0.06932022416832286,-0.0991303289745267,-0.08226867539320468,-0.07865275034626523,-0.07236676441752418,1.1025846099512104,-0.0186370784412867,0.31528814456594023,-0.6697505392372824,-0.07865275034626523,-0.1580470784389542,0.0015480032487633255,-0.2320713915475348,-0.13392533418289954,-0.09444490577171503,-0.025172101713864917,-0.09135431758701307,-0.06346514466983384,0.06697230830179471,0.6758079041017349,0.8583626619142963,1.2175857917534842,0.7752176301126319,1.053058886602848,0.43326726781991537,0.255803221450059,0.369813789201167,-0.6687562195109714,0.7036264577958357,-0.5938714874721519,0.0,0.0,0.0,1.0,0.0,0.0,1.0,0.0,0.0,0.0,0.0,1.0,0.0,0.0,0.0,0.0,0.0,0.0,0.0,0.0,0.0,0.0,0.0,1.0,1.0,1.0,0.0,0.0,0.0,1.0,0.0
3601,0,train,-0.10128670466232163,-0.11004612674938824,-0.10531454977205683,-0.15347915067568513,-0.07824481063198063,-0.5916488269650886,-0.09985344007957717,0.04153617999922796,-0.6697505392372824,-0.15347915067568513,-0.1580470784389542,-0.09575505810207449,-0.2320713915475348,-0.13392533418289954,-0.09444490577171503,-0.21131873623656344,-0.09135431758701307,-0.06346514466983384,-0.7749652817779098,0.5883530570128902,0.6638632557819377,-0.6385569878134462,-0.3156577365802952,-0.5753515812801854,-0.5383567051862455,-0.32314246870482466,-0.37410629833691184,0.5275215952761285,0.1985764717759862,-1.3895580114908692,0.0,0.0,0.0,1.0,0.0,0.0,0.0,0.0,0.0,0.0,0.0,0.0,0.0,0.0,0.0,0.0,0.0,0.0,0.0,0.0,0.0,0.0,0.0,0.0,1.0,1.0,0.0,0.0,0.0,0.0,0.0
3605,0,train,-0.10020309515405049,-0.10859068704607336,-0.10406882683265942,-0.15347915067568513,-0.07824481063198063,-0.3309975289779657,-0.4521294086856621,-0.541674527121159,-0.6697505392372824,-0.15347915067568513,-0.1580470784389542,-0.19305811945291232,-0.2320713915475348,-0.13392533418289954,-0.09444490577171503,-0.21131873623656344,-0.09135431758701307,-0.06346514466983384,-0.7749652817779098,-0.3545177027525638,-0.3529700271704281,-0.32547844223991174,-0.00465221423641297,-0.22855646865198537,-0.5383567051862455,-0.32314246870482466,-0.23884810060271572,0.5275215952761285,1.208676443815685,0.04267773174282203,0.0,0.0,0.0,0.0,0.0,0.0,0.0,0.0,0.0,0.0,0.0,0.0,0.0,0.0,0.0,0.0,0.0,0.0,0.0,0.0,0.0,0.0,0.0,0.0,1.0,0.0,0.0,0.0,0.0,0.0,1.0
3616,1,train,-0.09803587613750821,-0.11150156645270311,-0.10406882683265942,-0.15347915067568513,-0.07824481063198063,-0.982625773945773,-0.5105036686131833,-0.6666482500755276,-0.6697505392372824,-0.15347915067568513,-0.1580470784389542,-0.19305811945291232,0.3581679857987965,-0.13392533418289954,0.004733515563737508,-0.3043920534979127,-0.09135431758701307,-0.06346514466983384,0.06697230830179471,-2.6607436936541022,-2.2057073092032726,0.034768549284098414,-0.9845249053250537,-0.22855646865198537,-0.5383567051862455,-0.32314246870482466,-0.23884810060271572,-1.5931527127555483,-1.316573486283562,1.31577617017277,0.0,0.0,0.0,0.0,1.0,0.0,0.0,1.0,0.0,0.0,0.0,0.0,0.0,0.0,0.0,1.0,0.0,0.0,0.0,0.0,0.0,0.0,0.0,1.0,0.0,0.0,0.0,0.0,0.0,0.0,0.0
3622,0,train,-0.09966129039991492,-0.11150156645270311,-0.10500311903720748,-0.15347915067568513,-0.07824481063198063,-1.1781142474361153,-0.29375750349099566,-0.3928962855088154,-0.6697505392372824,-0.15347915067568513,-0.1580470784389542,-0.19305811945291232,-0.2320713915475348,-0.13392533418289954,-0.09444490577171503,-0.21131873623656344,-0.09135431758701307,-0.06346514466983384,-0.7749652817779098,0.27886759674887707,0.10202935590382027,-0.21373587261912344,-0.9845249053250537,-0.4677815586879967,-0.5383567051862455,-0.32314246870482466,-0.34029174890336283,-1.5931527127555483,-1.316573486283562,-1.2304207066871258,0.0,0.0,0.0,0.0,0.0,0.0,0.0,0.0,0.0,0.0,0.0,0.0,0.0,0.0,0.0,0.0,0.0,0.0,0.0,0.0,0.0,0.0,0.0,0.0,1.0,0.0,0.0,0.0,0.0,0.0,0.0
3624,1,train,-0.10128670466232163,-0.11004612674938824,-0.10531454977205683,-0.11606595051097518,-0.07824481063198063,-0.39616035347474643,2.8716501913613754,3.076612308891038,1.1381650268020076,-0.11606595051097518,-0.1580470784389542,-0.19305811945291232,-0.2320713915475348,-0.13392533418289954,-0.09444490577171503,-0.11824541897521418,-0.09135431758701307,-0.06346514466983384,0.06697230830179471,1.6107876519011486,1.65778715880018,-0.6385569878134462,-0.3156577365802952,-0.5753515812801854,0.030006883824063718,-0.32314246870482466,-0.44173539720400995,0.5275215952761285,-0.3064735142438632,-0.7530087922758953,0.0,0.0,0.0,0.0,0.0,0.0,0.0,0.0,0.0,0.0,0.0,0.0,0.0,1.0,1.0,0.0,0.0,0.0,0.0,0.0,0.0,0.0,0.0,1.0,1.0,1.0,0.0,1.0,0.0,0.0,0.0
3636,1,train,-0.10128670466232163,-0.11004612674938824,-0.10531454977205683,-0.11606595051097518,-0.07824481063198063,-0.39616035347474643,3.1548922525749137,3.0587589198975564,1.1381650268020076,-0.11606595051097518,-0.1580470784389542,-0.19305811945291232,-0.2320713915475348,-0.13392533418289954,-0.09444490577171503,-0.11824541897521418,-0.09135431758701307,-0.06346514466983384,0.06697230830179471,1.6497999096717093,1.6549261073471417,-0.6385569878134462,-0.3156577365802952,-0.5753515812801854,0.030006883824063718,-0.32314246870482466,-0.44173539720400995,0.5275215952761285,-0.3064735142438632,-0.7530087922758953,0.0,0.0,0.0,0.0,0.0,0.0,0.0,0.0,0.0,0.0,0.0,0.0,0.0,1.0,1.0,0.0,0.0,0.0,0.0,0.0,0.0,0.0,0.0,1.0,1.0,1.0,0.0,1.0,0.0,0.0,0.0
3643,0,train,-0.09532685236683033,-0.09767488927121182,-0.09659448919627493,-0.003826350016845344,-0.031220440916328963,1.3632359079383334,-0.24045926616586755,-0.16080222859355936,-0.6697505392372824,-0.003826350016845344,0.041782560966620086,-0.09575505810207449,0.3581679857987965,-0.13392533418289954,-0.09444490577171503,0.16097453280883361,-0.09135431758701307,-0.06346514466983384,0.9089098983814993,0.38530964933997847,0.4641800920275799,0.3055622390181148,0.8393641816599245,0.5380226589850635,1.0016308568302243,1.9749027251791056,-0.2929513796963942,0.9251480280320679,-1.316573486283562,-1.3895580114908692,0.0,0.0,1.0,1.0,1.0,0.0,1.0,1.0,1.0,0.0,1.0,0.0,0.0,0.0,0.0,0.0,0.0,0.0,0.0,0.0,0.0,0.0,0.0,1.0,1.0,1.0,0.0,0.0,0.0,1.0,0.0
3644,1,train,-0.10182850941645721,-0.11077384660104567,-0.10593741124175554,-0.15347915067568513,-0.07824481063198063,-0.46132317797152717,2.0508573365544023,2.612424195060526,1.1381650268020076,-0.15347915067568513,-0.1580470784389542,-0.19305811945291232,-0.2320713915475348,-0.13392533418289954,-0.09444490577171503,-0.21131873623656344,-0.09135431758701307,-0.06346514466983384,0.06697230830179471,1.4759506334360053,1.578564833204354,-0.8870614097166676,-0.5625167073768849,-0.8767395512791257,-0.5383567051862455,-0.32314246870482466,-0.44173539720400995,0.5275215952761285,-1.316573486283562,-0.7530087922758953,0.0,0.0,0.0,0.0,0.0,0.0,0.0,0.0,0.0,0.0,0.0,0.0,0.0,1.0,1.0,0.0,0.0,0.0,0.0,0.0,0.0,0.0,0.0,1.0,1.0,1.0,0.0,1.0,0.0,0.0,0.0
3648,1,train,-0.10182850941645721,-0.11077384660104567,-0.10593741124175554,-0.15347915067568513,-0.07824481063198063,-0.20067187998440422,1.9412152483427103,2.4814993424416634,1.1381650268020076,-0.15347915067568513,-0.1580470784389542,-0.19305811945291232,-0.2320713915475348,-0.13392533418289954,-0.09444490577171503,-0.21131873623656344,-0.09135431758701307,-0.06346514466983384,0.06697230830179471,1.454729719528267,1.5541870536217215,-0.8870614097166676,-0.5625167073768849,-0.8767395512791257,-0.5383567051862455,-0.32314246870482466,-0.44173539720400995,0.5275215952761285,-0.3064735142438632,-0.7530087922758953,0.0,0.0,0.0,0.0,0.0,0.0,0.0,0.0,0.0,0.0,0.0,0.0,0.0,1.0,1.0,0.0,0.0,0.0,0.0,0.0,0.0,0.0,0.0,1.0,1.0,1.0,0.0,1.0,0.0,0.0,0.0
3652,0,train,-0.08665797630066117,-0.09476400986458208,-0.09036587449928787,-0.15347915067568513,-0.07824481063198063,-0.39616035347474643,-0.49426039628552526,-0.636892601753059,-0.6697505392372824,-0.15347915067568513,-0.1580470784389542,-0.09575505810207449,-0.2320713915475348,-0.13392533418289954,-0.09444490577171503,-0.21131873623656344,-0.09135431758701307,-0.06346514466983384,-0.35399648673805756,-0.9643970816292704,-1.1317461394149064,0.7726682100519553,0.9503668572642114,0.817556216913568,-0.5383567051862455,-0.32314246870482466,1.248992074473442,0.282828405887858,-1.316573486283562,-0.4347341826684084,0.0,0.0,0.0,1.0,0.0,0.0,0.0,0.0,0.0,1.0,0.0,0.0,0.0,0.0,0.0,0.0,0.0,0.0,0.0,0.0,0.0,0.0,0.0,1.0,1.0,0.0,0.0,0.0,0.0,0.0,0.0
3657,0,train,-0.08286534302171217,-0.08530365179303541,-0.0841372598023008,-0.15347915067568513,-0.07824481063198063,-1.5690911944167996,-0.48410835108073896,-0.5714301754436277,-0.6697505392372824,-0.15347915067568513,-0.1580470784389542,-0.19305811945291232,-0.2320713915475348,-0.13392533418289954,-0.09444490577171503,-0.21131873623656344,-0.09135431758701307,-0.06346514466983384,-0.35399648673805756,-0.73453843943781,-0.5075099956132192,0.901203263428318,1.2139071217990423,1.0064555921845773,-0.5383567051862455,-0.32314246870482466,1.9252830631444227,0.5275215952761285,-0.3064735142438632,1.6340507797802568,0.0,0.0,0.0,0.0,0.0,0.0,0.0,0.0,0.0,1.0,0.0,0.0,0.0,0.0,0.0,0.0,0.0,0.0,0.0,0.0,0.0,0.0,0.0,1.0,1.0,0.0,1.0,0.0,0.0,0.0,0.0
3659,1,train,-0.10020309515405049,-0.10567980763944362,-0.102823103893262,-0.15347915067568513,-0.07824481063198063,0.7767704874673067,-0.4404545567001578,-0.541674527121159,1.1381650268020076,-0.15347915067568513,-0.1580470784389542,-0.09575505810207449,-0.2320713915475348,-0.13392533418289954,-0.09444490577171503,-0.21131873623656344,-0.09135431758701307,-0.06346514466983384,-0.7749652817779098,-0.26676112921189366,-0.3529700271704281,-0.32547844223991174,0.35320943216446354,-0.01159823507080119,-0.5383567051862455,-0.32314246870482466,-0.10358990286851956,1.2344130312866872,0.1985764717759862,-1.5486953162946127,0.0,0.0,0.0,1.0,0.0,0.0,0.0,0.0,0.0,0.0,0.0,0.0,0.0,0.0,0.0,0.0,0.0,0.0,0.0,0.0,0.0,0.0,0.0,0.0,1.0,0.0,0.0,0.0,0.0,0.0,0.0
3669,1,train,0.11272617322122953,0.20141796975999438,0.1509929450089611,-0.003826350016845344,-0.04885457955969834,-0.26583470448118496,-0.21101833507198725,-0.12509545060659688,1.1381650268020076,-0.003826350016845344,-0.1580470784389542,0.2934571873012768,-0.2320713915475348,-0.13392533418289954,0.004733515563737508,0.06790121554748434,-0.09135431758701307,-0.06346514466983384,2.592785078540908,0.4354234929977618,0.504603663415988,2.3571379779031076,2.7086984323151397,2.4393063334409497,1.0016308568302243,1.4656223519725455,5.083561980237903,0.6121434237707422,-0.8115235002637127,0.679226950957796,0.0,0.0,0.0,1.0,0.0,0.0,1.0,0.0,0.0,1.0,1.0,1.0,1.0,0.0,0.0,1.0,0.0,1.0,0.0,0.0,0.0,0.0,0.0,1.0,1.0,1.0,0.0,0.0,0.0,1.0,0.0
3670,0,train,1.136195353783326,2.6254527956309137,1.7766613809225864,5.271434873207257,0.9974376466135514,-0.26583470448118496,-0.21000313055150863,-0.12509545060659688,-0.6697505392372824,5.271434873207257,5.2373531855115525,6.812762297807411,6.850801136608441,2.862370278044683,0.996517728918263,11.050552652386697,1.3601642840733055,-0.06346514466983384,4.69762905374017,0.43706253025603686,0.504603663415988,3.4287985329187167,4.027786368381449,3.612506810346304,5.485393569840084,6.141058471802864,0.8911600273855429,1.0448019995008222,-0.8115235002637127,0.679226950957796,0.0,0.0,1.0,1.0,1.0,1.0,1.0,1.0,1.0,1.0,1.0,1.0,1.0,0.0,0.0,1.0,1.0,1.0,1.0,1.0,0.0,0.0,0.0,1.0,1.0,1.0,0.0,0.0,0.0,1.0,0.0
3671,1,train,-0.10182850941645721,-0.11077384660104567,-0.10593741124175554,-0.15347915067568513,-0.07824481063198063,-0.1355090554876235,3.4980313804966907,3.4098755701026873,1.1381650268020076,-0.15347915067568513,-0.1580470784389542,-0.19305811945291232,-0.2320713915475348,-0.13392533418289954,-0.09444490577171503,-0.21131873623656344,-0.09135431758701307,-0.06346514466983384,0.06697230830179471,1.693210395367302,1.7088298244215714,-0.8870614097166676,-0.5625167073768849,-0.8767395512791257,-0.5383567051862455,-0.32314246870482466,-0.44173539720400995,0.5275215952761285,0.1985764717759862,-0.7530087922758953,0.0,0.0,0.0,0.0,0.0,0.0,0.0,0.0,0.0,0.0,0.0,0.0,0.0,1.0,1.0,0.0,0.0,0.0,0.0,0.0,0.0,0.0,0.0,1.0,1.0,1.0,0.0,1.0,0.0,0.0,0.0
3677,1,train,-0.10128670466232163,-0.11004612674938824,-0.10531454977205683,-0.11606595051097518,-0.07824481063198063,-0.39616035347474643,3.38737408776452,3.4931913854056,1.1381650268020076,-0.11606595051097518,-0.1580470784389542,-0.19305811945291232,-0.2320713915475348,-0.13392533418289954,-0.09444490577171503,-0.11824541897521418,-0.09135431758701307,-0.06346514466983384,0.06697230830179471,1.6796309114174435,1.720939107813813,-0.6385569878134462,-0.3156577365802952,-0.5753515812801854,0.030006883824063718,-0.32314246870482466,-0.44173539720400995,0.5275215952761285,-1.316573486283562,-0.7530087922758953,0.0,0.0,0.0,0.0,0.0,0.0,0.0,0.0,0.0,0.0,0.0,0.0,0.0,1.0,1.0,0.0,0.0,0.0,0.0,0.0,0.0,0.0,0.0,1.0,1.0,1.0,0.0,1.0,0.0,0.0,0.0
3683,0,train,-0.09586865712096591,-0.10204120838115643,-0.0987745043402204,-0.15347915067568513,-0.06648871820306772,0.8419333119640875,-0.28614346958740594,-0.3155315998703967,-0.6697505392372824,-0.15347915067568513,-0.1580470784389542,-0.09575505810207449,-0.2320713915475348,-0.13392533418289954,-0.09444490577171503,-0.21131873623656344,-0.09135431758701307,-0.06346514466983384,-0.35399648673805756,0.2955795096675606,0.24839836238841603,0.2601424028590739,0.6222100842815667,0.397359757520328,-0.5383567051862455,0.6665717256942094,0.3359992397676179,0.6123485675973956,0.1985764717759862,0.8383642557615394,0.0,0.0,0.0,1.0,0.0,0.0,1.0,0.0,0.0,0.0,0.0,0.0,0.0,0.0,0.0,0.0,0.0,0.0,0.0,0.0,0.0,0.0,0.0,1.0,1.0,1.0,0.0,0.0,0.0,1.0,0.0
3686,1,train,-0.10182850941645721,-0.11077384660104567,-0.10593741124175554,-0.15347915067568513,-0.07824481063198063,-0.46132317797152717,2.17877310613471,2.7135933993569195,1.1381650268020076,-0.15347915067568513,-0.1580470784389542,-0.19305811945291232,-0.2320713915475348,-0.13392533418289954,-0.09444490577171503,-0.21131873623656344,-0.09135431758701307,-0.06346514466983384,0.06697230830179471,1.4995893609108375,1.5967457371127756,-0.8870614097166676,-0.5625167073768849,-0.8767395512791257,-0.5383567051862455,-0.32314246870482466,-0.44173539720400995,0.5275215952761285,-0.3064735142438632,-0.7530087922758953,0.0,0.0,0.0,0.0,0.0,0.0,0.0,0.0,0.0,0.0,0.0,0.0,0.0,1.0,1.0,0.0,0.0,0.0,0.0,0.0,0.0,0.0,0.0,1.0,1.0,1.0,0.0,1.0,0.0,0.0,0.0
3690,0,train,-0.08340714777584775,-0.11077384660104567,-0.09534876625687752,-0.07865275034626523,-0.07236676441752418,-0.005183406494062019,-0.4242112843724997,-0.517870008463184,-0.6697505392372824,-0.07865275034626523,0.041782560966620086,-0.09575505810207449,-0.2320713915475348,-0.13392533418289954,-0.09444490577171503,-0.025172101713864917,-0.09135431758701307,-0.06346514466983384,0.06697230830179471,-0.16624213719623512,-0.25283962280310873,0.8844107796727436,-0.5625167073768849,0.6055249569984505,0.43326726781991537,0.255803221450059,-0.10358990286851956,-1.4753374734204554,-0.8115235002637127,-1.5486953162946127,0.0,0.0,1.0,1.0,0.0,0.0,1.0,0.0,1.0,0.0,0.0,0.0,0.0,0.0,0.0,0.0,0.0,0.0,0.0,0.0,0.0,0.0,0.0,1.0,1.0,0.0,0.0,0.0,0.0,1.0,0.0
3698,0,train,-0.10182850941645721,-0.11150156645270311,-0.10624884197660489,-0.15347915067568513,-0.07824481063198063,0.7767704874673067,-0.19680547178528643,-0.08938867261963443,-0.6697505392372824,-0.15347915067568513,-0.1580470784389542,-0.09575505810207449,-0.2320713915475348,-0.13392533418289954,-0.09444490577171503,-0.21131873623656344,-0.09135431758701307,-0.06346514466983384,-0.7749652817779098,0.4578809365995422,0.5424724110111309,-0.8870614097166676,-0.9845249053250537,-1.1159646413151367,-0.5383567051862455,-0.32314246870482466,-0.47554994663755895,-1.5931527127555483,1.7137264298355344,-0.9121460970796389,0.0,0.0,0.0,1.0,0.0,0.0,0.0,0.0,0.0,0.0,0.0,0.0,0.0,0.0,0.0,0.0,0.0,0.0,0.0,0.0,0.0,0.0,0.0,0.0,1.0,1.0,0.0,0.0,0.0,0.0,1.0
3699,1,train,-0.10237031417059278,-0.10204120838115643,-0.10251167315841266,-0.11606595051097518,-0.07824481063198063,0.19030506699628016,-0.455175022247098,-0.5535767864501465,1.1381650268020076,-0.11606595051097518,0.24161220037219439,-0.19305811945291232,-0.2320713915475348,-0.13392533418289954,-0.09444490577171503,-0.11824541897521418,-0.09135431758701307,-0.06346514466983384,-0.35399648673805756,-0.3802841770566434,-0.41009791400642853,-1.3118825249109904,0.6222100842815667,0.03212559210036664,0.030006883824063718,-0.32314246870482466,-0.2895699247530393,2.6481959033078053,1.7137264298355344,0.04267773174282203,0.0,0.0,1.0,0.0,0.0,0.0,0.0,0.0,1.0,0.0,0.0,0.0,0.0,0.0,0.0,0.0,0.0,0.0,0.0,0.0,0.0,0.0,0.0,1.0,1.0,0.0,0.0,0.0,0.0,0.0,1.0
3703,0,train,-0.10182850941645721,-0.11077384660104567,-0.10593741124175554,-0.15347915067568513,-0.07824481063198063,-1.699416843410361,-0.4663422719723629,-0.5773813051081215,-0.6697505392372824,-0.15347915067568513,-0.1580470784389542,-0.09575505810207449,-0.2320713915475348,-0.13392533418289954,-0.09444490577171503,-0.21131873623656344,-0.09135431758701307,-0.06346514466983384,-0.7749652817779098,-0.48854329007520325,-0.5438477356291861,-0.8870614097166676,-0.5625167073768849,-0.8767395512791257,-0.5383567051862455,-0.32314246870482466,-0.44173539720400995,0.5275215952761285,-0.8115235002637127,-0.4347341826684084,0.0,0.0,0.0,1.0,0.0,0.0,0.0,0.0,0.0,0.0,0.0,0.0,0.0,0.0,0.0,0.0,0.0,0.0,0.0,0.0,0.0,0.0,0.0,0.0,1.0,0.0,1.0,0.0,0.0,0.0,0.0
3709,1,train,0.15390333453553304,0.24871976011772773,0.1949046786227199,-0.003826350016845344,-0.07824481063198063,-0.07034623099084275,-0.503397236969833,-0.6547459907465402,-0.6697505392372824,-0.003826350016845344,-0.1580470784389542,-0.09575505810207449,-0.2320713915475348,-0.13392533418289954,0.004733515563737508,0.06790121554748434,-0.09135431758701307,-0.06346514466983384,1.3298786934213516,-1.3469207709013757,-1.547211032808428,2.464243294761977,2.7942193436954543,2.5320849556399616,1.0016308568302243,-0.32314246870482466,6.0371322742639855,0.5757187386404847,0.1985764717759862,0.9975015605652829,0.0,0.0,0.0,1.0,0.0,0.0,0.0,0.0,0.0,1.0,1.0,1.0,1.0,0.0,0.0,1.0,0.0,0.0,0.0,0.0,0.0,0.0,0.0,1.0,1.0,0.0,0.0,0.0,0.0,0.0,0.0
3716,1,train,-0.10182850941645721,-0.11077384660104567,-0.10593741124175554,-0.15347915067568513,-0.07824481063198063,-0.20067187998440422,2.1219216529879064,2.5945708060670443,1.1381650268020076,-0.15347915067568513,-0.1580470784389542,-0.19305811945291232,-0.2320713915475348,-0.13392533418289954,-0.09444490577171503,-0.21131873623656344,-0.09135431758701307,-0.06346514466983384,0.06697230830179471,1.4892251843047541,1.5752983992819596,-0.8870614097166676,-0.5625167073768849,-0.8767395512791257,-0.5383567051862455,-0.32314246870482466,-0.44173539720400995,0.5275215952761285,-1.316573486283562,-0.5938714874721519,0.0,0.0,0.0,0.0,0.0,0.0,0.0,0.0,0.0,0.0,0.0,0.0,0.0,1.0,1.0,0.0,0.0,0.0,0.0,0.0,0.0,0.0,0.0,1.0,1.0,1.0,0.0,1.0,0.0,0.0,0.0
3728,1,train,-0.10182850941645721,-0.11077384660104567,-0.10593741124175554,-0.15347915067568513,-0.07824481063198063,0.059979418002718714,-0.32319843458487596,-0.3750428965153342,-0.6697505392372824,-0.15347915067568513,-0.1580470784389542,-0.19305811945291232,-0.2320713915475348,-0.13392533418289954,-0.09444490577171503,-0.21131873623656344,-0.09135431758701307,-0.06346514466983384,-0.35399648673805756,0.2082192965491458,0.1391168010098507,-0.8870614097166676,-0.5625167073768849,-0.8767395512791257,-0.5383567051862455,-0.32314246870482466,-0.44173539720400995,0.5275215952761285,0.1985764717759862,-0.7530087922758953,0.0,0.0,0.0,0.0,0.0,0.0,0.0,0.0,0.0,0.0,0.0,0.0,0.0,0.0,0.0,0.0,0.0,0.0,0.0,0.0,0.0,0.0,0.0,1.0,1.0,0.0,0.0,0.0,0.0,0.0,0.0
3732,0,train,-0.10128670466232163,-0.11150156645270311,-0.10593741124175554,-0.15347915067568513,-0.07824481063198063,0.19030506699628016,-0.255687333973047,-0.14889996926457186,1.1381650268020076,-0.15347915067568513,-0.1580470784389542,-0.09575505810207449,-0.2320713915475348,-0.13392533418289954,-0.09444490577171503,-0.21131873623656344,-0.09135431758701307,-0.06346514466983384,-0.35399648673805756,0.3572040368572843,0.4779597596166154,-0.6385569878134462,-0.9845249053250537,-0.8767395512791257,-0.5383567051862455,-0.32314246870482466,-0.44173539720400995,-1.5931527127555483,1.7137264298355344,-0.9121460970796389,0.0,0.0,0.0,1.0,0.0,0.0,0.0,0.0,0.0,0.0,0.0,0.0,0.0,0.0,0.0,0.0,0.0,0.0,0.0,0.0,0.0,0.0,0.0,1.0,1.0,1.0,0.0,0.0,0.0,0.0,1.0
3733,0,train,-0.09911948564577935,-0.10713524734275849,-0.102823103893262,-0.04123955018155529,-0.07824481063198063,0.9070961364608682,-0.40238438718220915,-0.48216323047622156,-0.6697505392372824,-0.04123955018155529,-0.1580470784389542,-0.19305811945291232,-0.2320713915475348,1.8636050739688226,-0.09444490577171503,0.06790121554748434,-0.09135431758701307,-0.06346514466983384,0.06697230830179471,-0.05741592350876962,-0.12838284223566432,-0.1192588761762082,0.20020188633339758,-0.01159823507080119,0.746060322396679,-0.32314246870482466,-0.4079208477704609,0.5275215952761285,-1.316573486283562,-0.9121460970796389,0.0,0.0,0.0,0.0,0.0,1.0,0.0,0.0,0.0,0.0,1.0,0.0,0.0,0.0,0.0,0.0,0.0,0.0,1.0,0.0,0.0,0.0,0.0,1.0,1.0,0.0,0.0,0.0,0.0,0.0,0.0
3737,0,train,-0.10020309515405049,-0.11077384660104567,-0.10500311903720748,-0.15347915067568513,-0.07824481063198063,2.145189801899702,-0.2957879125319529,-0.30958047020590296,-0.6697505392372824,-0.15347915067568513,-0.1580470784389542,-0.19305811945291232,-0.2320713915475348,0.8648398698929615,-0.09444490577171503,-0.21131873623656344,-0.09135431758701307,-0.06346514466983384,-0.35399648673805756,0.2743121213351298,0.2583058464922705,-0.32547844223991174,-0.5625167073768849,-0.4677815586879967,-0.5383567051862455,-0.32314246870482466,-0.34029174890336283,-0.7448829895428775,1.208676443815685,0.8383642557615394,0.0,0.0,0.0,0.0,0.0,1.0,0.0,0.0,0.0,0.0,0.0,0.0,0.0,0.0,0.0,0.0,0.0,0.0,1.0,0.0,0.0,0.0,0.0,1.0,1.0,1.0,0.0,0.0,0.0,0.0,1.0
3742,1,train,-0.10182850941645721,-0.11077384660104567,-0.10593741124175554,-0.15347915067568513,-0.07824481063198063,-0.1355090554876235,5.000534070805064,4.427518742731118,1.1381650268020076,-0.15347915067568513,-0.1580470784389542,-0.19305811945291232,-0.2320713915475348,-0.13392533418289954,-0.09444490577171503,-0.21131873623656344,-0.09135431758701307,-0.06346514466983384,0.06697230830179471,1.8476314906181623,1.8422300460686192,-0.8870614097166676,-0.5625167073768849,-0.8767395512791257,-0.5383567051862455,-0.32314246870482466,-0.44173539720400995,0.5275215952761285,-1.316573486283562,-0.7530087922758953,0.0,0.0,0.0,0.0,0.0,0.0,0.0,0.0,0.0,0.0,0.0,0.0,0.0,1.0,1.0,0.0,0.0,0.0,0.0,0.0,0.0,0.0,0.0,1.0,1.0,1.0,0.0,1.0,0.0,0.0,0.0
3748,0,train,-0.09911948564577935,-0.10567980763944362,-0.1022002424235633,-0.15347915067568513,-0.07824481063198063,-1.4387655454232382,-0.24045926616586755,-0.16080222859355936,-0.6697505392372824,-0.15347915067568513,-0.1580470784389542,-0.19305811945291232,0.3581679857987965,-0.13392533418289954,-0.09444490577171503,-0.21131873623656344,-0.09135431758701307,-0.06346514466983384,-0.35399648673805756,0.38530964933997847,0.4641800920275799,-0.1192588761762082,0.35320943216446354,0.07283150134695467,-0.5383567051862455,-0.32314246870482466,-0.03596080400142149,0.8304750678520821,1.7137264298355344,-1.2304207066871258,0.0,0.0,0.0,0.0,1.0,0.0,0.0,1.0,0.0,0.0,0.0,0.0,0.0,0.0,0.0,0.0,0.0,0.0,0.0,0.0,0.0,0.0,0.0,1.0,1.0,1.0,0.0,0.0,0.0,0.0,1.0
3756,1,train,-0.10128670466232163,-0.11004612674938824,-0.10531454977205683,-0.11606595051097518,-0.07824481063198063,-0.39616035347474643,3.0614934366908795,3.0111498825816065,1.1381650268020076,-0.11606595051097518,-0.1580470784389542,-0.19305811945291232,-0.2320713915475348,-0.13392533418289954,-0.09444490577171503,-0.11824541897521418,-0.09135431758701307,-0.06346514466983384,0.06697230830179471,1.6372790969056952,1.6472291907775922,-0.6385569878134462,-0.3156577365802952,-0.5753515812801854,0.030006883824063718,-0.32314246870482466,-0.44173539720400995,0.5275215952761285,-1.316573486283562,-0.7530087922758953,0.0,0.0,0.0,0.0,0.0,0.0,0.0,0.0,0.0,0.0,0.0,0.0,0.0,1.0,1.0,0.0,0.0,0.0,0.0,0.0,0.0,0.0,0.0,1.0,1.0,1.0,0.0,1.0,0.0,0.0,0.0
3757,0,train,-0.10074489990818607,-0.10786296719441593,-0.10406882683265942,-0.15347915067568513,-0.07824481063198063,-0.20067187998440422,-0.4861387601216962,-0.6249903424240715,1.1381650268020076,-0.15347915067568513,-0.1580470784389542,-0.09575505810207449,-0.2320713915475348,-0.13392533418289954,-0.09444490577171503,-0.21131873623656344,-0.09135431758701307,-0.06346514466983384,-0.7749652817779098,-0.7726093020497776,-0.9593126290227075,-0.4622402945223449,0.10635046136787357,-0.22855646865198537,-0.5383567051862455,-0.32314246870482466,-0.23884810060271572,1.0576901722840477,-1.316573486283562,-0.2755968778646649,0.0,0.0,0.0,1.0,0.0,0.0,0.0,0.0,0.0,0.0,0.0,0.0,0.0,0.0,0.0,0.0,0.0,0.0,0.0,0.0,0.0,0.0,0.0,0.0,1.0,0.0,0.0,0.0,0.0,0.0,0.0
3771,1,train,-0.10182850941645721,-0.11077384660104567,-0.10593741124175554,-0.15347915067568513,-0.07824481063198063,-0.07034623099084275,-0.4876615669024142,-0.6071369534305902,1.1381650268020076,-0.15347915067568513,-0.1580470784389542,-0.09575505810207449,-0.2320713915475348,-0.13392533418289954,-0.09444490577171503,-0.21131873623656344,-0.09135431758701307,-0.06346514466983384,-0.7749652817779098,-0.8032608347100374,-0.7684349205639498,-0.8870614097166676,-0.5625167073768849,-0.8767395512791257,-0.5383567051862455,-0.32314246870482466,-0.44173539720400995,0.5275215952761285,-1.316573486283562,0.20181503654656552,0.0,0.0,0.0,1.0,0.0,0.0,0.0,0.0,0.0,0.0,0.0,0.0,0.0,0.0,0.0,0.0,0.0,0.0,0.0,0.0,0.0,0.0,0.0,0.0,1.0,0.0,0.0,0.0,0.0,0.0,0.0
3772,0,train,-0.0942432428585592,-0.11004612674938824,-0.10126595021901524,-0.15347915067568513,-0.07824481063198063,0.12514224249949946,-0.24045926616586755,-0.16080222859355936,1.1381650268020076,-0.15347915067568513,-0.1580470784389542,-0.09575505810207449,-0.2320713915475348,-0.13392533418289954,-0.09444490577171503,-0.21131873623656344,-0.09135431758701307,-0.06346514466983384,-0.7749652817779098,0.38530964933997847,0.4641800920275799,0.38740193586630073,-0.3156577365802952,0.18040152393914327,-0.5383567051862455,-0.32314246870482466,0.06548284429922563,-1.094170522630448,-0.3064735142438632,0.8383642557615394,0.0,0.0,0.0,1.0,0.0,0.0,0.0,0.0,0.0,0.0,0.0,0.0,0.0,0.0,0.0,0.0,0.0,0.0,0.0,0.0,0.0,0.0,0.0,0.0,1.0,1.0,0.0,0.0,0.0,0.0,0.0
3773,1,train,-0.10128670466232163,-0.11004612674938824,-0.10531454977205683,-0.11606595051097518,-0.07824481063198063,-0.1355090554876235,2.273694728799462,2.5053038610996383,1.1381650268020076,-0.11606595051097518,-0.1580470784389542,-0.19305811945291232,-0.2320713915475348,-0.13392533418289954,-0.09444490577171503,-0.11824541897521418,-0.09135431758701307,-0.06346514466983384,0.06697230830179471,1.5164151369581567,1.5586937601264126,-0.6385569878134462,-0.3156577365802952,-0.5753515812801854,0.030006883824063718,-0.32314246870482466,-0.44173539720400995,0.5275215952761285,0.1985764717759862,-0.7530087922758953,0.0,0.0,0.0,0.0,0.0,0.0,0.0,0.0,0.0,0.0,0.0,0.0,0.0,1.0,1.0,0.0,0.0,0.0,0.0,0.0,0.0,0.0,0.0,1.0,1.0,1.0,0.0,1.0,0.0,0.0,0.0
3774,0,train,-0.10128670466232163,-0.10859068704607336,-0.10469168830235813,-0.11606595051097518,-0.07824481063198063,-0.39616035347474643,4.319331837563903,4.623906021659411,1.1381650268020076,-0.11606595051097518,-0.1580470784389542,-0.19305811945291232,-0.2320713915475348,-0.13392533418289954,-0.09444490577171503,-0.11824541897521418,-0.09135431758701307,-0.06346514466983384,0.487941103341647,1.7836262405968746,1.8648770921413687,-0.6385569878134462,-0.00465221423641297,-0.37683240049076266,0.030006883824063718,-0.32314246870482466,-0.4079208477704609,1.2344130312866872,0.1985764717759862,-0.7530087922758953,0.0,0.0,0.0,0.0,0.0,0.0,0.0,0.0,0.0,0.0,0.0,0.0,0.0,1.0,1.0,0.0,0.0,0.0,0.0,0.0,0.0,0.0,0.0,1.0,1.0,1.0,0.0,1.0,0.0,0.0,0.0
3778,0,train,-0.10020309515405049,-0.11150156645270311,-0.10531454977205683,-0.15347915067568513,-0.07824481063198063,-0.39616035347474643,0.28846228900349913,0.4759686455072713,-0.6697505392372824,-0.15347915067568513,-0.1580470784389542,-0.19305811945291232,-0.2320713915475348,-0.13392533418289954,-0.09444490577171503,-0.21131873623656344,-0.09135431758701307,-0.06346514466983384,-0.7749652817779098,0.9109693476535129,0.9486920443802038,-0.32547844223991174,-0.9845249053250537,-0.5753515812801854,-0.5383567051862455,-0.32314246870482466,-0.37410629833691184,-1.5931527127555483,-0.8115235002637127,-0.5938714874721519,0.0,0.0,0.0,0.0,0.0,0.0,0.0,0.0,0.0,0.0,0.0,0.0,0.0,0.0,0.0,0.0,0.0,0.0,0.0,0.0,0.0,0.0,0.0,0.0,1.0,1.0,0.0,0.0,0.0,0.0,0.0
3784,0,train,-0.09153421908788133,-0.11150156645270311,-0.10033165801446718,-0.15347915067568513,-0.07824481063198063,-1.8297424924039225,-0.24045926616586755,-0.16080222859355936,1.1381650268020076,-0.15347915067568513,-0.1580470784389542,-0.19305811945291232,-0.2320713915475348,-0.13392533418289954,-0.09444490577171503,-0.21131873623656344,-0.09135431758701307,-0.06346514466983384,-0.7749652817779098,0.38530964933997847,0.4641800920275799,0.5540666609213364,-0.9845249053250537,0.27135068213637775,-0.5383567051862455,-0.32314246870482466,0.16692649259987274,-1.5931527127555483,0.7036264577958357,0.20181503654656552,0.0,0.0,0.0,0.0,0.0,0.0,0.0,0.0,0.0,0.0,0.0,0.0,0.0,0.0,0.0,0.0,0.0,0.0,0.0,0.0,0.0,0.0,0.0,0.0,1.0,1.0,1.0,0.0,0.0,0.0,0.0
3785,1,train,-0.09803587613750821,-0.10567980763944362,-0.1015773809538646,-0.07865275034626523,-0.06648871820306772,-1.0477885984425537,-0.4328405227965681,-0.541674527121159,-0.6697505392372824,-0.07865275034626523,-0.1580470784389542,-0.19305811945291232,0.9484073631451279,-0.13392533418289954,-0.09444490577171503,-0.025172101713864917,-0.09135431758701307,-0.06346514466983384,0.487941103341647,-0.21704313478833426,-0.3529700271704281,0.034768549284098414,0.35320943216446354,0.14667796444230605,0.43326726781991537,0.6665717256942094,-0.3290202324255132,0.5275215952761285,1.208676443815685,-1.2304207066871258,0.0,0.0,0.0,0.0,1.0,0.0,1.0,1.0,0.0,0.0,0.0,0.0,0.0,0.0,0.0,0.0,0.0,0.0,0.0,0.0,0.0,0.0,0.0,1.0,1.0,0.0,0.0,0.0,0.0,1.0,1.0
3790,1,train,-0.10128670466232163,-0.10859068704607336,-0.10469168830235813,-0.11606595051097518,-0.07824481063198063,-0.39616035347474643,4.335575109891561,4.635808280988399,1.1381650268020076,-0.11606595051097518,-0.1580470784389542,-0.19305811945291232,-0.2320713915475348,-0.13392533418289954,-0.09444490577171503,-0.11824541897521418,-0.09135431758701307,-0.06346514466983384,0.06697230830179471,1.785254960773655,1.866222522877694,-0.6385569878134462,-0.00465221423641297,-0.37683240049076266,0.030006883824063718,-0.32314246870482466,-0.4079208477704609,1.2344130312866872,0.1985764717759862,1.31577617017277,0.0,0.0,0.0,0.0,0.0,0.0,0.0,0.0,0.0,0.0,0.0,0.0,0.0,1.0,1.0,0.0,0.0,0.0,0.0,0.0,0.0,0.0,0.0,1.0,1.0,1.0,0.0,1.0,0.0,0.0,0.0
3793,0,train,-0.09261782859615247,-0.10058576867784157,-0.09628305846142558,-0.11606595051097518,-0.07236676441752418,-0.3309975289779657,0.01689507977546538,-0.04177963530368447,-0.6697505392372824,-0.11606595051097518,-0.1580470784389542,0.0015480032487633255,-0.2320713915475348,-0.13392533418289954,-0.09444490577171503,-0.11824541897521418,-0.09135431758701307,-0.06346514466983384,-0.35399648673805756,0.7096134358280377,0.5895074452119206,0.4927267786147601,0.7035078864676217,0.5556359570334353,0.030006883824063718,0.255803221450059,0.04857556958245111,0.334733021818703,0.7036264577958357,1.31577617017277,0.0,0.0,0.0,1.0,0.0,0.0,1.0,0.0,0.0,0.0,0.0,0.0,0.0,0.0,0.0,0.0,0.0,0.0,0.0,0.0,0.0,0.0,0.0,1.0,1.0,1.0,0.0,0.0,0.0,1.0,0.0
3798,0,train,-0.10182850941645721,-0.11077384660104567,-0.10593741124175554,-0.15347915067568513,-0.07824481063198063,-0.20067187998440422,-0.46735747649284154,-0.5833324347726152,-0.6697505392372824,-0.15347915067568513,-0.1580470784389542,-0.09575505810207449,-0.2320713915475348,-0.13392533418289954,-0.09444490577171503,-0.21131873623656344,-0.09135431758701307,-0.06346514466983384,-0.7749652817779098,-0.49969675983523887,-0.5825314243986272,-0.8870614097166676,-0.5625167073768849,-0.8767395512791257,-0.5383567051862455,-0.32314246870482466,-0.44173539720400995,0.5275215952761285,-1.316573486283562,-0.5938714874721519,0.0,0.0,0.0,1.0,0.0,0.0,0.0,0.0,0.0,0.0,0.0,0.0,0.0,0.0,0.0,0.0,0.0,0.0,0.0,0.0,0.0,0.0,0.0,0.0,1.0,0.0,0.0,0.0,0.0,0.0,0.0
3802,1,train,-0.10128670466232163,-0.1093184068977308,-0.10500311903720748,-0.15347915067568513,-0.054732625774154796,2.0800269774029214,-0.406952807524363,-0.4524075821537528,1.1381650268020076,-0.15347915067568513,-0.1580470784389542,-0.09575505810207449,-0.2320713915475348,-0.13392533418289954,-0.09444490577171503,-0.21131873623656344,-0.09135431758701307,-0.06346514466983384,-0.35399648673805756,-0.07826109204386822,-0.04136232201371871,-0.6385569878134462,-0.14050850942871598,-0.4677815586879967,-0.5383567051862455,1.245517415849093,-0.34029174890336283,0.9516564568824637,-0.3064735142438632,1.1566388653690263,0.0,0.0,0.0,1.0,0.0,0.0,1.0,0.0,0.0,0.0,0.0,0.0,0.0,0.0,0.0,0.0,0.0,0.0,0.0,0.0,0.0,0.0,0.0,1.0,1.0,0.0,0.0,0.0,0.0,1.0,0.0
3804,0,train,-0.10074489990818607,-0.1093184068977308,-0.10469168830235813,-0.15347915067568513,-0.07824481063198063,-0.005183406494062019,-0.24045926616586755,-0.16080222859355936,-0.6697505392372824,-0.15347915067568513,-0.1580470784389542,-0.09575505810207449,-0.2320713915475348,-0.13392533418289954,-0.09444490577171503,-0.21131873623656344,-0.09135431758701307,-0.06346514466983384,-0.7749652817779098,0.38530964933997847,0.4641800920275799,-0.4622402945223449,-0.14050850942871598,-0.37683240049076266,-0.5383567051862455,-0.32314246870482466,-0.3064771994698138,0.5275215952761285,0.7036264577958357,0.20181503654656552,0.0,0.0,0.0,1.0,0.0,0.0,0.0,0.0,0.0,0.0,0.0,0.0,0.0,0.0,0.0,0.0,0.0,0.0,0.0,0.0,0.0,0.0,0.0,0.0,1.0,1.0,0.0,0.0,0.0,0.0,0.0
3807,0,train,-0.09857768089164377,-0.10567980763944362,-0.10188881168871394,-0.15347915067568513,-0.07824481063198063,-0.005183406494062019,-0.4582206358085339,-0.565479045779134,-0.6697505392372824,-0.15347915067568513,-0.1580470784389542,-0.09575505810207449,-0.2320713915475348,-0.13392533418289954,-0.09444490577171503,-0.21131873623656344,-0.09135431758701307,-0.06346514466983384,-0.7749652817779098,-0.40749623796346224,-0.4732498630200618,-0.037419179328021863,0.35320943216446354,0.11090933645825053,-0.5383567051862455,-0.32314246870482466,-0.002146254567872448,0.6688998824782402,1.7137264298355344,-0.2755968778646649,0.0,0.0,0.0,1.0,0.0,0.0,0.0,0.0,0.0,0.0,0.0,0.0,0.0,0.0,0.0,0.0,0.0,0.0,0.0,0.0,0.0,0.0,0.0,0.0,1.0,0.0,0.0,0.0,0.0,0.0,1.0
3812,0,train,-0.07798910023449201,-0.10859068704607336,-0.09130016670383592,-0.07865275034626523,-0.07824481063198063,0.5812820139769646,-0.10289905364101307,0.09509634697967166,-0.6697505392372824,-0.07865275034626523,-0.1580470784389542,0.0015480032487633255,0.3581679857987965,-0.13392533418289954,0.10391193689919007,-0.3043920534979127,-0.09135431758701307,0.9707816573570879,0.487941103341647,0.5847459432440624,0.707211475028903,1.0346432251060849,-0.00465221423641297,0.7831774639370241,0.43326726781991537,-0.32314246870482466,0.04293981134352623,-1.2469201726687442,-1.316573486283562,1.4749134749765134,0.0,0.0,0.0,1.0,1.0,0.0,0.0,1.0,0.0,0.0,0.0,0.0,0.0,0.0,0.0,1.0,0.0,0.0,0.0,0.0,1.0,0.0,0.0,1.0,1.0,1.0,0.0,0.0,0.0,0.0,0.0
3816,1,train,-0.10182850941645721,-0.11077384660104567,-0.10593741124175554,-0.15347915067568513,-0.07824481063198063,0.7767704874673067,-0.3440101272546879,-0.5000166194697028,1.1381650268020076,-0.15347915067568513,-0.1580470784389542,-0.19305811945291232,-0.2320713915475348,-0.13392533418289954,-0.09444490577171503,-0.21131873623656344,-0.09135431758701307,-0.06346514466983384,-0.7749652817779098,0.151240194774095,-0.18738675295484153,-0.8870614097166676,-0.5625167073768849,-0.8767395512791257,-0.5383567051862455,-0.32314246870482466,-0.44173539720400995,0.5275215952761285,0.1985764717759862,0.36095234135030896,0.0,0.0,0.0,0.0,0.0,0.0,0.0,0.0,0.0,0.0,0.0,0.0,0.0,0.0,0.0,0.0,0.0,0.0,0.0,0.0,0.0,0.0,0.0,0.0,1.0,0.0,0.0,0.0,0.0,0.0,0.0
3819,1,train,-0.10020309515405049,-0.1093184068977308,-0.10438025756750878,-0.15347915067568513,-0.07824481063198063,-0.46132317797152717,2.332068988726983,2.6421798433829946,1.1381650268020076,-0.15347915067568513,-0.1580470784389542,-0.19305811945291232,-0.2320713915475348,-0.13392533418289954,-0.09444490577171503,-0.21131873623656344,-0.09135431758701307,-0.06346514466983384,0.06697230830179471,1.5264800375137835,1.5839696411638384,-0.32547844223991174,-0.14050850942871598,-0.2980486561328784,-0.5383567051862455,-0.32314246870482466,-0.2726626500362647,0.22456812270017432,1.7137264298355344,-0.5938714874721519,0.0,0.0,0.0,0.0,0.0,0.0,0.0,0.0,0.0,0.0,0.0,0.0,0.0,1.0,1.0,0.0,0.0,0.0,0.0,0.0,0.0,0.0,0.0,1.0,1.0,1.0,0.0,1.0,0.0,0.0,1.0
3823,1,train,-0.08449075728411888,-0.08603137164469285,-0.08538298274169821,0.07100005031257454,-0.07824481063198063,-1.1781142474361153,-0.5105036686131833,-0.6666482500755276,-0.6697505392372824,0.07100005031257454,0.041782560966620086,-0.19305811945291232,0.3581679857987965,-0.13392533418289954,-0.09444490577171503,0.34712116733153214,-0.09135431758701307,-0.06346514466983384,1.3298786934213516,-2.6607436936541022,-2.2057073092032726,0.849379112818657,1.1972258280608008,0.9732072656315518,1.4048912408260767,-0.32314246870482466,-0.18088030157377452,0.5898943690417658,1.7137264298355344,0.04267773174282203,0.0,0.0,1.0,0.0,1.0,0.0,0.0,1.0,1.0,1.0,1.0,0.0,0.0,0.0,0.0,0.0,1.0,0.0,0.0,0.0,0.0,0.0,0.0,1.0,0.0,0.0,0.0,0.0,0.0,0.0,1.0
3824,0,train,-0.10182850941645721,-0.11150156645270311,-0.10624884197660489,-0.15347915067568513,-0.07824481063198063,0.5161191894801839,-0.012545851318414914,0.17841216228258408,-0.6697505392372824,-0.15347915067568513,-0.1580470784389542,-0.09575505810207449,-0.2320713915475348,-0.13392533418289954,-0.09444490577171503,-0.21131873623656344,-0.09135431758701307,-0.06346514466983384,-0.35399648673805756,0.6817729944153762,0.7689678724426922,-0.8870614097166676,-0.9845249053250537,-1.1159646413151367,-0.5383567051862455,-0.32314246870482466,-0.47554994663755895,-1.5931527127555483,-1.316573486283562,-0.11645957306092145,0.0,0.0,0.0,1.0,0.0,0.0,0.0,0.0,0.0,0.0,0.0,0.0,0.0,0.0,0.0,0.0,0.0,0.0,0.0,0.0,0.0,0.0,0.0,1.0,1.0,1.0,0.0,0.0,0.0,0.0,0.0
3828,1,train,0.03795711715052051,0.3636994966796026,0.1774645574711561,0.10841325047728449,-0.07824481063198063,0.8419333119640875,-0.09934583781933785,-0.10724206161311566,-0.6697505392372824,0.10841325047728449,0.4414418397777687,0.09885106459960115,-0.2320713915475348,-0.13392533418289954,-0.09444490577171503,0.4401944845928814,-0.09135431758701307,-0.06346514466983384,2.171816283501056,0.5889516438463925,0.523837050722775,2.096188715918798,2.9625797316480287,2.496962904890855,1.5699944458405344,-0.32314246870482466,3.345494139353482,1.4436901011582346,0.1985764717759862,0.679226950957796,0.0,0.0,1.0,1.0,0.0,0.0,0.0,0.0,1.0,1.0,1.0,1.0,1.0,0.0,0.0,0.0,1.0,1.0,0.0,0.0,0.0,0.0,0.0,1.0,1.0,1.0,0.0,0.0,0.0,0.0,0.0
3836,1,train,-0.10182850941645721,-0.11077384660104567,-0.10593741124175554,-0.15347915067568513,-0.07824481063198063,-0.26583470448118496,-0.32928966170774776,-0.30958047020590296,-0.6697505392372824,-0.15347915067568513,-0.1580470784389542,-0.19305811945291232,0.3581679857987965,-0.13392533418289954,-0.09444490577171503,-0.21131873623656344,-0.09135431758701307,-0.06346514466983384,-0.35399648673805756,0.1922237411416845,0.2583058464922705,-0.8870614097166676,-0.5625167073768849,-0.8767395512791257,-0.5383567051862455,-0.32314246870482466,-0.44173539720400995,0.5275215952761285,-0.8115235002637127,0.679226950957796,0.0,0.0,0.0,0.0,1.0,0.0,0.0,1.0,0.0,0.0,0.0,0.0,0.0,0.0,0.0,0.0,0.0,0.0,0.0,0.0,0.0,0.0,0.0,1.0,1.0,1.0,0.0,0.0,0.0,0.0,0.0
3850,0,train,-0.10182850941645721,-0.11150156645270311,-0.10624884197660489,-0.15347915067568513,-0.07824481063198063,-0.07034623099084275,-0.15568968870590186,0.011780531676759234,-0.6697505392372824,-0.15347915067568513,-0.1580470784389542,-0.09575505810207449,-0.2320713915475348,-0.13392533418289954,-0.09444490577171503,-0.21131873623656344,-0.09135431758701307,-0.06346514466983384,-0.7749652817779098,0.5175428497310596,0.6383534850387454,-0.8870614097166676,-0.9845249053250537,-1.1159646413151367,-0.5383567051862455,-0.32314246870482466,-0.47554994663755895,-1.5931527127555483,-0.3064735142438632,-1.0712834018833823,0.0,0.0,0.0,1.0,0.0,0.0,0.0,0.0,0.0,0.0,0.0,0.0,0.0,0.0,0.0,0.0,0.0,0.0,0.0,0.0,0.0,0.0,0.0,0.0,1.0,1.0,0.0,0.0,0.0,0.0,0.0
3854,1,train,-0.10182850941645721,-0.11077384660104567,-0.10593741124175554,-0.15347915067568513,-0.07824481063198063,-0.005183406494062019,-0.5105036686131833,-0.6666482500755276,-0.6697505392372824,-0.15347915067568513,-0.1580470784389542,-0.19305811945291232,0.3581679857987965,-0.13392533418289954,-0.09444490577171503,-0.21131873623656344,-0.09135431758701307,-0.06346514466983384,-0.35399648673805756,-2.6607436936541022,-2.2057073092032726,-0.8870614097166676,-0.5625167073768849,-0.8767395512791257,-0.5383567051862455,-0.32314246870482466,-0.44173539720400995,0.5275215952761285,-1.316573486283562,0.5200896461540525,0.0,0.0,0.0,0.0,1.0,0.0,0.0,1.0,0.0,0.0,0.0,0.0,0.0,0.0,0.0,0.0,0.0,0.0,0.0,0.0,0.0,0.0,0.0,1.0,0.0,0.0,0.0,0.0,0.0,0.0,0.0
3855,1,train,-0.10128670466232163,-0.11004612674938824,-0.10531454977205683,-0.11606595051097518,-0.07824481063198063,-0.39616035347474643,3.9528430056711175,3.6122139786954746,1.1381650268020076,-0.11606595051097518,-0.1580470784389542,-0.19305811945291232,-0.2320713915475348,-0.13392533418289954,-0.09444490577171503,-0.11824541897521418,-0.09135431758701307,-0.06346514466983384,0.06697230830179471,1.7453451574833683,1.7378244255703044,-0.6385569878134462,-0.3156577365802952,-0.5753515812801854,0.030006883824063718,-0.32314246870482466,-0.44173539720400995,0.5275215952761285,0.7036264577958357,-0.5938714874721519,0.0,0.0,0.0,0.0,0.0,0.0,0.0,0.0,0.0,0.0,0.0,0.0,0.0,1.0,1.0,0.0,0.0,0.0,0.0,0.0,0.0,0.0,0.0,1.0,1.0,1.0,0.0,1.0,0.0,0.0,0.0
3858,0,train,-0.10128670466232163,-0.11004612674938824,-0.10531454977205683,-0.11606595051097518,-0.07824481063198063,-0.39616035347474643,3.776705021368075,3.743138831314337,1.1381650268020076,-0.11606595051097518,-0.1580470784389542,-0.19305811945291232,-0.2320713915475348,-0.13392533418289954,-0.09444490577171503,-0.11824541897521418,-0.09135431758701307,-0.06346514466983384,0.06697230830179471,1.7258136486985407,1.7558648586223615,-0.6385569878134462,-0.3156577365802952,-0.5753515812801854,0.030006883824063718,-0.32314246870482466,-0.44173539720400995,0.5275215952761285,0.7036264577958357,-0.5938714874721519,0.0,0.0,0.0,0.0,0.0,0.0,0.0,0.0,0.0,0.0,0.0,0.0,0.0,1.0,1.0,0.0,0.0,0.0,0.0,0.0,0.0,0.0,0.0,1.0,1.0,1.0,0.0,1.0,0.0,0.0,0.0
3859,1,train,-0.10020309515405049,-0.10713524734275849,-0.10344596536296072,-0.07865275034626523,-0.07824481063198063,-0.3309975289779657,3.08332033388117,3.677676405004906,1.1381650268020076,-0.07865275034626523,-0.1580470784389542,-0.19305811945291232,-0.2320713915475348,-0.13392533418289954,-0.09444490577171503,-0.025172101713864917,-0.09135431758701307,-0.06346514466983384,0.06697230830179471,1.6402342227476416,1.7469125122241116,-0.32547844223991174,0.20020188633339758,-0.11016042364207619,0.43326726781991537,-0.32314246870482466,-0.39664933129261126,0.9516564568824637,0.7036264577958357,-0.5938714874721519,0.0,0.0,0.0,0.0,0.0,0.0,0.0,0.0,0.0,0.0,0.0,0.0,0.0,1.0,1.0,0.0,0.0,0.0,0.0,0.0,0.0,0.0,0.0,1.0,1.0,1.0,0.0,1.0,0.0,0.0,0.0
3868,0,train,-0.10128670466232163,-0.11004612674938824,-0.10531454977205683,-0.15347915067568513,-0.07824481063198063,0.4509563649834031,-0.47750952169762784,-0.6071369534305902,-0.6697505392372824,-0.15347915067568513,-0.1580470784389542,-0.09575505810207449,-0.2320713915475348,-0.13392533418289954,-0.09444490577171503,-0.21131873623656344,-0.09135431758701307,-0.06346514466983384,-0.7749652817779098,-0.6281135613716237,-0.7684349205639498,-0.6385569878134462,-0.3156577365802952,-0.5753515812801854,-0.5383567051862455,-0.32314246870482466,-0.37410629833691184,0.5275215952761285,0.7036264577958357,0.5200896461540525,0.0,0.0,0.0,1.0,0.0,0.0,0.0,0.0,0.0,0.0,0.0,0.0,0.0,0.0,0.0,0.0,0.0,0.0,0.0,0.0,0.0,0.0,0.0,0.0,1.0,0.0,0.0,0.0,0.0,0.0,0.0
3876,0,train,2.0951897686032894,3.885135858849936,2.866980383630173,5.533327274360227,1.5911203142736539,-0.20067187998440422,-0.4653270674518843,-0.5892835644371089,-0.6697505392372824,5.533327274360227,5.437182824917127,7.2019745432107625,7.441040513954772,2.862370278044683,1.393231414260073,11.329772604170746,1.3601642840733055,-0.06346514466983384,4.276660258700318,-0.47764048142485604,-0.6238850023993103,3.7801073010254798,4.2582427001794025,3.8819657629385267,5.55060333146527,6.763083823375534,1.6008401966839652,0.8464667467563849,0.7036264577958357,-0.7530087922758953,0.0,0.0,1.0,1.0,1.0,1.0,1.0,1.0,1.0,1.0,1.0,1.0,1.0,0.0,0.0,1.0,1.0,1.0,1.0,1.0,0.0,0.0,0.0,1.0,1.0,0.0,0.0,0.0,0.0,1.0,0.0
3880,1,train,-0.10182850941645721,-0.11077384660104567,-0.10593741124175554,-0.15347915067568513,-0.07824481063198063,0.19030506699628016,-0.3079703667776965,-0.25602030322545927,1.1381650268020076,-0.15347915067568513,-0.1580470784389542,-0.09575505810207449,-0.2320713915475348,-0.13392533418289954,-0.09444490577171503,-0.21131873623656344,-0.09135431758701307,-0.06346514466983384,-0.7749652817779098,0.24604269444419052,0.34079460601049094,-0.8870614097166676,-0.5625167073768849,-0.8767395512791257,-0.5383567051862455,-0.32314246870482466,-0.44173539720400995,0.5275215952761285,-0.3064735142438632,0.679226950957796,0.0,0.0,0.0,1.0,0.0,0.0,0.0,0.0,0.0,0.0,0.0,0.0,0.0,0.0,0.0,0.0,0.0,0.0,0.0,0.0,0.0,0.0,0.0,0.0,1.0,1.0,0.0,0.0,0.0,0.0,0.0
3887,1,train,-0.10074489990818607,-0.1093184068977308,-0.10469168830235813,-0.07865275034626523,-0.07824481063198063,-0.3309975289779657,2.4016104983797693,2.7195445290214133,1.1381650268020076,-0.07865275034626523,-0.1580470784389542,-0.19305811945291232,-0.2320713915475348,-0.13392533418289954,-0.09444490577171503,-0.025172101713864917,-0.09135431758701307,-0.06346514466983384,0.06697230830179471,1.5382040714135359,1.5977982205111416,-0.4622402945223449,-0.14050850942871598,-0.37683240049076266,0.43326726781991537,-0.32314246870482466,-0.44173539720400995,0.5275215952761285,-1.316573486283562,-0.2755968778646649,0.0,0.0,0.0,0.0,0.0,0.0,0.0,0.0,0.0,0.0,0.0,0.0,0.0,1.0,1.0,0.0,0.0,0.0,0.0,0.0,0.0,0.0,0.0,1.0,1.0,1.0,0.0,1.0,0.0,0.0,0.0
3891,1,train,-0.08990880482547461,-0.10276892823281387,-0.09566019699172687,-0.11606595051097518,-0.07824481063198063,-0.20067187998440422,3.8761950643749805,4.635808280988399,1.1381650268020076,-0.11606595051097518,-0.1580470784389542,-0.19305811945291232,-0.2320713915475348,-0.13392533418289954,-0.09444490577171503,-0.11824541897521418,-0.09135431758701307,-0.06346514466983384,0.06697230830179471,1.736942316289985,1.866222522877694,0.6359063577695223,0.5770909917434985,0.5893595165302724,0.030006883824063718,-0.32314246870482466,0.08239011901600014,-0.13897604439097014,-1.316573486283562,-0.2755968778646649,0.0,0.0,0.0,0.0,0.0,0.0,0.0,0.0,0.0,0.0,0.0,0.0,0.0,1.0,1.0,0.0,0.0,0.0,0.0,0.0,0.0,0.0,0.0,1.0,1.0,1.0,0.0,1.0,0.0,0.0,0.0
3895,1,train,-0.08719978105479675,-0.047462219506848737,-0.07043430746892924,0.07100005031257454,-0.07824481063198063,-0.7871373004554308,-0.24604289102850002,-0.25602030322545927,1.1381650268020076,0.07100005031257454,0.041782560966620086,0.19615412595043896,-0.2320713915475348,-0.13392533418289954,-0.09444490577171503,0.34712116733153214,-0.09135431758701307,-0.06346514466983384,1.7508474884612037,0.3751923154275362,0.34079460601049094,0.7518903790319309,1.7482876902697886,1.2847679301834791,1.4048912408260767,-0.32314246870482466,0.05099089454199038,1.624422099430444,-0.8115235002637127,-1.0712834018833823,0.0,0.0,1.0,1.0,0.0,0.0,0.0,0.0,1.0,1.0,1.0,0.0,1.0,0.0,0.0,0.0,1.0,1.0,0.0,0.0,0.0,0.0,0.0,1.0,1.0,1.0,0.0,0.0,0.0,0.0,0.0
3896,0,train,-0.10182850941645721,-0.11150156645270311,-0.10624884197660489,-0.15347915067568513,-0.06648871820306772,-0.26583470448118496,-0.19579026726480778,-0.08343754295514068,-0.6697505392372824,-0.15347915067568513,-0.1580470784389542,-0.09575505810207449,-0.2320713915475348,-0.13392533418289954,-0.09444490577171503,-0.21131873623656344,-0.09135431758701307,-0.06346514466983384,-0.35399648673805756,0.4594459526889355,0.5485576322257394,-0.8870614097166676,-0.9845249053250537,-1.1159646413151367,-0.5383567051862455,0.6665717256942094,-0.47554994663755895,-1.5931527127555483,-0.8115235002637127,-0.4347341826684084,0.0,0.0,0.0,1.0,0.0,0.0,1.0,0.0,0.0,0.0,0.0,0.0,0.0,0.0,0.0,0.0,0.0,0.0,0.0,0.0,0.0,0.0,0.0,1.0,1.0,1.0,0.0,0.0,0.0,1.0,0.0
3897,0,train,-0.10237031417059278,-0.11150156645270311,-0.10656027271145425,-0.19089235084039508,-0.07236676441752418,0.12514224249949946,-0.4582206358085339,-0.5595279161146403,-0.6697505392372824,-0.19089235084039508,-0.1580470784389542,-0.19305811945291232,-0.2320713915475348,-0.13392533418289954,-0.09444490577171503,-0.3043920534979127,-0.09135431758701307,-0.06346514466983384,-0.35399648673805756,-0.40749623796346224,-0.44084255768702596,-1.3118825249109904,-0.9845249053250537,-1.5249226339062658,-1.5099806781924063,0.255803221450059,-0.509364496071108,-1.5931527127555483,-0.8115235002637127,0.9975015605652829,0.0,0.0,0.0,0.0,0.0,0.0,1.0,0.0,0.0,0.0,0.0,0.0,0.0,0.0,0.0,0.0,0.0,0.0,0.0,0.0,0.0,0.0,0.0,1.0,1.0,0.0,0.0,0.0,1.0,1.0,0.0
3907,1,train,-0.06932022416832286,-0.11150156645270311,-0.08756299788564369,-0.07865275034626523,-0.07824481063198063,0.25546789149306093,0.0666401012789183,0.46406638617828383,-0.6697505392372824,-0.07865275034626523,0.041782560966620086,-0.09575505810207449,-0.2320713915475348,-0.13392533418289954,-0.09444490577171503,-0.025172101713864917,-0.09135431758701307,-0.06346514466983384,0.487941103341647,0.753302391775102,0.9424483510335975,1.2175857917534842,-0.9845249053250537,0.9100935366830583,0.43326726781991537,-0.32314246870482466,0.17819800907772226,-1.5931527127555483,1.7137264298355344,-0.2755968778646649,0.0,0.0,1.0,1.0,0.0,0.0,0.0,0.0,1.0,0.0,0.0,1.0,0.0,0.0,0.0,0.0,0.0,0.0,0.0,0.0,0.0,0.0,0.0,1.0,1.0,1.0,0.0,0.0,0.0,0.0,1.0
3910,0,train,-0.09153421908788133,-0.11077384660104567,-0.10002022727961783,-0.11606595051097518,-0.07824481063198063,0.059979418002718714,-0.06939730446521825,0.18436329194707782,-0.6697505392372824,-0.11606595051097518,0.041782560966620086,-0.19305811945291232,-0.2320713915475348,-0.13392533418289954,-0.09444490577171503,-0.11824541897521418,-0.09135431758701307,-0.06346514466983384,0.06697230830179471,0.6230216997425161,0.7731448171605034,0.5540666609213364,-0.5625167073768849,0.298797568949053,0.030006883824063718,-0.32314246870482466,-0.1543117270188431,-1.3911837310382458,-0.8115235002637127,-0.7530087922758953,0.0,0.0,1.0,0.0,0.0,0.0,0.0,0.0,1.0,0.0,0.0,0.0,0.0,0.0,0.0,0.0,0.0,0.0,0.0,0.0,0.0,0.0,0.0,1.0,1.0,1.0,0.0,0.0,0.0,0.0,0.0
3920,0,train,-0.10182850941645721,-0.11077384660104567,-0.10593741124175554,-0.15347915067568513,-0.07824481063198063,-1.0477885984425537,-0.43537853409776467,-0.5119188787986902,-0.6697505392372824,-0.15347915067568513,-0.1580470784389542,-0.09575505810207449,-0.2320713915475348,-0.13392533418289954,-0.09444490577171503,-0.21131873623656344,-0.09135431758701307,-0.06346514466983384,-0.7749652817779098,-0.2330562902599,-0.23021848001873865,-0.8870614097166676,-0.5625167073768849,-0.8767395512791257,-0.5383567051862455,-0.32314246870482466,-0.44173539720400995,0.5275215952761285,-1.316573486283562,1.31577617017277,0.0,0.0,0.0,1.0,0.0,0.0,0.0,0.0,0.0,0.0,0.0,0.0,0.0,0.0,0.0,0.0,0.0,0.0,0.0,0.0,0.0,0.0,0.0,0.0,1.0,0.0,0.0,0.0,0.0,0.0,0.0
3922,1,train,-0.08069812400516987,-0.08894225105132259,-0.08444869053715015,0.18323965080670437,-0.06061067198861126,0.711607662970526,-0.5105036686131833,-0.6666482500755276,-0.6697505392372824,0.18323965080670437,-0.1580470784389542,0.2934571873012768,2.1288861178377902,-0.13392533418289954,-0.09444490577171503,0.5332678018542306,-0.09135431758701307,0.9707816573570879,2.171816283501056,-2.6607436936541022,-2.2057073092032726,0.9641186924024436,1.1255160844157905,0.9983175091214016,1.8512860154510986,0.9851885307800714,-0.2692811950929099,0.25870372524394375,-0.3064735142438632,0.8383642557615394,0.0,0.0,0.0,1.0,1.0,0.0,1.0,1.0,0.0,1.0,1.0,0.0,0.0,0.0,0.0,0.0,1.0,1.0,0.0,0.0,1.0,0.0,0.0,1.0,0.0,0.0,0.0,0.0,0.0,1.0,0.0
3924,0,train,-0.10182850941645721,-0.11077384660104567,-0.10593741124175554,-0.15347915067568513,-0.07824481063198063,0.972258960957649,0.207753529625448,0.7556717397384773,-0.6697505392372824,-0.15347915067568513,-0.1580470784389542,-0.09575505810207449,-0.2320713915475348,-0.13392533418289954,-0.09444490577171503,-0.21131873623656344,-0.09135431758701307,-0.06346514466983384,-0.7749652817779098,0.8593395493962878,1.0793281491754594,-0.8870614097166676,-0.5625167073768849,-0.8767395512791257,-0.5383567051862455,-0.32314246870482466,-0.44173539720400995,0.5275215952761285,1.7137264298355344,1.4749134749765134,0.0,0.0,0.0,1.0,0.0,0.0,0.0,0.0,0.0,0.0,0.0,0.0,0.0,0.0,0.0,0.0,0.0,0.0,0.0,0.0,0.0,0.0,0.0,0.0,1.0,1.0,0.0,0.0,0.0,0.0,1.0
3932,1,train,-0.09749407138337263,-0.10859068704607336,-0.10251167315841266,-0.07865275034626523,-0.07824481063198063,0.5161191894801839,-0.24096686842610687,-0.12509545060659688,-0.6697505392372824,-0.07865275034626523,0.24161220037219439,-0.19305811945291232,-0.2320713915475348,-0.13392533418289954,-0.09444490577171503,-0.025172101713864917,-0.09135431758701307,-0.06346514466983384,-0.35399648673805756,0.3843985606834739,0.504603663415988,0.09934267295441115,-0.00465221423641297,0.03212559210036664,0.43326726781991537,-0.32314246870482466,-0.3628347818590622,-0.2881223693514394,-0.3064735142438632,0.04267773174282203,0.0,0.0,1.0,0.0,0.0,0.0,0.0,0.0,1.0,0.0,0.0,0.0,0.0,0.0,0.0,0.0,0.0,0.0,0.0,0.0,0.0,0.0,0.0,1.0,1.0,1.0,0.0,0.0,0.0,0.0,0.0
3940,0,train,-0.10182850941645721,-0.11077384660104567,-0.10593741124175554,-0.15347915067568513,-0.07824481063198063,-1.1781142474361153,-0.4566978290278159,-0.6190392127595777,-0.6697505392372824,-0.15347915067568513,-0.1580470784389542,-0.09575505810207449,-0.2320713915475348,-0.13392533418289954,-0.09444490577171503,-0.21131873623656344,-0.09135431758701307,-0.06346514466983384,-0.7749652817779098,-0.3936994437664163,-0.888714756413583,-0.8870614097166676,-0.5625167073768849,-0.8767395512791257,-0.5383567051862455,-0.32314246870482466,-0.44173539720400995,0.5275215952761285,-0.8115235002637127,1.1566388653690263,0.0,0.0,0.0,1.0,0.0,0.0,0.0,0.0,0.0,0.0,0.0,0.0,0.0,0.0,0.0,0.0,0.0,0.0,0.0,0.0,0.0,0.0,0.0,0.0,1.0,0.0,0.0,0.0,0.0,0.0,0.0
3943,1,train,-0.10182850941645721,-0.11077384660104567,-0.10593741124175554,-0.15347915067568513,-0.07824481063198063,-0.005183406494062019,-0.5105036686131833,-0.6666482500755276,-0.6697505392372824,-0.15347915067568513,-0.1580470784389542,-0.19305811945291232,0.3581679857987965,-0.13392533418289954,-0.09444490577171503,-0.21131873623656344,-0.09135431758701307,-0.06346514466983384,-0.35399648673805756,-2.6607436936541022,-2.2057073092032726,-0.8870614097166676,-0.5625167073768849,-0.8767395512791257,-0.5383567051862455,-0.32314246870482466,-0.44173539720400995,0.5275215952761285,-1.316573486283562,0.679226950957796,0.0,0.0,0.0,0.0,1.0,0.0,0.0,1.0,0.0,0.0,0.0,0.0,0.0,0.0,0.0,0.0,0.0,0.0,0.0,0.0,0.0,0.0,0.0,1.0,0.0,0.0,0.0,0.0,0.0,0.0,0.0
3946,0,train,-0.10128670466232163,-0.11077384660104567,-0.10562598050690619,-0.15347915067568513,-0.07824481063198063,-0.1355090554876235,-0.4770019194373885,-0.5952346941016027,1.1381650268020076,-0.15347915067568513,-0.1580470784389542,-0.09575505810207449,-0.2320713915475348,-0.13392533418289954,-0.09444490577171503,-0.21131873623656344,-0.09135431758701307,-0.06346514466983384,-0.35399648673805756,-0.6208178664901047,-0.6683045161966304,-0.6385569878134462,-0.5625167073768849,-0.7070066487240076,-0.5383567051862455,-0.32314246870482466,-0.4079208477704609,-0.1793698407344305,1.208676443815685,0.36095234135030896,0.0,0.0,0.0,1.0,0.0,0.0,0.0,0.0,0.0,0.0,0.0,0.0,0.0,0.0,0.0,0.0,0.0,0.0,0.0,0.0,0.0,0.0,0.0,1.0,1.0,0.0,0.0,0.0,0.0,0.0,1.0
3951,0,train,-0.08611617154652561,-0.1093184068977308,-0.09628305846142558,-0.04123955018155529,-0.06648871820306772,-0.005183406494062019,-0.23436803904299575,-0.11914432094210314,-0.6697505392372824,-0.04123955018155529,0.041782560966620086,0.0015480032487633255,-0.2320713915475348,-0.13392533418289954,-0.09444490577171503,0.06790121554748434,-0.09135431758701307,-0.06346514466983384,0.487941103341647,0.39611131036835884,0.5110836091370337,0.7927646765591614,-0.14050850942871598,0.5556359570334353,0.746060322396679,0.6665717256942094,-0.23039446324432844,-1.207575565840698,-1.316573486283562,-0.5938714874721519,0.0,0.0,1.0,1.0,0.0,0.0,1.0,0.0,1.0,0.0,1.0,0.0,0.0,0.0,0.0,0.0,0.0,0.0,0.0,0.0,0.0,0.0,0.0,1.0,1.0,1.0,0.0,0.0,0.0,1.0,0.0
3952,1,train,-0.10182850941645721,-0.11077384660104567,-0.10593741124175554,-0.15347915067568513,-0.07824481063198063,-0.005183406494062019,-0.5105036686131833,-0.6666482500755276,-0.6697505392372824,-0.15347915067568513,-0.1580470784389542,-0.19305811945291232,0.3581679857987965,-0.13392533418289954,-0.09444490577171503,-0.21131873623656344,-0.09135431758701307,-0.06346514466983384,-0.35399648673805756,-2.6607436936541022,-2.2057073092032726,-0.8870614097166676,-0.5625167073768849,-0.8767395512791257,-0.5383567051862455,-0.32314246870482466,-0.44173539720400995,0.5275215952761285,-1.316573486283562,0.679226950957796,0.0,0.0,0.0,0.0,1.0,0.0,0.0,1.0,0.0,0.0,0.0,0.0,0.0,0.0,0.0,0.0,0.0,0.0,0.0,0.0,0.0,0.0,0.0,1.0,0.0,0.0,0.0,0.0,0.0,0.0,0.0
3971,1,train,-0.07419646695554301,-0.07584329372148874,-0.07510576849166954,-0.11606595051097518,-0.07824481063198063,0.19030506699628016,-0.42624169341345697,-0.5952346941016027,-0.6697505392372824,-0.11606595051097518,-0.1580470784389542,-0.19305811945291232,-0.2320713915475348,-0.13392533418289954,-0.09444490577171503,-0.11824541897521418,-0.09135431758701307,-0.06346514466983384,0.06697230830179471,-0.1777256216394317,-0.6683045161966304,1.1214590303409204,1.3972286748003961,1.203819039660575,0.030006883824063718,-0.32314246870482466,1.1982702503231184,0.4645312692949893,1.208676443815685,0.5200896461540525,0.0,0.0,0.0,0.0,0.0,0.0,0.0,0.0,0.0,1.0,0.0,0.0,1.0,0.0,0.0,0.0,0.0,0.0,0.0,0.0,0.0,0.0,0.0,1.0,1.0,0.0,0.0,0.0,0.0,0.0,1.0
3975,0,train,-0.029768477116426058,-0.10713524734275849,-0.06295996983254476,0.07100005031257454,-0.07236676441752418,0.7767704874673067,0.053442442512696094,0.1665099029535966,-0.6697505392372824,0.07100005031257454,0.041782560966620086,0.0015480032487633255,-0.2320713915475348,-0.13392533418289954,-0.09444490577171503,0.34712116733153214,-0.09135431758701307,-0.06346514466983384,2.171816283501056,0.7420894315610459,0.7605256322986657,1.694498169052721,0.20020188633339758,1.3948539551720258,1.4048912408260767,0.255803221450059,0.16692649259987274,-1.411380629209976,-0.3064735142438632,-1.2304207066871258,0.0,0.0,1.0,1.0,0.0,0.0,1.0,0.0,1.0,0.0,1.0,1.0,1.0,0.0,0.0,0.0,1.0,0.0,0.0,0.0,0.0,0.0,0.0,1.0,1.0,1.0,0.0,0.0,0.0,1.0,0.0
3982,0,train,-0.10128670466232163,-0.11150156645270311,-0.10593741124175554,-0.15347915067568513,-0.07824481063198063,-1.699416843410361,-0.5008592256686364,-0.6487948610820464,-0.6697505392372824,-0.15347915067568513,-0.1580470784389542,-0.09575505810207449,-0.2320713915475348,-0.13392533418289954,-0.09444490577171503,-0.21131873623656344,-0.09135431758701307,-0.06346514466983384,-0.7749652817779098,-1.2073504996049558,-1.3747775224162295,-0.6385569878134462,-0.9845249053250537,-0.8767395512791257,-0.5383567051862455,-0.32314246870482466,-0.44173539720400995,-1.5931527127555483,-0.3064735142438632,0.5200896461540525,0.0,0.0,0.0,1.0,0.0,0.0,0.0,0.0,0.0,0.0,0.0,0.0,0.0,0.0,0.0,0.0,0.0,0.0,0.0,0.0,0.0,0.0,0.0,0.0,1.0,0.0,1.0,0.0,0.0,0.0,0.0
3989,1,train,-0.06227676236456041,-0.03290782247370001,-0.049879878968871916,0.0335868501478646,-0.06648871820306772,-1.2432770719328958,-0.294265105751235,-0.21436239557400305,1.1381650268020076,0.0335868501478646,0.041782560966620086,-0.09575505810207449,-0.2320713915475348,-0.13392533418289954,-0.09444490577171503,0.2540478500701829,-0.09135431758701307,-0.06346514466983384,1.7508474884612037,0.27773273174717034,0.39792249284649117,1.334251177528711,1.8717043649551015,1.54868288487585,1.2177126648156034,0.6665717256942094,0.5163435034132127,0.9236915209523757,1.7137264298355344,0.9975015605652829,0.0,0.0,1.0,1.0,0.0,0.0,1.0,0.0,1.0,1.0,1.0,1.0,1.0,0.0,0.0,0.0,0.0,0.0,0.0,0.0,0.0,0.0,0.0,1.0,1.0,1.0,0.0,0.0,0.0,1.0,1.0
4011,1,train,-0.09749407138337263,-0.10204120838115643,-0.09970879654476847,-0.07865275034626523,-0.07824481063198063,-0.39616035347474643,-0.48106273751930306,-0.6190392127595777,-0.6697505392372824,-0.07865275034626523,-0.1580470784389542,-0.19305811945291232,-0.2320713915475348,-0.13392533418289954,-0.09444490577171503,-0.025172101713864917,-0.09135431758701307,-0.06346514466983384,-0.7749652817779098,-0.6825077805955252,-0.888714756413583,0.09934267295441115,0.6222100842815667,0.32502418300441155,0.43326726781991537,-0.32314246870482466,-0.2613911335584151,0.9130987421909789,-0.8115235002637127,1.4749134749765134,0.0,0.0,0.0,0.0,0.0,0.0,0.0,0.0,0.0,0.0,0.0,0.0,0.0,0.0,0.0,0.0,0.0,0.0,0.0,0.0,0.0,0.0,0.0,0.0,1.0,0.0,0.0,0.0,0.0,0.0,0.0
4013,0,train,-0.09586865712096591,-0.10859068704607336,-0.1015773809538646,-0.04123955018155529,-0.04885457955969834,0.32063071598984166,-0.4638042606711663,-0.5892835644371089,-0.6697505392372824,-0.04123955018155529,-0.1580470784389542,0.0015480032487633255,0.3581679857987965,-0.13392533418289954,-0.09444490577171503,0.06790121554748434,-0.09135431758701307,-0.06346514466983384,0.487941103341647,-0.4617323491308859,-0.6238850023993103,0.2601424028590739,-0.00465221423641297,0.14667796444230605,0.746060322396679,1.4656223519725455,-0.37410629833691184,-0.5328155587397099,-0.3064735142438632,-1.2304207066871258,0.0,0.0,0.0,1.0,1.0,0.0,1.0,1.0,0.0,0.0,1.0,0.0,0.0,0.0,0.0,0.0,0.0,0.0,0.0,0.0,0.0,0.0,0.0,1.0,1.0,0.0,0.0,0.0,0.0,1.0,0.0
4033,0,train,-0.10237031417059278,-0.11150156645270311,-0.10656027271145425,-0.19089235084039508,-0.0841228568464371,-0.982625773945773,-0.4688802832735595,-0.6487948610820464,1.1381650268020076,-0.19089235084039508,-0.1580470784389542,-0.19305811945291232,-0.2320713915475348,-0.13392533418289954,-0.09444490577171503,-0.3043920534979127,-0.09135431758701307,-0.06346514466983384,-0.35399648673805756,-0.5169229918994523,-1.3747775224162295,-1.3118825249109904,-0.9845249053250537,-1.5249226339062658,-1.5099806781924063,-1.3128566631038587,-0.509364496071108,-1.5931527127555483,0.1985764717759862,-1.0712834018833823,0.0,0.0,0.0,0.0,0.0,0.0,1.0,0.0,0.0,0.0,0.0,0.0,0.0,0.0,0.0,0.0,0.0,0.0,0.0,0.0,0.0,0.0,0.0,1.0,1.0,0.0,0.0,0.0,1.0,0.0,0.0
4047,1,train,-0.09641046187510148,-0.10495208778778618,-0.10033165801446718,-0.07865275034626523,-0.07824481063198063,1.3632359079383334,-0.20695751699007273,-0.10724206161311566,-0.6697505392372824,-0.07865275034626523,-0.1580470784389542,-0.09575505810207449,0.3581679857987965,-0.13392533418289954,-0.09444490577171503,-0.025172101713864917,-0.09135431758701307,-0.06346514466983384,-0.35399648673805756,0.44194667788498326,0.523837050722775,0.21108524257519945,0.4173559837117559,0.27135068213637775,0.43326726781991537,-0.32314246870482466,-0.2839341665141144,0.3154541644729609,0.1985764717759862,1.6340507797802568,0.0,0.0,0.0,1.0,1.0,0.0,0.0,1.0,0.0,0.0,0.0,0.0,0.0,0.0,0.0,0.0,0.0,0.0,0.0,0.0,0.0,0.0,0.0,1.0,1.0,1.0,0.0,0.0,0.0,0.0,0.0
4070,0,train,-0.07202924793900072,-0.11004612674938824,-0.08849729009019175,-0.11606595051097518,-0.07824481063198063,0.38579354048662234,0.04176759052719184,0.42835960819132135,-0.6697505392372824,-0.11606595051097518,0.041782560966620086,-0.19305811945291232,-0.2320713915475348,-0.13392533418289954,-0.09444490577171503,-0.11824541897521418,-0.09135431758701307,-0.06346514466983384,0.06697230830179471,0.7319495303955619,0.9233172863960822,1.1660523157123046,-0.3156577365802952,0.8808312586909114,0.030006883824063718,-0.32314246870482466,0.4712574375018141,-1.4468993122016396,-1.316573486283562,0.9975015605652829,0.0,0.0,1.0,0.0,0.0,0.0,0.0,0.0,1.0,0.0,0.0,1.0,0.0,0.0,0.0,0.0,0.0,0.0,0.0,0.0,0.0,0.0,0.0,1.0,1.0,1.0,0.0,0.0,0.0,0.0,0.0
4071,1,train,-0.08286534302171217,-0.10349664808447132,-0.09192302817353463,-0.04123955018155529,-0.06061067198861126,-0.3309975289779657,-0.043509589193013155,0.2200700699340403,1.1381650268020076,-0.04123955018155529,-0.1580470784389542,-0.09575505810207449,-0.2320713915475348,-0.13392533418289954,-0.09444490577171503,0.06790121554748434,-0.09135431758701307,-0.06346514466983384,0.06697230830179471,0.6506594148684115,0.7976130774046958,0.901203263428318,0.5283586593160425,0.7590924190853908,0.746060322396679,0.9851885307800714,-0.11204354022690682,-0.6004966536768912,-1.316573486283562,1.31577617017277,0.0,0.0,0.0,1.0,0.0,0.0,1.0,0.0,0.0,0.0,1.0,0.0,0.0,0.0,0.0,0.0,0.0,0.0,0.0,0.0,0.0,0.0,0.0,1.0,1.0,1.0,0.0,0.0,0.0,1.0,0.0
4100,1,train,-0.10182850941645721,-0.11077384660104567,-0.10593741124175554,-0.15347915067568513,-0.07824481063198063,-0.1355090554876235,-0.5105036686131833,-0.6666482500755276,1.1381650268020076,-0.15347915067568513,-0.1580470784389542,-0.09575505810207449,-0.2320713915475348,-0.13392533418289954,-0.09444490577171503,-0.21131873623656344,-0.09135431758701307,-0.06346514466983384,-0.7749652817779098,-2.6607436936541022,-2.2057073092032726,-0.8870614097166676,-0.5625167073768849,-0.8767395512791257,-0.5383567051862455,-0.32314246870482466,-0.44173539720400995,0.5275215952761285,-1.316573486283562,-0.7530087922758953,0.0,0.0,0.0,1.0,0.0,0.0,0.0,0.0,0.0,0.0,0.0,0.0,0.0,0.0,0.0,0.0,0.0,0.0,0.0,0.0,0.0,0.0,0.0,0.0,0.0,0.0,0.0,0.0,0.0,0.0,0.0
4111,0,train,-0.09966129039991492,-0.11077384660104567,-0.10469168830235813,-0.15347915067568513,-0.07236676441752418,-0.1355090554876235,-0.36888263800641435,-0.36909176685084044,-0.6697505392372824,-0.15347915067568513,-0.1580470784389542,-0.09575505810207449,-0.2320713915475348,-0.13392533418289954,-0.09444490577171503,-0.21131873623656344,-0.09135431758701307,-0.06346514466983384,-0.35399648673805756,0.073000216454853,0.15098628078162543,-0.21373587261912344,-0.5625167073768849,-0.37683240049076266,-0.5383567051862455,0.255803221450059,-0.3064771994698138,-0.8862612767449896,0.1985764717759862,0.9975015605652829,0.0,0.0,0.0,1.0,0.0,0.0,1.0,0.0,0.0,0.0,0.0,0.0,0.0,0.0,0.0,0.0,0.0,0.0,0.0,0.0,0.0,0.0,0.0,1.0,1.0,1.0,0.0,0.0,0.0,1.0,0.0
4133,0,train,-0.07961451449689873,-0.11150156645270311,-0.0934801818477814,-0.07865275034626523,-0.06648871820306772,-0.982625773945773,-0.17142535877332066,0.04153617999922796,-0.6697505392372824,-0.07865275034626523,0.041782560966620086,-0.09575505810207449,-0.2320713915475348,-0.13392533418289954,-0.09444490577171503,-0.025172101713864917,-0.09135431758701307,-0.06346514466983384,0.06697230830179471,0.49556715508749455,0.6638632557819377,0.9933093195212027,-0.9845249053250537,0.6941917074446992,0.43326726781991537,0.6665717256942094,-0.03596080400142149,-1.5931527127555483,1.208676443815685,0.5200896461540525,0.0,0.0,1.0,1.0,0.0,0.0,1.0,0.0,1.0,0.0,0.0,0.0,0.0,0.0,0.0,0.0,0.0,0.0,0.0,0.0,0.0,0.0,0.0,1.0,1.0,1.0,0.0,0.0,0.0,1.0,1.0
4139,1,train,-0.07798910023449201,-0.08166505253474823,-0.07977722951440985,-0.11606595051097518,-0.07824481063198063,-0.1355090554876235,-0.26431657239711537,-0.1786556175870406,1.1381650268020076,-0.11606595051097518,-0.1580470784389542,-0.09575505810207449,-0.2320713915475348,0.8648398698929615,-0.09444490577171503,-0.11824541897521418,-0.09135431758701307,-0.06346514466983384,0.9089098983814993,0.34052367269791034,0.4428977685207746,1.0346432251060849,1.291077253026325,1.1099706045341018,0.030006883824063718,-0.32314246870482466,0.9446611295715006,0.4288855809490736,-1.316573486283562,0.20181503654656552,0.0,0.0,0.0,1.0,0.0,1.0,0.0,0.0,0.0,1.0,0.0,0.0,1.0,0.0,0.0,0.0,0.0,0.0,1.0,0.0,0.0,0.0,0.0,1.0,1.0,1.0,0.0,0.0,0.0,0.0,0.0
4173,0,train,1.4222682639669084,1.380324129445041,1.4082388215958013,0.6696112529479337,-0.06061067198861126,1.1677474344479912,-0.5059352482710295,-0.6606971204110339,-0.6697505392372824,0.6696112529479337,-0.1580470784389542,-0.19305811945291232,-0.2320713915475348,0.8648398698929615,0.2030903582346426,1.4640009744677234,0.020300959463780674,-0.06346514466983384,3.0137538735807605,-1.5436340198626022,-1.790242415809751,3.556108311514627,3.658456459091535,3.4840865026108627,2.9448788028425463,0.9851885307800714,6.641677610223783,0.19442225906391605,0.1985764717759862,1.1566388653690263,0.0,0.0,0.0,0.0,0.0,1.0,1.0,0.0,0.0,1.0,1.0,1.0,1.0,0.0,0.0,1.0,1.0,0.0,1.0,1.0,0.0,0.0,0.0,1.0,1.0,0.0,0.0,0.0,0.0,1.0,0.0
4175,1,train,-0.10128670466232163,-0.11004612674938824,-0.10531454977205683,-0.15347915067568513,-0.07824481063198063,-0.982625773945773,-0.4226884775917818,-0.5476256567856528,1.1381650268020076,-0.15347915067568513,-0.1580470784389542,-0.09575505810207449,-0.2320713915475348,-0.13392533418289954,-0.09444490577171503,-0.21131873623656344,-0.09135431758701307,-0.06346514466983384,-0.7749652817779098,-0.1578044537913371,-0.3808536193979872,-0.6385569878134462,-0.3156577365802952,-0.5753515812801854,-0.5383567051862455,-0.32314246870482466,-0.37410629833691184,0.5275215952761285,1.208676443815685,-0.2755968778646649,0.0,0.0,0.0,1.0,0.0,0.0,0.0,0.0,0.0,0.0,0.0,0.0,0.0,0.0,0.0,0.0,0.0,0.0,0.0,0.0,0.0,0.0,0.0,0.0,1.0,0.0,0.0,0.0,0.0,0.0,1.0
4181,1,train,-0.10074489990818607,-0.11077384660104567,-0.10531454977205683,-0.15347915067568513,-0.07824481063198063,-0.20067187998440422,4.889369175812654,3.148025864864963,1.1381650268020076,-0.15347915067568513,-0.1580470784389542,-0.19305811945291232,-0.2320713915475348,-0.13392533418289954,-0.09444490577171503,-0.21131873623656344,-0.09135431758701307,-0.06346514466983384,0.06697230830179471,1.8377461553560162,1.669096723406192,-0.4622402945223449,-0.5625167073768849,-0.5753515812801854,-0.5383567051862455,-0.32314246870482466,-0.37410629833691184,-0.5328155587397099,0.1985764717759862,-0.7530087922758953,0.0,0.0,0.0,0.0,0.0,0.0,0.0,0.0,0.0,0.0,0.0,0.0,0.0,1.0,1.0,0.0,0.0,0.0,0.0,0.0,0.0,0.0,0.0,1.0,1.0,1.0,0.0,1.0,0.0,0.0,0.0
4184,1,train,-0.08936700007133903,-0.09403629001292464,-0.09161159743868529,-0.11606595051097518,-0.07824481063198063,-0.07034623099084275,1.6711708458953944,1.5412208554516518,1.1381650268020076,-0.11606595051097518,-0.1580470784389542,-0.19305811945291232,-0.2320713915475348,-0.13392533418289954,-0.09444490577171503,-0.11824541897521418,-0.09135431758701307,-0.06346514466983384,0.487941103341647,1.3981262277252122,1.3420133959240765,0.6609256404311671,0.9752204768522277,0.771257832924741,0.030006883824063718,-0.32314246870482466,0.30218469033406886,0.5275215952761285,0.1985764717759862,-0.7530087922758953,0.0,0.0,0.0,0.0,0.0,0.0,0.0,0.0,0.0,1.0,0.0,0.0,0.0,1.0,1.0,0.0,0.0,0.0,0.0,0.0,0.0,0.0,0.0,1.0,1.0,1.0,0.0,1.0,0.0,0.0,0.0
4186,0,train,-0.09370143810442362,-0.10713524734275849,-0.09970879654476847,-0.11606595051097518,-0.07824481063198063,0.9070961364608682,-0.00746982871602176,0.35099492255290266,-0.6697505392372824,-0.11606595051097518,-0.1580470784389542,-0.09575505810207449,-0.2320713915475348,-0.13392533418289954,-0.09444490577171503,-0.11824541897521418,-0.09135431758701307,-0.06346514466983384,-0.35399648673805756,0.6866884829384737,0.8796449854211016,0.42455799762433405,0.20020188633339758,0.32502418300441155,0.030006883824063718,-0.32314246870482466,-0.1374044523020686,-0.4364212720109974,-1.316573486283562,-0.9121460970796389,1.0,0.0,0.0,1.0,0.0,0.0,0.0,0.0,0.0,0.0,0.0,0.0,0.0,0.0,0.0,0.0,0.0,0.0,0.0,0.0,0.0,0.0,0.0,1.0,1.0,1.0,0.0,0.0,0.0,0.0,0.0
4190,1,train,-0.10020309515405049,-0.10786296719441593,-0.10375739609781007,-0.11606595051097518,-0.07236676441752418,0.25546789149306093,-0.4125364323869955,-0.5357233974566653,1.1381650268020076,-0.11606595051097518,-0.1580470784389542,0.0015480032487633255,-0.2320713915475348,-0.13392533418289954,-0.09444490577171503,-0.11824541897521418,-0.09135431758701307,-0.06346514466983384,0.06697230830179471,-0.1050182494321184,-0.3263261233710555,-0.32547844223991174,0.10635046136787357,-0.16639358868905615,0.030006883824063718,0.255803221450059,-0.35719902362013733,0.7631520739463149,-0.3064735142438632,-0.9121460970796389,0.0,0.0,0.0,1.0,0.0,0.0,1.0,0.0,0.0,0.0,0.0,0.0,0.0,0.0,0.0,0.0,0.0,0.0,0.0,0.0,0.0,0.0,0.0,1.0,1.0,0.0,0.0,0.0,0.0,1.0,0.0
4196,0,train,-0.10074489990818607,-0.10859068704607336,-0.10438025756750878,-0.15347915067568513,-0.07824481063198063,0.7767704874673067,-0.3825878990328759,-0.4464564524892591,-0.6697505392372824,-0.15347915067568513,0.041782560966620086,-0.19305811945291232,-0.2320713915475348,-0.13392533418289954,-0.09444490577171503,-0.21131873623656344,-0.09135431758701307,-0.06346514466983384,-0.35399648673805756,0.023805487838274804,-0.025377664293504226,-0.4622402945223449,-0.00465221423641297,-0.2980486561328784,-0.5383567051862455,-0.32314246870482466,-0.2726626500362647,0.8304750678520821,0.7036264577958357,0.5200896461540525,0.0,0.0,1.0,0.0,0.0,0.0,0.0,0.0,1.0,0.0,0.0,0.0,0.0,0.0,0.0,0.0,0.0,0.0,0.0,0.0,0.0,0.0,0.0,1.0,1.0,0.0,0.0,0.0,0.0,0.0,0.0
4200,0,train,-0.09749407138337263,-0.11150156645270311,-0.10375739609781007,-0.15347915067568513,-0.06648871820306772,-1.2432770719328958,-0.4638042606711663,-0.565479045779134,-0.6697505392372824,-0.15347915067568513,-0.1580470784389542,-0.09575505810207449,-0.2320713915475348,-0.13392533418289954,-0.09444490577171503,-0.21131873623656344,-0.09135431758701307,-0.06346514466983384,-0.35399648673805756,-0.4617323491308859,-0.4732498630200618,0.09934267295441115,-0.9845249053250537,-0.16639358868905615,-0.5383567051862455,0.6665717256942094,-0.20503355116916666,-1.5931527127555483,-0.3064735142438632,0.8383642557615394,0.0,0.0,0.0,1.0,0.0,0.0,1.0,0.0,0.0,0.0,0.0,0.0,0.0,0.0,0.0,0.0,0.0,0.0,0.0,0.0,0.0,0.0,0.0,1.0,1.0,0.0,0.0,0.0,0.0,1.0,0.0
4209,1,train,-0.09911948564577935,-0.10713524734275849,-0.102823103893262,-0.11606595051097518,-0.07824481063198063,-0.39616035347474643,3.3046349193455113,2.7493001773438817,1.1381650268020076,-0.11606595051097518,-0.1580470784389542,-0.19305811945291232,-0.2320713915475348,-0.13392533418289954,-0.09444490577171503,-0.11824541897521418,-0.09135431758701307,-0.06346514466983384,0.06697230830179471,1.6692231694726336,1.6030330934485464,-0.1192588761762082,0.20020188633339758,-0.01159823507080119,0.030006883824063718,-0.32314246870482466,-0.3064771994698138,0.5275215952761285,1.7137264298355344,-0.7530087922758953,0.0,0.0,0.0,0.0,0.0,0.0,0.0,0.0,0.0,0.0,0.0,0.0,0.0,1.0,1.0,0.0,0.0,0.0,0.0,0.0,0.0,0.0,0.0,1.0,1.0,1.0,0.0,1.0,0.0,0.0,1.0
4221,1,train,-0.10182850941645721,-0.11077384660104567,-0.10593741124175554,-0.15347915067568513,-0.07824481063198063,0.8419333119640875,-0.4297949092351322,-0.517870008463184,1.1381650268020076,-0.15347915067568513,-0.1580470784389542,-0.09575505810207449,-0.2320713915475348,-0.13392533418289954,-0.09444490577171503,-0.21131873623656344,-0.09135431758701307,-0.06346514466983384,-0.7749652817779098,-0.19849993883201603,-0.25283962280310873,-0.8870614097166676,-0.5625167073768849,-0.8767395512791257,-0.5383567051862455,-0.32314246870482466,-0.44173539720400995,0.5275215952761285,0.1985764717759862,-1.0712834018833823,0.0,0.0,0.0,1.0,0.0,0.0,0.0,0.0,0.0,0.0,0.0,0.0,0.0,0.0,0.0,0.0,0.0,0.0,0.0,0.0,0.0,0.0,0.0,0.0,1.0,0.0,0.0,0.0,0.0,0.0,0.0
4223,0,train,-0.09099241433374576,-0.11150156645270311,-0.10002022727961783,-0.04123955018155529,-0.06648871820306772,1.3632359079383334,0.35495818509484944,0.9223033703443022,-0.6697505392372824,-0.04123955018155529,-0.1580470784389542,0.0015480032487633255,-0.2320713915475348,-0.13392533418289954,-0.09444490577171503,0.06790121554748434,-0.09135431758701307,-0.06346514466983384,0.06697230830179471,0.9497313427106086,1.1454695764129033,0.5825781884513304,-0.9845249053250537,0.298797568949053,0.746060322396679,0.6665717256942094,-0.33183811154497556,-1.5931527127555483,0.1985764717759862,1.1566388653690263,0.0,0.0,0.0,1.0,0.0,0.0,1.0,0.0,0.0,0.0,1.0,0.0,0.0,0.0,0.0,0.0,0.0,0.0,0.0,0.0,0.0,0.0,0.0,1.0,1.0,1.0,0.0,0.0,0.0,1.0,0.0
4234,1,train,-0.10074489990818607,-0.10859068704607336,-0.10438025756750878,-0.15347915067568513,-0.07824481063198063,1.2980730834415526,-0.482585544300021,-0.6071369534305902,1.1381650268020076,-0.15347915067568513,-0.1580470784389542,-0.09575505810207449,-0.2320713915475348,-0.13392533418289954,-0.09444490577171503,-0.21131873623656344,-0.09135431758701307,-0.06346514466983384,-0.7749652817779098,-0.7078259370789998,-0.7684349205639498,-0.4622402945223449,-0.00465221423641297,-0.2980486561328784,-0.5383567051862455,-0.32314246870482466,-0.2726626500362647,0.8304750678520821,0.7036264577958357,-0.2755968778646649,0.0,0.0,0.0,1.0,0.0,0.0,0.0,0.0,0.0,0.0,0.0,0.0,0.0,0.0,0.0,0.0,0.0,0.0,0.0,0.0,0.0,0.0,0.0,0.0,1.0,0.0,0.0,0.0,0.0,0.0,0.0
4237,0,train,-0.09370143810442362,-0.10786296719441593,-0.10002022727961783,-0.11606595051097518,-0.07824481063198063,-1.5039283699200188,-0.0023938061136286057,0.3569460522173964,-0.6697505392372824,-0.11606595051097518,-0.1580470784389542,-0.09575505810207449,-0.2320713915475348,-0.13392533418289954,-0.09444490577171503,-0.11824541897521418,-0.09135431758701307,-0.06346514466983384,-0.7749652817779098,0.6915546678370879,0.8831197148122863,0.42455799762433405,0.10635046136787357,0.298797568949053,0.030006883824063718,-0.32314246870482466,-0.1543117270188431,-0.5833078041690359,1.7137264298355344,-0.5938714874721519,0.0,0.0,0.0,1.0,0.0,0.0,0.0,0.0,0.0,0.0,0.0,0.0,0.0,0.0,0.0,0.0,0.0,0.0,0.0,0.0,0.0,0.0,0.0,0.0,1.0,1.0,1.0,0.0,0.0,0.0,1.0
4250,0,train,-0.10020309515405049,-0.10349664808447132,-0.10188881168871394,-0.07865275034626523,-0.07824481063198063,-0.1355090554876235,-0.34502533177516653,-0.33338498886387796,-0.6697505392372824,-0.07865275034626523,-0.1580470784389542,-0.09575505810207449,-0.2320713915475348,-0.13392533418289954,-0.09444490577171503,-0.025172101713864917,-0.09135431758701307,-0.06346514466983384,-0.7749652817779098,0.14828192605337892,0.2176537187078189,-0.32547844223991174,0.5283586593160425,0.11090933645825053,0.43326726781991537,-0.32314246870482466,-0.34029174890336283,1.5171696056909107,1.7137264298355344,0.679226950957796,0.0,0.0,0.0,1.0,0.0,0.0,0.0,0.0,0.0,0.0,0.0,0.0,0.0,0.0,0.0,0.0,0.0,0.0,0.0,0.0,0.0,0.0,0.0,0.0,1.0,1.0,0.0,0.0,0.0,0.0,1.0
4254,1,train,-0.10182850941645721,-0.11077384660104567,-0.10593741124175554,-0.15347915067568513,-0.07824481063198063,-0.46132317797152717,2.376737987628043,2.088724784585076,1.1381650268020076,-0.15347915067568513,-0.1580470784389542,-0.19305811945291232,-0.2320713915475348,-0.13392533418289954,-0.09444490577171503,-0.21131873623656344,-0.09135431758701307,-0.06346514466983384,0.06697230830179471,1.5340432733925733,1.474472820619245,-0.8870614097166676,-0.5625167073768849,-0.8767395512791257,-0.5383567051862455,-0.32314246870482466,-0.44173539720400995,0.5275215952761285,-0.3064735142438632,-0.7530087922758953,0.0,0.0,0.0,0.0,0.0,0.0,0.0,0.0,0.0,0.0,0.0,0.0,0.0,1.0,1.0,0.0,0.0,0.0,0.0,0.0,0.0,0.0,0.0,1.0,1.0,1.0,0.0,1.0,0.0,0.0,0.0
4263,0,train,-0.09370143810442362,-0.10495208778778618,-0.0987745043402204,-0.11606595051097518,-0.054732625774154796,0.9070961364608682,-0.00746982871602176,0.3450437928884089,-0.6697505392372824,-0.11606595051097518,-0.1580470784389542,-0.09575505810207449,-0.2320713915475348,-0.13392533418289954,-0.09444490577171503,-0.11824541897521418,-0.09135431758701307,-0.06346514466983384,0.06697230830179471,0.6866884829384737,0.8761499951026638,0.42455799762433405,0.4173559837117559,0.397359757520328,0.030006883824063718,1.245517415849093,-0.08668262815174504,-0.06626721097274106,0.7036264577958357,0.36095234135030896,0.0,0.0,0.0,1.0,0.0,0.0,1.0,0.0,0.0,0.0,0.0,0.0,0.0,0.0,0.0,0.0,0.0,0.0,0.0,0.0,0.0,0.0,0.0,1.0,1.0,1.0,0.0,0.0,0.0,1.0,0.0
4266,1,train,-0.10182850941645721,-0.11077384660104567,-0.10593741124175554,-0.15347915067568513,-0.07824481063198063,-0.39616035347474643,-0.4770019194373885,-0.6309414720885652,-0.6697505392372824,-0.15347915067568513,-0.1580470784389542,-0.09575505810207449,-0.2320713915475348,-0.13392533418289954,-0.09444490577171503,-0.21131873623656344,-0.09135431758701307,-0.06346514466983384,-0.7749652817779098,-0.6208178664901047,-1.0393498957928322,-0.8870614097166676,-0.5625167073768849,-0.8767395512791257,-0.5383567051862455,-0.32314246870482466,-0.44173539720400995,0.5275215952761285,-0.8115235002637127,0.5200896461540525,0.0,0.0,0.0,1.0,0.0,0.0,0.0,0.0,0.0,0.0,0.0,0.0,0.0,0.0,0.0,0.0,0.0,0.0,0.0,0.0,0.0,0.0,0.0,0.0,1.0,0.0,0.0,0.0,0.0,0.0,0.0
4271,1,train,-0.10182850941645721,-0.11077384660104567,-0.10593741124175554,-0.15347915067568513,-0.07824481063198063,-0.26583470448118496,-0.4490837951242262,-0.541674527121159,1.1381650268020076,-0.15347915067568513,-0.1580470784389542,-0.09575505810207449,-0.2320713915475348,-0.13392533418289954,-0.09444490577171503,-0.21131873623656344,-0.09135431758701307,-0.06346514466983384,-0.7749652817779098,-0.33005094379734534,-0.3529700271704281,-0.8870614097166676,-0.5625167073768849,-0.8767395512791257,-0.5383567051862455,-0.32314246870482466,-0.44173539720400995,0.5275215952761285,-1.316573486283562,-0.7530087922758953,0.0,0.0,0.0,1.0,0.0,0.0,0.0,0.0,0.0,0.0,0.0,0.0,0.0,0.0,0.0,0.0,0.0,0.0,0.0,0.0,0.0,0.0,0.0,0.0,1.0,0.0,0.0,0.0,0.0,0.0,0.0
4272,0,train,14.63851163159593,13.48594386176649,14.185619010995076,13.913884111255253,15.792479968400459,-0.6568116514618694,-0.2546721294525684,-0.14889996926457186,-0.6697505392372824,13.913884111255253,13.030709122328949,12.650945978857681,8.031279891301104,12.850022318803292,14.583961451875263,5.8384468857511385,15.875350300676493,20.6214708958686,4.69762905374017,0.35912925591940975,0.4779597596166154,4.946473088603998,5.003632225254174,4.808195317428482,6.809299323871175,9.969699046520635,3.60686177078415,0.13371904901434095,-0.3064735142438632,-0.7530087922758953,0.0,0.0,1.0,1.0,1.0,1.0,1.0,1.0,1.0,1.0,1.0,1.0,1.0,0.0,0.0,1.0,1.0,1.0,1.0,1.0,1.0,0.0,0.0,1.0,1.0,1.0,0.0,0.0,0.0,1.0,0.0
4274,0,train,-0.09261782859615247,-0.10640752749110105,-0.0987745043402204,0.0335868501478646,0.2744379622354069,-0.6568116514618694,-0.4830931465602603,-0.6309414720885652,-0.6697505392372824,0.0335868501478646,-0.1580470784389542,0.0015480032487633255,0.9484073631451279,-0.13392533418289954,-0.09444490577171503,0.2540478500701829,-0.09135431758701307,-0.06346514466983384,0.487941103341647,-0.71656769731429,-1.0393498957928322,0.4927267786147601,0.28149968851945306,0.397359757520328,1.2177126648156034,4.580095941524389,-0.36847054009798696,-0.40557510025780913,-0.3064735142438632,-0.11645957306092145,0.0,0.0,0.0,1.0,1.0,0.0,1.0,1.0,0.0,0.0,1.0,0.0,0.0,0.0,0.0,0.0,0.0,0.0,0.0,0.0,0.0,0.0,0.0,1.0,1.0,0.0,0.0,0.0,0.0,1.0,0.0
4276,0,train,-0.10182850941645721,-0.11077384660104567,-0.10593741124175554,-0.15347915067568513,-0.07824481063198063,-0.20067187998440422,3.1452478096303667,2.1898939888814697,1.1381650268020076,-0.15347915067568513,-0.1580470784389542,-0.19305811945291232,-0.2320713915475348,-0.13392533418289954,-0.09444490577171503,-0.21131873623656344,-0.09135431758701307,-0.06346514466983384,0.06697230830179471,1.64852185877342,1.4960404709929238,-0.8870614097166676,-0.5625167073768849,-0.8767395512791257,-0.5383567051862455,-0.32314246870482466,-0.44173539720400995,0.5275215952761285,0.7036264577958357,-0.7530087922758953,0.0,0.0,0.0,0.0,0.0,0.0,0.0,0.0,0.0,0.0,0.0,0.0,0.0,1.0,1.0,0.0,0.0,0.0,0.0,0.0,0.0,0.0,0.0,1.0,1.0,1.0,0.0,1.0,0.0,0.0,0.0
4281,0,train,-0.10128670466232163,-0.11004612674938824,-0.10531454977205683,-0.11606595051097518,-0.07824481063198063,0.38579354048662234,0.5371873965207637,0.8925477220218335,1.1381650268020076,-0.11606595051097518,-0.1580470784389542,-0.19305811945291232,-0.2320713915475348,-0.13392533418289954,-0.09444490577171503,-0.11824541897521418,-0.09135431758701307,-0.06346514466983384,-0.7749652817779098,1.04238556874049,1.1341813116822108,-0.6385569878134462,-0.3156577365802952,-0.5753515812801854,0.030006883824063718,-0.32314246870482466,-0.44173539720400995,0.5275215952761285,0.7036264577958357,-0.7530087922758953,0.0,0.0,0.0,0.0,0.0,0.0,0.0,0.0,0.0,0.0,0.0,0.0,0.0,0.0,0.0,0.0,0.0,0.0,0.0,0.0,0.0,0.0,0.0,0.0,1.0,1.0,0.0,0.0,0.0,0.0,0.0
4283,1,train,-0.09099241433374576,-0.09694716941955439,-0.09379161258263076,-0.003826350016845344,-0.07824481063198063,-0.982625773945773,-0.4978136121072005,-0.6487948610820464,-0.6697505392372824,-0.003826350016845344,-0.1580470784389542,-0.19305811945291232,-0.2320713915475348,-0.13392533418289954,-0.09444490577171503,0.16097453280883361,-0.09135431758701307,-0.06346514466983384,0.06697230830179471,-1.0800632784787554,-1.3747775224162295,0.5825781884513304,0.8690690550781563,0.6803086747275067,1.0016308568302243,-0.32314246870482466,-0.23208519071600592,0.47579783166559975,0.7036264577958357,0.5200896461540525,0.0,0.0,0.0,0.0,0.0,0.0,0.0,0.0,0.0,1.0,1.0,0.0,0.0,0.0,0.0,0.0,0.0,0.0,0.0,0.0,0.0,0.0,0.0,1.0,1.0,0.0,0.0,0.0,0.0,0.0,0.0
4287,1,train,-0.10128670466232163,-0.11004612674938824,-0.10531454977205683,-0.11606595051097518,-0.07824481063198063,-1.0477885984425537,-0.5105036686131833,-0.6666482500755276,-0.6697505392372824,-0.11606595051097518,-0.1580470784389542,-0.09575505810207449,-0.2320713915475348,-0.13392533418289954,-0.09444490577171503,-0.11824541897521418,-0.09135431758701307,-0.06346514466983384,-0.7749652817779098,-2.6607436936541022,-2.2057073092032726,-0.6385569878134462,-0.3156577365802952,-0.5753515812801854,0.030006883824063718,-0.32314246870482466,-0.44173539720400995,0.5275215952761285,-1.316573486283562,0.20181503654656552,0.0,0.0,0.0,1.0,0.0,0.0,0.0,0.0,0.0,0.0,0.0,0.0,0.0,0.0,0.0,0.0,0.0,0.0,0.0,0.0,0.0,0.0,0.0,0.0,0.0,0.0,0.0,0.0,0.0,0.0,0.0
4298,1,train,-0.10128670466232163,-0.10567980763944362,-0.10344596536296072,-0.11606595051097518,-0.07824481063198063,-0.6568116514618694,0.8138306283511907,1.3210290578653832,-0.6697505392372824,-0.11606595051097518,-0.1580470784389542,-0.09575505810207449,-0.2320713915475348,-0.13392533418289954,-0.09444490577171503,-0.11824541897521418,-0.09135431758701307,-0.06346514466983384,0.487941103341647,1.156018468961389,1.2792193980356608,-0.6385569878134462,0.35320943216446354,-0.11016042364207619,0.030006883824063718,-0.32314246870482466,-0.34029174890336283,1.7999261800951347,0.1985764717759862,0.04267773174282203,0.0,0.0,0.0,1.0,0.0,0.0,0.0,0.0,0.0,0.0,0.0,0.0,0.0,1.0,1.0,0.0,0.0,0.0,0.0,0.0,0.0,0.0,0.0,1.0,1.0,1.0,0.0,1.0,0.0,0.0,0.0
4304,1,train,-0.10182850941645721,-0.11077384660104567,-0.10593741124175554,-0.15347915067568513,-0.07824481063198063,1.2980730834415526,-0.45872823806877316,-0.6130880830950839,-0.6697505392372824,-0.15347915067568513,-0.1580470784389542,-0.09575505810207449,-0.2320713915475348,-0.13392533418289954,-0.09444490577171503,-0.21131873623656344,-0.09135431758701307,-0.06346514466983384,-0.7749652817779098,-0.4121837581683194,-0.82556280739995,-0.8870614097166676,-0.5625167073768849,-0.8767395512791257,-0.5383567051862455,-0.32314246870482466,-0.44173539720400995,0.5275215952761285,-1.316573486283562,-0.7530087922758953,0.0,0.0,0.0,1.0,0.0,0.0,0.0,0.0,0.0,0.0,0.0,0.0,0.0,0.0,0.0,0.0,0.0,0.0,0.0,0.0,0.0,0.0,0.0,0.0,1.0,0.0,0.0,0.0,0.0,0.0,0.0
4319,0,train,-0.10128670466232163,-0.11004612674938824,-0.10531454977205683,-0.11606595051097518,-0.07824481063198063,-0.39616035347474643,2.2280105253779237,1.99945783961767,1.1381650268020076,-0.11606595051097518,-0.1580470784389542,-0.19305811945291232,-0.2320713915475348,-0.13392533418289954,-0.09444490577171503,-0.11824541897521418,-0.09135431758701307,-0.06346514466983384,0.06697230830179471,1.508389974922668,1.4547758957604446,-0.6385569878134462,-0.3156577365802952,-0.5753515812801854,0.030006883824063718,-0.32314246870482466,-0.44173539720400995,0.5275215952761285,-1.316573486283562,-0.7530087922758953,0.0,0.0,0.0,0.0,0.0,0.0,0.0,0.0,0.0,0.0,0.0,0.0,0.0,1.0,1.0,0.0,0.0,0.0,0.0,0.0,0.0,0.0,0.0,1.0,1.0,1.0,0.0,1.0,0.0,0.0,0.0
4324,0,train,-0.10128670466232163,-0.11004612674938824,-0.10531454977205683,-0.11606595051097518,-0.07824481063198063,0.32063071598984166,0.5361721920002851,0.8925477220218335,1.1381650268020076,-0.11606595051097518,-0.1580470784389542,-0.19305811945291232,-0.2320713915475348,-0.13392533418289954,-0.09444490577171503,-0.11824541897521418,-0.09135431758701307,-0.06346514466983384,-0.7749652817779098,1.041915457689163,1.1341813116822108,-0.6385569878134462,-0.3156577365802952,-0.5753515812801854,0.030006883824063718,-0.32314246870482466,-0.44173539720400995,0.5275215952761285,-1.316573486283562,-0.7530087922758953,0.0,0.0,0.0,0.0,0.0,0.0,0.0,0.0,0.0,0.0,0.0,0.0,0.0,0.0,0.0,0.0,0.0,0.0,0.0,0.0,0.0,0.0,0.0,0.0,1.0,1.0,0.0,0.0,0.0,0.0,0.0
4326,1,train,-0.0823235382675766,-0.08457593194137797,-0.08351439833260209,-0.003826350016845344,-0.07824481063198063,-1.1781142474361153,-0.5105036686131833,-0.6666482500755276,-0.6697505392372824,-0.003826350016845344,-0.1580470784389542,-0.19305811945291232,0.3581679857987965,-0.13392533418289954,-0.09444490577171503,0.16097453280883361,-0.09135431758701307,-0.06346514466983384,0.487941103341647,-2.6607436936541022,-2.2057073092032726,0.917547893809083,1.2301435275858885,1.022402553973035,1.0016308568302243,-0.32314246870482466,-0.008909164454582232,0.5275215952761285,-1.316573486283562,0.9975015605652829,0.0,0.0,0.0,0.0,1.0,0.0,0.0,1.0,0.0,1.0,1.0,0.0,0.0,0.0,0.0,0.0,0.0,0.0,0.0,0.0,0.0,0.0,0.0,1.0,0.0,0.0,0.0,0.0,0.0,0.0,0.0
4335,1,train,-0.005929067934460865,-0.05182853861679335,-0.02558828165062234,0.37030565163025414,-0.06648871820306772,-1.4387655454232382,-0.31253878711985034,-0.3750428965153342,-0.6697505392372824,0.37030565163025414,0.24161220037219439,0.2934571873012768,1.538646740491459,-0.13392533418289954,-0.09444490577171503,1.0917077054223263,-0.09135431758701307,-0.06346514466983384,3.0137538735807605,0.23500203821030233,0.1391168010098507,1.8674004394952788,1.7057939969461815,1.7581536871612422,2.376515213832237,0.6665717256942094,0.07675436077707526,-0.2554966107663368,0.7036264577958357,-1.7078326210983563,0.0,0.0,1.0,1.0,1.0,0.0,1.0,1.0,1.0,1.0,1.0,1.0,1.0,0.0,0.0,0.0,1.0,1.0,0.0,0.0,0.0,0.0,0.0,1.0,1.0,0.0,0.0,0.0,0.0,1.0,0.0
4343,1,train,-0.06010954334801812,-0.09549172971623951,-0.0754171992265189,-0.003826350016845344,-0.07236676441752418,0.19030506699628016,-0.40543000074364505,-0.46430984148274035,1.1381650268020076,-0.003826350016845344,-0.1580470784389542,0.2934571873012768,-0.2320713915475348,-0.13392533418289954,-0.09444490577171503,0.16097453280883361,-0.09135431758701307,-0.06346514466983384,1.7508474884612037,-0.07121271770581555,-0.07467028738303134,1.366096642470109,0.9244553240574601,1.1980061683271135,1.0016308568302243,0.255803221450059,0.16692649259987274,-0.6600560172216104,-0.8115235002637127,0.5200896461540525,0.0,0.0,0.0,1.0,0.0,0.0,1.0,0.0,0.0,1.0,1.0,1.0,1.0,0.0,0.0,0.0,0.0,1.0,0.0,0.0,0.0,0.0,0.0,1.0,1.0,0.0,0.0,0.0,0.0,1.0,0.0
4358,0,train,-0.10128670466232163,-0.11004612674938824,-0.10531454977205683,-0.11606595051097518,-0.07824481063198063,0.12514224249949946,3.4624992222799387,3.3325108844642686,1.1381650268020076,-0.11606595051097518,-0.1580470784389542,-0.19305811945291232,-0.2320713915475348,-0.13392533418289954,-0.09444490577171503,-0.11824541897521418,-0.09135431758701307,-0.06346514466983384,0.487941103341647,1.6888913003670942,1.697362132702419,-0.6385569878134462,-0.3156577365802952,-0.5753515812801854,0.030006883824063718,-0.32314246870482466,-0.44173539720400995,0.5275215952761285,-0.3064735142438632,-0.7530087922758953,0.0,0.0,0.0,0.0,0.0,0.0,0.0,0.0,0.0,0.0,0.0,0.0,0.0,1.0,1.0,0.0,0.0,0.0,0.0,0.0,0.0,0.0,0.0,1.0,1.0,1.0,0.0,1.0,0.0,0.0,0.0
4363,0,train,-0.10128670466232163,-0.11004612674938824,-0.10531454977205683,-0.11606595051097518,-0.07824481063198063,0.5812820139769646,2.5899309369285555,1.928044283643745,1.1381650268020076,-0.11606595051097518,-0.1580470784389542,-0.19305811945291232,-0.2320713915475348,-0.13392533418289954,-0.09444490577171503,-0.11824541897521418,-0.09135431758701307,-0.06346514466983384,0.487941103341647,1.5686001578164808,1.4385386281451913,-0.6385569878134462,-0.3156577365802952,-0.5753515812801854,0.030006883824063718,-0.32314246870482466,-0.44173539720400995,0.5275215952761285,-0.3064735142438632,-0.7530087922758953,0.0,0.0,0.0,0.0,0.0,0.0,0.0,0.0,0.0,0.0,0.0,0.0,0.0,1.0,1.0,0.0,0.0,0.0,0.0,0.0,0.0,0.0,0.0,1.0,1.0,1.0,0.0,1.0,0.0,0.0,0.0
4368,0,train,-0.08286534302171217,-0.08530365179303541,-0.0841372598023008,-0.04123955018155529,-0.07824481063198063,-1.1781142474361153,-0.4171048527291493,-0.5119188787986902,1.1381650268020076,-0.04123955018155529,-0.1580470784389542,-0.19305811945291232,-0.2320713915475348,-0.13392533418289954,-0.09444490577171503,0.06790121554748434,-0.09135431758701307,-0.06346514466983384,0.06697230830179471,-0.12806422370850087,-0.23021848001873865,0.901203263428318,1.2139071217990423,1.0064555921845773,0.746060322396679,-0.32314246870482466,0.09929739373277466,0.5275215952761285,0.1985764717759862,-1.7078326210983563,0.0,0.0,0.0,0.0,0.0,0.0,0.0,0.0,0.0,1.0,1.0,0.0,0.0,0.0,0.0,0.0,0.0,0.0,0.0,0.0,0.0,0.0,0.0,1.0,1.0,0.0,0.0,0.0,0.0,0.0,0.0
4374,0,train,-0.09695226662923706,-0.10859068704607336,-0.1022002424235633,-0.15347915067568513,-0.07236676441752418,-0.9174629494489922,-0.4287797047146536,-0.5119188787986902,-0.6697505392372824,-0.15347915067568513,-0.1580470784389542,-0.09575505810207449,-0.2320713915475348,-0.13392533418289954,-0.09444490577171503,-0.21131873623656344,-0.09135431758701307,-0.06346514466983384,-0.35399648673805756,-0.192473096520963,-0.23021848001873865,0.1577570732570075,-0.00465221423641297,0.07283150134695467,-0.5383567051862455,0.255803221450059,-0.03596080400142149,-0.381338822451733,0.1985764717759862,-1.5486953162946127,0.0,0.0,0.0,1.0,0.0,0.0,1.0,0.0,0.0,0.0,0.0,0.0,0.0,0.0,0.0,0.0,0.0,0.0,0.0,0.0,0.0,0.0,0.0,1.0,1.0,0.0,0.0,0.0,0.0,1.0,0.0
4382,1,train,-0.09532685236683033,-0.10713524734275849,-0.10064308874931653,-0.15347915067568513,-0.07824481063198063,1.2980730834415526,-0.45111420416518344,-0.5476256567856528,1.1381650268020076,-0.15347915067568513,-0.1580470784389542,-0.09575505810207449,-0.2320713915475348,-0.13392533418289954,-0.09444490577171503,-0.21131873623656344,-0.09135431758701307,-0.06346514466983384,-0.35399648673805756,-0.3462242603378785,-0.3808536193979872,0.3055622390181148,0.20020188633339758,0.24256440390207276,-0.5383567051862455,-0.32314246870482466,0.1331119431663237,-0.25377946557764725,1.7137264298355344,-1.3895580114908692,0.0,0.0,0.0,1.0,0.0,0.0,0.0,0.0,0.0,0.0,0.0,0.0,0.0,0.0,0.0,0.0,0.0,0.0,0.0,0.0,0.0,0.0,0.0,1.0,1.0,0.0,0.0,0.0,0.0,0.0,1.0
4394,0,train,-0.10182850941645721,-0.11077384660104567,-0.10593741124175554,-0.15347915067568513,-0.07824481063198063,0.5161191894801839,-0.44248496574111507,-0.5833324347726152,-0.6697505392372824,-0.15347915067568513,-0.1580470784389542,-0.09575505810207449,-0.2320713915475348,-0.13392533418289954,-0.09444490577171503,-0.21131873623656344,-0.09135431758701307,-0.06346514466983384,-0.7749652817779098,-0.2809272324636294,-0.5825314243986272,-0.8870614097166676,-0.5625167073768849,-0.8767395512791257,-0.5383567051862455,-0.32314246870482466,-0.44173539720400995,0.5275215952761285,-0.8115235002637127,0.5200896461540525,0.0,0.0,0.0,1.0,0.0,0.0,0.0,0.0,0.0,0.0,0.0,0.0,0.0,0.0,0.0,0.0,0.0,0.0,0.0,0.0,0.0,0.0,0.0,0.0,1.0,0.0,0.0,0.0,0.0,0.0,0.0
4397,1,train,-0.10237031417059278,-0.10276892823281387,-0.102823103893262,-0.15347915067568513,-0.07824481063198063,-0.20067187998440422,-0.2323376300020385,-0.27982482188343427,1.1381650268020076,-0.15347915067568513,-0.1580470784389542,-0.09575505810207449,-0.2320713915475348,0.8648398698929615,-0.09444490577171503,-0.21131873623656344,-0.09135431758701307,-0.06346514466983384,0.06697230830179471,0.3996590743827542,0.3055262492244163,-1.3118825249109904,0.5770909917434985,-0.01159823507080119,-0.5383567051862455,-0.32314246870482466,-0.10358990286851956,2.6481959033078053,0.7036264577958357,-1.2304207066871258,0.0,0.0,0.0,1.0,0.0,1.0,0.0,0.0,0.0,0.0,0.0,0.0,0.0,0.0,0.0,0.0,0.0,0.0,1.0,0.0,0.0,0.0,0.0,1.0,1.0,1.0,0.0,0.0,0.0,0.0,0.0
4399,0,train,-0.08882519531720347,-0.0933085701612672,-0.09098873596898657,-0.11606595051097518,-0.07824481063198063,1.4935615569318947,0.6777932226070541,1.1543974272595583,2.946080592841297,-0.11606595051097518,-0.1580470784389542,-0.19305811945291232,-0.2320713915475348,-0.13392533418289954,-0.09444490577171503,-0.11824541897521418,-0.09135431758701307,-0.06346514466983384,0.487941103341647,1.1034544186684894,1.2269030449356135,0.6849635180533967,0.9990991896916674,0.794861047069446,0.030006883824063718,-0.32314246870482466,0.3359992397676179,0.5275215952761285,1.208676443815685,0.5200896461540525,0.0,0.0,0.0,0.0,0.0,0.0,0.0,0.0,0.0,1.0,0.0,0.0,0.0,1.0,0.0,0.0,0.0,0.0,0.0,0.0,0.0,0.0,0.0,1.0,1.0,1.0,0.0,1.0,0.0,0.0,1.0
4401,0,train,-0.08882519531720347,-0.0933085701612672,-0.09098873596898657,-0.11606595051097518,-0.07824481063198063,1.4283987324351142,0.5361721920002851,0.8925477220218335,2.946080592841297,-0.11606595051097518,-0.1580470784389542,-0.19305811945291232,-0.2320713915475348,-0.13392533418289954,-0.09444490577171503,-0.11824541897521418,-0.09135431758701307,-0.06346514466983384,0.06697230830179471,1.041915457689163,1.1341813116822108,0.6849635180533967,0.9990991896916674,0.794861047069446,0.030006883824063718,-0.32314246870482466,0.3359992397676179,0.5275215952761285,1.208676443815685,0.5200896461540525,0.0,0.0,0.0,0.0,0.0,0.0,0.0,0.0,0.0,1.0,0.0,0.0,0.0,0.0,0.0,0.0,0.0,0.0,0.0,0.0,0.0,0.0,0.0,1.0,1.0,1.0,0.0,0.0,0.0,0.0,1.0
4405,0,train,-0.10128670466232163,-0.11004612674938824,-0.10531454977205683,-0.15347915067568513,-0.07824481063198063,-0.005183406494062019,-0.3531469679389956,-0.5773813051081215,-0.6697505392372824,-0.15347915067568513,-0.1580470784389542,-0.19305811945291232,0.3581679857987965,-0.13392533418289954,-0.09444490577171503,-0.21131873623656344,-0.09135431758701307,-0.06346514466983384,0.06697230830179471,0.12394305137204029,-0.5438477356291861,-0.6385569878134462,-0.3156577365802952,-0.5753515812801854,-0.5383567051862455,-0.32314246870482466,-0.37410629833691184,0.5275215952761285,-1.316573486283562,1.31577617017277,0.0,0.0,0.0,0.0,1.0,0.0,0.0,1.0,0.0,0.0,0.0,0.0,0.0,0.0,0.0,0.0,0.0,0.0,0.0,0.0,0.0,0.0,0.0,1.0,1.0,0.0,0.0,0.0,0.0,0.0,0.0
4412,1,train,-0.018390577279579035,-0.11150156645270311,-0.058288508809804455,0.14582645064199443,-0.07824481063198063,-0.5916488269650886,-0.4561902267675766,-0.6190392127595777,1.1381650268020076,0.14582645064199443,-0.1580470784389542,0.6826694327046281,-0.2320713915475348,-0.13392533418289954,-0.09444490577171503,0.5332678018542306,-0.09135431758701307,-0.06346514466983384,1.3298786934213516,-0.3891863454821892,-0.888714756413583,1.7831101703452639,-0.9845249053250537,1.454500832738597,1.71768429540284,-0.32314246870482466,0.07299718861779206,-1.5931527127555483,-0.8115235002637127,0.04267773174282203,0.0,0.0,0.0,1.0,0.0,0.0,0.0,0.0,0.0,0.0,1.0,1.0,1.0,0.0,0.0,0.0,1.0,1.0,0.0,0.0,0.0,0.0,0.0,1.0,1.0,0.0,0.0,0.0,0.0,0.0,0.0
4415,0,train,-0.10128670466232163,-0.11004612674938824,-0.10531454977205683,-0.15347915067568513,-0.06061067198861126,-0.20067187998440422,0.0798377600451405,0.5176265531587275,-0.6697505392372824,-0.15347915067568513,-0.1580470784389542,-0.09575505810207449,-0.2320713915475348,0.8648398698929615,-0.09444490577171503,-0.21131873623656344,-0.09135431758701307,-0.06346514466983384,0.06697230830179471,0.7642620400444011,0.9700465877968939,-0.6385569878134462,-0.3156577365802952,-0.5753515812801854,-0.5383567051862455,0.9851885307800714,-0.37410629833691184,0.5275215952761285,-0.3064735142438632,-0.4347341826684084,0.0,0.0,0.0,1.0,0.0,1.0,1.0,0.0,0.0,0.0,0.0,0.0,0.0,0.0,0.0,0.0,0.0,0.0,1.0,0.0,0.0,0.0,0.0,1.0,1.0,1.0,0.0,0.0,0.0,1.0,0.0
4432,1,train,-0.10128670466232163,-0.11077384660104567,-0.10562598050690619,-0.15347915067568513,-0.07824481063198063,0.5161191894801839,-0.2125411418527052,-0.05368189463267196,-0.6697505392372824,-0.15347915067568513,-0.1580470784389542,-0.19305811945291232,-0.2320713915475348,-0.13392533418289954,-0.09444490577171503,-0.21131873623656344,-0.09135431758701307,-0.06346514466983384,-0.35399648673805756,0.4329545076843888,0.5780901639839344,-0.6385569878134462,-0.5625167073768849,-0.7070066487240076,-0.5383567051862455,-0.32314246870482466,-0.4079208477704609,-0.1793698407344305,0.1985764717759862,-0.4347341826684084,0.0,0.0,0.0,0.0,0.0,0.0,0.0,0.0,0.0,0.0,0.0,0.0,0.0,0.0,0.0,0.0,0.0,0.0,0.0,0.0,0.0,0.0,0.0,1.0,1.0,1.0,0.0,0.0,0.0,0.0,0.0
4435,0,train,-0.08882519531720347,-0.0933085701612672,-0.09098873596898657,-0.11606595051097518,-0.07824481063198063,1.4283987324351142,0.5361721920002851,0.8925477220218335,2.946080592841297,-0.11606595051097518,-0.1580470784389542,-0.19305811945291232,-0.2320713915475348,-0.13392533418289954,-0.09444490577171503,-0.11824541897521418,-0.09135431758701307,-0.06346514466983384,0.06697230830179471,1.041915457689163,1.1341813116822108,0.6849635180533967,0.9990991896916674,0.794861047069446,0.030006883824063718,-0.32314246870482466,0.3359992397676179,0.5275215952761285,-0.8115235002637127,0.5200896461540525,0.0,0.0,0.0,0.0,0.0,0.0,0.0,0.0,0.0,1.0,0.0,0.0,0.0,0.0,0.0,0.0,0.0,0.0,0.0,0.0,0.0,0.0,0.0,1.0,1.0,1.0,0.0,0.0,0.0,0.0,0.0
4437,0,train,-0.08882519531720347,-0.0933085701612672,-0.09098873596898657,-0.11606595051097518,-0.07824481063198063,1.4935615569318947,0.5371873965207637,0.8925477220218335,2.946080592841297,-0.11606595051097518,-0.1580470784389542,-0.19305811945291232,-0.2320713915475348,-0.13392533418289954,-0.09444490577171503,-0.11824541897521418,-0.09135431758701307,-0.06346514466983384,0.06697230830179471,1.04238556874049,1.1341813116822108,0.6849635180533967,0.9990991896916674,0.794861047069446,0.030006883824063718,-0.32314246870482466,0.3359992397676179,0.5275215952761285,-0.8115235002637127,0.5200896461540525,0.0,0.0,0.0,0.0,0.0,0.0,0.0,0.0,0.0,1.0,0.0,0.0,0.0,0.0,0.0,0.0,0.0,0.0,0.0,0.0,0.0,0.0,0.0,1.0,1.0,1.0,0.0,0.0,0.0,0.0,0.0
4439,0,train,-0.08882519531720347,-0.0933085701612672,-0.09098873596898657,-0.11606595051097518,-0.07824481063198063,0.7767704874673067,1.7889345702709156,1.7554615233734265,2.946080592841297,-0.11606595051097518,-0.1580470784389542,-0.19305811945291232,-0.2320713915475348,-0.13392533418289954,-0.09444490577171503,-0.11824541897521418,-0.09135431758701307,-0.06346514466983384,0.9089098983814993,1.423626062465307,1.3973809609621903,0.6849635180533967,0.9990991896916674,0.794861047069446,0.030006883824063718,-0.32314246870482466,0.3359992397676179,0.5275215952761285,-0.8115235002637127,0.5200896461540525,0.0,0.0,0.0,0.0,0.0,0.0,0.0,0.0,0.0,1.0,0.0,0.0,0.0,1.0,1.0,0.0,0.0,0.0,0.0,0.0,0.0,0.0,0.0,1.0,1.0,1.0,0.0,1.0,0.0,0.0,0.0
4445,1,train,-0.08449075728411888,-0.08966997090298003,-0.08694013641594497,-0.11606595051097518,-0.07824481063198063,0.711607662970526,-0.18919143788169668,0.00582940201226549,-0.6697505392372824,-0.11606595051097518,-0.1580470784389542,-0.09575505810207449,-0.2320713915475348,-0.13392533418289954,-0.09444490577171503,-0.11824541897521418,-0.09135431758701307,-0.06346514466983384,-0.35399648673805756,0.46949732315282583,0.6331186121013407,0.849379112818657,1.1061865519027787,0.9288253216405091,0.030006883824063718,-0.32314246870482466,0.5557938110856867,0.42653710441747683,-0.3064735142438632,0.9975015605652829,0.0,0.0,0.0,1.0,0.0,0.0,0.0,0.0,0.0,1.0,0.0,0.0,0.0,0.0,0.0,0.0,0.0,0.0,0.0,0.0,0.0,0.0,0.0,1.0,1.0,1.0,0.0,0.0,0.0,0.0,0.0
4461,1,train,-0.09641046187510148,-0.11150156645270311,-0.10313453462811135,-0.11606595051097518,-0.07824481063198063,-0.07034623099084275,-0.31558440068128624,-0.3155315998703967,1.1381650268020076,-0.11606595051097518,-0.1580470784389542,-0.09575505810207449,-0.2320713915475348,-0.13392533418289954,-0.09444490577171503,-0.11824541897521418,-0.09135431758701307,-0.06346514466983384,-0.7749652817779098,0.2274994984878723,0.24839836238841603,0.21108524257519945,-0.9845249053250537,-0.05882356609686755,0.030006883824063718,-0.32314246870482466,-0.3233844741865883,-1.5931527127555483,-0.3064735142438632,-1.5486953162946127,0.0,0.0,0.0,1.0,0.0,0.0,0.0,0.0,0.0,0.0,0.0,0.0,0.0,0.0,0.0,0.0,0.0,0.0,0.0,0.0,0.0,0.0,0.0,0.0,1.0,1.0,0.0,0.0,0.0,0.0,0.0
4463,0,train,-0.09045060957961018,-0.10495208778778618,-0.0969059199311243,-0.15347915067568513,-0.07824481063198063,0.38579354048662234,-0.17751658589619243,-0.012023986981215744,-0.6697505392372824,-0.15347915067568513,-0.1580470784389542,-0.09575505810207449,-0.2320713915475348,-0.13392533418289954,-0.09444490577171503,-0.21131873623656344,-0.09135431758701307,-0.06346514466983384,-0.7749652817779098,0.48678583722105084,0.6171339543811262,0.609822109911762,0.4173559837117559,0.5198673290493797,-0.5383567051862455,-0.32314246870482466,0.5388865363689122,-0.361793437124252,-0.3064735142438632,0.679226950957796,0.0,0.0,0.0,1.0,0.0,0.0,0.0,0.0,0.0,0.0,0.0,0.0,0.0,0.0,0.0,0.0,0.0,0.0,0.0,0.0,0.0,0.0,0.0,0.0,1.0,1.0,0.0,0.0,0.0,0.0,0.0
4469,1,train,-0.10074489990818607,-0.1093184068977308,-0.10469168830235813,-0.15347915067568513,-0.07824481063198063,0.711607662970526,-0.4369013408784826,-0.5119188787986902,1.1381650268020076,-0.15347915067568513,-0.1580470784389542,-0.09575505810207449,-0.2320713915475348,-0.13392533418289954,-0.09444490577171503,-0.21131873623656344,-0.09135431758701307,-0.06346514466983384,-0.7749652817779098,-0.2429241809590487,-0.23021848001873865,-0.4622402945223449,-0.14050850942871598,-0.37683240049076266,-0.5383567051862455,-0.32314246870482466,-0.3064771994698138,0.5275215952761285,1.7137264298355344,0.04267773174282203,0.0,0.0,0.0,1.0,0.0,0.0,0.0,0.0,0.0,0.0,0.0,0.0,0.0,0.0,0.0,0.0,0.0,0.0,0.0,0.0,0.0,0.0,0.0,0.0,1.0,0.0,0.0,0.0,0.0,0.0,1.0
4479,1,train,0.0005725891151660056,-0.08966997090298003,-0.03804551104459648,-0.04123955018155529,-0.06648871820306772,1.1025846099512104,-0.09477741747718402,0.1546076436246091,-0.6697505392372824,-0.04123955018155529,0.041782560966620086,0.0015480032487633255,-0.2320713915475348,-0.13392533418289954,-0.09444490577171503,0.06790121554748434,-0.09135431758701307,-0.06346514466983384,2.171816283501056,0.5943059484714247,0.7519627846505625,1.907169240120767,1.1061865519027787,1.6600023632777705,0.746060322396679,0.6665717256942094,1.350435722774089,-1.014786992383273,-0.8115235002637127,1.31577617017277,0.0,0.0,1.0,1.0,0.0,0.0,1.0,0.0,1.0,1.0,1.0,1.0,1.0,0.0,0.0,0.0,0.0,0.0,0.0,0.0,0.0,0.0,0.0,1.0,1.0,1.0,0.0,0.0,0.0,1.0,0.0
4491,1,train,-0.10182850941645721,-0.11077384660104567,-0.10593741124175554,-0.15347915067568513,-0.07824481063198063,-0.46132317797152717,-0.4962908053264825,-0.6249903424240715,1.1381650268020076,-0.15347915067568513,-0.1580470784389542,-0.09575505810207449,-0.2320713915475348,-0.13392533418289954,-0.09444490577171503,-0.21131873623656344,-0.09135431758701307,-0.06346514466983384,-0.7749652817779098,-1.027084743267857,-0.9593126290227075,-0.8870614097166676,-0.5625167073768849,-0.8767395512791257,-0.5383567051862455,-0.32314246870482466,-0.44173539720400995,0.5275215952761285,-0.8115235002637127,-0.5938714874721519,0.0,0.0,0.0,1.0,0.0,0.0,0.0,0.0,0.0,0.0,0.0,0.0,0.0,0.0,0.0,0.0,0.0,0.0,0.0,0.0,0.0,0.0,0.0,0.0,1.0,0.0,0.0,0.0,0.0,0.0,0.0
4497,1,train,-0.10128670466232163,-0.11150156645270311,-0.10593741124175554,-0.15347915067568513,-0.07824481063198063,0.5161191894801839,-0.49679840758672184,-0.6428437314175527,-0.6697505392372824,-0.15347915067568513,-0.1580470784389542,-0.19305811945291232,-0.2320713915475348,-0.13392533418289954,-0.09444490577171503,-0.21131873623656344,-0.09135431758701307,-0.06346514466983384,-0.7749652817779098,-1.0441094573366467,-1.2410277007934718,-0.6385569878134462,-0.9845249053250537,-0.8767395512791257,-0.5383567051862455,-0.32314246870482466,-0.44173539720400995,-1.5931527127555483,1.208676443815685,-1.8669699259020998,0.0,0.0,0.0,0.0,0.0,0.0,0.0,0.0,0.0,0.0,0.0,0.0,0.0,0.0,0.0,0.0,0.0,0.0,0.0,0.0,0.0,0.0,0.0,0.0,1.0,0.0,0.0,0.0,0.0,0.0,1.0
4506,0,train,-0.10074489990818607,-0.1093184068977308,-0.10469168830235813,-0.15347915067568513,-0.07824481063198063,-1.1781142474361153,-0.37751187643048273,-0.5535767864501465,-0.6697505392372824,-0.15347915067568513,-0.1580470784389542,-0.09575505810207449,-0.2320713915475348,-0.13392533418289954,-0.09444490577171503,-0.21131873623656344,-0.09135431758701307,-0.06346514466983384,-0.7749652817779098,0.04261228313115604,-0.41009791400642853,-0.4622402945223449,-0.14050850942871598,-0.37683240049076266,-0.5383567051862455,-0.32314246870482466,-0.3064771994698138,0.5275215952761285,-0.8115235002637127,0.8383642557615394,0.0,0.0,0.0,1.0,0.0,0.0,0.0,0.0,0.0,0.0,0.0,0.0,0.0,0.0,0.0,0.0,0.0,0.0,0.0,0.0,0.0,0.0,0.0,0.0,1.0,0.0,0.0,0.0,0.0,0.0,0.0
4511,1,train,-0.10182850941645721,-0.11077384660104567,-0.10593741124175554,-0.15347915067568513,-0.07824481063198063,-1.0477885984425537,-0.503397236969833,-0.6547459907465402,-0.6697505392372824,-0.15347915067568513,-0.1580470784389542,-0.19305811945291232,-0.2320713915475348,-0.13392533418289954,-0.09444490577171503,-0.21131873623656344,-0.09135431758701307,-0.06346514466983384,-0.7749652817779098,-1.3469207709013757,-1.547211032808428,-0.8870614097166676,-0.5625167073768849,-0.8767395512791257,-0.5383567051862455,-0.32314246870482466,-0.44173539720400995,0.5275215952761285,-0.3064735142438632,1.31577617017277,0.0,0.0,0.0,0.0,0.0,0.0,0.0,0.0,0.0,0.0,0.0,0.0,0.0,0.0,0.0,0.0,0.0,0.0,0.0,0.0,0.0,0.0,0.0,0.0,1.0,0.0,0.0,0.0,0.0,0.0,0.0
4513,0,train,-0.09261782859615247,-0.10859068704607336,-0.09970879654476847,-0.07865275034626523,-0.07236676441752418,0.12514224249949946,-0.44857619286398687,-0.5773813051081215,-0.6697505392372824,-0.07865275034626523,-0.1580470784389542,0.0015480032487633255,0.3581679857987965,-0.13392533418289954,-0.09444490577171503,-0.025172101713864917,-0.09135431758701307,-0.06346514466983384,0.06697230830179471,-0.3260904763588485,-0.5438477356291861,0.4927267786147601,-0.00465221423641297,0.32502418300441155,0.43326726781991537,0.255803221450059,-0.2613911335584151,-0.8219984189258477,0.7036264577958357,-0.2755968778646649,0.0,0.0,0.0,1.0,1.0,0.0,1.0,1.0,0.0,0.0,0.0,0.0,0.0,0.0,0.0,0.0,0.0,0.0,0.0,0.0,0.0,0.0,0.0,1.0,1.0,0.0,0.0,0.0,0.0,1.0,0.0
4515,1,train,-0.10182850941645721,-0.11077384660104567,-0.10593741124175554,-0.15347915067568513,-0.07824481063198063,-0.26583470448118496,3.897006757044793,3.2194394208388877,1.1381650268020076,-0.15347915067568513,-0.1580470784389542,-0.19305811945291232,0.3581679857987965,-0.13392533418289954,-0.09444490577171503,-0.21131873623656344,-0.09135431758701307,-0.06346514466983384,0.487941103341647,1.7392383137935612,1.6801968395462439,-0.8870614097166676,-0.5625167073768849,-0.8767395512791257,-0.5383567051862455,-0.32314246870482466,-0.44173539720400995,0.5275215952761285,0.7036264577958357,0.5200896461540525,0.0,0.0,0.0,0.0,1.0,0.0,0.0,1.0,0.0,0.0,0.0,0.0,0.0,1.0,1.0,0.0,0.0,0.0,0.0,0.0,0.0,0.0,0.0,1.0,1.0,1.0,0.0,1.0,0.0,0.0,0.0
4522,0,train,-0.10128670466232163,-0.11150156645270311,-0.10593741124175554,-0.11606595051097518,-0.07236676441752418,-2.1555566148878262,-0.0034090106341072364,0.3688483115463839,-0.6697505392372824,-0.11606595051097518,-0.1580470784389542,-0.19305811945291232,-0.2320713915475348,-0.13392533418289954,0.10391193689919007,-0.3043920534979127,-0.09135431758701307,-0.06346514466983384,0.06697230830179471,0.690585327720397,0.8900093210267701,-0.6385569878134462,-0.9845249053250537,-0.8767395512791257,0.030006883824063718,0.255803221450059,-0.47554994663755895,-1.5931527127555483,-0.3064735142438632,-0.5938714874721519,0.0,0.0,0.0,0.0,0.0,0.0,1.0,0.0,0.0,0.0,0.0,0.0,0.0,0.0,0.0,1.0,0.0,0.0,0.0,0.0,0.0,0.0,0.0,1.0,1.0,1.0,1.0,0.0,0.0,1.0,0.0
4534,1,train,-0.09803587613750821,-0.11077384660104567,-0.10375739609781007,-0.11606595051097518,-0.07824481063198063,2.731655222370729,-0.18868383562145738,-0.05368189463267196,-0.6697505392372824,-0.11606595051097518,-0.1580470784389542,-0.09575505810207449,-0.2320713915475348,-0.13392533418289954,-0.09444490577171503,-0.11824541897521418,-0.09135431758701307,-0.06346514466983384,0.06697230830179471,0.47026194831820345,0.5780901639839344,0.034768549284098414,-0.5625167073768849,-0.16639358868905615,0.030006883824063718,-0.32314246870482466,-0.35719902362013733,-1.1218917554151757,-0.8115235002637127,0.5200896461540525,0.0,0.0,0.0,1.0,0.0,0.0,0.0,0.0,0.0,0.0,0.0,0.0,0.0,0.0,0.0,0.0,0.0,0.0,0.0,0.0,0.0,1.0,0.0,1.0,1.0,1.0,0.0,0.0,0.0,0.0,0.0
4540,0,train,-0.09911948564577935,-0.1093184068977308,-0.10375739609781007,-0.15347915067568513,-0.07824481063198063,-0.005183406494062019,-0.14959846158303008,-0.035828505639190725,-0.6697505392372824,-0.15347915067568513,-0.1580470784389542,-0.19305811945291232,-0.2320713915475348,-0.13392533418289954,-0.09444490577171503,-0.21131873623656344,-0.09135431758701307,-0.06346514466983384,-0.7749652817779098,0.5257893015343459,0.5951355536178254,-0.1192588761762082,-0.14050850942871598,-0.16639358868905615,-0.5383567051862455,-0.32314246870482466,-0.20503355116916666,-0.1793698407344305,0.7036264577958357,-1.8669699259020998,1.0,0.0,0.0,0.0,0.0,0.0,0.0,0.0,0.0,0.0,0.0,0.0,0.0,0.0,0.0,0.0,0.0,0.0,0.0,0.0,0.0,0.0,0.0,0.0,1.0,1.0,0.0,0.0,0.0,0.0,0.0
4560,1,train,-0.07961451449689873,-0.08457593194137797,-0.08195724465835533,-0.04123955018155529,-0.07824481063198063,0.5812820139769646,-0.5039048392300722,-0.6487948610820464,-0.6697505392372824,-0.04123955018155529,0.24161220037219439,-0.09575505810207449,-0.2320713915475348,-0.13392533418289954,-0.09444490577171503,0.06790121554748434,-0.09135431758701307,-0.06346514466983384,0.487941103341647,-1.3803929775942934,-1.3747775224162295,0.9933093195212027,1.2301435275858885,1.0604803890843308,0.746060322396679,-0.32314246870482466,0.15847285524148547,0.393301702362731,0.1985764717759862,0.8383642557615394,0.0,0.0,1.0,1.0,0.0,0.0,0.0,0.0,1.0,1.0,1.0,0.0,0.0,0.0,0.0,0.0,0.0,0.0,0.0,0.0,0.0,0.0,0.0,1.0,1.0,0.0,0.0,0.0,0.0,0.0,0.0
4577,1,train,-0.047106229248764384,-0.05110081876513591,-0.04894558676432385,-0.003826350016845344,-0.06648871820306772,-0.6568116514618694,0.10877108887878148,0.6068934981261337,-0.6697505392372824,-0.003826350016845344,0.041782560966620086,-0.09575505810207449,-0.2320713915475348,-0.13392533418289954,-0.09444490577171503,0.16097453280883361,-0.09135431758701307,-0.06346514466983384,2.171816283501056,0.7874562347824782,1.0133948070438592,1.528684085794412,1.713085450974494,1.5582766193101985,1.0016308568302243,0.6665717256942094,0.7417738329702064,0.3097226122890915,-1.316573486283562,0.679226950957796,0.0,0.0,1.0,1.0,0.0,0.0,1.0,0.0,1.0,1.0,1.0,1.0,1.0,0.0,0.0,0.0,0.0,0.0,0.0,0.0,0.0,0.0,0.0,1.0,1.0,1.0,0.0,0.0,0.0,1.0,0.0
4591,1,train,-0.10020309515405049,-0.029996943067070268,-0.07043430746892924,-0.003826350016845344,-0.07824481063198063,-0.8523001249522115,-0.4638042606711663,-0.5892835644371089,1.1381650268020076,-0.003826350016845344,-0.1580470784389542,0.2934571873012768,-0.2320713915475348,-0.13392533418289954,-0.09444490577171503,0.06790121554748434,0.020300959463780674,-0.06346514466983384,1.3298786934213516,-0.4617323491308859,-0.6238850023993103,-0.32547844223991174,1.8936465282877921,1.2847679301834791,1.0016308568302243,-0.32314246870482466,0.2751330507872296,2.5019425027538964,-0.8115235002637127,-1.0712834018833823,0.0,0.0,0.0,1.0,0.0,0.0,0.0,0.0,0.0,1.0,1.0,0.0,1.0,0.0,0.0,0.0,0.0,1.0,0.0,1.0,0.0,0.0,0.0,1.0,1.0,0.0,0.0,0.0,0.0,0.0,0.0
4598,0,train,-0.09966129039991492,-0.10859068704607336,-0.10375739609781007,-0.15347915067568513,-0.06061067198861126,0.12514224249949946,-0.0034090106341072364,0.33314153355942144,-0.6697505392372824,-0.15347915067568513,-0.1580470784389542,-0.19305811945291232,-0.2320713915475348,-0.13392533418289954,-0.09444490577171503,-0.21131873623656344,-0.09135431758701307,-0.06346514466983384,-0.35399648673805756,0.690585327720397,0.8690982768100118,-0.21373587261912344,-0.00465221423641297,-0.16639358868905615,-0.5383567051862455,0.9851885307800714,-0.20503355116916666,0.2918911166059421,0.1985764717759862,-1.5486953162946127,0.0,0.0,0.0,0.0,0.0,0.0,1.0,0.0,0.0,0.0,0.0,0.0,0.0,0.0,0.0,0.0,0.0,0.0,0.0,0.0,0.0,0.0,0.0,1.0,1.0,1.0,0.0,0.0,0.0,1.0,0.0
4610,1,train,-0.070403833676594,-0.09185313045795233,-0.07977722951440985,-0.04123955018155529,-0.06648871820306772,0.19030506699628016,-0.13233998473489336,0.053438439328215445,-0.6697505392372824,-0.04123955018155529,0.041782560966620086,-0.09575505810207449,0.3581679857987965,-0.13392533418289954,-0.09444490577171503,0.06790121554748434,-0.09135431758701307,-0.06346514466983384,2.592785078540908,0.5484206407920663,0.6737707398857922,1.197489325246278,1.0442182822297355,1.1099706045341018,0.746060322396679,0.6665717256942094,0.2176483167501963,-0.26156651934030933,0.1985764717759862,0.9975015605652829,0.0,0.0,1.0,1.0,1.0,0.0,1.0,1.0,1.0,1.0,1.0,1.0,1.0,0.0,0.0,0.0,0.0,0.0,0.0,0.0,0.0,0.0,0.0,1.0,1.0,1.0,0.0,0.0,0.0,1.0,0.0
4623,0,train,0.07209081666106158,-0.10859068704607336,-0.0050338531505650114,-0.07865275034626523,-0.07236676441752418,-1.7645796679071417,-0.36888263800641435,-0.42860306349577787,-0.6697505392372824,-0.07865275034626523,-0.1580470784389542,0.09885106459960115,-0.2320713915475348,-0.13392533418289954,0.004733515563737508,-0.11824541897521418,-0.09135431758701307,-0.06346514466983384,1.3298786934213516,0.073000216454853,0.02016746324562788,2.2291673011500848,-0.00465221423641297,1.8911635236683928,0.43326726781991537,0.255803221450059,3.1651498757078875,-1.5411116254418877,-1.316573486283562,0.9975015605652829,0.0,0.0,0.0,1.0,0.0,0.0,1.0,0.0,0.0,0.0,0.0,1.0,1.0,0.0,0.0,1.0,0.0,1.0,0.0,0.0,0.0,0.0,0.0,1.0,1.0,0.0,1.0,0.0,0.0,1.0,0.0
4624,1,train,0.10622451617160265,0.07115611631331335,0.09150967465273457,-0.04123955018155529,-0.06648871820306772,0.12514224249949946,-0.3429949227342093,-0.40479854483780287,-0.6697505392372824,-0.04123955018155529,0.041782560966620086,0.0015480032487633255,-0.2320713915475348,-0.13392533418289954,-0.09444490577171503,0.06790121554748434,-0.09135431758701307,-0.06346514466983384,1.7508474884612037,0.15418053448338034,0.07596485199621772,2.3383746559205427,2.3819526197192524,2.2845822317602056,0.746060322396679,0.6665717256942094,4.867148863863188,0.08071285742039795,-1.316573486283562,1.4749134749765134,0.0,0.0,1.0,1.0,0.0,0.0,1.0,0.0,1.0,1.0,1.0,1.0,1.0,0.0,0.0,0.0,0.0,0.0,0.0,0.0,0.0,0.0,0.0,1.0,1.0,0.0,0.0,0.0,0.0,1.0,0.0
4631,0,train,-0.09857768089164377,-0.1093184068977308,-0.10344596536296072,-0.04123955018155529,-0.04885457955969834,-1.2432770719328958,-0.501874430189115,-0.6487948610820464,-0.6697505392372824,-0.04123955018155529,0.4414418397777687,-0.09575505810207449,-0.2320713915475348,-0.13392533418289954,-0.09444490577171503,0.06790121554748434,-0.09135431758701307,-0.06346514466983384,0.487941103341647,-1.2584666349587093,-1.3747775224162295,-0.037419179328021863,-0.14050850942871598,-0.11016042364207619,0.746060322396679,1.4656223519725455,-0.4248281224872354,-0.3207481279365422,0.7036264577958357,-0.9121460970796389,0.0,0.0,1.0,1.0,0.0,0.0,1.0,0.0,1.0,0.0,1.0,0.0,0.0,0.0,0.0,0.0,0.0,0.0,0.0,0.0,0.0,0.0,0.0,1.0,1.0,0.0,0.0,0.0,0.0,1.0,0.0
4640,0,train,-0.10074489990818607,-0.1093184068977308,-0.10469168830235813,-0.15347915067568513,-0.07824481063198063,-1.3084398964296766,-0.34807094533660243,-0.36314063718634665,-0.6697505392372824,-0.15347915067568513,-0.1580470784389542,-0.09575505810207449,-0.2320713915475348,-0.13392533418289954,-0.09444490577171503,-0.21131873623656344,-0.09135431758701307,-0.06346514466983384,-0.7749652817779098,0.13929732545245704,0.1626252705904133,-0.4622402945223449,-0.14050850942871598,-0.37683240049076266,-0.5383567051862455,-0.32314246870482466,-0.3064771994698138,0.5275215952761285,-0.8115235002637127,0.36095234135030896,0.0,0.0,0.0,1.0,0.0,0.0,0.0,0.0,0.0,0.0,0.0,0.0,0.0,0.0,0.0,0.0,0.0,0.0,0.0,0.0,0.0,0.0,0.0,0.0,1.0,1.0,0.0,0.0,0.0,0.0,0.0
4645,1,train,-0.09857768089164377,-0.1093184068977308,-0.10344596536296072,-0.07865275034626523,-0.07824481063198063,0.5161191894801839,0.198109086680901,0.6723559244355649,-0.6697505392372824,-0.07865275034626523,0.041782560966620086,-0.09575505810207449,-0.2320713915475348,0.8648398698929615,-0.09444490577171503,-0.025172101713864917,-0.09135431758701307,-0.06346514466983384,0.06697230830179471,0.8527856375903091,1.0433025097348143,-0.037419179328021863,-0.14050850942871598,-0.11016042364207619,0.43326726781991537,-0.32314246870482466,-0.39664933129261126,-0.3207481279365422,0.7036264577958357,0.20181503654656552,0.0,0.0,1.0,1.0,0.0,1.0,0.0,0.0,1.0,0.0,0.0,0.0,0.0,0.0,0.0,0.0,0.0,0.0,1.0,0.0,0.0,0.0,0.0,1.0,1.0,1.0,0.0,0.0,0.0,0.0,0.0
4648,0,train,-0.08503256203825446,-0.10786296719441593,-0.09503733552202817,-0.11606595051097518,-0.07236676441752418,2.145189801899702,0.7331218689731395,1.7078524860574764,-0.6697505392372824,-0.11606595051097518,-0.1580470784389542,-0.19305811945291232,-0.2320713915475348,-0.13392533418289954,-0.09444490577171503,-0.11824541897521418,-0.09135431758701307,-0.06346514466983384,0.487941103341647,1.1255245071461082,1.3855114811904157,0.8310826103545514,0.10635046136787357,0.6212592672553785,0.030006883824063718,0.255803221450059,0.11620466844954919,-1.0199974943686088,1.208676443815685,-1.8669699259020998,0.0,0.0,0.0,0.0,0.0,0.0,1.0,0.0,0.0,0.0,0.0,0.0,0.0,1.0,1.0,0.0,0.0,0.0,0.0,0.0,0.0,0.0,0.0,1.0,1.0,1.0,0.0,1.0,0.0,1.0,1.0
4657,0,train,-0.10128670466232163,-0.11004612674938824,-0.10531454977205683,-0.15347915067568513,-0.07824481063198063,0.4509563649834031,-0.17142535877332066,0.00582940201226549,-0.6697505392372824,-0.15347915067568513,-0.1580470784389542,-0.19305811945291232,0.3581679857987965,-0.13392533418289954,-0.09444490577171503,-0.21131873623656344,-0.09135431758701307,-0.06346514466983384,-0.35399648673805756,0.49556715508749455,0.6331186121013407,-0.6385569878134462,-0.3156577365802952,-0.5753515812801854,-0.5383567051862455,-0.32314246870482466,-0.37410629833691184,0.5275215952761285,-0.8115235002637127,0.36095234135030896,0.0,0.0,0.0,0.0,1.0,0.0,0.0,1.0,0.0,0.0,0.0,0.0,0.0,0.0,0.0,0.0,0.0,0.0,0.0,0.0,0.0,0.0,0.0,1.0,1.0,1.0,0.0,0.0,0.0,0.0,0.0
4662,1,train,-0.09749407138337263,-0.10640752749110105,-0.1015773809538646,-0.07865275034626523,-0.07824481063198063,0.5812820139769646,-0.4917223849843287,-0.636892601753059,1.1381650268020076,-0.07865275034626523,0.041782560966620086,-0.19305811945291232,-0.2320713915475348,-0.13392533418289954,-0.09444490577171503,-0.025172101713864917,-0.09135431758701307,-0.06346514466983384,-0.35399648673805756,-0.8959521553763351,-1.1317461394149064,0.09934267295441115,0.28149968851945306,0.14667796444230605,0.43326726781991537,-0.32314246870482466,-0.3290202324255132,0.26243730677216887,0.1985764717759862,-1.3895580114908692,0.0,0.0,1.0,0.0,0.0,0.0,0.0,0.0,1.0,0.0,0.0,0.0,0.0,0.0,0.0,0.0,0.0,0.0,0.0,0.0,0.0,0.0,0.0,1.0,1.0,0.0,0.0,0.0,0.0,0.0,0.0
4665,1,train,-0.10182850941645721,-0.11077384660104567,-0.10593741124175554,-0.15347915067568513,-0.07824481063198063,-0.005183406494062019,3.965025459916861,3.2789507174838253,1.1381650268020076,-0.15347915067568513,-0.1580470784389542,-0.19305811945291232,0.3581679857987965,-0.13392533418289954,-0.09444490577171503,-0.21131873623656344,-0.09135431758701307,-0.06346514466983384,0.487941103341647,1.7466674055887006,1.6892924487013392,-0.8870614097166676,-0.5625167073768849,-0.8767395512791257,-0.5383567051862455,-0.32314246870482466,-0.44173539720400995,0.5275215952761285,0.7036264577958357,0.5200896461540525,0.0,0.0,0.0,0.0,1.0,0.0,0.0,1.0,0.0,0.0,0.0,0.0,0.0,1.0,1.0,0.0,0.0,0.0,0.0,0.0,0.0,0.0,0.0,1.0,1.0,1.0,0.0,1.0,0.0,0.0,0.0
4673,0,train,-0.10182850941645721,-0.11077384660104567,-0.10593741124175554,-0.15347915067568513,-0.07824481063198063,-1.1781142474361153,-0.5105036686131833,-0.6666482500755276,-0.6697505392372824,-0.15347915067568513,-0.1580470784389542,-0.09575505810207449,-0.2320713915475348,-0.13392533418289954,-0.09444490577171503,-0.21131873623656344,-0.09135431758701307,-0.06346514466983384,-0.7749652817779098,-2.6607436936541022,-2.2057073092032726,-0.8870614097166676,-0.5625167073768849,-0.8767395512791257,-0.5383567051862455,-0.32314246870482466,-0.44173539720400995,0.5275215952761285,-1.316573486283562,0.04267773174282203,0.0,0.0,0.0,1.0,0.0,0.0,0.0,0.0,0.0,0.0,0.0,0.0,0.0,0.0,0.0,0.0,0.0,0.0,0.0,0.0,0.0,0.0,0.0,0.0,0.0,0.0,0.0,0.0,0.0,0.0,0.0
4675,1,train,-0.10128670466232163,-0.11150156645270311,-0.10593741124175554,-0.11606595051097518,-0.07824481063198063,0.711607662970526,-0.44146976122063647,-0.541674527121159,1.1381650268020076,-0.11606595051097518,-0.1580470784389542,-0.09575505810207449,-0.2320713915475348,-0.13392533418289954,-0.09444490577171503,-0.11824541897521418,-0.09135431758701307,-0.06346514466983384,-0.7749652817779098,-0.2737924778944201,-0.3529700271704281,-0.6385569878134462,-0.9845249053250537,-0.8767395512791257,0.030006883824063718,-0.32314246870482466,-0.47554994663755895,-1.5931527127555483,-0.3064735142438632,-0.5938714874721519,0.0,0.0,0.0,1.0,0.0,0.0,0.0,0.0,0.0,0.0,0.0,0.0,0.0,0.0,0.0,0.0,0.0,0.0,0.0,0.0,0.0,0.0,0.0,0.0,1.0,0.0,0.0,0.0,0.0,0.0,0.0
4678,0,train,-0.06336037187283156,-0.11150156645270311,-0.0841372598023008,-0.15347915067568513,-0.07236676441752418,-1.8297424924039225,-0.0034090106341072364,0.3688483115463839,-0.6697505392372824,-0.15347915067568513,-0.1580470784389542,-0.19305811945291232,0.3581679857987965,-0.13392533418289954,0.004733515563737508,-0.3043920534979127,-0.09135431758701307,-0.06346514466983384,0.9089098983814993,0.690585327720397,0.8900093210267701,1.3176856470496257,-0.9845249053250537,1.0064555921845773,-0.5383567051862455,0.255803221450059,1.9252830631444227,-1.5931527127555483,-0.3064735142438632,1.1566388653690263,0.0,0.0,0.0,0.0,1.0,0.0,1.0,1.0,0.0,0.0,0.0,1.0,0.0,0.0,0.0,1.0,0.0,0.0,0.0,0.0,0.0,0.0,0.0,1.0,1.0,1.0,1.0,0.0,0.0,1.0,0.0
4685,1,train,-0.08882519531720347,-0.0933085701612672,-0.09098873596898657,0.07100005031257454,-0.07824481063198063,-0.5264860024683079,-0.49019957820361076,-0.6190392127595777,-0.6697505392372824,0.07100005031257454,0.041782560966620086,-0.19305811945291232,-0.2320713915475348,-0.13392533418289954,-0.09444490577171503,0.34712116733153214,-0.09135431758701307,-0.06346514466983384,0.9089098983814993,-0.8590872455777214,-0.888714756413583,0.6849635180533967,0.9990991896916674,0.794861047069446,1.4048912408260767,-0.32314246870482466,-0.2678320001171863,0.5275215952761285,1.208676443815685,-0.11645957306092145,0.0,0.0,1.0,0.0,0.0,0.0,0.0,0.0,1.0,1.0,1.0,0.0,0.0,0.0,0.0,0.0,1.0,0.0,0.0,0.0,0.0,0.0,0.0,1.0,1.0,0.0,0.0,0.0,0.0,0.0,1.0
4694,1,train,-0.10128670466232163,-0.11004612674938824,-0.10531454977205683,-0.11606595051097518,-0.07824481063198063,-1.0477885984425537,-0.5105036686131833,-0.6666482500755276,-0.6697505392372824,-0.11606595051097518,-0.1580470784389542,-0.09575505810207449,-0.2320713915475348,-0.13392533418289954,-0.09444490577171503,-0.11824541897521418,-0.09135431758701307,-0.06346514466983384,-0.7749652817779098,-2.6607436936541022,-2.2057073092032726,-0.6385569878134462,-0.3156577365802952,-0.5753515812801854,0.030006883824063718,-0.32314246870482466,-0.44173539720400995,0.5275215952761285,-0.3064735142438632,1.1566388653690263,0.0,0.0,0.0,1.0,0.0,0.0,0.0,0.0,0.0,0.0,0.0,0.0,0.0,0.0,0.0,0.0,0.0,0.0,0.0,0.0,0.0,0.0,0.0,0.0,0.0,0.0,0.0,0.0,0.0,0.0,0.0
4698,0,train,-0.08936700007133903,-0.11077384660104567,-0.0987745043402204,-0.07865275034626523,-0.07236676441752418,1.3632359079383334,0.04227519278743115,0.3450437928884089,-0.6697505392372824,-0.07865275034626523,0.041782560966620086,-0.09575505810207449,-0.2320713915475348,-0.13392533418289954,-0.09444490577171503,-0.025172101713864917,-0.09135431758701307,-0.06346514466983384,0.06697230830179471,0.7323948306260055,0.8761499951026638,0.6609256404311671,-0.5625167073768849,0.397359757520328,0.43326726781991537,0.255803221450059,-0.227576584124866,-1.4234987681130142,1.208676443815685,0.5200896461540525,0.0,0.0,1.0,1.0,0.0,0.0,1.0,0.0,1.0,0.0,0.0,0.0,0.0,0.0,0.0,0.0,0.0,0.0,0.0,0.0,0.0,0.0,0.0,1.0,1.0,1.0,0.0,0.0,0.0,1.0,1.0
4721,1,train,-0.10020309515405049,-0.10859068704607336,-0.10406882683265942,-0.15347915067568513,-0.07824481063198063,-0.005183406494062019,-0.23132242548155987,-0.517870008463184,-0.6697505392372824,-0.15347915067568513,-0.1580470784389542,-0.19305811945291232,0.3581679857987965,-0.13392533418289954,-0.09444490577171503,-0.21131873623656344,-0.09135431758701307,-0.06346514466983384,-0.35399648673805756,0.4014232747522637,-0.25283962280310873,-0.32547844223991174,-0.00465221423641297,-0.22855646865198537,-0.5383567051862455,-0.32314246870482466,-0.23884810060271572,0.5275215952761285,-1.316573486283562,1.6340507797802568,0.0,0.0,0.0,0.0,1.0,0.0,0.0,1.0,0.0,0.0,0.0,0.0,0.0,0.0,0.0,0.0,0.0,0.0,0.0,0.0,0.0,0.0,0.0,1.0,1.0,0.0,0.0,0.0,0.0,0.0,0.0
4748,1,train,-0.07907270974276316,0.38407565252601084,0.11891557931947767,0.18323965080670437,-0.054732625774154796,-0.6568116514618694,-0.28918908314884184,-0.2322157845674843,1.1381650268020076,0.18323965080670437,-0.1580470784389542,0.7799724940554659,-0.2320713915475348,-0.13392533418289954,-0.09444490577171503,0.16097453280883361,0.4669220676669556,-0.06346514466983384,2.171816283501056,0.28896366305243626,0.3741025713798036,1.007399303645653,2.9881032531569907,2.360929627159123,1.8512860154510986,1.245517415849093,1.9388088829178425,2.3962926015250368,0.7036264577958357,0.8383642557615394,0.0,0.0,0.0,1.0,0.0,0.0,1.0,0.0,0.0,1.0,1.0,0.0,1.0,0.0,0.0,0.0,1.0,1.0,0.0,1.0,0.0,0.0,0.0,1.0,1.0,1.0,0.0,0.0,0.0,1.0,0.0
4752,0,train,-0.10182850941645721,-0.11077384660104567,-0.10593741124175554,-0.15347915067568513,-0.07824481063198063,0.19030506699628016,-0.08665578131335497,0.13675425463112786,-0.6697505392372824,-0.15347915067568513,-0.1580470784389542,-0.19305811945291232,-0.2320713915475348,-0.13392533418289954,-0.09444490577171503,-0.21131873623656344,-0.09135431758701307,-0.06346514466983384,-0.7749652817779098,0.6036812076872704,0.738884684567346,-0.8870614097166676,-0.5625167073768849,-0.8767395512791257,-0.5383567051862455,-0.32314246870482466,-0.44173539720400995,0.5275215952761285,1.7137264298355344,0.679226950957796,0.0,0.0,0.0,0.0,0.0,0.0,0.0,0.0,0.0,0.0,0.0,0.0,0.0,0.0,0.0,0.0,0.0,0.0,0.0,0.0,0.0,0.0,0.0,0.0,1.0,1.0,0.0,0.0,0.0,0.0,1.0
4758,1,train,-0.10182850941645721,-0.11077384660104567,-0.10593741124175554,-0.15347915067568513,-0.07824481063198063,0.19030506699628016,-0.5044124414903116,-0.6487948610820464,-0.6697505392372824,-0.15347915067568513,-0.1580470784389542,-0.09575505810207449,-0.2320713915475348,-0.13392533418289954,-0.09444490577171503,-0.21131873623656344,-0.09135431758701307,-0.06346514466983384,-0.7749652817779098,-1.416346798736402,-1.3747775224162295,-0.8870614097166676,-0.5625167073768849,-0.8767395512791257,-0.5383567051862455,-0.32314246870482466,-0.44173539720400995,0.5275215952761285,-0.8115235002637127,-0.7530087922758953,0.0,0.0,0.0,1.0,0.0,0.0,0.0,0.0,0.0,0.0,0.0,0.0,0.0,0.0,0.0,0.0,0.0,0.0,0.0,0.0,0.0,0.0,0.0,0.0,1.0,0.0,0.0,0.0,0.0,0.0,0.0
4764,0,train,-0.10074489990818607,-0.11077384660104567,-0.10531454977205683,-0.15347915067568513,-0.07824481063198063,-1.1129514229393345,-0.23386043678275645,-0.09533980228412817,-0.6697505392372824,-0.15347915067568513,-0.1580470784389542,-0.09575505810207449,-0.2320713915475348,-0.13392533418289954,-0.09444490577171503,-0.21131873623656344,-0.09135431758701307,-0.06346514466983384,-0.7749652817779098,0.3970006865422801,0.5363247761825369,-0.4622402945223449,-0.5625167073768849,-0.5753515812801854,-0.5383567051862455,-0.32314246870482466,-0.37410629833691184,-0.5328155587397099,-1.316573486283562,-1.3895580114908692,0.0,0.0,0.0,1.0,0.0,0.0,0.0,0.0,0.0,0.0,0.0,0.0,0.0,0.0,0.0,0.0,0.0,0.0,0.0,0.0,0.0,0.0,0.0,0.0,1.0,1.0,0.0,0.0,0.0,0.0,0.0
4768,0,train,-0.10182850941645721,-0.11077384660104567,-0.10593741124175554,-0.15347915067568513,-0.07236676441752418,0.4509563649834031,-0.43081011375561085,-0.5119188787986902,-0.6697505392372824,-0.15347915067568513,-0.1580470784389542,-0.09575505810207449,-0.2320713915475348,-0.13392533418289954,-0.09444490577171503,-0.21131873623656344,-0.09135431758701307,-0.06346514466983384,-0.35399648673805756,-0.20460259246707788,-0.23021848001873865,-0.8870614097166676,-0.5625167073768849,-0.8767395512791257,-0.5383567051862455,0.255803221450059,-0.44173539720400995,0.5275215952761285,-1.316573486283562,0.9975015605652829,0.0,0.0,0.0,1.0,0.0,0.0,1.0,0.0,0.0,0.0,0.0,0.0,0.0,0.0,0.0,0.0,0.0,0.0,0.0,0.0,0.0,0.0,0.0,1.0,1.0,0.0,0.0,0.0,0.0,1.0,0.0
4781,0,train,-0.10128670466232163,-0.11004612674938824,-0.10531454977205683,-0.15347915067568513,-0.07824481063198063,-1.5039283699200188,-0.0034090106341072364,0.33314153355942144,-0.6697505392372824,-0.15347915067568513,-0.1580470784389542,-0.19305811945291232,-0.2320713915475348,-0.13392533418289954,-0.09444490577171503,-0.21131873623656344,-0.09135431758701307,-0.06346514466983384,-0.7749652817779098,0.690585327720397,0.8690982768100118,-0.6385569878134462,-0.3156577365802952,-0.5753515812801854,-0.5383567051862455,-0.32314246870482466,-0.37410629833691184,0.5275215952761285,-1.316573486283562,-0.5938714874721519,0.0,0.0,0.0,0.0,0.0,0.0,0.0,0.0,0.0,0.0,0.0,0.0,0.0,0.0,0.0,0.0,0.0,0.0,0.0,0.0,0.0,0.0,0.0,0.0,1.0,1.0,1.0,0.0,0.0,0.0,0.0
4783,1,train,-0.10237031417059278,-0.11077384660104567,-0.10624884197660489,-0.15347915067568513,-0.07824481063198063,-0.39616035347474643,-0.36279141088354255,-0.5238211381276777,1.1381650268020076,-0.15347915067568513,-0.1580470784389542,-0.09575505810207449,-0.2320713915475348,-0.13392533418289954,-0.09444490577171503,-0.21131873623656344,-0.09135431758701307,-0.06346514466983384,-0.7749652817779098,0.09335933929859797,-0.2763480923836708,-1.3118825249109904,-0.5625167073768849,-1.1159646413151367,-0.5383567051862455,-0.32314246870482466,-0.47554994663755895,2.6481959033078053,-1.316573486283562,0.5200896461540525,0.0,0.0,0.0,1.0,0.0,0.0,0.0,0.0,0.0,0.0,0.0,0.0,0.0,0.0,0.0,0.0,0.0,0.0,0.0,0.0,0.0,0.0,0.0,0.0,1.0,0.0,0.0,0.0,0.0,0.0,0.0
4797,0,train,-0.09803587613750821,-0.11150156645270311,-0.10406882683265942,-0.11606595051097518,-0.07824481063198063,0.38579354048662234,-0.052646429877320836,0.02963392067024047,-0.6697505392372824,-0.11606595051097518,-0.1580470784389542,-0.19305811945291232,-0.2320713915475348,-0.13392533418289954,-0.09444490577171503,-0.11824541897521418,-0.09135431758701307,-0.06346514466983384,-0.7749652817779098,0.6410836849281502,0.6537892515655078,0.034768549284098414,-0.9845249053250537,-0.22855646865198537,0.030006883824063718,-0.32314246870482466,-0.37410629833691184,-1.5931527127555483,0.1985764717759862,-1.0712834018833823,0.0,0.0,0.0,0.0,0.0,0.0,0.0,0.0,0.0,0.0,0.0,0.0,0.0,0.0,0.0,0.0,0.0,0.0,0.0,0.0,0.0,0.0,0.0,0.0,1.0,1.0,0.0,0.0,0.0,0.0,0.0
4809,0,train,-0.08069812400516987,-0.11077384660104567,-0.09379161258263076,-0.07865275034626523,-0.07236676441752418,-0.46132317797152717,-0.19223705144313258,-0.04773076496817821,-0.6697505392372824,-0.07865275034626523,0.041782560966620086,-0.09575505810207449,-0.2320713915475348,-0.13392533418289954,0.004733515563737508,-0.11824541897521418,-0.09135431758701307,-0.06346514466983384,0.487941103341647,0.4648840912429383,0.5838259890118135,0.9641186924024436,-0.5625167073768849,0.6803086747275067,0.43326726781991537,0.255803221450059,-0.047232320479271186,-1.489705185534491,-0.3064735142438632,0.8383642557615394,0.0,0.0,1.0,1.0,0.0,0.0,1.0,0.0,1.0,0.0,0.0,0.0,0.0,0.0,0.0,1.0,0.0,0.0,0.0,0.0,0.0,0.0,0.0,1.0,1.0,1.0,0.0,0.0,0.0,1.0,0.0
4821,1,train,-0.10182850941645721,-0.11077384660104567,-0.10593741124175554,-0.15347915067568513,-0.07824481063198063,-0.005183406494062019,-0.5008592256686364,-0.6487948610820464,-0.6697505392372824,-0.15347915067568513,-0.1580470784389542,-0.19305811945291232,-0.2320713915475348,-0.13392533418289954,-0.09444490577171503,-0.21131873623656344,-0.09135431758701307,-0.06346514466983384,-0.7749652817779098,-1.2073504996049558,-1.3747775224162295,-0.8870614097166676,-0.5625167073768849,-0.8767395512791257,-0.5383567051862455,-0.32314246870482466,-0.44173539720400995,0.5275215952761285,1.7137264298355344,-0.2755968778646649,0.0,0.0,0.0,0.0,0.0,0.0,0.0,0.0,0.0,0.0,0.0,0.0,0.0,0.0,0.0,0.0,0.0,0.0,0.0,0.0,0.0,0.0,0.0,0.0,1.0,0.0,0.0,0.0,0.0,0.0,1.0
4829,0,train,-0.10128670466232163,-0.11004612674938824,-0.10531454977205683,-0.15347915067568513,-0.07236676441752418,-1.5690911944167996,0.012834261693550857,0.38670170053986513,1.1381650268020076,-0.15347915067568513,-0.1580470784389542,-0.19305811945291232,-0.2320713915475348,-0.13392533418289954,-0.09444490577171503,-0.21131873623656344,-0.09135431758701307,-0.06346514466983384,-0.35399648673805756,0.7058670498989278,0.9001974837315677,-0.6385569878134462,-0.3156577365802952,-0.5753515812801854,-0.5383567051862455,0.255803221450059,-0.37410629833691184,0.5275215952761285,1.208676443815685,-0.2755968778646649,0.0,0.0,0.0,0.0,0.0,0.0,1.0,0.0,0.0,0.0,0.0,0.0,0.0,0.0,0.0,0.0,0.0,0.0,0.0,0.0,0.0,0.0,0.0,1.0,1.0,1.0,1.0,0.0,0.0,1.0,1.0
4833,1,train,-0.10128670466232163,-0.11004612674938824,-0.10531454977205683,-0.15347915067568513,-0.07824481063198063,-0.005183406494062019,-0.34908614985708103,-0.5773813051081215,-0.6697505392372824,-0.15347915067568513,-0.1580470784389542,-0.19305811945291232,0.3581679857987965,-0.13392533418289954,-0.09444490577171503,-0.21131873623656344,-0.09135431758701307,-0.06346514466983384,0.06697230830179471,0.13626509953810179,-0.5438477356291861,-0.6385569878134462,-0.3156577365802952,-0.5753515812801854,-0.5383567051862455,-0.32314246870482466,-0.37410629833691184,0.5275215952761285,-1.316573486283562,1.6340507797802568,0.0,0.0,0.0,0.0,1.0,0.0,0.0,1.0,0.0,0.0,0.0,0.0,0.0,0.0,0.0,0.0,0.0,0.0,0.0,0.0,0.0,0.0,0.0,1.0,1.0,0.0,0.0,0.0,0.0,0.0,0.0
4835,1,train,-0.10182850941645721,-0.11077384660104567,-0.10593741124175554,-0.15347915067568513,-0.07824481063198063,-0.982625773945773,-0.46025104484949114,-0.5714301754436277,-0.6697505392372824,-0.15347915067568513,-0.1580470784389542,-0.09575505810207449,-0.2320713915475348,-0.13392533418289954,-0.09444490577171503,-0.21131873623656344,-0.09135431758701307,-0.06346514466983384,-0.7749652817779098,-0.4265243460711024,-0.5075099956132192,-0.8870614097166676,-0.5625167073768849,-0.8767395512791257,-0.5383567051862455,-0.32314246870482466,-0.44173539720400995,0.5275215952761285,-0.3064735142438632,-1.8669699259020998,0.0,0.0,0.0,1.0,0.0,0.0,0.0,0.0,0.0,0.0,0.0,0.0,0.0,0.0,0.0,0.0,0.0,0.0,0.0,0.0,0.0,0.0,0.0,0.0,1.0,0.0,0.0,0.0,0.0,0.0,0.0
4843,0,train,-0.10182850941645721,-0.11150156645270311,-0.10624884197660489,-0.15347915067568513,-0.07824481063198063,-0.72197447595865,0.14734886065696945,0.5949912387971462,-0.6697505392372824,-0.15347915067568513,-0.1580470784389542,-0.09575505810207449,-0.2320713915475348,-0.13392533418289954,-0.09444490577171503,-0.21131873623656344,-0.09135431758701307,-0.06346514466983384,-0.7749652817779098,0.8167516675617037,1.007792998593702,-0.8870614097166676,-0.9845249053250537,-1.1159646413151367,-0.5383567051862455,-0.32314246870482466,-0.47554994663755895,-1.5931527127555483,-1.316573486283562,-0.9121460970796389,0.0,0.0,0.0,1.0,0.0,0.0,0.0,0.0,0.0,0.0,0.0,0.0,0.0,0.0,0.0,0.0,0.0,0.0,0.0,0.0,0.0,0.0,0.0,0.0,1.0,1.0,0.0,0.0,0.0,0.0,0.0
4847,1,train,-0.07798910023449201,-0.07875417312811848,-0.07853150657501244,-0.15347915067568513,-0.07824481063198063,0.7767704874673067,-0.45162180642542277,-0.541674527121159,-0.6697505392372824,-0.15347915067568513,-0.1580470784389542,-0.09575505810207449,-0.2320713915475348,-0.13392533418289954,-0.09444490577171503,-0.21131873623656344,-0.09135431758701307,-0.06346514466983384,0.487941103341647,-0.35035326029865554,-0.3529700271704281,1.0346432251060849,1.3464635220056291,1.1364919983447022,-0.5383567051862455,-0.32314246870482466,2.533944952948305,0.5275215952761285,1.208676443815685,1.4749134749765134,0.0,0.0,0.0,1.0,0.0,0.0,0.0,0.0,0.0,1.0,0.0,0.0,1.0,0.0,0.0,0.0,0.0,0.0,0.0,0.0,0.0,0.0,0.0,1.0,1.0,0.0,0.0,0.0,0.0,0.0,1.0
4855,0,train,-0.0785309049886276,-0.10713524734275849,-0.09098873596898657,0.10841325047728449,0.009925882584866253,0.711607662970526,-0.1343703937758506,0.07724295798619042,-0.6697505392372824,0.10841325047728449,0.041782560966620086,0.09885106459960115,0.3581679857987965,-0.13392533418289954,-0.09444490577171503,0.4401944845928814,-0.09135431758701307,-0.06346514466983384,1.7508474884612037,0.5458122766219988,0.6931075503903792,1.0211726319551768,0.20020188633339758,0.794861047069446,1.5699944458405344,2.7325633299602083,-0.2980235621114265,-1.0841908788279457,-0.3064735142438632,-0.4347341826684084,0.0,0.0,1.0,1.0,1.0,0.0,1.0,1.0,1.0,0.0,1.0,0.0,0.0,0.0,0.0,0.0,1.0,1.0,0.0,0.0,0.0,0.0,0.0,1.0,1.0,1.0,0.0,0.0,0.0,1.0,0.0
4859,0,train,-0.08936700007133903,-0.09403629001292464,-0.09161159743868529,0.3328924514655442,-0.07824481063198063,-0.6568116514618694,-0.49679840758672184,-0.6428437314175527,1.1381650268020076,0.3328924514655442,0.041782560966620086,0.6826694327046281,-0.2320713915475348,0.8648398698929615,-0.09444490577171503,0.998634388160977,-0.09135431758701307,-0.06346514466983384,1.7508474884612037,-1.0441094573366467,-1.2410277007934718,0.6609256404311671,0.9752204768522277,0.771257832924741,2.286047884413149,-0.32314246870482466,-0.39342889801322556,0.5275215952761285,0.7036264577958357,0.36095234135030896,0.0,0.0,1.0,1.0,0.0,1.0,0.0,0.0,1.0,1.0,1.0,0.0,0.0,0.0,0.0,0.0,1.0,1.0,1.0,0.0,0.0,0.0,0.0,1.0,1.0,0.0,0.0,0.0,0.0,0.0,0.0
4862,1,train,-0.10182850941645721,-0.11077384660104567,-0.10593741124175554,-0.15347915067568513,-0.07824481063198063,-0.005183406494062019,-0.4120288301267562,-0.6071369534305902,-0.6697505392372824,-0.15347915067568513,-0.1580470784389542,-0.19305811945291232,0.3581679857987965,-0.13392533418289954,-0.09444490577171503,-0.21131873623656344,-0.09135431758701307,-0.06346514466983384,-0.35399648673805756,-0.10252387598367567,-0.7684349205639498,-0.8870614097166676,-0.5625167073768849,-0.8767395512791257,-0.5383567051862455,-0.32314246870482466,-0.44173539720400995,0.5275215952761285,-1.316573486283562,1.6340507797802568,0.0,0.0,0.0,0.0,1.0,0.0,0.0,1.0,0.0,0.0,0.0,0.0,0.0,0.0,0.0,0.0,0.0,0.0,0.0,0.0,0.0,0.0,0.0,1.0,1.0,0.0,0.0,0.0,0.0,0.0,0.0
4871,0,train,-0.10182850941645721,-0.10786296719441593,-0.10469168830235813,-0.15347915067568513,-0.07824481063198063,-1.5039283699200188,-0.0034090106341072364,0.3688483115463839,1.1381650268020076,-0.15347915067568513,-0.1580470784389542,-0.19305811945291232,-0.2320713915475348,-0.13392533418289954,-0.09444490577171503,-0.21131873623656344,-0.09135431758701307,-0.06346514466983384,-0.7749652817779098,0.690585327720397,0.8900093210267701,-0.8870614097166676,0.10635046136787357,-0.37683240049076266,-0.5383567051862455,-0.32314246870482466,-0.3064771994698138,1.9413044672972464,0.1985764717759862,-0.9121460970796389,0.0,0.0,0.0,0.0,0.0,0.0,0.0,0.0,0.0,0.0,0.0,0.0,0.0,0.0,0.0,0.0,0.0,0.0,0.0,0.0,0.0,0.0,0.0,0.0,1.0,1.0,1.0,0.0,0.0,0.0,0.0
4882,1,train,-0.10182850941645721,-0.11077384660104567,-0.10593741124175554,-0.15347915067568513,-0.07824481063198063,-0.6568116514618694,-0.25517973171280767,-0.12509545060659688,-0.6697505392372824,-0.15347915067568513,-0.1580470784389542,-0.09575505810207449,-0.2320713915475348,-0.13392533418289954,-0.09444490577171503,-0.21131873623656344,-0.09135431758701307,-0.06346514466983384,-0.7749652817779098,0.3581676013587464,0.504603663415988,-0.8870614097166676,-0.5625167073768849,-0.8767395512791257,-0.5383567051862455,-0.32314246870482466,-0.44173539720400995,0.5275215952761285,1.7137264298355344,-0.5938714874721519,0.0,0.0,0.0,1.0,0.0,0.0,0.0,0.0,0.0,0.0,0.0,0.0,0.0,0.0,0.0,0.0,0.0,0.0,0.0,0.0,0.0,0.0,0.0,0.0,1.0,1.0,0.0,0.0,0.0,0.0,1.0
4889,0,train,-0.08990880482547461,-0.10713524734275849,-0.097528781400823,-0.11606595051097518,-0.019464348487416044,-0.8523001249522115,-0.3978159668400553,-0.46430984148274035,-0.6697505392372824,-0.11606595051097518,-0.1580470784389542,0.0015480032487633255,-0.2320713915475348,-0.13392533418289954,-0.09444490577171503,-0.11824541897521418,-0.09135431758701307,-0.06346514466983384,-0.35399648673805756,-0.03742961413137877,-0.07467028738303134,0.6359063577695223,0.20020188633339758,0.48178949393808385,0.030006883824063718,2.2352316102481273,-0.019053529284646965,-0.7156323094320959,0.1985764717759862,-1.8669699259020998,0.0,0.0,0.0,1.0,0.0,0.0,1.0,0.0,0.0,0.0,0.0,0.0,0.0,0.0,0.0,0.0,0.0,0.0,0.0,0.0,0.0,0.0,0.0,1.0,1.0,0.0,0.0,0.0,0.0,1.0,0.0
4897,0,train,-0.10020309515405049,-0.1093184068977308,-0.10438025756750878,-0.15347915067568513,-0.07824481063198063,1.1025846099512104,0.08186816908609776,0.5116754234942338,-0.6697505392372824,-0.15347915067568513,-0.1580470784389542,-0.19305811945291232,-0.2320713915475348,-0.13392533418289954,-0.09444490577171503,-0.21131873623656344,-0.09135431758701307,-0.06346514466983384,-0.7749652817779098,0.7659263798138913,0.9670421246572372,-0.32547844223991174,-0.14050850942871598,-0.2980486561328784,-0.5383567051862455,-0.32314246870482466,-0.2726626500362647,0.22456812270017432,-1.316573486283562,0.36095234135030896,0.0,0.0,0.0,0.0,0.0,0.0,0.0,0.0,0.0,0.0,0.0,0.0,0.0,0.0,0.0,0.0,0.0,0.0,0.0,0.0,0.0,0.0,0.0,0.0,1.0,1.0,0.0,0.0,0.0,0.0,0.0
4899,1,train,-0.10182850941645721,-0.11077384660104567,-0.10593741124175554,-0.15347915067568513,-0.07824481063198063,-0.005183406494062019,-0.42218087533154247,-0.6071369534305902,-0.6697505392372824,-0.15347915067568513,-0.1580470784389542,-0.19305811945291232,0.3581679857987965,-0.13392533418289954,-0.09444490577171503,-0.21131873623656344,-0.09135431758701307,-0.06346514466983384,-0.35399648673805756,-0.15502419078423335,-0.7684349205639498,-0.8870614097166676,-0.5625167073768849,-0.8767395512791257,-0.5383567051862455,-0.32314246870482466,-0.44173539720400995,0.5275215952761285,-0.8115235002637127,-2.026107230705843,0.0,0.0,0.0,0.0,1.0,0.0,0.0,1.0,0.0,0.0,0.0,0.0,0.0,0.0,0.0,0.0,0.0,0.0,0.0,0.0,0.0,0.0,0.0,1.0,1.0,0.0,0.0,0.0,0.0,0.0,0.0
4912,0,train,-0.09749407138337263,-0.11150156645270311,-0.10375739609781007,-0.15347915067568513,-0.07236676441752418,-1.5690911944167996,-0.0034090106341072364,0.3688483115463839,-0.6697505392372824,-0.15347915067568513,-0.1580470784389542,-0.19305811945291232,-0.2320713915475348,-0.13392533418289954,0.004733515563737508,-0.3043920534979127,-0.09135431758701307,-0.06346514466983384,0.06697230830179471,0.690585327720397,0.8900093210267701,0.09934267295441115,-0.9845249053250537,-0.16639358868905615,-0.5383567051862455,0.255803221450059,-0.20503355116916666,-1.5931527127555483,-0.8115235002637127,-1.2304207066871258,0.0,0.0,0.0,0.0,0.0,0.0,1.0,0.0,0.0,0.0,0.0,0.0,0.0,0.0,0.0,1.0,0.0,0.0,0.0,0.0,0.0,0.0,0.0,1.0,1.0,1.0,1.0,0.0,0.0,1.0,0.0
4913,1,train,-0.10182850941645721,-0.11077384660104567,-0.10593741124175554,-0.15347915067568513,-0.07824481063198063,0.5161191894801839,-0.4785247262181065,-0.6011858237660964,1.1381650268020076,-0.15347915067568513,-0.1580470784389542,-0.09575505810207449,-0.2320713915475348,-0.13392533418289954,-0.09444490577171503,-0.21131873623656344,-0.09135431758701307,-0.06346514466983384,-0.7749652817779098,-0.6430425721082221,-0.7162812460213847,-0.8870614097166676,-0.5625167073768849,-0.8767395512791257,-0.5383567051862455,-0.32314246870482466,-0.44173539720400995,0.5275215952761285,-0.3064735142438632,-1.5486953162946127,0.0,0.0,0.0,1.0,0.0,0.0,0.0,0.0,0.0,0.0,0.0,0.0,0.0,0.0,0.0,0.0,0.0,0.0,0.0,0.0,0.0,0.0,0.0,0.0,1.0,0.0,0.0,0.0,0.0,0.0,0.0
4921,1,train,-0.09966129039991492,-0.1093184068977308,-0.10406882683265942,-0.04123955018155529,-0.07824481063198063,0.059979418002718714,0.03567636340432005,0.4045550895333464,1.1381650268020076,-0.04123955018155529,-0.1580470784389542,-0.09575505810207449,-0.2320713915475348,-0.13392533418289954,-0.09444490577171503,0.06790121554748434,-0.09135431758701307,-0.06346514466983384,-0.35399648673805756,0.7265738015225691,0.9102153627415934,-0.21373587261912344,-0.14050850942871598,-0.22855646865198537,0.746060322396679,-0.32314246870482466,-0.44173539720400995,-0.002646981731790699,0.1985764717759862,0.679226950957796,0.0,0.0,0.0,1.0,0.0,0.0,0.0,0.0,0.0,0.0,1.0,0.0,0.0,0.0,0.0,0.0,0.0,0.0,0.0,0.0,0.0,0.0,0.0,1.0,1.0,1.0,0.0,0.0,0.0,0.0,0.0
4926,1,train,-0.10128670466232163,-0.11004612674938824,-0.10531454977205683,-0.15347915067568513,-0.07824481063198063,0.5161191894801839,-0.5028896347095936,-0.6547459907465402,1.1381650268020076,-0.15347915067568513,-0.1580470784389542,-0.09575505810207449,-0.2320713915475348,-0.13392533418289954,-0.09444490577171503,-0.21131873623656344,-0.09135431758701307,-0.06346514466983384,-0.7749652817779098,-1.3156096126235157,-1.547211032808428,-0.6385569878134462,-0.3156577365802952,-0.5753515812801854,-0.5383567051862455,-0.32314246870482466,-0.37410629833691184,0.5275215952761285,1.208676443815685,0.679226950957796,0.0,0.0,0.0,1.0,0.0,0.0,0.0,0.0,0.0,0.0,0.0,0.0,0.0,0.0,0.0,0.0,0.0,0.0,0.0,0.0,0.0,0.0,0.0,0.0,1.0,0.0,0.0,0.0,0.0,0.0,1.0
4927,0,train,-0.10128670466232163,-0.11004612674938824,-0.10531454977205683,-0.15347915067568513,-0.07824481063198063,-1.1129514229393345,-0.4018767849219699,-0.4524075821537528,-0.6697505392372824,-0.15347915067568513,-0.1580470784389542,-0.09575505810207449,-0.2320713915475348,-0.13392533418289954,-0.09444490577171503,-0.21131873623656344,-0.09135431758701307,-0.06346514466983384,-0.7749652817779098,-0.05515412655903231,-0.04136232201371871,-0.6385569878134462,-0.3156577365802952,-0.5753515812801854,-0.5383567051862455,-0.32314246870482466,-0.37410629833691184,0.5275215952761285,-1.316573486283562,0.679226950957796,0.0,0.0,0.0,1.0,0.0,0.0,0.0,0.0,0.0,0.0,0.0,0.0,0.0,0.0,0.0,0.0,0.0,0.0,0.0,0.0,0.0,0.0,0.0,0.0,1.0,0.0,0.0,0.0,0.0,0.0,0.0
4933,1,train,-0.10182850941645721,-0.11077384660104567,-0.10593741124175554,-0.15347915067568513,-0.07824481063198063,-0.005183406494062019,2.6899285821957006,2.118480432907545,2.946080592841297,-0.15347915067568513,-0.1580470784389542,-0.19305811945291232,0.3581679857987965,-0.13392533418289954,-0.09444490577171503,-0.21131873623656344,-0.09135431758701307,-0.06346514466983384,0.487941103341647,1.5839982202522374,1.4808972030363006,-0.8870614097166676,-0.5625167073768849,-0.8767395512791257,-0.5383567051862455,-0.32314246870482466,-0.44173539720400995,0.5275215952761285,1.7137264298355344,0.5200896461540525,0.0,0.0,0.0,0.0,1.0,0.0,0.0,1.0,0.0,0.0,0.0,0.0,0.0,1.0,1.0,0.0,0.0,0.0,0.0,0.0,0.0,0.0,0.0,1.0,1.0,1.0,0.0,1.0,0.0,0.0,1.0
4934,0,train,-0.08394895252998331,-0.08675909149635028,-0.08538298274169821,-0.04123955018155529,-0.07824481063198063,0.32063071598984166,-0.4059376030038844,-0.5714301754436277,-0.6697505392372824,-0.04123955018155529,-0.1580470784389542,-0.09575505810207449,-0.2320713915475348,-0.13392533418289954,-0.09444490577171503,0.06790121554748434,-0.09135431758701307,-0.06346514466983384,0.06697230830179471,-0.07355081652993783,-0.5075099956132192,0.8671452064948705,1.180074577422038,0.9732072656315518,0.746060322396679,-0.32314246870482466,0.06548284429922563,0.5275215952761285,1.7137264298355344,1.31577617017277,0.0,0.0,0.0,1.0,0.0,0.0,0.0,0.0,0.0,1.0,1.0,0.0,0.0,0.0,0.0,0.0,0.0,0.0,0.0,0.0,0.0,0.0,0.0,1.0,1.0,0.0,0.0,0.0,0.0,0.0,1.0
4936,0,train,-0.07311285744727186,-0.046734499655191296,-0.0620256776279967,0.10841325047728449,-0.07824481063198063,-1.5690911944167996,0.17780499627132837,0.44621299718480256,-0.6697505392372824,0.10841325047728449,-0.1580470784389542,-0.19305811945291232,-0.2320713915475348,0.8648398698929615,-0.09444490577171503,0.4401944845928814,-0.09135431758701307,-0.06346514466983384,1.7508474884612037,0.8386915580908929,0.9329591426908642,1.1441611559280862,1.7550903212012727,1.407275501712531,1.5699944458405344,-0.32314246870482466,0.09507057505358103,1.0465677545845808,-0.3064735142438632,0.8383642557615394,0.0,0.0,0.0,0.0,0.0,1.0,0.0,0.0,0.0,1.0,1.0,1.0,1.0,0.0,0.0,0.0,1.0,0.0,1.0,0.0,0.0,0.0,0.0,1.0,1.0,1.0,1.0,0.0,0.0,0.0,0.0
4943,1,train,-0.08611617154652561,-0.08384821208972054,-0.08538298274169821,-0.04123955018155529,-0.07824481063198063,-0.5264860024683079,-0.4861387601216962,-0.6071369534305902,-0.6697505392372824,-0.04123955018155529,-0.1580470784389542,-0.19305811945291232,0.9484073631451279,-0.13392533418289954,-0.09444490577171503,-0.11824541897521418,0.1319562365145744,-0.06346514466983384,0.487941103341647,-0.7726093020497776,-0.7684349205639498,0.7927646765591614,1.245958160488257,0.9732072656315518,0.746060322396679,-0.32314246870482466,0.06548284429922563,0.7770126903386787,-1.316573486283562,0.8383642557615394,0.0,0.0,0.0,0.0,1.0,0.0,0.0,1.0,0.0,1.0,0.0,0.0,0.0,0.0,0.0,0.0,0.0,0.0,0.0,1.0,0.0,0.0,0.0,1.0,1.0,0.0,0.0,0.0,0.0,0.0,0.0
4955,0,train,-0.09695226662923706,-0.10786296719441593,-0.10188881168871394,-0.15347915067568513,-0.07824481063198063,1.0374217854544296,-0.2780218334235769,-0.3036293405414092,1.1381650268020076,-0.15347915067568513,-0.1580470784389542,-0.09575505810207449,-0.2320713915475348,-0.13392533418289954,-0.09444490577171503,-0.21131873623656344,-0.09135431758701307,-0.06346514466983384,-0.35399648673805756,0.3127930071805038,0.26805222613571056,0.1577570732570075,0.10635046136787357,0.11090933645825053,-0.5383567051862455,-0.32314246870482466,-0.002146254567872448,-0.1793698407344305,0.1985764717759862,0.5200896461540525,0.0,0.0,0.0,1.0,0.0,0.0,0.0,0.0,0.0,0.0,0.0,0.0,0.0,0.0,0.0,0.0,0.0,0.0,0.0,0.0,0.0,0.0,0.0,1.0,1.0,1.0,0.0,0.0,0.0,0.0,0.0
4958,1,train,-0.10128670466232163,-0.11004612674938824,-0.10531454977205683,-0.11606595051097518,-0.07824481063198063,0.5161191894801839,1.4574702943346427,1.416247132497283,2.946080592841297,-0.11606595051097518,-0.1580470784389542,-0.19305811945291232,0.9484073631451279,-0.13392533418289954,-0.09444490577171503,-0.11824541897521418,-0.09135431758701307,-0.06346514466983384,0.487941103341647,1.3481248004676303,1.3071843129879033,-0.6385569878134462,-0.3156577365802952,-0.5753515812801854,0.030006883824063718,-0.32314246870482466,-0.44173539720400995,0.5275215952761285,-0.3064735142438632,0.5200896461540525,0.0,0.0,0.0,0.0,1.0,0.0,0.0,1.0,0.0,0.0,0.0,0.0,0.0,1.0,1.0,0.0,0.0,0.0,0.0,0.0,0.0,0.0,0.0,1.0,1.0,1.0,0.0,1.0,0.0,0.0,0.0
4966,1,train,-0.10128670466232163,-0.11150156645270311,-0.10593741124175554,-0.15347915067568513,-0.07824481063198063,-0.6568116514618694,-0.4759867149169099,-0.6190392127595777,-0.6697505392372824,-0.15347915067568513,-0.1580470784389542,-0.09575505810207449,-0.2320713915475348,-0.13392533418289954,-0.09444490577171503,-0.21131873623656344,-0.09135431758701307,-0.06346514466983384,-0.7749652817779098,-0.6065475857488107,-0.888714756413583,-0.6385569878134462,-0.9845249053250537,-0.8767395512791257,-0.5383567051862455,-0.32314246870482466,-0.44173539720400995,-1.5931527127555483,0.1985764717759862,-1.7078326210983563,0.0,0.0,0.0,1.0,0.0,0.0,0.0,0.0,0.0,0.0,0.0,0.0,0.0,0.0,0.0,0.0,0.0,0.0,0.0,0.0,0.0,0.0,0.0,0.0,1.0,0.0,0.0,0.0,0.0,0.0,0.0
4970,0,train,-0.09911948564577935,-0.10713524734275849,-0.102823103893262,-0.11606595051097518,-0.07236676441752418,-1.2432770719328958,0.005727830050200442,0.3450437928884089,-0.6697505392372824,-0.11606595051097518,-0.1580470784389542,-0.19305811945291232,-0.2320713915475348,-0.13392533418289954,-0.09444490577171503,-0.11824541897521418,-0.09135431758701307,-0.06346514466983384,-0.35399648673805756,0.6992404454754126,0.8761499951026638,-0.1192588761762082,0.20020188633339758,-0.01159823507080119,0.030006883824063718,0.255803221450059,-0.3064771994698138,0.5275215952761285,0.7036264577958357,0.8383642557615394,0.0,0.0,0.0,0.0,0.0,0.0,1.0,0.0,0.0,0.0,0.0,0.0,0.0,0.0,0.0,0.0,0.0,0.0,0.0,0.0,0.0,0.0,0.0,1.0,1.0,1.0,0.0,0.0,0.0,1.0,0.0
4972,1,train,-0.10074489990818607,-0.11004612674938824,-0.10500311903720748,-0.15347915067568513,-0.07824481063198063,0.4509563649834031,-0.5049200437505509,-0.6547459907465402,1.1381650268020076,-0.15347915067568513,-0.1580470784389542,-0.09575505810207449,-0.2320713915475348,-0.13392533418289954,-0.09444490577171503,-0.21131873623656344,-0.09135431758701307,-0.06346514466983384,-0.7749652817779098,-1.4551798839199357,-1.547211032808428,-0.4622402945223449,-0.3156577365802952,-0.4677815586879967,-0.5383567051862455,-0.32314246870482466,-0.34029174890336283,0.10338673366979323,0.7036264577958357,0.8383642557615394,0.0,0.0,0.0,1.0,0.0,0.0,0.0,0.0,0.0,0.0,0.0,0.0,0.0,0.0,0.0,0.0,0.0,0.0,0.0,0.0,0.0,0.0,0.0,0.0,1.0,0.0,0.0,0.0,0.0,0.0,0.0
4995,1,train,-0.0584841290856114,0.5769214132152314,0.21327909197883177,0.4077188517949641,-0.07824481063198063,-0.26583470448118496,-0.16127331356853433,-0.21436239557400305,-0.6697505392372824,0.4077188517949641,0.8411011185889173,0.09885106459960115,-0.2320713915475348,-0.13392533418289954,-0.09444490577171503,1.1847810226836755,-0.09135431758701307,-0.06346514466983384,2.171816283501056,0.5098584554798902,0.39792249284649117,1.3889398075967665,3.1879632493247447,2.5669574963525834,2.4614962071382993,-0.32314246870482466,1.6611068956948207,2.31367863173903,0.1985764717759862,0.5200896461540525,0.0,0.0,1.0,1.0,0.0,0.0,0.0,0.0,1.0,1.0,1.0,1.0,1.0,0.0,0.0,0.0,1.0,1.0,0.0,0.0,0.0,0.0,0.0,1.0,1.0,1.0,0.0,0.0,0.0,0.0,0.0
4999,0,train,-0.060651348102153696,0.001295010554199484,-0.03430834222640424,0.0335868501478646,0.12160876065953896,-1.2432770719328958,-0.0034090106341072364,0.3688483115463839,-0.6697505392372824,0.0335868501478646,-0.1580470784389542,-0.09575505810207449,2.7191254951841213,-0.13392533418289954,0.10391193689919007,-0.21131873623656344,0.24361151356536814,-0.06346514466983384,2.171816283501056,0.690585327720397,0.8900093210267701,1.358289055150941,2.0899745563845946,1.6911991451745194,1.2177126648156034,3.8038914948020444,0.7981314153594544,1.2405069229764336,0.1985764717759862,1.1566388653690263,0.0,0.0,0.0,1.0,1.0,0.0,1.0,1.0,0.0,1.0,0.0,1.0,1.0,0.0,0.0,1.0,0.0,0.0,0.0,1.0,0.0,0.0,0.0,1.0,1.0,1.0,0.0,0.0,0.0,1.0,0.0
5000,0,train,-0.06010954334801812,0.001295010554199484,-0.033996911491554885,0.0335868501478646,0.15099899173182127,-2.0903937903910452,-0.0034090106341072364,0.3688483115463839,-0.6697505392372824,0.0335868501478646,-0.1580470784389542,-0.09575505810207449,2.7191254951841213,-0.13392533418289954,0.10391193689919007,-0.21131873623656344,0.24361151356536814,-0.06346514466983384,2.171816283501056,0.690585327720397,0.8900093210267701,1.366096642470109,2.0899745563845946,1.6937259227746082,1.2177126648156034,3.9895886030976584,0.8037671735983797,1.2283452936385282,0.1985764717759862,1.4749134749765134,0.0,0.0,0.0,1.0,1.0,0.0,1.0,1.0,0.0,1.0,0.0,1.0,1.0,0.0,0.0,1.0,0.0,0.0,0.0,1.0,0.0,0.0,0.0,1.0,1.0,1.0,1.0,0.0,0.0,1.0,0.0
5005,1,train,-0.10182850941645721,-0.11077384660104567,-0.10593741124175554,-0.15347915067568513,-0.07824481063198063,1.5587243814286755,4.288875701949544,3.231341680167875,2.946080592841297,-0.15347915067568513,-0.1580470784389542,-0.19305811945291232,0.3581679857987965,-0.13392533418289954,-0.09444490577171503,-0.21131873623656344,-0.09135431758701307,-0.06346514466983384,0.487941103341647,1.7805575740283486,1.6820270368197143,-0.8870614097166676,-0.5625167073768849,-0.8767395512791257,-0.5383567051862455,-0.32314246870482466,-0.44173539720400995,0.5275215952761285,-0.3064735142438632,0.5200896461540525,0.0,0.0,0.0,0.0,1.0,0.0,0.0,1.0,0.0,0.0,0.0,0.0,0.0,1.0,1.0,0.0,0.0,0.0,0.0,0.0,0.0,0.0,0.0,1.0,1.0,1.0,0.0,1.0,0.0,0.0,0.0
5008,0,train,-0.08394895252998331,-0.1093184068977308,-0.09503733552202817,-0.15347915067568513,-0.07236676441752418,1.4283987324351142,-0.0034090106341072364,0.3688483115463839,-0.6697505392372824,-0.15347915067568513,-0.1580470784389542,-0.09575505810207449,-0.2320713915475348,-0.13392533418289954,-0.09444490577171503,-0.21131873623656344,-0.09135431758701307,-0.06346514466983384,-0.35399648673805756,0.690585327720397,0.8900093210267701,0.8671452064948705,-0.14050850942871598,0.6212592672553785,-0.5383567051862455,0.255803221450059,0.7417738329702064,-1.249259581723385,0.1985764717759862,1.31577617017277,0.0,0.0,0.0,1.0,0.0,0.0,1.0,0.0,0.0,0.0,0.0,0.0,0.0,0.0,0.0,0.0,0.0,0.0,0.0,0.0,0.0,0.0,0.0,1.0,1.0,1.0,0.0,0.0,0.0,1.0,0.0
5017,0,train,0.49957476767402836,-0.11150156645270311,0.23943927370617746,0.10841325047728449,-0.07236676441752418,-1.0477885984425537,-0.0034090106341072364,0.3688483115463839,-0.6697505392372824,0.10841325047728449,-0.1580470784389542,-0.19305811945291232,-0.2320713915475348,0.8648398698929615,0.6989824649119054,-0.3043920534979127,-0.09135431758701307,-0.06346514466983384,1.7508474884612037,0.690585327720397,0.8900093210267701,2.9868573061890475,-0.9845249053250537,2.6132991943426664,1.5699944458405344,0.255803221450059,4.186631056513014,-1.5931527127555483,-1.316573486283562,0.679226950957796,0.0,0.0,0.0,0.0,0.0,1.0,1.0,0.0,0.0,0.0,0.0,1.0,1.0,0.0,0.0,1.0,1.0,0.0,1.0,0.0,0.0,0.0,0.0,1.0,1.0,1.0,0.0,0.0,0.0,1.0,0.0
5024,1,train,-0.10237031417059278,-0.11077384660104567,-0.10624884197660489,-0.15347915067568513,-0.07824481063198063,-1.2432770719328958,-0.5105036686131833,-0.6666482500755276,1.1381650268020076,-0.15347915067568513,-0.1580470784389542,-0.09575505810207449,-0.2320713915475348,-0.13392533418289954,-0.09444490577171503,-0.21131873623656344,-0.09135431758701307,-0.06346514466983384,-0.7749652817779098,-2.6607436936541022,-2.2057073092032726,-1.3118825249109904,-0.5625167073768849,-1.1159646413151367,-0.5383567051862455,-0.32314246870482466,-0.47554994663755895,2.6481959033078053,1.208676443815685,0.36095234135030896,0.0,0.0,0.0,1.0,0.0,0.0,0.0,0.0,0.0,0.0,0.0,0.0,0.0,0.0,0.0,0.0,0.0,0.0,0.0,0.0,0.0,0.0,0.0,0.0,0.0,0.0,0.0,0.0,0.0,0.0,1.0
5036,0,train,-0.10182850941645721,-0.11077384660104567,-0.10593741124175554,-0.15347915067568513,-0.07824481063198063,-0.5916488269650886,-0.2719306063007051,-0.23816691423197803,-0.6697505392372824,-0.15347915067568513,-0.1580470784389542,-0.19305811945291232,0.3581679857987965,-0.13392533418289954,-0.09444490577171503,-0.21131873623656344,-0.09135431758701307,-0.06346514466983384,-0.35399648673805756,0.32531381994651787,0.3659474912764159,-0.8870614097166676,-0.5625167073768849,-0.8767395512791257,-0.5383567051862455,-0.32314246870482466,-0.44173539720400995,0.5275215952761285,-1.316573486283562,-0.4347341826684084,0.0,0.0,0.0,0.0,1.0,0.0,0.0,1.0,0.0,0.0,0.0,0.0,0.0,0.0,0.0,0.0,0.0,0.0,0.0,0.0,0.0,0.0,0.0,1.0,1.0,1.0,0.0,0.0,0.0,0.0,0.0
5037,1,train,-0.10182850941645721,-0.11077384660104567,-0.10593741124175554,-0.15347915067568513,-0.07824481063198063,0.12514224249949946,-0.49273758950480734,-0.636892601753059,-0.6697505392372824,-0.15347915067568513,-0.1580470784389542,-0.09575505810207449,-0.2320713915475348,-0.13392533418289954,-0.09444490577171503,-0.21131873623656344,-0.09135431758701307,-0.06346514466983384,-0.7749652817779098,-0.9221831147010626,-1.1317461394149064,-0.8870614097166676,-0.5625167073768849,-0.8767395512791257,-0.5383567051862455,-0.32314246870482466,-0.44173539720400995,0.5275215952761285,0.7036264577958357,0.9975015605652829,0.0,0.0,0.0,1.0,0.0,0.0,0.0,0.0,0.0,0.0,0.0,0.0,0.0,0.0,0.0,0.0,0.0,0.0,0.0,0.0,0.0,0.0,0.0,0.0,1.0,0.0,0.0,0.0,0.0,0.0,0.0
5038,1,train,-0.10128670466232163,-0.11004612674938824,-0.10531454977205683,-0.15347915067568513,-0.07824481063198063,0.972258960957649,4.019846504022707,3.25514619882585,2.946080592841297,-0.15347915067568513,-0.1580470784389542,-0.19305811945291232,0.3581679857987965,-0.13392533418289954,-0.09444490577171503,-0.21131873623656344,-0.09135431758701307,-0.06346514466983384,0.487941103341647,1.7525733276226558,1.685670751027739,-0.6385569878134462,-0.3156577365802952,-0.5753515812801854,-0.5383567051862455,-0.32314246870482466,-0.37410629833691184,0.5275215952761285,1.208676443815685,0.5200896461540525,0.0,0.0,0.0,0.0,1.0,0.0,0.0,1.0,0.0,0.0,0.0,0.0,0.0,1.0,1.0,0.0,0.0,0.0,0.0,0.0,0.0,0.0,0.0,1.0,1.0,1.0,0.0,1.0,0.0,0.0,1.0
5044,0,train,-0.08503256203825446,-0.10204120838115643,-0.09254588964323335,-0.15347915067568513,-0.06061067198861126,0.5812820139769646,-0.43081011375561085,-0.517870008463184,-0.6697505392372824,-0.15347915067568513,-0.1580470784389542,-0.19305811945291232,-0.2320713915475348,-0.13392533418289954,-0.09444490577171503,-0.21131873623656344,-0.09135431758701307,-0.06346514466983384,-0.35399648673805756,-0.20460259246707788,-0.25283962280310873,0.8310826103545514,0.6222100842815667,0.7339821755955407,-0.5383567051862455,0.9851885307800714,1.0122902284385986,-0.3678742236705798,0.7036264577958357,-0.11645957306092145,0.0,0.0,0.0,0.0,0.0,0.0,1.0,0.0,0.0,0.0,0.0,0.0,0.0,0.0,0.0,0.0,0.0,0.0,0.0,0.0,0.0,0.0,0.0,1.0,1.0,0.0,0.0,0.0,0.0,1.0,0.0
5048,0,train,-0.10128670466232163,-0.11004612674938824,-0.10531454977205683,-0.15347915067568513,-0.07824481063198063,0.711607662970526,-0.41304403464723477,-0.541674527121159,-0.6697505392372824,-0.15347915067568513,-0.1580470784389542,-0.09575505810207449,-0.2320713915475348,-0.13392533418289954,-0.09444490577171503,-0.21131873623656344,-0.09135431758701307,-0.06346514466983384,-0.7749652817779098,-0.10752551375664991,-0.3529700271704281,-0.6385569878134462,-0.3156577365802952,-0.5753515812801854,-0.5383567051862455,-0.32314246870482466,-0.37410629833691184,0.5275215952761285,1.7137264298355344,-2.026107230705843,0.0,0.0,0.0,1.0,0.0,0.0,0.0,0.0,0.0,0.0,0.0,0.0,0.0,0.0,0.0,0.0,0.0,0.0,0.0,0.0,0.0,0.0,0.0,0.0,1.0,0.0,0.0,0.0,0.0,0.0,1.0
5053,1,train,-0.07582188121794972,-0.06783837535325694,-0.07261432261287472,-0.04123955018155529,-0.07824481063198063,0.4509563649834031,-0.5105036686131833,-0.6666482500755276,-0.6697505392372824,-0.04123955018155529,0.4414418397777687,-0.19305811945291232,-0.2320713915475348,-0.13392533418289954,-0.09444490577171503,0.06790121554748434,-0.09135431758701307,-0.06346514466983384,0.9089098983814993,-2.6607436936541022,-2.2057073092032726,1.0857467556254896,1.518294871003781,1.2483686215751335,0.746060322396679,-0.32314246870482466,0.41208197599310326,0.7415345988389583,-0.3064735142438632,0.679226950957796,0.0,0.0,1.0,0.0,0.0,0.0,0.0,0.0,1.0,1.0,1.0,0.0,1.0,0.0,0.0,0.0,0.0,0.0,0.0,0.0,0.0,0.0,0.0,1.0,0.0,0.0,0.0,0.0,0.0,0.0,0.0
5066,1,train,-0.09153421908788133,-0.10567980763944362,-0.09784021213567236,-0.15347915067568513,-0.07824481063198063,-0.6568116514618694,-0.5049200437505509,-0.6547459907465402,1.1381650268020076,-0.15347915067568513,-0.1580470784389542,-0.09575505810207449,-0.2320713915475348,-0.13392533418289954,-0.09444490577171503,-0.21131873623656344,-0.09135431758701307,-0.06346514466983384,-0.7749652817779098,-1.4551798839199357,-1.547211032808428,0.5540666609213364,0.35320943216446354,0.4617875219069619,-0.5383567051862455,-0.32314246870482466,0.43744288806826503,-0.381338822451733,1.208676443815685,0.8383642557615394,0.0,0.0,0.0,1.0,0.0,0.0,0.0,0.0,0.0,0.0,0.0,0.0,0.0,0.0,0.0,0.0,0.0,0.0,0.0,0.0,0.0,0.0,0.0,0.0,1.0,0.0,0.0,0.0,0.0,0.0,1.0
5068,0,train,14.361649402232654,14.755087283057058,14.56961310706433,12.305116504172725,13.58233459176483,-0.9174629494489922,-0.12827916665297884,0.06534069865720293,-0.6697505392372824,12.305116504172725,11.232242367678783,12.26173373345433,12.753194910071752,12.850022318803292,14.385604609204359,6.95532669288733,11.855760326847918,3.0392752614109315,4.69762905374017,0.5535956719074899,0.6835171195292323,4.934852838149233,5.05795794447688,4.823837598417124,6.640018002238986,9.755746018923443,4.261625450204336,0.245500037961868,1.7137264298355344,-0.4347341826684084,0.0,0.0,1.0,1.0,1.0,1.0,1.0,1.0,1.0,1.0,1.0,1.0,1.0,0.0,0.0,1.0,1.0,1.0,1.0,1.0,1.0,0.0,0.0,1.0,1.0,1.0,0.0,0.0,0.0,1.0,1.0
5075,0,train,-0.04927344826530667,-0.049645379061821045,-0.04956844823402256,-0.15347915067568513,-0.07824481063198063,-1.3736027209264574,-0.5105036686131833,-0.6666482500755276,-0.6697505392372824,-0.15347915067568513,-0.1580470784389542,-0.09575505810207449,-0.2320713915475348,-0.13392533418289954,-0.09444490577171503,-0.21131873623656344,-0.09135431758701307,-0.06346514466983384,0.487941103341647,-2.6607436936541022,-2.2057073092032726,1.5044081474520958,1.72741150334461,1.551898160777799,-0.5383567051862455,-0.32314246870482466,5.678698050268365,0.37687260071650125,0.7036264577958357,-1.8669699259020998,0.0,0.0,0.0,1.0,0.0,0.0,0.0,0.0,0.0,1.0,0.0,1.0,1.0,0.0,0.0,0.0,0.0,0.0,0.0,0.0,0.0,0.0,0.0,1.0,0.0,0.0,0.0,0.0,0.0,0.0,0.0
5077,1,train,-0.10182850941645721,-0.11077384660104567,-0.10593741124175554,-0.15347915067568513,-0.07824481063198063,0.8419333119640875,-0.43182531827608944,-0.6309414720885652,-0.6697505392372824,-0.15347915067568513,-0.1580470784389542,-0.09575505810207449,-0.2320713915475348,-0.13392533418289954,-0.09444490577171503,-0.21131873623656344,-0.09135431758701307,-0.06346514466983384,-0.7749652817779098,-0.21078298900223555,-1.0393498957928322,-0.8870614097166676,-0.5625167073768849,-0.8767395512791257,-0.5383567051862455,-0.32314246870482466,-0.44173539720400995,0.5275215952761285,-1.316573486283562,0.8383642557615394,0.0,0.0,0.0,1.0,0.0,0.0,0.0,0.0,0.0,0.0,0.0,0.0,0.0,0.0,0.0,0.0,0.0,0.0,0.0,0.0,0.0,0.0,0.0,0.0,1.0,0.0,0.0,0.0,0.0,0.0,0.0
5101,1,train,-0.09695226662923706,-0.09694716941955439,-0.09721735066597365,-0.07865275034626523,-0.07824481063198063,-0.72197447595865,-0.3572077860209101,-0.42265193383128413,-0.6697505392372824,-0.07865275034626523,-0.1580470784389542,-0.09575505810207449,0.3581679857987965,-0.13392533418289954,-0.09444490577171503,-0.025172101713864917,-0.09135431758701307,-0.06346514466983384,0.06697230830179471,0.1112998716044294,0.03461127399553429,0.1577570732570075,0.8690690550781563,0.5011355440919291,0.43326726781991537,-0.32314246870482466,-0.17121900173561763,1.2344130312866872,-1.316573486283562,0.36095234135030896,0.0,0.0,0.0,1.0,1.0,0.0,0.0,1.0,0.0,1.0,0.0,0.0,0.0,0.0,0.0,0.0,0.0,0.0,0.0,0.0,0.0,0.0,0.0,1.0,1.0,0.0,0.0,0.0,0.0,0.0,0.0
5108,1,train,-0.09370143810442362,-0.1093184068977308,-0.10064308874931653,-0.11606595051097518,-0.07824481063198063,-0.5916488269650886,-0.5049200437505509,-0.6547459907465402,-0.6697505392372824,-0.11606595051097518,-0.1580470784389542,-0.09575505810207449,-0.2320713915475348,-0.13392533418289954,-0.09444490577171503,-0.11824541897521418,-0.09135431758701307,-0.06346514466983384,-0.7749652817779098,-1.4551798839199357,-1.547211032808428,0.42455799762433405,-0.14050850942871598,0.24256440390207276,0.030006883824063718,-0.32314246870482466,-0.18812627645239216,-0.9234660891665979,-0.8115235002637127,0.20181503654656552,0.0,0.0,0.0,1.0,0.0,0.0,0.0,0.0,0.0,0.0,0.0,0.0,0.0,0.0,0.0,0.0,0.0,0.0,0.0,0.0,0.0,0.0,0.0,0.0,1.0,0.0,0.0,0.0,0.0,0.0,0.0
5120,0,train,-0.10237031417059278,-0.11150156645270311,-0.10656027271145425,-0.15347915067568513,-0.07236676441752418,-1.699416843410361,0.03669156792479868,0.35099492255290266,-0.6697505392372824,-0.15347915067568513,-0.1580470784389542,-0.19305811945291232,-0.2320713915475348,-0.13392533418289954,0.004733515563737508,-0.3043920534979127,-0.09135431758701307,-0.06346514466983384,0.06697230830179471,0.7274739030182475,0.8796449854211016,-1.3118825249109904,-0.9845249053250537,-1.5249226339062658,-0.5383567051862455,0.255803221450059,-0.509364496071108,-1.5931527127555483,-0.3064735142438632,-1.7078326210983563,0.0,0.0,0.0,0.0,0.0,0.0,1.0,0.0,0.0,0.0,0.0,0.0,0.0,0.0,0.0,1.0,0.0,0.0,0.0,0.0,0.0,0.0,0.0,1.0,1.0,1.0,1.0,0.0,1.0,1.0,0.0
5125,0,train,-0.09315963335028805,-0.11150156645270311,-0.10126595021901524,-0.15347915067568513,-0.07824481063198063,-0.07034623099084275,-0.0034090106341072364,0.3569460522173964,-0.6697505392372824,-0.15347915067568513,-0.1580470784389542,-0.19305811945291232,0.3581679857987965,-0.13392533418289954,0.004733515563737508,-0.3043920534979127,-0.09135431758701307,-0.06346514466983384,0.06697230830179471,0.690585327720397,0.8831197148122863,0.45958966447842076,-0.9845249053250537,0.18040152393914327,-0.5383567051862455,-0.32314246870482466,0.06548284429922563,-1.5931527127555483,1.7137264298355344,0.04267773174282203,0.0,0.0,0.0,0.0,1.0,0.0,0.0,1.0,0.0,0.0,0.0,0.0,0.0,0.0,0.0,1.0,0.0,0.0,0.0,0.0,0.0,0.0,0.0,1.0,1.0,1.0,0.0,0.0,0.0,0.0,1.0
5127,1,train,0.8837143383561493,1.0070038455447763,0.9389127041778255,0.2954792513008342,-0.037098487130785424,0.972258960957649,-0.0841177700121584,0.2081678106050528,-0.6697505392372824,0.2954792513008342,-0.1580470784389542,0.0015480032487633255,-0.2320713915475348,-0.13392533418289954,0.2030903582346426,0.5332678018542306,-0.09135431758701307,0.9707816573570879,3.0137538735807605,0.6065742071183884,0.7895674647733247,3.2891490234459826,3.483208275558691,3.265360401686384,2.1893366378217647,1.8244631060039775,8.222592615346132,0.34874565569526295,-1.316573486283562,0.9975015605652829,0.0,0.0,0.0,1.0,0.0,0.0,1.0,0.0,0.0,1.0,1.0,1.0,1.0,0.0,0.0,1.0,1.0,0.0,0.0,0.0,1.0,0.0,0.0,1.0,1.0,1.0,0.0,0.0,0.0,1.0,0.0
5141,0,train,-0.10237031417059278,-0.11150156645270311,-0.10656027271145425,-0.15347915067568513,-0.07824481063198063,-2.0252309658942647,-0.0034090106341072364,0.3688483115463839,-0.6697505392372824,-0.15347915067568513,-0.1580470784389542,-0.19305811945291232,-0.2320713915475348,-0.13392533418289954,0.004733515563737508,-0.3043920534979127,-0.09135431758701307,-0.06346514466983384,-0.35399648673805756,0.690585327720397,0.8900093210267701,-1.3118825249109904,-0.9845249053250537,-1.5249226339062658,-0.5383567051862455,-0.32314246870482466,-0.509364496071108,-1.5931527127555483,-0.3064735142438632,0.5200896461540525,0.0,0.0,0.0,0.0,0.0,0.0,0.0,0.0,0.0,0.0,0.0,0.0,0.0,0.0,0.0,1.0,0.0,0.0,0.0,0.0,0.0,0.0,0.0,1.0,1.0,1.0,1.0,0.0,1.0,0.0,0.0
5150,1,train,-0.10128670466232163,-0.11004612674938824,-0.10531454977205683,-0.11606595051097518,-0.07824481063198063,0.5161191894801839,2.6752081166487605,1.9637510616307075,2.946080592841297,-0.11606595051097518,-0.1580470784389542,-0.19305811945291232,0.9484073631451279,-0.13392533418289954,-0.09444490577171503,-0.11824541897521418,-0.09135431758701307,-0.06346514466983384,0.487941103341647,1.5817619479238674,1.446712243095322,-0.6385569878134462,-0.3156577365802952,-0.5753515812801854,0.030006883824063718,-0.32314246870482466,-0.44173539720400995,0.5275215952761285,0.1985764717759862,0.5200896461540525,0.0,0.0,0.0,0.0,1.0,0.0,0.0,1.0,0.0,0.0,0.0,0.0,0.0,1.0,1.0,0.0,0.0,0.0,0.0,0.0,0.0,0.0,0.0,1.0,1.0,1.0,0.0,1.0,0.0,0.0,0.0
5163,0,train,-0.10182850941645721,-0.11077384660104567,-0.10593741124175554,-0.15347915067568513,-0.07824481063198063,-1.0477885984425537,0.07273132840179009,0.4997731641652463,-0.6697505392372824,-0.15347915067568513,-0.1580470784389542,-0.09575505810207449,-0.2320713915475348,-0.13392533418289954,-0.09444490577171503,-0.21131873623656344,-0.09135431758701307,-0.06346514466983384,-0.7749652817779098,0.758391472357669,0.9609876374070686,-0.8870614097166676,-0.5625167073768849,-0.8767395512791257,-0.5383567051862455,-0.32314246870482466,-0.44173539720400995,0.5275215952761285,-1.316573486283562,-0.11645957306092145,0.0,0.0,0.0,1.0,0.0,0.0,0.0,0.0,0.0,0.0,0.0,0.0,0.0,0.0,0.0,0.0,0.0,0.0,0.0,0.0,0.0,0.0,0.0,0.0,1.0,1.0,0.0,0.0,0.0,0.0,0.0
5178,0,train,-0.0725710526931363,-0.11150156645270311,-0.08943158229473981,-0.15347915067568513,-0.07236676441752418,-0.46132317797152717,-0.0034090106341072364,0.3688483115463839,-0.6697505392372824,-0.15347915067568513,-0.1580470784389542,-0.19305811945291232,-0.2320713915475348,-0.13392533418289954,0.004733515563737508,-0.3043920534979127,-0.09135431758701307,-0.06346514466983384,0.487941103341647,0.690585327720397,0.8900093210267701,1.155204469406761,-0.9845249053250537,0.8500415772826253,-0.5383567051862455,0.255803221450059,1.350435722774089,-1.5931527127555483,-0.3064735142438632,0.5200896461540525,0.0,0.0,0.0,0.0,0.0,0.0,1.0,0.0,0.0,0.0,0.0,1.0,0.0,0.0,0.0,1.0,0.0,0.0,0.0,0.0,0.0,0.0,0.0,1.0,1.0,1.0,0.0,0.0,0.0,1.0,0.0
5180,1,train,-0.10182850941645721,-0.11077384660104567,-0.10593741124175554,-0.15347915067568513,-0.07824481063198063,-0.5264860024683079,-0.5105036686131833,-0.6666482500755276,1.1381650268020076,-0.15347915067568513,-0.1580470784389542,-0.09575505810207449,-0.2320713915475348,-0.13392533418289954,-0.09444490577171503,-0.21131873623656344,-0.09135431758701307,-0.06346514466983384,-0.7749652817779098,-2.6607436936541022,-2.2057073092032726,-0.8870614097166676,-0.5625167073768849,-0.8767395512791257,-0.5383567051862455,-0.32314246870482466,-0.44173539720400995,0.5275215952761285,0.7036264577958357,-2.026107230705843,0.0,0.0,0.0,1.0,0.0,0.0,0.0,0.0,0.0,0.0,0.0,0.0,0.0,0.0,0.0,0.0,0.0,0.0,0.0,0.0,0.0,0.0,0.0,0.0,0.0,0.0,0.0,0.0,0.0,0.0,0.0
5182,1,train,-0.10182850941645721,-0.11150156645270311,-0.10624884197660489,-0.15347915067568513,-0.07824481063198063,0.4509563649834031,-0.19680547178528643,-0.07153528362615319,-0.6697505392372824,-0.15347915067568513,-0.1580470784389542,-0.09575505810207449,-0.2320713915475348,-0.13392533418289954,-0.09444490577171503,-0.21131873623656344,-0.09135431758701307,-0.06346514466983384,-0.7749652817779098,0.4578809365995422,0.5605458146697238,-0.8870614097166676,-0.9845249053250537,-1.1159646413151367,-0.5383567051862455,-0.32314246870482466,-0.47554994663755895,-1.5931527127555483,1.208676443815685,0.20181503654656552,0.0,0.0,0.0,1.0,0.0,0.0,0.0,0.0,0.0,0.0,0.0,0.0,0.0,0.0,0.0,0.0,0.0,0.0,0.0,0.0,0.0,0.0,0.0,0.0,1.0,1.0,0.0,0.0,0.0,0.0,1.0
5184,1,train,-0.10182850941645721,-0.11077384660104567,-0.10593741124175554,-0.15347915067568513,-0.07824481063198063,0.5161191894801839,2.7604852963689654,2.1898939888814697,2.946080592841297,-0.15347915067568513,-0.1580470784389542,-0.19305811945291232,0.3581679857987965,-0.13392533418289954,-0.09444490577171503,-0.21131873623656344,-0.09135431758701307,-0.06346514466983384,0.487941103341647,1.5945760817934715,1.4960404709929238,-0.8870614097166676,-0.5625167073768849,-0.8767395512791257,-0.5383567051862455,-0.32314246870482466,-0.44173539720400995,0.5275215952761285,1.208676443815685,0.5200896461540525,0.0,0.0,0.0,0.0,1.0,0.0,0.0,1.0,0.0,0.0,0.0,0.0,0.0,1.0,1.0,0.0,0.0,0.0,0.0,0.0,0.0,0.0,0.0,1.0,1.0,1.0,0.0,1.0,0.0,0.0,1.0
5187,1,train,-0.10182850941645721,-0.11077384660104567,-0.10593741124175554,-0.15347915067568513,-0.07824481063198063,-0.005183406494062019,-0.42218087533154247,-0.6071369534305902,-0.6697505392372824,-0.15347915067568513,-0.1580470784389542,-0.19305811945291232,0.3581679857987965,-0.13392533418289954,-0.09444490577171503,-0.21131873623656344,-0.09135431758701307,-0.06346514466983384,-0.35399648673805756,-0.15502419078423335,-0.7684349205639498,-0.8870614097166676,-0.5625167073768849,-0.8767395512791257,-0.5383567051862455,-0.32314246870482466,-0.44173539720400995,0.5275215952761285,-0.8115235002637127,-1.0712834018833823,0.0,0.0,0.0,0.0,1.0,0.0,0.0,1.0,0.0,0.0,0.0,0.0,0.0,0.0,0.0,0.0,0.0,0.0,0.0,0.0,0.0,0.0,0.0,1.0,1.0,0.0,0.0,0.0,0.0,0.0,0.0
5188,0,train,-0.10074489990818607,-0.1093184068977308,-0.10469168830235813,-0.15347915067568513,-0.07824481063198063,-0.6568116514618694,0.014357068474268804,0.4045550895333464,-0.6697505392372824,-0.15347915067568513,-0.1580470784389542,-0.19305811945291232,-0.2320713915475348,-0.13392533418289954,-0.09444490577171503,-0.21131873623656344,-0.09135431758701307,-0.06346514466983384,-0.7749652817779098,0.7072753370039154,0.9102153627415934,-0.4622402945223449,-0.14050850942871598,-0.37683240049076266,-0.5383567051862455,-0.32314246870482466,-0.3064771994698138,0.5275215952761285,-0.3064735142438632,-2.026107230705843,0.0,0.0,0.0,0.0,0.0,0.0,0.0,0.0,0.0,0.0,0.0,0.0,0.0,0.0,0.0,0.0,0.0,0.0,0.0,0.0,0.0,0.0,0.0,0.0,1.0,1.0,0.0,0.0,0.0,0.0,0.0
5194,0,train,-0.09803587613750821,-0.11150156645270311,-0.10406882683265942,-0.15347915067568513,-0.07824481063198063,-1.2432770719328958,0.006235432310439757,0.38670170053986513,-0.6697505392372824,-0.15347915067568513,-0.1580470784389542,-0.19305811945291232,-0.2320713915475348,-0.13392533418289954,-0.09444490577171503,-0.21131873623656344,-0.09135431758701307,-0.06346514466983384,-0.7749652817779098,0.699716787749328,0.9001974837315677,0.034768549284098414,-0.9845249053250537,-0.22855646865198537,-0.5383567051862455,-0.32314246870482466,-0.23884810060271572,-1.5931527127555483,1.208676443815685,-0.5938714874721519,0.0,0.0,0.0,0.0,0.0,0.0,0.0,0.0,0.0,0.0,0.0,0.0,0.0,0.0,0.0,0.0,0.0,0.0,0.0,0.0,0.0,0.0,0.0,0.0,1.0,1.0,0.0,0.0,0.0,0.0,1.0
5196,0,train,-0.09641046187510148,-0.10349664808447132,-0.09970879654476847,0.10841325047728449,-0.07824481063198063,0.7767704874673067,0.03669156792479868,0.44621299718480256,-0.6697505392372824,0.10841325047728449,-0.1580470784389542,0.5853663713537902,-0.2320713915475348,-0.13392533418289954,-0.09444490577171503,0.4401944845928814,-0.09135431758701307,-0.06346514466983384,0.487941103341647,0.7274739030182475,0.9329591426908642,0.21108524257519945,0.5283586593160425,0.32502418300441155,1.5699944458405344,-0.32314246870482466,-0.41637448512884817,0.5275215952761285,1.208676443815685,0.04267773174282203,0.0,0.0,0.0,1.0,0.0,0.0,0.0,0.0,0.0,0.0,1.0,0.0,0.0,0.0,0.0,0.0,1.0,1.0,0.0,0.0,0.0,0.0,0.0,1.0,1.0,1.0,0.0,0.0,0.0,0.0,1.0
5202,0,train,-0.10182850941645721,-0.11077384660104567,-0.10593741124175554,-0.15347915067568513,-0.07824481063198063,-1.3084398964296766,-0.0034090106341072364,0.3688483115463839,-0.6697505392372824,-0.15347915067568513,-0.1580470784389542,-0.09575505810207449,-0.2320713915475348,-0.13392533418289954,-0.09444490577171503,-0.21131873623656344,-0.09135431758701307,-0.06346514466983384,-0.7749652817779098,0.690585327720397,0.8900093210267701,-0.8870614097166676,-0.5625167073768849,-0.8767395512791257,-0.5383567051862455,-0.32314246870482466,-0.44173539720400995,0.5275215952761285,1.7137264298355344,0.679226950957796,0.0,0.0,0.0,1.0,0.0,0.0,0.0,0.0,0.0,0.0,0.0,0.0,0.0,0.0,0.0,0.0,0.0,0.0,0.0,0.0,0.0,0.0,0.0,0.0,1.0,1.0,0.0,0.0,0.0,0.0,1.0
5205,0,train,-0.06986202892245842,-0.1093184068977308,-0.08694013641594497,-0.07865275034626523,-0.07236676441752418,0.7767704874673067,-0.0034090106341072364,0.3688483115463839,-0.6697505392372824,-0.07865275034626523,-0.1580470784389542,-0.09575505810207449,-0.2320713915475348,-0.13392533418289954,-0.09444490577171503,-0.025172101713864917,-0.09135431758701307,-0.06346514466983384,0.06697230830179471,0.690585327720397,0.8900093210267701,1.207619924757084,-0.14050850942871598,0.9288253216405091,0.43326726781991537,0.255803221450059,0.20074104203342177,-1.3911837310382458,-1.316573486283562,-0.2755968778646649,0.0,0.0,0.0,1.0,0.0,0.0,1.0,0.0,0.0,0.0,0.0,1.0,0.0,0.0,0.0,0.0,0.0,0.0,0.0,0.0,0.0,0.0,0.0,1.0,1.0,1.0,0.0,0.0,0.0,1.0,0.0
5212,1,train,-0.10128670466232163,-0.11004612674938824,-0.10531454977205683,-0.11606595051097518,-0.07824481063198063,0.5161191894801839,2.386890032832829,1.8685329869988077,2.946080592841297,-0.11606595051097518,-0.1580470784389542,-0.19305811945291232,0.9484073631451279,-0.13392533418289954,-0.09444490577171503,-0.11824541897521418,-0.09135431758701307,-0.06346514466983384,0.487941103341647,1.5357458705672762,1.4246632599027114,-0.6385569878134462,-0.3156577365802952,-0.5753515812801854,0.030006883824063718,-0.32314246870482466,-0.44173539720400995,0.5275215952761285,-0.8115235002637127,0.5200896461540525,0.0,0.0,0.0,0.0,1.0,0.0,0.0,1.0,0.0,0.0,0.0,0.0,0.0,1.0,1.0,0.0,0.0,0.0,0.0,0.0,0.0,0.0,0.0,1.0,1.0,1.0,0.0,1.0,0.0,0.0,0.0
5216,0,train,-0.09749407138337263,-0.1093184068977308,-0.102823103893262,-0.15347915067568513,-0.07824481063198063,-0.20067187998440422,-0.5039048392300722,-0.6487948610820464,-0.6697505392372824,-0.15347915067568513,-0.1580470784389542,-0.09575505810207449,-0.2320713915475348,-0.13392533418289954,-0.09444490577171503,-0.21131873623656344,-0.09135431758701307,-0.06346514466983384,-0.7749652817779098,-1.3803929775942934,-1.3747775224162295,0.09934267295441115,-0.14050850942871598,-0.01159823507080119,-0.5383567051862455,-0.32314246870482466,-0.10358990286851956,-0.5328155587397099,1.208676443815685,-0.4347341826684084,0.0,0.0,0.0,1.0,0.0,0.0,0.0,0.0,0.0,0.0,0.0,0.0,0.0,0.0,0.0,0.0,0.0,0.0,0.0,0.0,0.0,0.0,0.0,0.0,1.0,0.0,0.0,0.0,0.0,0.0,1.0
5217,1,train,-0.08665797630066117,-0.09258085030960977,-0.08943158229473981,-0.15347915067568513,-0.07236676441752418,-0.39616035347474643,-0.5039048392300722,-0.6487948610820464,1.1381650268020076,-0.15347915067568513,-0.1580470784389542,-0.09575505810207449,-0.2320713915475348,-0.13392533418289954,-0.09444490577171503,-0.21131873623656344,-0.09135431758701307,-0.06346514466983384,0.06697230830179471,-1.3803929775942934,-1.3747775224162295,0.7726682100519553,1.0220766009092215,0.8500415772826253,-0.5383567051862455,0.255803221450059,1.350435722774089,0.41184845120167335,1.208676443815685,-0.2755968778646649,0.0,0.0,0.0,1.0,0.0,0.0,1.0,0.0,0.0,1.0,0.0,0.0,0.0,0.0,0.0,0.0,0.0,0.0,0.0,0.0,0.0,0.0,0.0,1.0,1.0,0.0,0.0,0.0,0.0,1.0,1.0
5225,0,train,-0.10074489990818607,-0.1093184068977308,-0.10469168830235813,-0.15347915067568513,-0.07824481063198063,-0.6568116514618694,-0.0034090106341072364,0.3688483115463839,-0.6697505392372824,-0.15347915067568513,-0.1580470784389542,-0.19305811945291232,-0.2320713915475348,-0.13392533418289954,-0.09444490577171503,-0.21131873623656344,-0.09135431758701307,-0.06346514466983384,-0.7749652817779098,0.690585327720397,0.8900093210267701,-0.4622402945223449,-0.14050850942871598,-0.37683240049076266,-0.5383567051862455,-0.32314246870482466,-0.3064771994698138,0.5275215952761285,0.1985764717759862,-1.5486953162946127,0.0,0.0,0.0,0.0,0.0,0.0,0.0,0.0,0.0,0.0,0.0,0.0,0.0,0.0,0.0,0.0,0.0,0.0,0.0,0.0,0.0,0.0,0.0,0.0,1.0,1.0,0.0,0.0,0.0,0.0,0.0
5227,0,train,-0.10182850941645721,-0.11077384660104567,-0.10593741124175554,-0.15347915067568513,-0.07236676441752418,-0.982625773945773,-0.0034090106341072364,0.3688483115463839,-0.6697505392372824,-0.15347915067568513,0.041782560966620086,-0.19305811945291232,-0.2320713915475348,-0.13392533418289954,-0.09444490577171503,-0.21131873623656344,-0.09135431758701307,-0.06346514466983384,0.06697230830179471,0.690585327720397,0.8900093210267701,-0.8870614097166676,-0.5625167073768849,-0.8767395512791257,-0.5383567051862455,0.255803221450059,-0.44173539720400995,0.5275215952761285,0.1985764717759862,-1.5486953162946127,0.0,0.0,1.0,0.0,0.0,0.0,1.0,0.0,1.0,0.0,0.0,0.0,0.0,0.0,0.0,0.0,0.0,0.0,0.0,0.0,0.0,0.0,0.0,1.0,1.0,1.0,0.0,0.0,0.0,1.0,0.0
5232,1,train,-0.10128670466232163,-0.11004612674938824,-0.10531454977205683,-0.11606595051097518,-0.07824481063198063,-1.0477885984425537,-0.5105036686131833,-0.6666482500755276,-0.6697505392372824,-0.11606595051097518,-0.1580470784389542,-0.09575505810207449,-0.2320713915475348,-0.13392533418289954,-0.09444490577171503,-0.11824541897521418,-0.09135431758701307,-0.06346514466983384,-0.7749652817779098,-2.6607436936541022,-2.2057073092032726,-0.6385569878134462,-0.3156577365802952,-0.5753515812801854,0.030006883824063718,-0.32314246870482466,-0.44173539720400995,0.5275215952761285,-1.316573486283562,0.679226950957796,0.0,0.0,0.0,1.0,0.0,0.0,0.0,0.0,0.0,0.0,0.0,0.0,0.0,0.0,0.0,0.0,0.0,0.0,0.0,0.0,0.0,0.0,0.0,0.0,0.0,0.0,0.0,0.0,0.0,0.0,0.0
5242,1,train,-0.08990880482547461,-0.11004612674938824,-0.0987745043402204,-0.07865275034626523,-0.07824481063198063,-0.26583470448118496,-0.5044124414903116,-0.6547459907465402,-0.6697505392372824,-0.07865275034626523,-0.1580470784389542,-0.09575505810207449,0.3581679857987965,-0.13392533418289954,-0.09444490577171503,-0.025172101713864917,-0.09135431758701307,-0.06346514466983384,-0.35399648673805756,-1.416346798736402,-1.547211032808428,0.6359063577695223,-0.3156577365802952,0.397359757520328,0.43326726781991537,-0.32314246870482466,-0.227576584124866,-1.2538448234704798,-0.8115235002637127,0.04267773174282203,0.0,0.0,0.0,1.0,1.0,0.0,0.0,1.0,0.0,0.0,0.0,0.0,0.0,0.0,0.0,0.0,0.0,0.0,0.0,0.0,0.0,0.0,0.0,1.0,1.0,0.0,0.0,0.0,0.0,0.0,0.0
5244,0,train,-0.08882519531720347,-0.08675909149635028,-0.0881858593553424,-0.07865275034626523,-0.06648871820306772,-2.220719439384607,-0.0034090106341072364,0.3688483115463839,-0.6697505392372824,-0.07865275034626523,0.24161220037219439,-0.19305811945291232,-0.2320713915475348,-0.13392533418289954,0.10391193689919007,-0.21131873623656344,-0.09135431758701307,-0.06346514466983384,0.9089098983814993,0.690585327720397,0.8900093210267701,0.6849635180533967,1.180074577422038,0.8907474865292128,0.43326726781991537,0.6665717256942094,0.1556549761220231,0.8510142863318081,0.1985764717759862,-1.7078326210983563,0.0,0.0,1.0,0.0,0.0,0.0,1.0,0.0,1.0,1.0,0.0,0.0,0.0,0.0,0.0,1.0,0.0,0.0,0.0,0.0,0.0,0.0,0.0,1.0,1.0,1.0,1.0,0.0,0.0,1.0,0.0
5248,1,train,-0.10128670466232163,-0.11004612674938824,-0.10531454977205683,-0.15347915067568513,-0.07824481063198063,1.0374217854544296,2.716323899728145,2.04706687693362,2.946080592841297,-0.15347915067568513,-0.1580470784389542,-0.19305811945291232,0.3581679857987965,-0.13392533418289954,-0.09444490577171503,-0.21131873623656344,-0.09135431758701307,-0.06346514466983384,0.487941103341647,1.5879824557654763,1.465361409580718,-0.6385569878134462,-0.3156577365802952,-0.5753515812801854,-0.5383567051862455,-0.32314246870482466,-0.37410629833691184,0.5275215952761285,0.7036264577958357,0.5200896461540525,0.0,0.0,0.0,0.0,1.0,0.0,0.0,1.0,0.0,0.0,0.0,0.0,0.0,1.0,1.0,0.0,0.0,0.0,0.0,0.0,0.0,0.0,0.0,1.0,1.0,1.0,0.0,1.0,0.0,0.0,0.0
5264,1,train,-0.09749407138337263,-0.11150156645270311,-0.10375739609781007,-0.07865275034626523,-0.07824481063198063,-0.07034623099084275,-0.19477506274432915,-0.04773076496817821,-0.6697505392372824,-0.07865275034626523,0.041782560966620086,-0.09575505810207449,-0.2320713915475348,-0.13392533418289954,-0.09444490577171503,-0.025172101713864917,-0.09135431758701307,-0.06346514466983384,-0.35399648673805756,0.4610059365635682,0.5838259890118135,0.09934267295441115,-0.9845249053250537,-0.16639358868905615,0.43326726781991537,-0.32314246870482466,-0.4079208477704609,-1.5931527127555483,1.7137264298355344,0.36095234135030896,0.0,0.0,1.0,1.0,0.0,0.0,0.0,0.0,1.0,0.0,0.0,0.0,0.0,0.0,0.0,0.0,0.0,0.0,0.0,0.0,0.0,0.0,0.0,1.0,1.0,1.0,0.0,0.0,0.0,0.0,1.0
