pr_number,policy_risk_score,policy_risk_band,triggered_rule_count,critical_rule_count,high_rule_count,triggered_rules,triggered_categories,recommended_actions,manual_review_required
2575,0,Low,0,0,0,,,,False
2577,0,Low,0,0,0,,,,False
2579,56,High,4,0,2,PR002 | PR005 | PR011 | PR012,Complexity | Documentation | Governance | Security,"Expand the description with implementation context, testing evidence and reviewer guidance. | Require focused security review and verify that secrets, authentication and permission impacts have been assessed. | Assign an appropriate reviewer before the PR progresses toward approval. | Perform additional manual review because several PR characteristics are unusual for this repository.",True
2582,8,Low,1,0,0,PR002,Documentation,"Expand the description with implementation context, testing evidence and reviewer guidance.",False
2588,10,Low,1,0,0,PR012,Complexity,Perform additional manual review because several PR characteristics are unusual for this repository.,False
2592,8,Low,1,0,0,PR002,Documentation,"Expand the description with implementation context, testing evidence and reviewer guidance.",False
2600,60,High,4,0,2,PR001 | PR003 | PR004 | PR012,Complexity | Documentation | Testing,"Add a clear description covering the purpose, scope, expected behaviour and validation performed. | Add or update automated tests, or document why additional tests are not required. | Update user, developer or operational documentation where the change affects expected behaviour. | Perform additional manual review because several PR characteristics are unusual for this repository.",True
2603,8,Low,1,0,0,PR002,Documentation,"Expand the description with implementation context, testing evidence and reviewer guidance.",False
2609,68,High,5,0,2,PR002 | PR003 | PR004 | PR007 | PR011,Documentation | Governance | Operations | Testing,"Expand the description with implementation context, testing evidence and reviewer guidance. | Add or update automated tests, or document why additional tests are not required. | Update user, developer or operational documentation where the change affects expected behaviour. | Confirm environment impact, deployment sequencing, rollback instructions and configuration validation. | Assign an appropriate reviewer before the PR progresses toward approval.",True
2614,8,Low,1,0,0,PR002,Documentation,"Expand the description with implementation context, testing evidence and reviewer guidance.",False
2619,8,Low,1,0,0,PR002,Documentation,"Expand the description with implementation context, testing evidence and reviewer guidance.",False
2622,68,High,5,0,2,PR002 | PR003 | PR007 | PR011 | PR012,Complexity | Documentation | Governance | Operations | Testing,"Expand the description with implementation context, testing evidence and reviewer guidance. | Add or update automated tests, or document why additional tests are not required. | Confirm environment impact, deployment sequencing, rollback instructions and configuration validation. | Assign an appropriate reviewer before the PR progresses toward approval. | Perform additional manual review because several PR characteristics are unusual for this repository.",True
2630,8,Low,1,0,0,PR002,Documentation,"Expand the description with implementation context, testing evidence and reviewer guidance.",False
2633,0,Low,0,0,0,,,,False
2637,8,Low,1,0,0,PR002,Documentation,"Expand the description with implementation context, testing evidence and reviewer guidance.",False
2641,18,Low,2,0,0,PR002 | PR012,Complexity | Documentation,"Expand the description with implementation context, testing evidence and reviewer guidance. | Perform additional manual review because several PR characteristics are unusual for this repository.",False
2650,18,Low,1,0,1,PR001,Documentation,"Add a clear description covering the purpose, scope, expected behaviour and validation performed.",False
2652,18,Low,1,0,1,PR001,Documentation,"Add a clear description covering the purpose, scope, expected behaviour and validation performed.",False
2672,28,Moderate,3,0,0,PR002 | PR004 | PR012,Complexity | Documentation,"Expand the description with implementation context, testing evidence and reviewer guidance. | Update user, developer or operational documentation where the change affects expected behaviour. | Perform additional manual review because several PR characteristics are unusual for this repository.",False
2676,80,Critical,5,0,3,PR005 | PR007 | PR009 | PR011 | PR012,Complexity | Governance | Operations | Security,"Require focused security review and verify that secrets, authentication and permission impacts have been assessed. | Confirm environment impact, deployment sequencing, rollback instructions and configuration validation. | Split the PR where practical and require a structured review plan before approval. | Assign an appropriate reviewer before the PR progresses toward approval. | Perform additional manual review because several PR characteristics are unusual for this repository.",True
2682,0,Low,0,0,0,,,,False
2685,62,High,4,0,2,PR003 | PR008 | PR011 | PR012,Complexity | Governance | Testing,"Add or update automated tests, or document why additional tests are not required. | Consider splitting the change or assign additional review capacity to reduce review risk. | Assign an appropriate reviewer before the PR progresses toward approval. | Perform additional manual review because several PR characteristics are unusual for this repository.",True
2699,78,Critical,6,0,2,PR002 | PR005 | PR007 | PR008 | PR011 | PR012,Complexity | Documentation | Governance | Operations | Security,"Expand the description with implementation context, testing evidence and reviewer guidance. | Require focused security review and verify that secrets, authentication and permission impacts have been assessed. | Confirm environment impact, deployment sequencing, rollback instructions and configuration validation. | Consider splitting the change or assign additional review capacity to reduce review risk. | Assign an appropriate reviewer before the PR progresses toward approval. | Perform additional manual review because several PR characteristics are unusual for this repository.",True
2719,8,Low,1,0,0,PR002,Documentation,"Expand the description with implementation context, testing evidence and reviewer guidance.",False
2730,18,Low,1,0,1,PR001,Documentation,"Add a clear description covering the purpose, scope, expected behaviour and validation performed.",False
2740,8,Low,1,0,0,PR002,Documentation,"Expand the description with implementation context, testing evidence and reviewer guidance.",False
2746,8,Low,1,0,0,PR002,Documentation,"Expand the description with implementation context, testing evidence and reviewer guidance.",False
2753,8,Low,1,0,0,PR002,Documentation,"Expand the description with implementation context, testing evidence and reviewer guidance.",False
2765,18,Low,2,0,0,PR002 | PR012,Complexity | Documentation,"Expand the description with implementation context, testing evidence and reviewer guidance. | Perform additional manual review because several PR characteristics are unusual for this repository.",False
2775,40,High,3,0,1,PR003 | PR010 | PR012,Complexity | Testing,"Add or update automated tests, or document why additional tests are not required. | Review commit organisation and consider squashing or restructuring commits for easier review. | Perform additional manual review because several PR characteristics are unusual for this repository.",True
2781,32,Moderate,2,0,1,PR003 | PR012,Complexity | Testing,"Add or update automated tests, or document why additional tests are not required. | Perform additional manual review because several PR characteristics are unusual for this repository.",False
2783,18,Low,2,0,0,PR002 | PR012,Complexity | Documentation,"Expand the description with implementation context, testing evidence and reviewer guidance. | Perform additional manual review because several PR characteristics are unusual for this repository.",False
2793,8,Low,1,0,0,PR002,Documentation,"Expand the description with implementation context, testing evidence and reviewer guidance.",False
2797,8,Low,1,0,0,PR002,Documentation,"Expand the description with implementation context, testing evidence and reviewer guidance.",False
2808,18,Low,1,0,1,PR001,Documentation,"Add a clear description covering the purpose, scope, expected behaviour and validation performed.",False
2809,18,Low,2,0,0,PR002 | PR012,Complexity | Documentation,"Expand the description with implementation context, testing evidence and reviewer guidance. | Perform additional manual review because several PR characteristics are unusual for this repository.",False
2834,8,Low,1,0,0,PR002,Documentation,"Expand the description with implementation context, testing evidence and reviewer guidance.",False
2835,8,Low,1,0,0,PR002,Documentation,"Expand the description with implementation context, testing evidence and reviewer guidance.",False
2849,10,Low,1,0,0,PR012,Complexity,Perform additional manual review because several PR characteristics are unusual for this repository.,False
2850,8,Low,1,0,0,PR002,Documentation,"Expand the description with implementation context, testing evidence and reviewer guidance.",False
2854,0,Low,0,0,0,,,,False
2855,8,Low,1,0,0,PR002,Documentation,"Expand the description with implementation context, testing evidence and reviewer guidance.",False
2858,0,Low,0,0,0,,,,False
2859,8,Low,1,0,0,PR002,Documentation,"Expand the description with implementation context, testing evidence and reviewer guidance.",False
2861,10,Low,1,0,0,PR012,Complexity,Perform additional manual review because several PR characteristics are unusual for this repository.,False
2862,18,Low,2,0,0,PR002 | PR012,Complexity | Documentation,"Expand the description with implementation context, testing evidence and reviewer guidance. | Perform additional manual review because several PR characteristics are unusual for this repository.",False
2871,8,Low,1,0,0,PR002,Documentation,"Expand the description with implementation context, testing evidence and reviewer guidance.",False
2872,8,Low,1,0,0,PR002,Documentation,"Expand the description with implementation context, testing evidence and reviewer guidance.",False
2874,8,Low,1,0,0,PR002,Documentation,"Expand the description with implementation context, testing evidence and reviewer guidance.",False
2877,40,High,3,0,1,PR002 | PR003 | PR012,Complexity | Documentation | Testing,"Expand the description with implementation context, testing evidence and reviewer guidance. | Add or update automated tests, or document why additional tests are not required. | Perform additional manual review because several PR characteristics are unusual for this repository.",True
2889,0,Low,0,0,0,,,,False
2898,10,Low,1,0,0,PR012,Complexity,Perform additional manual review because several PR characteristics are unusual for this repository.,False
2904,0,Low,0,0,0,,,,False
2910,0,Low,0,0,0,,,,False
2913,8,Low,1,0,0,PR002,Documentation,"Expand the description with implementation context, testing evidence and reviewer guidance.",False
2915,8,Low,1,0,0,PR002,Documentation,"Expand the description with implementation context, testing evidence and reviewer guidance.",False
2917,8,Low,1,0,0,PR002,Documentation,"Expand the description with implementation context, testing evidence and reviewer guidance.",False
2921,0,Low,0,0,0,,,,False
2928,18,Low,2,0,0,PR002 | PR012,Complexity | Documentation,"Expand the description with implementation context, testing evidence and reviewer guidance. | Perform additional manual review because several PR characteristics are unusual for this repository.",False
2929,60,High,4,0,2,PR003 | PR007 | PR011 | PR012,Complexity | Governance | Operations | Testing,"Add or update automated tests, or document why additional tests are not required. | Confirm environment impact, deployment sequencing, rollback instructions and configuration validation. | Assign an appropriate reviewer before the PR progresses toward approval. | Perform additional manual review because several PR characteristics are unusual for this repository.",True
2930,0,Low,0,0,0,,,,False
2934,10,Low,1,0,0,PR012,Complexity,Perform additional manual review because several PR characteristics are unusual for this repository.,False
2940,0,Low,0,0,0,,,,False
2944,0,Low,0,0,0,,,,False
2955,0,Low,0,0,0,,,,False
2963,0,Low,0,0,0,,,,False
2969,40,High,3,0,1,PR002 | PR003 | PR012,Complexity | Documentation | Testing,"Expand the description with implementation context, testing evidence and reviewer guidance. | Add or update automated tests, or document why additional tests are not required. | Perform additional manual review because several PR characteristics are unusual for this repository.",True
2973,8,Low,1,0,0,PR002,Documentation,"Expand the description with implementation context, testing evidence and reviewer guidance.",False
2983,18,Low,2,0,0,PR002 | PR012,Complexity | Documentation,"Expand the description with implementation context, testing evidence and reviewer guidance. | Perform additional manual review because several PR characteristics are unusual for this repository.",False
2986,18,Low,2,0,0,PR002 | PR012,Complexity | Documentation,"Expand the description with implementation context, testing evidence and reviewer guidance. | Perform additional manual review because several PR characteristics are unusual for this repository.",False
2993,30,Moderate,2,0,1,PR002 | PR003,Documentation | Testing,"Expand the description with implementation context, testing evidence and reviewer guidance. | Add or update automated tests, or document why additional tests are not required.",False
3001,10,Low,1,0,0,PR012,Complexity,Perform additional manual review because several PR characteristics are unusual for this repository.,False
3011,8,Low,1,0,0,PR002,Documentation,"Expand the description with implementation context, testing evidence and reviewer guidance.",False
3015,0,Low,0,0,0,,,,False
3030,8,Low,1,0,0,PR002,Documentation,"Expand the description with implementation context, testing evidence and reviewer guidance.",False
3031,8,Low,1,0,0,PR002,Documentation,"Expand the description with implementation context, testing evidence and reviewer guidance.",False
3042,8,Low,1,0,0,PR002,Documentation,"Expand the description with implementation context, testing evidence and reviewer guidance.",False
3049,18,Low,1,0,1,PR001,Documentation,"Add a clear description covering the purpose, scope, expected behaviour and validation performed.",False
3052,18,Low,2,0,0,PR002 | PR012,Complexity | Documentation,"Expand the description with implementation context, testing evidence and reviewer guidance. | Perform additional manual review because several PR characteristics are unusual for this repository.",False
3056,0,Low,0,0,0,,,,False
3058,0,Low,0,0,0,,,,False
3059,18,Low,2,0,0,PR002 | PR012,Complexity | Documentation,"Expand the description with implementation context, testing evidence and reviewer guidance. | Perform additional manual review because several PR characteristics are unusual for this repository.",False
3060,8,Low,1,0,0,PR002,Documentation,"Expand the description with implementation context, testing evidence and reviewer guidance.",False
3063,8,Low,1,0,0,PR002,Documentation,"Expand the description with implementation context, testing evidence and reviewer guidance.",False
3065,8,Low,1,0,0,PR002,Documentation,"Expand the description with implementation context, testing evidence and reviewer guidance.",False
3067,8,Low,1,0,0,PR002,Documentation,"Expand the description with implementation context, testing evidence and reviewer guidance.",False
3069,0,Low,0,0,0,,,,False
3073,8,Low,1,0,0,PR002,Documentation,"Expand the description with implementation context, testing evidence and reviewer guidance.",False
3075,0,Low,0,0,0,,,,False
3079,0,Low,0,0,0,,,,False
3082,0,Low,0,0,0,,,,False
3100,0,Low,0,0,0,,,,False
3101,8,Low,1,0,0,PR002,Documentation,"Expand the description with implementation context, testing evidence and reviewer guidance.",False
3104,18,Low,2,0,0,PR002 | PR012,Complexity | Documentation,"Expand the description with implementation context, testing evidence and reviewer guidance. | Perform additional manual review because several PR characteristics are unusual for this repository.",False
3109,8,Low,1,0,0,PR002,Documentation,"Expand the description with implementation context, testing evidence and reviewer guidance.",False
3112,0,Low,0,0,0,,,,False
3113,8,Low,1,0,0,PR002,Documentation,"Expand the description with implementation context, testing evidence and reviewer guidance.",False
3121,0,Low,0,0,0,,,,False
3128,18,Low,1,0,1,PR001,Documentation,"Add a clear description covering the purpose, scope, expected behaviour and validation performed.",False
3129,8,Low,1,0,0,PR002,Documentation,"Expand the description with implementation context, testing evidence and reviewer guidance.",False
3136,18,Low,1,0,1,PR001,Documentation,"Add a clear description covering the purpose, scope, expected behaviour and validation performed.",False
3137,10,Low,1,0,0,PR012,Complexity,Perform additional manual review because several PR characteristics are unusual for this repository.,False
3149,8,Low,1,0,0,PR002,Documentation,"Expand the description with implementation context, testing evidence and reviewer guidance.",False
3156,68,High,5,0,2,PR002 | PR003 | PR004 | PR007 | PR011,Documentation | Governance | Operations | Testing,"Expand the description with implementation context, testing evidence and reviewer guidance. | Add or update automated tests, or document why additional tests are not required. | Update user, developer or operational documentation where the change affects expected behaviour. | Confirm environment impact, deployment sequencing, rollback instructions and configuration validation. | Assign an appropriate reviewer before the PR progresses toward approval.",True
3159,28,Moderate,2,0,1,PR001 | PR012,Complexity | Documentation,"Add a clear description covering the purpose, scope, expected behaviour and validation performed. | Perform additional manual review because several PR characteristics are unusual for this repository.",False
3173,8,Low,1,0,0,PR002,Documentation,"Expand the description with implementation context, testing evidence and reviewer guidance.",False
3177,32,Moderate,2,0,1,PR003 | PR012,Complexity | Testing,"Add or update automated tests, or document why additional tests are not required. | Perform additional manual review because several PR characteristics are unusual for this repository.",False
3183,98,Critical,7,0,3,PR002 | PR004 | PR005 | PR007 | PR009 | PR011 | PR012,Complexity | Documentation | Governance | Operations | Security,"Expand the description with implementation context, testing evidence and reviewer guidance. | Update user, developer or operational documentation where the change affects expected behaviour. | Require focused security review and verify that secrets, authentication and permission impacts have been assessed. | Confirm environment impact, deployment sequencing, rollback instructions and configuration validation. | Split the PR where practical and require a structured review plan before approval. | Assign an appropriate reviewer before the PR progresses toward approval. | Perform additional manual review because several PR characteristics are unusual for this repository.",True
3184,78,Critical,6,0,2,PR002 | PR003 | PR004 | PR007 | PR011 | PR012,Complexity | Documentation | Governance | Operations | Testing,"Expand the description with implementation context, testing evidence and reviewer guidance. | Add or update automated tests, or document why additional tests are not required. | Update user, developer or operational documentation where the change affects expected behaviour. | Confirm environment impact, deployment sequencing, rollback instructions and configuration validation. | Assign an appropriate reviewer before the PR progresses toward approval. | Perform additional manual review because several PR characteristics are unusual for this repository.",True
3192,8,Low,1,0,0,PR002,Documentation,"Expand the description with implementation context, testing evidence and reviewer guidance.",False
3199,40,High,3,0,1,PR002 | PR003 | PR012,Complexity | Documentation | Testing,"Expand the description with implementation context, testing evidence and reviewer guidance. | Add or update automated tests, or document why additional tests are not required. | Perform additional manual review because several PR characteristics are unusual for this repository.",True
3200,8,Low,1,0,0,PR002,Documentation,"Expand the description with implementation context, testing evidence and reviewer guidance.",False
3205,0,Low,0,0,0,,,,False
3230,78,Critical,5,0,3,PR001 | PR003 | PR004 | PR007 | PR011,Documentation | Governance | Operations | Testing,"Add a clear description covering the purpose, scope, expected behaviour and validation performed. | Add or update automated tests, or document why additional tests are not required. | Update user, developer or operational documentation where the change affects expected behaviour. | Confirm environment impact, deployment sequencing, rollback instructions and configuration validation. | Assign an appropriate reviewer before the PR progresses toward approval.",True
3236,8,Low,1,0,0,PR002,Documentation,"Expand the description with implementation context, testing evidence and reviewer guidance.",False
3238,8,Low,1,0,0,PR002,Documentation,"Expand the description with implementation context, testing evidence and reviewer guidance.",False
3244,8,Low,1,0,0,PR002,Documentation,"Expand the description with implementation context, testing evidence and reviewer guidance.",False
3260,0,Low,0,0,0,,,,False
3267,0,Low,0,0,0,,,,False
3274,18,Low,1,0,1,PR001,Documentation,"Add a clear description covering the purpose, scope, expected behaviour and validation performed.",False
3276,8,Low,1,0,0,PR002,Documentation,"Expand the description with implementation context, testing evidence and reviewer guidance.",False
3278,18,Low,2,0,0,PR002 | PR012,Complexity | Documentation,"Expand the description with implementation context, testing evidence and reviewer guidance. | Perform additional manual review because several PR characteristics are unusual for this repository.",False
3280,8,Low,1,0,0,PR002,Documentation,"Expand the description with implementation context, testing evidence and reviewer guidance.",False
3282,10,Low,1,0,0,PR012,Complexity,Perform additional manual review because several PR characteristics are unusual for this repository.,False
3290,18,Low,2,0,0,PR002 | PR012,Complexity | Documentation,"Expand the description with implementation context, testing evidence and reviewer guidance. | Perform additional manual review because several PR characteristics are unusual for this repository.",False
3296,8,Low,1,0,0,PR002,Documentation,"Expand the description with implementation context, testing evidence and reviewer guidance.",False
3299,8,Low,1,0,0,PR002,Documentation,"Expand the description with implementation context, testing evidence and reviewer guidance.",False
3308,0,Low,0,0,0,,,,False
3309,0,Low,0,0,0,,,,False
3321,8,Low,1,0,0,PR002,Documentation,"Expand the description with implementation context, testing evidence and reviewer guidance.",False
3324,0,Low,0,0,0,,,,False
3333,0,Low,0,0,0,,,,False
3336,0,Low,0,0,0,,,,False
3337,0,Low,0,0,0,,,,False
3338,8,Low,1,0,0,PR002,Documentation,"Expand the description with implementation context, testing evidence and reviewer guidance.",False
3344,0,Low,0,0,0,,,,False
3360,18,Low,2,0,0,PR002 | PR012,Complexity | Documentation,"Expand the description with implementation context, testing evidence and reviewer guidance. | Perform additional manual review because several PR characteristics are unusual for this repository.",False
3369,48,High,3,0,2,PR005 | PR011 | PR012,Complexity | Governance | Security,"Require focused security review and verify that secrets, authentication and permission impacts have been assessed. | Assign an appropriate reviewer before the PR progresses toward approval. | Perform additional manual review because several PR characteristics are unusual for this repository.",True
3376,68,High,5,0,2,PR002 | PR003 | PR007 | PR011 | PR012,Complexity | Documentation | Governance | Operations | Testing,"Expand the description with implementation context, testing evidence and reviewer guidance. | Add or update automated tests, or document why additional tests are not required. | Confirm environment impact, deployment sequencing, rollback instructions and configuration validation. | Assign an appropriate reviewer before the PR progresses toward approval. | Perform additional manual review because several PR characteristics are unusual for this repository.",True
3378,0,Low,0,0,0,,,,False
3381,0,Low,0,0,0,,,,False
3382,8,Low,1,0,0,PR002,Documentation,"Expand the description with implementation context, testing evidence and reviewer guidance.",False
3386,48,High,4,0,1,PR004 | PR007 | PR011 | PR012,Complexity | Documentation | Governance | Operations,"Update user, developer or operational documentation where the change affects expected behaviour. | Confirm environment impact, deployment sequencing, rollback instructions and configuration validation. | Assign an appropriate reviewer before the PR progresses toward approval. | Perform additional manual review because several PR characteristics are unusual for this repository.",True
3390,0,Low,0,0,0,,,,False
3395,8,Low,1,0,0,PR002,Documentation,"Expand the description with implementation context, testing evidence and reviewer guidance.",False
3397,8,Low,1,0,0,PR002,Documentation,"Expand the description with implementation context, testing evidence and reviewer guidance.",False
3401,68,High,5,0,2,PR002 | PR003 | PR007 | PR011 | PR012,Complexity | Documentation | Governance | Operations | Testing,"Expand the description with implementation context, testing evidence and reviewer guidance. | Add or update automated tests, or document why additional tests are not required. | Confirm environment impact, deployment sequencing, rollback instructions and configuration validation. | Assign an appropriate reviewer before the PR progresses toward approval. | Perform additional manual review because several PR characteristics are unusual for this repository.",True
3405,10,Low,1,0,0,PR012,Complexity,Perform additional manual review because several PR characteristics are unusual for this repository.,False
3407,8,Low,1,0,0,PR002,Documentation,"Expand the description with implementation context, testing evidence and reviewer guidance.",False
3408,0,Low,0,0,0,,,,False
3412,38,Moderate,3,0,1,PR007 | PR011 | PR012,Complexity | Governance | Operations,"Confirm environment impact, deployment sequencing, rollback instructions and configuration validation. | Assign an appropriate reviewer before the PR progresses toward approval. | Perform additional manual review because several PR characteristics are unusual for this repository.",False
3419,8,Low,1,0,0,PR002,Documentation,"Expand the description with implementation context, testing evidence and reviewer guidance.",False
3421,18,Low,2,0,0,PR002 | PR012,Complexity | Documentation,"Expand the description with implementation context, testing evidence and reviewer guidance. | Perform additional manual review because several PR characteristics are unusual for this repository.",False
3425,8,Low,1,0,0,PR002,Documentation,"Expand the description with implementation context, testing evidence and reviewer guidance.",False
3426,18,Low,2,0,0,PR002 | PR012,Complexity | Documentation,"Expand the description with implementation context, testing evidence and reviewer guidance. | Perform additional manual review because several PR characteristics are unusual for this repository.",False
3432,8,Low,1,0,0,PR002,Documentation,"Expand the description with implementation context, testing evidence and reviewer guidance.",False
3434,32,Moderate,2,0,1,PR003 | PR012,Complexity | Testing,"Add or update automated tests, or document why additional tests are not required. | Perform additional manual review because several PR characteristics are unusual for this repository.",False
3437,8,Low,1,0,0,PR002,Documentation,"Expand the description with implementation context, testing evidence and reviewer guidance.",False
3456,10,Low,1,0,0,PR012,Complexity,Perform additional manual review because several PR characteristics are unusual for this repository.,False
3458,10,Low,1,0,0,PR012,Complexity,Perform additional manual review because several PR characteristics are unusual for this repository.,False
3460,0,Low,0,0,0,,,,False
3461,0,Low,0,0,0,,,,False
3467,0,Low,0,0,0,,,,False
3473,8,Low,1,0,0,PR002,Documentation,"Expand the description with implementation context, testing evidence and reviewer guidance.",False
3479,0,Low,0,0,0,,,,False
3483,0,Low,0,0,0,,,,False
3487,68,High,5,0,2,PR002 | PR003 | PR004 | PR007 | PR011,Documentation | Governance | Operations | Testing,"Expand the description with implementation context, testing evidence and reviewer guidance. | Add or update automated tests, or document why additional tests are not required. | Update user, developer or operational documentation where the change affects expected behaviour. | Confirm environment impact, deployment sequencing, rollback instructions and configuration validation. | Assign an appropriate reviewer before the PR progresses toward approval.",True
3488,68,High,5,0,2,PR002 | PR003 | PR004 | PR007 | PR011,Documentation | Governance | Operations | Testing,"Expand the description with implementation context, testing evidence and reviewer guidance. | Add or update automated tests, or document why additional tests are not required. | Update user, developer or operational documentation where the change affects expected behaviour. | Confirm environment impact, deployment sequencing, rollback instructions and configuration validation. | Assign an appropriate reviewer before the PR progresses toward approval.",True
3489,52,High,4,0,1,PR003 | PR004 | PR007 | PR012,Complexity | Documentation | Operations | Testing,"Add or update automated tests, or document why additional tests are not required. | Update user, developer or operational documentation where the change affects expected behaviour. | Confirm environment impact, deployment sequencing, rollback instructions and configuration validation. | Perform additional manual review because several PR characteristics are unusual for this repository.",True
3491,52,High,4,0,1,PR003 | PR004 | PR007 | PR012,Complexity | Documentation | Operations | Testing,"Add or update automated tests, or document why additional tests are not required. | Update user, developer or operational documentation where the change affects expected behaviour. | Confirm environment impact, deployment sequencing, rollback instructions and configuration validation. | Perform additional manual review because several PR characteristics are unusual for this repository.",True
3492,8,Low,1,0,0,PR002,Documentation,"Expand the description with implementation context, testing evidence and reviewer guidance.",False
3497,68,High,5,0,2,PR002 | PR003 | PR004 | PR007 | PR011,Documentation | Governance | Operations | Testing,"Expand the description with implementation context, testing evidence and reviewer guidance. | Add or update automated tests, or document why additional tests are not required. | Update user, developer or operational documentation where the change affects expected behaviour. | Confirm environment impact, deployment sequencing, rollback instructions and configuration validation. | Assign an appropriate reviewer before the PR progresses toward approval.",True
3507,40,High,3,0,1,PR002 | PR003 | PR012,Complexity | Documentation | Testing,"Expand the description with implementation context, testing evidence and reviewer guidance. | Add or update automated tests, or document why additional tests are not required. | Perform additional manual review because several PR characteristics are unusual for this repository.",True
3510,0,Low,0,0,0,,,,False
3517,0,Low,0,0,0,,,,False
3524,70,Critical,5,0,2,PR003 | PR004 | PR007 | PR011 | PR012,Complexity | Documentation | Governance | Operations | Testing,"Add or update automated tests, or document why additional tests are not required. | Update user, developer or operational documentation where the change affects expected behaviour. | Confirm environment impact, deployment sequencing, rollback instructions and configuration validation. | Assign an appropriate reviewer before the PR progresses toward approval. | Perform additional manual review because several PR characteristics are unusual for this repository.",True
3530,8,Low,1,0,0,PR002,Documentation,"Expand the description with implementation context, testing evidence and reviewer guidance.",False
3537,18,Low,1,0,1,PR001,Documentation,"Add a clear description covering the purpose, scope, expected behaviour and validation performed.",False
3544,0,Low,0,0,0,,,,False
3548,0,Low,0,0,0,,,,False
3554,88,Critical,6,0,3,PR002 | PR005 | PR007 | PR009 | PR011 | PR012,Complexity | Documentation | Governance | Operations | Security,"Expand the description with implementation context, testing evidence and reviewer guidance. | Require focused security review and verify that secrets, authentication and permission impacts have been assessed. | Confirm environment impact, deployment sequencing, rollback instructions and configuration validation. | Split the PR where practical and require a structured review plan before approval. | Assign an appropriate reviewer before the PR progresses toward approval. | Perform additional manual review because several PR characteristics are unusual for this repository.",True
3563,18,Low,2,0,0,PR002 | PR012,Complexity | Documentation,"Expand the description with implementation context, testing evidence and reviewer guidance. | Perform additional manual review because several PR characteristics are unusual for this repository.",False
3567,60,High,4,0,2,PR003 | PR004 | PR007 | PR011,Documentation | Governance | Operations | Testing,"Add or update automated tests, or document why additional tests are not required. | Update user, developer or operational documentation where the change affects expected behaviour. | Confirm environment impact, deployment sequencing, rollback instructions and configuration validation. | Assign an appropriate reviewer before the PR progresses toward approval.",True
3579,10,Low,1,0,0,PR012,Complexity,Perform additional manual review because several PR characteristics are unusual for this repository.,False
3581,0,Low,0,0,0,,,,False
3587,32,Moderate,2,0,1,PR003 | PR012,Complexity | Testing,"Add or update automated tests, or document why additional tests are not required. | Perform additional manual review because several PR characteristics are unusual for this repository.",False
3601,0,Low,0,0,0,,,,False
3605,8,Low,1,0,0,PR002,Documentation,"Expand the description with implementation context, testing evidence and reviewer guidance.",False
3616,88,Critical,6,0,3,PR001 | PR003 | PR004 | PR007 | PR011 | PR012,Complexity | Documentation | Governance | Operations | Testing,"Add a clear description covering the purpose, scope, expected behaviour and validation performed. | Add or update automated tests, or document why additional tests are not required. | Update user, developer or operational documentation where the change affects expected behaviour. | Confirm environment impact, deployment sequencing, rollback instructions and configuration validation. | Assign an appropriate reviewer before the PR progresses toward approval. | Perform additional manual review because several PR characteristics are unusual for this repository.",True
3622,8,Low,1,0,0,PR002,Documentation,"Expand the description with implementation context, testing evidence and reviewer guidance.",False
3624,10,Low,1,0,0,PR012,Complexity,Perform additional manual review because several PR characteristics are unusual for this repository.,False
3636,10,Low,1,0,0,PR012,Complexity,Perform additional manual review because several PR characteristics are unusual for this repository.,False
3643,38,Moderate,3,0,1,PR007 | PR011 | PR012,Complexity | Governance | Operations,"Confirm environment impact, deployment sequencing, rollback instructions and configuration validation. | Assign an appropriate reviewer before the PR progresses toward approval. | Perform additional manual review because several PR characteristics are unusual for this repository.",False
3644,10,Low,1,0,0,PR012,Complexity,Perform additional manual review because several PR characteristics are unusual for this repository.,False
3648,10,Low,1,0,0,PR012,Complexity,Perform additional manual review because several PR characteristics are unusual for this repository.,False
3652,30,Moderate,2,0,1,PR002 | PR003,Documentation | Testing,"Expand the description with implementation context, testing evidence and reviewer guidance. | Add or update automated tests, or document why additional tests are not required.",False
3657,30,Moderate,2,0,1,PR002 | PR003,Documentation | Testing,"Expand the description with implementation context, testing evidence and reviewer guidance. | Add or update automated tests, or document why additional tests are not required.",False
3659,8,Low,1,0,0,PR002,Documentation,"Expand the description with implementation context, testing evidence and reviewer guidance.",False
3669,62,High,4,0,2,PR003 | PR008 | PR011 | PR012,Complexity | Governance | Testing,"Add or update automated tests, or document why additional tests are not required. | Consider splitting the change or assign additional review capacity to reduce review risk. | Assign an appropriate reviewer before the PR progresses toward approval. | Perform additional manual review because several PR characteristics are unusual for this repository.",True
3670,88,Critical,6,0,3,PR005 | PR007 | PR009 | PR010 | PR011 | PR012,Complexity | Governance | Operations | Security,"Require focused security review and verify that secrets, authentication and permission impacts have been assessed. | Confirm environment impact, deployment sequencing, rollback instructions and configuration validation. | Split the PR where practical and require a structured review plan before approval. | Review commit organisation and consider squashing or restructuring commits for easier review. | Assign an appropriate reviewer before the PR progresses toward approval. | Perform additional manual review because several PR characteristics are unusual for this repository.",True
3671,10,Low,1,0,0,PR012,Complexity,Perform additional manual review because several PR characteristics are unusual for this repository.,False
3677,10,Low,1,0,0,PR012,Complexity,Perform additional manual review because several PR characteristics are unusual for this repository.,False
3683,0,Low,0,0,0,,,,False
3686,10,Low,1,0,0,PR012,Complexity,Perform additional manual review because several PR characteristics are unusual for this repository.,False
3690,18,Low,2,0,0,PR002 | PR012,Complexity | Documentation,"Expand the description with implementation context, testing evidence and reviewer guidance. | Perform additional manual review because several PR characteristics are unusual for this repository.",False
3698,0,Low,0,0,0,,,,False
3699,8,Low,1,0,0,PR002,Documentation,"Expand the description with implementation context, testing evidence and reviewer guidance.",False
3703,8,Low,1,0,0,PR002,Documentation,"Expand the description with implementation context, testing evidence and reviewer guidance.",False
3709,70,Critical,5,0,2,PR002 | PR003 | PR008 | PR011 | PR012,Complexity | Documentation | Governance | Testing,"Expand the description with implementation context, testing evidence and reviewer guidance. | Add or update automated tests, or document why additional tests are not required. | Consider splitting the change or assign additional review capacity to reduce review risk. | Assign an appropriate reviewer before the PR progresses toward approval. | Perform additional manual review because several PR characteristics are unusual for this repository.",True
3716,10,Low,1,0,0,PR012,Complexity,Perform additional manual review because several PR characteristics are unusual for this repository.,False
3728,8,Low,1,0,0,PR002,Documentation,"Expand the description with implementation context, testing evidence and reviewer guidance.",False
3732,0,Low,0,0,0,,,,False
3733,100,Critical,6,1,3,PR002 | PR003 | PR005 | PR006 | PR011 | PR012,Complexity | Documentation | Governance | Security | Testing,"Expand the description with implementation context, testing evidence and reviewer guidance. | Add or update automated tests, or document why additional tests are not required. | Require focused security review and verify that secrets, authentication and permission impacts have been assessed. | Block approval until security-relevant tests or documented validation evidence are supplied. | Assign an appropriate reviewer before the PR progresses toward approval. | Perform additional manual review because several PR characteristics are unusual for this repository.",True
3737,88,Critical,4,1,3,PR003 | PR005 | PR006 | PR011,Governance | Security | Testing,"Add or update automated tests, or document why additional tests are not required. | Require focused security review and verify that secrets, authentication and permission impacts have been assessed. | Block approval until security-relevant tests or documented validation evidence are supplied. | Assign an appropriate reviewer before the PR progresses toward approval.",True
3742,10,Low,1,0,0,PR012,Complexity,Perform additional manual review because several PR characteristics are unusual for this repository.,False
3748,60,High,4,0,2,PR003 | PR004 | PR007 | PR011,Documentation | Governance | Operations | Testing,"Add or update automated tests, or document why additional tests are not required. | Update user, developer or operational documentation where the change affects expected behaviour. | Confirm environment impact, deployment sequencing, rollback instructions and configuration validation. | Assign an appropriate reviewer before the PR progresses toward approval.",True
3756,10,Low,1,0,0,PR012,Complexity,Perform additional manual review because several PR characteristics are unusual for this repository.,False
3757,8,Low,1,0,0,PR002,Documentation,"Expand the description with implementation context, testing evidence and reviewer guidance.",False
3771,8,Low,1,0,0,PR002,Documentation,"Expand the description with implementation context, testing evidence and reviewer guidance.",False
3772,0,Low,0,0,0,,,,False
3773,10,Low,1,0,0,PR012,Complexity,Perform additional manual review because several PR characteristics are unusual for this repository.,False
3774,10,Low,1,0,0,PR012,Complexity,Perform additional manual review because several PR characteristics are unusual for this repository.,False
3778,0,Low,0,0,0,,,,False
3784,0,Low,0,0,0,,,,False
3785,78,Critical,6,0,2,PR002 | PR003 | PR004 | PR007 | PR011 | PR012,Complexity | Documentation | Governance | Operations | Testing,"Expand the description with implementation context, testing evidence and reviewer guidance. | Add or update automated tests, or document why additional tests are not required. | Update user, developer or operational documentation where the change affects expected behaviour. | Confirm environment impact, deployment sequencing, rollback instructions and configuration validation. | Assign an appropriate reviewer before the PR progresses toward approval. | Perform additional manual review because several PR characteristics are unusual for this repository.",True
3790,10,Low,1,0,0,PR012,Complexity,Perform additional manual review because several PR characteristics are unusual for this repository.,False
3793,0,Low,0,0,0,,,,False
3798,8,Low,1,0,0,PR002,Documentation,"Expand the description with implementation context, testing evidence and reviewer guidance.",False
3802,8,Low,1,0,0,PR002,Documentation,"Expand the description with implementation context, testing evidence and reviewer guidance.",False
3804,0,Low,0,0,0,,,,False
3807,8,Low,1,0,0,PR002,Documentation,"Expand the description with implementation context, testing evidence and reviewer guidance.",False
3812,60,High,4,0,2,PR003 | PR007 | PR011 | PR012,Complexity | Governance | Operations | Testing,"Add or update automated tests, or document why additional tests are not required. | Confirm environment impact, deployment sequencing, rollback instructions and configuration validation. | Assign an appropriate reviewer before the PR progresses toward approval. | Perform additional manual review because several PR characteristics are unusual for this repository.",True
3816,8,Low,1,0,0,PR002,Documentation,"Expand the description with implementation context, testing evidence and reviewer guidance.",False
3819,10,Low,1,0,0,PR012,Complexity,Perform additional manual review because several PR characteristics are unusual for this repository.,False
3823,66,High,5,0,2,PR001 | PR004 | PR007 | PR011 | PR012,Complexity | Documentation | Governance | Operations,"Add a clear description covering the purpose, scope, expected behaviour and validation performed. | Update user, developer or operational documentation where the change affects expected behaviour. | Confirm environment impact, deployment sequencing, rollback instructions and configuration validation. | Assign an appropriate reviewer before the PR progresses toward approval. | Perform additional manual review because several PR characteristics are unusual for this repository.",True
3824,0,Low,0,0,0,,,,False
3828,40,High,3,0,1,PR008 | PR011 | PR012,Complexity | Governance,Consider splitting the change or assign additional review capacity to reduce review risk. | Assign an appropriate reviewer before the PR progresses toward approval. | Perform additional manual review because several PR characteristics are unusual for this repository.,True
3836,60,High,4,0,2,PR003 | PR004 | PR007 | PR011,Documentation | Governance | Operations | Testing,"Add or update automated tests, or document why additional tests are not required. | Update user, developer or operational documentation where the change affects expected behaviour. | Confirm environment impact, deployment sequencing, rollback instructions and configuration validation. | Assign an appropriate reviewer before the PR progresses toward approval.",True
3850,0,Low,0,0,0,,,,False
3854,78,Critical,5,0,3,PR001 | PR003 | PR004 | PR007 | PR011,Documentation | Governance | Operations | Testing,"Add a clear description covering the purpose, scope, expected behaviour and validation performed. | Add or update automated tests, or document why additional tests are not required. | Update user, developer or operational documentation where the change affects expected behaviour. | Confirm environment impact, deployment sequencing, rollback instructions and configuration validation. | Assign an appropriate reviewer before the PR progresses toward approval.",True
3855,10,Low,1,0,0,PR012,Complexity,Perform additional manual review because several PR characteristics are unusual for this repository.,False
3858,10,Low,1,0,0,PR012,Complexity,Perform additional manual review because several PR characteristics are unusual for this repository.,False
3859,10,Low,1,0,0,PR012,Complexity,Perform additional manual review because several PR characteristics are unusual for this repository.,False
3868,8,Low,1,0,0,PR002,Documentation,"Expand the description with implementation context, testing evidence and reviewer guidance.",False
3876,96,Critical,7,0,3,PR002 | PR005 | PR007 | PR009 | PR010 | PR011 | PR012,Complexity | Documentation | Governance | Operations | Security,"Expand the description with implementation context, testing evidence and reviewer guidance. | Require focused security review and verify that secrets, authentication and permission impacts have been assessed. | Confirm environment impact, deployment sequencing, rollback instructions and configuration validation. | Split the PR where practical and require a structured review plan before approval. | Review commit organisation and consider squashing or restructuring commits for easier review. | Assign an appropriate reviewer before the PR progresses toward approval. | Perform additional manual review because several PR characteristics are unusual for this repository.",True
3880,0,Low,0,0,0,,,,False
3887,10,Low,1,0,0,PR012,Complexity,Perform additional manual review because several PR characteristics are unusual for this repository.,False
3891,10,Low,1,0,0,PR012,Complexity,Perform additional manual review because several PR characteristics are unusual for this repository.,False
3895,10,Low,1,0,0,PR012,Complexity,Perform additional manual review because several PR characteristics are unusual for this repository.,False
3896,0,Low,0,0,0,,,,False
3897,8,Low,1,0,0,PR002,Documentation,"Expand the description with implementation context, testing evidence and reviewer guidance.",False
3907,10,Low,1,0,0,PR012,Complexity,Perform additional manual review because several PR characteristics are unusual for this repository.,False
3910,10,Low,1,0,0,PR012,Complexity,Perform additional manual review because several PR characteristics are unusual for this repository.,False
3920,8,Low,1,0,0,PR002,Documentation,"Expand the description with implementation context, testing evidence and reviewer guidance.",False
3922,78,Critical,5,0,3,PR001 | PR003 | PR007 | PR011 | PR012,Complexity | Documentation | Governance | Operations | Testing,"Add a clear description covering the purpose, scope, expected behaviour and validation performed. | Add or update automated tests, or document why additional tests are not required. | Confirm environment impact, deployment sequencing, rollback instructions and configuration validation. | Assign an appropriate reviewer before the PR progresses toward approval. | Perform additional manual review because several PR characteristics are unusual for this repository.",True
3924,0,Low,0,0,0,,,,False
3932,0,Low,0,0,0,,,,False
3940,8,Low,1,0,0,PR002,Documentation,"Expand the description with implementation context, testing evidence and reviewer guidance.",False
3943,78,Critical,5,0,3,PR001 | PR003 | PR004 | PR007 | PR011,Documentation | Governance | Operations | Testing,"Add a clear description covering the purpose, scope, expected behaviour and validation performed. | Add or update automated tests, or document why additional tests are not required. | Update user, developer or operational documentation where the change affects expected behaviour. | Confirm environment impact, deployment sequencing, rollback instructions and configuration validation. | Assign an appropriate reviewer before the PR progresses toward approval.",True
3946,8,Low,1,0,0,PR002,Documentation,"Expand the description with implementation context, testing evidence and reviewer guidance.",False
3951,10,Low,1,0,0,PR012,Complexity,Perform additional manual review because several PR characteristics are unusual for this repository.,False
3952,78,Critical,5,0,3,PR001 | PR003 | PR004 | PR007 | PR011,Documentation | Governance | Operations | Testing,"Add a clear description covering the purpose, scope, expected behaviour and validation performed. | Add or update automated tests, or document why additional tests are not required. | Update user, developer or operational documentation where the change affects expected behaviour. | Confirm environment impact, deployment sequencing, rollback instructions and configuration validation. | Assign an appropriate reviewer before the PR progresses toward approval.",True
3971,50,High,4,0,1,PR002 | PR003 | PR004 | PR012,Complexity | Documentation | Testing,"Expand the description with implementation context, testing evidence and reviewer guidance. | Add or update automated tests, or document why additional tests are not required. | Update user, developer or operational documentation where the change affects expected behaviour. | Perform additional manual review because several PR characteristics are unusual for this repository.",True
3975,10,Low,1,0,0,PR012,Complexity,Perform additional manual review because several PR characteristics are unusual for this repository.,False
3982,8,Low,1,0,0,PR002,Documentation,"Expand the description with implementation context, testing evidence and reviewer guidance.",False
3989,10,Low,1,0,0,PR012,Complexity,Perform additional manual review because several PR characteristics are unusual for this repository.,False
4011,8,Low,1,0,0,PR002,Documentation,"Expand the description with implementation context, testing evidence and reviewer guidance.",False
4013,68,High,5,0,2,PR002 | PR003 | PR007 | PR011 | PR012,Complexity | Documentation | Governance | Operations | Testing,"Expand the description with implementation context, testing evidence and reviewer guidance. | Add or update automated tests, or document why additional tests are not required. | Confirm environment impact, deployment sequencing, rollback instructions and configuration validation. | Assign an appropriate reviewer before the PR progresses toward approval. | Perform additional manual review because several PR characteristics are unusual for this repository.",True
4033,8,Low,1,0,0,PR002,Documentation,"Expand the description with implementation context, testing evidence and reviewer guidance.",False
4047,50,High,3,0,2,PR003 | PR007 | PR011,Governance | Operations | Testing,"Add or update automated tests, or document why additional tests are not required. | Confirm environment impact, deployment sequencing, rollback instructions and configuration validation. | Assign an appropriate reviewer before the PR progresses toward approval.",True
4070,10,Low,1,0,0,PR012,Complexity,Perform additional manual review because several PR characteristics are unusual for this repository.,False
4071,10,Low,1,0,0,PR012,Complexity,Perform additional manual review because several PR characteristics are unusual for this repository.,False
4100,18,Low,1,0,1,PR001,Documentation,"Add a clear description covering the purpose, scope, expected behaviour and validation performed.",False
4111,0,Low,0,0,0,,,,False
4133,10,Low,1,0,0,PR012,Complexity,Perform additional manual review because several PR characteristics are unusual for this repository.,False
4139,98,Critical,5,1,3,PR003 | PR005 | PR006 | PR011 | PR012,Complexity | Governance | Security | Testing,"Add or update automated tests, or document why additional tests are not required. | Require focused security review and verify that secrets, authentication and permission impacts have been assessed. | Block approval until security-relevant tests or documented validation evidence are supplied. | Assign an appropriate reviewer before the PR progresses toward approval. | Perform additional manual review because several PR characteristics are unusual for this repository.",True
4173,100,Critical,8,1,4,PR002 | PR003 | PR004 | PR005 | PR006 | PR009 | PR011 | PR012,Complexity | Documentation | Governance | Security | Testing,"Expand the description with implementation context, testing evidence and reviewer guidance. | Add or update automated tests, or document why additional tests are not required. | Update user, developer or operational documentation where the change affects expected behaviour. | Require focused security review and verify that secrets, authentication and permission impacts have been assessed. | Block approval until security-relevant tests or documented validation evidence are supplied. | Split the PR where practical and require a structured review plan before approval. | Assign an appropriate reviewer before the PR progresses toward approval. | Perform additional manual review because several PR characteristics are unusual for this repository.",True
4175,8,Low,1,0,0,PR002,Documentation,"Expand the description with implementation context, testing evidence and reviewer guidance.",False
4181,10,Low,1,0,0,PR012,Complexity,Perform additional manual review because several PR characteristics are unusual for this repository.,False
4184,10,Low,1,0,0,PR012,Complexity,Perform additional manual review because several PR characteristics are unusual for this repository.,False
4186,0,Low,0,0,0,,,,False
4190,18,Low,2,0,0,PR002 | PR012,Complexity | Documentation,"Expand the description with implementation context, testing evidence and reviewer guidance. | Perform additional manual review because several PR characteristics are unusual for this repository.",False
4196,8,Low,1,0,0,PR002,Documentation,"Expand the description with implementation context, testing evidence and reviewer guidance.",False
4200,8,Low,1,0,0,PR002,Documentation,"Expand the description with implementation context, testing evidence and reviewer guidance.",False
4209,10,Low,1,0,0,PR012,Complexity,Perform additional manual review because several PR characteristics are unusual for this repository.,False
4221,8,Low,1,0,0,PR002,Documentation,"Expand the description with implementation context, testing evidence and reviewer guidance.",False
4223,10,Low,1,0,0,PR012,Complexity,Perform additional manual review because several PR characteristics are unusual for this repository.,False
4234,8,Low,1,0,0,PR002,Documentation,"Expand the description with implementation context, testing evidence and reviewer guidance.",False
4237,0,Low,0,0,0,,,,False
4250,0,Low,0,0,0,,,,False
4254,10,Low,1,0,0,PR012,Complexity,Perform additional manual review because several PR characteristics are unusual for this repository.,False
4263,10,Low,1,0,0,PR012,Complexity,Perform additional manual review because several PR characteristics are unusual for this repository.,False
4266,8,Low,1,0,0,PR002,Documentation,"Expand the description with implementation context, testing evidence and reviewer guidance.",False
4271,8,Low,1,0,0,PR002,Documentation,"Expand the description with implementation context, testing evidence and reviewer guidance.",False
4272,88,Critical,6,0,3,PR005 | PR007 | PR009 | PR010 | PR011 | PR012,Complexity | Governance | Operations | Security,"Require focused security review and verify that secrets, authentication and permission impacts have been assessed. | Confirm environment impact, deployment sequencing, rollback instructions and configuration validation. | Split the PR where practical and require a structured review plan before approval. | Review commit organisation and consider squashing or restructuring commits for easier review. | Assign an appropriate reviewer before the PR progresses toward approval. | Perform additional manual review because several PR characteristics are unusual for this repository.",True
4274,76,Critical,6,0,2,PR002 | PR003 | PR007 | PR010 | PR011 | PR012,Complexity | Documentation | Governance | Operations | Testing,"Expand the description with implementation context, testing evidence and reviewer guidance. | Add or update automated tests, or document why additional tests are not required. | Confirm environment impact, deployment sequencing, rollback instructions and configuration validation. | Review commit organisation and consider squashing or restructuring commits for easier review. | Assign an appropriate reviewer before the PR progresses toward approval. | Perform additional manual review because several PR characteristics are unusual for this repository.",True
4276,10,Low,1,0,0,PR012,Complexity,Perform additional manual review because several PR characteristics are unusual for this repository.,False
4281,0,Low,0,0,0,,,,False
4283,40,High,3,0,1,PR002 | PR003 | PR012,Complexity | Documentation | Testing,"Expand the description with implementation context, testing evidence and reviewer guidance. | Add or update automated tests, or document why additional tests are not required. | Perform additional manual review because several PR characteristics are unusual for this repository.",True
4287,18,Low,1,0,1,PR001,Documentation,"Add a clear description covering the purpose, scope, expected behaviour and validation performed.",False
4298,10,Low,1,0,0,PR012,Complexity,Perform additional manual review because several PR characteristics are unusual for this repository.,False
4304,8,Low,1,0,0,PR002,Documentation,"Expand the description with implementation context, testing evidence and reviewer guidance.",False
4319,10,Low,1,0,0,PR012,Complexity,Perform additional manual review because several PR characteristics are unusual for this repository.,False
4324,0,Low,0,0,0,,,,False
4326,88,Critical,6,0,3,PR001 | PR003 | PR004 | PR007 | PR011 | PR012,Complexity | Documentation | Governance | Operations | Testing,"Add a clear description covering the purpose, scope, expected behaviour and validation performed. | Add or update automated tests, or document why additional tests are not required. | Update user, developer or operational documentation where the change affects expected behaviour. | Confirm environment impact, deployment sequencing, rollback instructions and configuration validation. | Assign an appropriate reviewer before the PR progresses toward approval. | Perform additional manual review because several PR characteristics are unusual for this repository.",True
4335,46,High,4,0,1,PR002 | PR007 | PR011 | PR012,Complexity | Documentation | Governance | Operations,"Expand the description with implementation context, testing evidence and reviewer guidance. | Confirm environment impact, deployment sequencing, rollback instructions and configuration validation. | Assign an appropriate reviewer before the PR progresses toward approval. | Perform additional manual review because several PR characteristics are unusual for this repository.",True
4343,40,High,3,0,1,PR002 | PR003 | PR012,Complexity | Documentation | Testing,"Expand the description with implementation context, testing evidence and reviewer guidance. | Add or update automated tests, or document why additional tests are not required. | Perform additional manual review because several PR characteristics are unusual for this repository.",True
4358,10,Low,1,0,0,PR012,Complexity,Perform additional manual review because several PR characteristics are unusual for this repository.,False
4363,10,Low,1,0,0,PR012,Complexity,Perform additional manual review because several PR characteristics are unusual for this repository.,False
4368,40,High,3,0,1,PR002 | PR003 | PR012,Complexity | Documentation | Testing,"Expand the description with implementation context, testing evidence and reviewer guidance. | Add or update automated tests, or document why additional tests are not required. | Perform additional manual review because several PR characteristics are unusual for this repository.",True
4374,8,Low,1,0,0,PR002,Documentation,"Expand the description with implementation context, testing evidence and reviewer guidance.",False
4382,8,Low,1,0,0,PR002,Documentation,"Expand the description with implementation context, testing evidence and reviewer guidance.",False
4394,8,Low,1,0,0,PR002,Documentation,"Expand the description with implementation context, testing evidence and reviewer guidance.",False
4397,98,Critical,5,1,3,PR003 | PR005 | PR006 | PR011 | PR012,Complexity | Governance | Security | Testing,"Add or update automated tests, or document why additional tests are not required. | Require focused security review and verify that secrets, authentication and permission impacts have been assessed. | Block approval until security-relevant tests or documented validation evidence are supplied. | Assign an appropriate reviewer before the PR progresses toward approval. | Perform additional manual review because several PR characteristics are unusual for this repository.",True
4399,32,Moderate,2,0,1,PR003 | PR012,Complexity | Testing,"Add or update automated tests, or document why additional tests are not required. | Perform additional manual review because several PR characteristics are unusual for this repository.",False
4401,32,Moderate,2,0,1,PR003 | PR012,Complexity | Testing,"Add or update automated tests, or document why additional tests are not required. | Perform additional manual review because several PR characteristics are unusual for this repository.",False
4405,78,Critical,6,0,2,PR002 | PR003 | PR004 | PR007 | PR011 | PR012,Complexity | Documentation | Governance | Operations | Testing,"Expand the description with implementation context, testing evidence and reviewer guidance. | Add or update automated tests, or document why additional tests are not required. | Update user, developer or operational documentation where the change affects expected behaviour. | Confirm environment impact, deployment sequencing, rollback instructions and configuration validation. | Assign an appropriate reviewer before the PR progresses toward approval. | Perform additional manual review because several PR characteristics are unusual for this repository.",True
4412,40,High,3,0,1,PR002 | PR003 | PR012,Complexity | Documentation | Testing,"Expand the description with implementation context, testing evidence and reviewer guidance. | Add or update automated tests, or document why additional tests are not required. | Perform additional manual review because several PR characteristics are unusual for this repository.",True
4415,98,Critical,5,1,3,PR003 | PR005 | PR006 | PR011 | PR012,Complexity | Governance | Security | Testing,"Add or update automated tests, or document why additional tests are not required. | Require focused security review and verify that secrets, authentication and permission impacts have been assessed. | Block approval until security-relevant tests or documented validation evidence are supplied. | Assign an appropriate reviewer before the PR progresses toward approval. | Perform additional manual review because several PR characteristics are unusual for this repository.",True
4432,0,Low,0,0,0,,,,False
4435,32,Moderate,2,0,1,PR003 | PR012,Complexity | Testing,"Add or update automated tests, or document why additional tests are not required. | Perform additional manual review because several PR characteristics are unusual for this repository.",False
4437,32,Moderate,2,0,1,PR003 | PR012,Complexity | Testing,"Add or update automated tests, or document why additional tests are not required. | Perform additional manual review because several PR characteristics are unusual for this repository.",False
4439,32,Moderate,2,0,1,PR003 | PR012,Complexity | Testing,"Add or update automated tests, or document why additional tests are not required. | Perform additional manual review because several PR characteristics are unusual for this repository.",False
4445,22,Moderate,1,0,1,PR003,Testing,"Add or update automated tests, or document why additional tests are not required.",False
4461,0,Low,0,0,0,,,,False
4463,0,Low,0,0,0,,,,False
4469,8,Low,1,0,0,PR002,Documentation,"Expand the description with implementation context, testing evidence and reviewer guidance.",False
4479,10,Low,1,0,0,PR012,Complexity,Perform additional manual review because several PR characteristics are unusual for this repository.,False
4491,8,Low,1,0,0,PR002,Documentation,"Expand the description with implementation context, testing evidence and reviewer guidance.",False
4497,8,Low,1,0,0,PR002,Documentation,"Expand the description with implementation context, testing evidence and reviewer guidance.",False
4506,8,Low,1,0,0,PR002,Documentation,"Expand the description with implementation context, testing evidence and reviewer guidance.",False
4511,8,Low,1,0,0,PR002,Documentation,"Expand the description with implementation context, testing evidence and reviewer guidance.",False
4513,68,High,5,0,2,PR002 | PR003 | PR007 | PR011 | PR012,Complexity | Documentation | Governance | Operations | Testing,"Expand the description with implementation context, testing evidence and reviewer guidance. | Add or update automated tests, or document why additional tests are not required. | Confirm environment impact, deployment sequencing, rollback instructions and configuration validation. | Assign an appropriate reviewer before the PR progresses toward approval. | Perform additional manual review because several PR characteristics are unusual for this repository.",True
4515,70,Critical,5,0,2,PR003 | PR004 | PR007 | PR011 | PR012,Complexity | Documentation | Governance | Operations | Testing,"Add or update automated tests, or document why additional tests are not required. | Update user, developer or operational documentation where the change affects expected behaviour. | Confirm environment impact, deployment sequencing, rollback instructions and configuration validation. | Assign an appropriate reviewer before the PR progresses toward approval. | Perform additional manual review because several PR characteristics are unusual for this repository.",True
4522,10,Low,1,0,0,PR012,Complexity,Perform additional manual review because several PR characteristics are unusual for this repository.,False
4534,10,Low,1,0,0,PR012,Complexity,Perform additional manual review because several PR characteristics are unusual for this repository.,False
4540,0,Low,0,0,0,,,,False
4560,18,Low,2,0,0,PR002 | PR012,Complexity | Documentation,"Expand the description with implementation context, testing evidence and reviewer guidance. | Perform additional manual review because several PR characteristics are unusual for this repository.",False
4577,10,Low,1,0,0,PR012,Complexity,Perform additional manual review because several PR characteristics are unusual for this repository.,False
4591,40,High,3,0,1,PR002 | PR003 | PR012,Complexity | Documentation | Testing,"Expand the description with implementation context, testing evidence and reviewer guidance. | Add or update automated tests, or document why additional tests are not required. | Perform additional manual review because several PR characteristics are unusual for this repository.",True
4598,0,Low,0,0,0,,,,False
4610,38,Moderate,3,0,1,PR007 | PR011 | PR012,Complexity | Governance | Operations,"Confirm environment impact, deployment sequencing, rollback instructions and configuration validation. | Assign an appropriate reviewer before the PR progresses toward approval. | Perform additional manual review because several PR characteristics are unusual for this repository.",False
4623,40,High,3,0,1,PR002 | PR003 | PR012,Complexity | Documentation | Testing,"Expand the description with implementation context, testing evidence and reviewer guidance. | Add or update automated tests, or document why additional tests are not required. | Perform additional manual review because several PR characteristics are unusual for this repository.",True
4624,48,High,4,0,1,PR002 | PR008 | PR011 | PR012,Complexity | Documentation | Governance,"Expand the description with implementation context, testing evidence and reviewer guidance. | Consider splitting the change or assign additional review capacity to reduce review risk. | Assign an appropriate reviewer before the PR progresses toward approval. | Perform additional manual review because several PR characteristics are unusual for this repository.",True
4631,18,Low,2,0,0,PR002 | PR012,Complexity | Documentation,"Expand the description with implementation context, testing evidence and reviewer guidance. | Perform additional manual review because several PR characteristics are unusual for this repository.",False
4640,0,Low,0,0,0,,,,False
4645,48,High,3,0,2,PR005 | PR011 | PR012,Complexity | Governance | Security,"Require focused security review and verify that secrets, authentication and permission impacts have been assessed. | Assign an appropriate reviewer before the PR progresses toward approval. | Perform additional manual review because several PR characteristics are unusual for this repository.",True
4648,10,Low,1,0,0,PR012,Complexity,Perform additional manual review because several PR characteristics are unusual for this repository.,False
4657,60,High,4,0,2,PR003 | PR004 | PR007 | PR011,Documentation | Governance | Operations | Testing,"Add or update automated tests, or document why additional tests are not required. | Update user, developer or operational documentation where the change affects expected behaviour. | Confirm environment impact, deployment sequencing, rollback instructions and configuration validation. | Assign an appropriate reviewer before the PR progresses toward approval.",True
4662,8,Low,1,0,0,PR002,Documentation,"Expand the description with implementation context, testing evidence and reviewer guidance.",False
4665,70,Critical,5,0,2,PR003 | PR004 | PR007 | PR011 | PR012,Complexity | Documentation | Governance | Operations | Testing,"Add or update automated tests, or document why additional tests are not required. | Update user, developer or operational documentation where the change affects expected behaviour. | Confirm environment impact, deployment sequencing, rollback instructions and configuration validation. | Assign an appropriate reviewer before the PR progresses toward approval. | Perform additional manual review because several PR characteristics are unusual for this repository.",True
4673,18,Low,1,0,1,PR001,Documentation,"Add a clear description covering the purpose, scope, expected behaviour and validation performed.",False
4675,8,Low,1,0,0,PR002,Documentation,"Expand the description with implementation context, testing evidence and reviewer guidance.",False
4678,70,Critical,5,0,2,PR003 | PR004 | PR007 | PR011 | PR012,Complexity | Documentation | Governance | Operations | Testing,"Add or update automated tests, or document why additional tests are not required. | Update user, developer or operational documentation where the change affects expected behaviour. | Confirm environment impact, deployment sequencing, rollback instructions and configuration validation. | Assign an appropriate reviewer before the PR progresses toward approval. | Perform additional manual review because several PR characteristics are unusual for this repository.",True
4685,18,Low,2,0,0,PR002 | PR012,Complexity | Documentation,"Expand the description with implementation context, testing evidence and reviewer guidance. | Perform additional manual review because several PR characteristics are unusual for this repository.",False
4694,18,Low,1,0,1,PR001,Documentation,"Add a clear description covering the purpose, scope, expected behaviour and validation performed.",False
4698,10,Low,1,0,0,PR012,Complexity,Perform additional manual review because several PR characteristics are unusual for this repository.,False
4721,68,High,5,0,2,PR002 | PR003 | PR004 | PR007 | PR011,Documentation | Governance | Operations | Testing,"Expand the description with implementation context, testing evidence and reviewer guidance. | Add or update automated tests, or document why additional tests are not required. | Update user, developer or operational documentation where the change affects expected behaviour. | Confirm environment impact, deployment sequencing, rollback instructions and configuration validation. | Assign an appropriate reviewer before the PR progresses toward approval.",True
4748,62,High,4,0,2,PR003 | PR008 | PR011 | PR012,Complexity | Governance | Testing,"Add or update automated tests, or document why additional tests are not required. | Consider splitting the change or assign additional review capacity to reduce review risk. | Assign an appropriate reviewer before the PR progresses toward approval. | Perform additional manual review because several PR characteristics are unusual for this repository.",True
4752,0,Low,0,0,0,,,,False
4758,8,Low,1,0,0,PR002,Documentation,"Expand the description with implementation context, testing evidence and reviewer guidance.",False
4764,0,Low,0,0,0,,,,False
4768,8,Low,1,0,0,PR002,Documentation,"Expand the description with implementation context, testing evidence and reviewer guidance.",False
4781,0,Low,0,0,0,,,,False
4783,8,Low,1,0,0,PR002,Documentation,"Expand the description with implementation context, testing evidence and reviewer guidance.",False
4797,0,Low,0,0,0,,,,False
4809,10,Low,1,0,0,PR012,Complexity,Perform additional manual review because several PR characteristics are unusual for this repository.,False
4821,8,Low,1,0,0,PR002,Documentation,"Expand the description with implementation context, testing evidence and reviewer guidance.",False
4829,0,Low,0,0,0,,,,False
4833,78,Critical,6,0,2,PR002 | PR003 | PR004 | PR007 | PR011 | PR012,Complexity | Documentation | Governance | Operations | Testing,"Expand the description with implementation context, testing evidence and reviewer guidance. | Add or update automated tests, or document why additional tests are not required. | Update user, developer or operational documentation where the change affects expected behaviour. | Confirm environment impact, deployment sequencing, rollback instructions and configuration validation. | Assign an appropriate reviewer before the PR progresses toward approval. | Perform additional manual review because several PR characteristics are unusual for this repository.",True
4835,8,Low,1,0,0,PR002,Documentation,"Expand the description with implementation context, testing evidence and reviewer guidance.",False
4843,0,Low,0,0,0,,,,False
4847,40,High,3,0,1,PR002 | PR003 | PR012,Complexity | Documentation | Testing,"Expand the description with implementation context, testing evidence and reviewer guidance. | Add or update automated tests, or document why additional tests are not required. | Perform additional manual review because several PR characteristics are unusual for this repository.",True
4855,46,High,4,0,1,PR007 | PR010 | PR011 | PR012,Complexity | Governance | Operations,"Confirm environment impact, deployment sequencing, rollback instructions and configuration validation. | Review commit organisation and consider squashing or restructuring commits for easier review. | Assign an appropriate reviewer before the PR progresses toward approval. | Perform additional manual review because several PR characteristics are unusual for this repository.",True
4859,56,High,4,0,2,PR002 | PR005 | PR011 | PR012,Complexity | Documentation | Governance | Security,"Expand the description with implementation context, testing evidence and reviewer guidance. | Require focused security review and verify that secrets, authentication and permission impacts have been assessed. | Assign an appropriate reviewer before the PR progresses toward approval. | Perform additional manual review because several PR characteristics are unusual for this repository.",True
4862,68,High,5,0,2,PR002 | PR003 | PR004 | PR007 | PR011,Documentation | Governance | Operations | Testing,"Expand the description with implementation context, testing evidence and reviewer guidance. | Add or update automated tests, or document why additional tests are not required. | Update user, developer or operational documentation where the change affects expected behaviour. | Confirm environment impact, deployment sequencing, rollback instructions and configuration validation. | Assign an appropriate reviewer before the PR progresses toward approval.",True
4871,0,Low,0,0,0,,,,False
4882,0,Low,0,0,0,,,,False
4889,16,Low,2,0,0,PR002 | PR010,Complexity | Documentation,"Expand the description with implementation context, testing evidence and reviewer guidance. | Review commit organisation and consider squashing or restructuring commits for easier review.",False
4897,0,Low,0,0,0,,,,False
4899,68,High,5,0,2,PR002 | PR003 | PR004 | PR007 | PR011,Documentation | Governance | Operations | Testing,"Expand the description with implementation context, testing evidence and reviewer guidance. | Add or update automated tests, or document why additional tests are not required. | Update user, developer or operational documentation where the change affects expected behaviour. | Confirm environment impact, deployment sequencing, rollback instructions and configuration validation. | Assign an appropriate reviewer before the PR progresses toward approval.",True
4912,10,Low,1,0,0,PR012,Complexity,Perform additional manual review because several PR characteristics are unusual for this repository.,False
4913,8,Low,1,0,0,PR002,Documentation,"Expand the description with implementation context, testing evidence and reviewer guidance.",False
4921,0,Low,0,0,0,,,,False
4926,8,Low,1,0,0,PR002,Documentation,"Expand the description with implementation context, testing evidence and reviewer guidance.",False
4927,8,Low,1,0,0,PR002,Documentation,"Expand the description with implementation context, testing evidence and reviewer guidance.",False
4933,70,Critical,5,0,2,PR003 | PR004 | PR007 | PR011 | PR012,Complexity | Documentation | Governance | Operations | Testing,"Add or update automated tests, or document why additional tests are not required. | Update user, developer or operational documentation where the change affects expected behaviour. | Confirm environment impact, deployment sequencing, rollback instructions and configuration validation. | Assign an appropriate reviewer before the PR progresses toward approval. | Perform additional manual review because several PR characteristics are unusual for this repository.",True
4934,40,High,3,0,1,PR002 | PR003 | PR012,Complexity | Documentation | Testing,"Expand the description with implementation context, testing evidence and reviewer guidance. | Add or update automated tests, or document why additional tests are not required. | Perform additional manual review because several PR characteristics are unusual for this repository.",True
4936,100,Critical,6,1,3,PR003 | PR004 | PR005 | PR006 | PR011 | PR012,Complexity | Documentation | Governance | Security | Testing,"Add or update automated tests, or document why additional tests are not required. | Update user, developer or operational documentation where the change affects expected behaviour. | Require focused security review and verify that secrets, authentication and permission impacts have been assessed. | Block approval until security-relevant tests or documented validation evidence are supplied. | Assign an appropriate reviewer before the PR progresses toward approval. | Perform additional manual review because several PR characteristics are unusual for this repository.",True
4943,78,Critical,6,0,2,PR002 | PR003 | PR004 | PR007 | PR011 | PR012,Complexity | Documentation | Governance | Operations | Testing,"Expand the description with implementation context, testing evidence and reviewer guidance. | Add or update automated tests, or document why additional tests are not required. | Update user, developer or operational documentation where the change affects expected behaviour. | Confirm environment impact, deployment sequencing, rollback instructions and configuration validation. | Assign an appropriate reviewer before the PR progresses toward approval. | Perform additional manual review because several PR characteristics are unusual for this repository.",True
4955,0,Low,0,0,0,,,,False
4958,70,Critical,5,0,2,PR003 | PR004 | PR007 | PR011 | PR012,Complexity | Documentation | Governance | Operations | Testing,"Add or update automated tests, or document why additional tests are not required. | Update user, developer or operational documentation where the change affects expected behaviour. | Confirm environment impact, deployment sequencing, rollback instructions and configuration validation. | Assign an appropriate reviewer before the PR progresses toward approval. | Perform additional manual review because several PR characteristics are unusual for this repository.",True
4966,8,Low,1,0,0,PR002,Documentation,"Expand the description with implementation context, testing evidence and reviewer guidance.",False
4970,0,Low,0,0,0,,,,False
4972,8,Low,1,0,0,PR002,Documentation,"Expand the description with implementation context, testing evidence and reviewer guidance.",False
4995,40,High,3,0,1,PR008 | PR011 | PR012,Complexity | Governance,Consider splitting the change or assign additional review capacity to reduce review risk. | Assign an appropriate reviewer before the PR progresses toward approval. | Perform additional manual review because several PR characteristics are unusual for this repository.,True
4999,68,High,5,0,2,PR003 | PR007 | PR010 | PR011 | PR012,Complexity | Governance | Operations | Testing,"Add or update automated tests, or document why additional tests are not required. | Confirm environment impact, deployment sequencing, rollback instructions and configuration validation. | Review commit organisation and consider squashing or restructuring commits for easier review. | Assign an appropriate reviewer before the PR progresses toward approval. | Perform additional manual review because several PR characteristics are unusual for this repository.",True
5000,68,High,5,0,2,PR003 | PR007 | PR010 | PR011 | PR012,Complexity | Governance | Operations | Testing,"Add or update automated tests, or document why additional tests are not required. | Confirm environment impact, deployment sequencing, rollback instructions and configuration validation. | Review commit organisation and consider squashing or restructuring commits for easier review. | Assign an appropriate reviewer before the PR progresses toward approval. | Perform additional manual review because several PR characteristics are unusual for this repository.",True
5005,70,Critical,5,0,2,PR003 | PR004 | PR007 | PR011 | PR012,Complexity | Documentation | Governance | Operations | Testing,"Add or update automated tests, or document why additional tests are not required. | Update user, developer or operational documentation where the change affects expected behaviour. | Confirm environment impact, deployment sequencing, rollback instructions and configuration validation. | Assign an appropriate reviewer before the PR progresses toward approval. | Perform additional manual review because several PR characteristics are unusual for this repository.",True
5008,0,Low,0,0,0,,,,False
5017,100,Critical,7,1,3,PR003 | PR004 | PR005 | PR006 | PR008 | PR011 | PR012,Complexity | Documentation | Governance | Security | Testing,"Add or update automated tests, or document why additional tests are not required. | Update user, developer or operational documentation where the change affects expected behaviour. | Require focused security review and verify that secrets, authentication and permission impacts have been assessed. | Block approval until security-relevant tests or documented validation evidence are supplied. | Consider splitting the change or assign additional review capacity to reduce review risk. | Assign an appropriate reviewer before the PR progresses toward approval. | Perform additional manual review because several PR characteristics are unusual for this repository.",True
5024,18,Low,1,0,1,PR001,Documentation,"Add a clear description covering the purpose, scope, expected behaviour and validation performed.",False
5036,60,High,4,0,2,PR003 | PR004 | PR007 | PR011,Documentation | Governance | Operations | Testing,"Add or update automated tests, or document why additional tests are not required. | Update user, developer or operational documentation where the change affects expected behaviour. | Confirm environment impact, deployment sequencing, rollback instructions and configuration validation. | Assign an appropriate reviewer before the PR progresses toward approval.",True
5037,8,Low,1,0,0,PR002,Documentation,"Expand the description with implementation context, testing evidence and reviewer guidance.",False
5038,70,Critical,5,0,2,PR003 | PR004 | PR007 | PR011 | PR012,Complexity | Documentation | Governance | Operations | Testing,"Add or update automated tests, or document why additional tests are not required. | Update user, developer or operational documentation where the change affects expected behaviour. | Confirm environment impact, deployment sequencing, rollback instructions and configuration validation. | Assign an appropriate reviewer before the PR progresses toward approval. | Perform additional manual review because several PR characteristics are unusual for this repository.",True
5044,8,Low,1,0,0,PR002,Documentation,"Expand the description with implementation context, testing evidence and reviewer guidance.",False
5048,8,Low,1,0,0,PR002,Documentation,"Expand the description with implementation context, testing evidence and reviewer guidance.",False
5053,38,Moderate,3,0,1,PR001 | PR004 | PR012,Complexity | Documentation,"Add a clear description covering the purpose, scope, expected behaviour and validation performed. | Update user, developer or operational documentation where the change affects expected behaviour. | Perform additional manual review because several PR characteristics are unusual for this repository.",False
5066,8,Low,1,0,0,PR002,Documentation,"Expand the description with implementation context, testing evidence and reviewer guidance.",False
5068,88,Critical,6,0,3,PR005 | PR007 | PR009 | PR010 | PR011 | PR012,Complexity | Governance | Operations | Security,"Require focused security review and verify that secrets, authentication and permission impacts have been assessed. | Confirm environment impact, deployment sequencing, rollback instructions and configuration validation. | Split the PR where practical and require a structured review plan before approval. | Review commit organisation and consider squashing or restructuring commits for easier review. | Assign an appropriate reviewer before the PR progresses toward approval. | Perform additional manual review because several PR characteristics are unusual for this repository.",True
5075,50,High,3,0,2,PR001 | PR003 | PR012,Complexity | Documentation | Testing,"Add a clear description covering the purpose, scope, expected behaviour and validation performed. | Add or update automated tests, or document why additional tests are not required. | Perform additional manual review because several PR characteristics are unusual for this repository.",True
5077,8,Low,1,0,0,PR002,Documentation,"Expand the description with implementation context, testing evidence and reviewer guidance.",False
5101,68,High,5,0,2,PR002 | PR003 | PR007 | PR011 | PR012,Complexity | Documentation | Governance | Operations | Testing,"Expand the description with implementation context, testing evidence and reviewer guidance. | Add or update automated tests, or document why additional tests are not required. | Confirm environment impact, deployment sequencing, rollback instructions and configuration validation. | Assign an appropriate reviewer before the PR progresses toward approval. | Perform additional manual review because several PR characteristics are unusual for this repository.",True
5108,8,Low,1,0,0,PR002,Documentation,"Expand the description with implementation context, testing evidence and reviewer guidance.",False
5120,10,Low,1,0,0,PR012,Complexity,Perform additional manual review because several PR characteristics are unusual for this repository.,False
5125,70,Critical,5,0,2,PR003 | PR004 | PR007 | PR011 | PR012,Complexity | Documentation | Governance | Operations | Testing,"Add or update automated tests, or document why additional tests are not required. | Update user, developer or operational documentation where the change affects expected behaviour. | Confirm environment impact, deployment sequencing, rollback instructions and configuration validation. | Assign an appropriate reviewer before the PR progresses toward approval. | Perform additional manual review because several PR characteristics are unusual for this repository.",True
5127,72,Critical,4,0,3,PR003 | PR009 | PR011 | PR012,Complexity | Governance | Testing,"Add or update automated tests, or document why additional tests are not required. | Split the PR where practical and require a structured review plan before approval. | Assign an appropriate reviewer before the PR progresses toward approval. | Perform additional manual review because several PR characteristics are unusual for this repository.",True
5141,0,Low,0,0,0,,,,False
5150,70,Critical,5,0,2,PR003 | PR004 | PR007 | PR011 | PR012,Complexity | Documentation | Governance | Operations | Testing,"Add or update automated tests, or document why additional tests are not required. | Update user, developer or operational documentation where the change affects expected behaviour. | Confirm environment impact, deployment sequencing, rollback instructions and configuration validation. | Assign an appropriate reviewer before the PR progresses toward approval. | Perform additional manual review because several PR characteristics are unusual for this repository.",True
5163,0,Low,0,0,0,,,,False
5178,32,Moderate,2,0,1,PR003 | PR012,Complexity | Testing,"Add or update automated tests, or document why additional tests are not required. | Perform additional manual review because several PR characteristics are unusual for this repository.",False
5180,18,Low,1,0,1,PR001,Documentation,"Add a clear description covering the purpose, scope, expected behaviour and validation performed.",False
5182,0,Low,0,0,0,,,,False
5184,70,Critical,5,0,2,PR003 | PR004 | PR007 | PR011 | PR012,Complexity | Documentation | Governance | Operations | Testing,"Add or update automated tests, or document why additional tests are not required. | Update user, developer or operational documentation where the change affects expected behaviour. | Confirm environment impact, deployment sequencing, rollback instructions and configuration validation. | Assign an appropriate reviewer before the PR progresses toward approval. | Perform additional manual review because several PR characteristics are unusual for this repository.",True
5187,68,High,5,0,2,PR002 | PR003 | PR004 | PR007 | PR011,Documentation | Governance | Operations | Testing,"Expand the description with implementation context, testing evidence and reviewer guidance. | Add or update automated tests, or document why additional tests are not required. | Update user, developer or operational documentation where the change affects expected behaviour. | Confirm environment impact, deployment sequencing, rollback instructions and configuration validation. | Assign an appropriate reviewer before the PR progresses toward approval.",True
5188,0,Low,0,0,0,,,,False
5194,0,Low,0,0,0,,,,False
5196,32,Moderate,2,0,1,PR003 | PR012,Complexity | Testing,"Add or update automated tests, or document why additional tests are not required. | Perform additional manual review because several PR characteristics are unusual for this repository.",False
5202,0,Low,0,0,0,,,,False
5205,32,Moderate,2,0,1,PR003 | PR012,Complexity | Testing,"Add or update automated tests, or document why additional tests are not required. | Perform additional manual review because several PR characteristics are unusual for this repository.",False
5212,70,Critical,5,0,2,PR003 | PR004 | PR007 | PR011 | PR012,Complexity | Documentation | Governance | Operations | Testing,"Add or update automated tests, or document why additional tests are not required. | Update user, developer or operational documentation where the change affects expected behaviour. | Confirm environment impact, deployment sequencing, rollback instructions and configuration validation. | Assign an appropriate reviewer before the PR progresses toward approval. | Perform additional manual review because several PR characteristics are unusual for this repository.",True
5216,8,Low,1,0,0,PR002,Documentation,"Expand the description with implementation context, testing evidence and reviewer guidance.",False
5217,40,High,3,0,1,PR002 | PR003 | PR012,Complexity | Documentation | Testing,"Expand the description with implementation context, testing evidence and reviewer guidance. | Add or update automated tests, or document why additional tests are not required. | Perform additional manual review because several PR characteristics are unusual for this repository.",True
5225,0,Low,0,0,0,,,,False
5227,10,Low,1,0,0,PR012,Complexity,Perform additional manual review because several PR characteristics are unusual for this repository.,False
5232,18,Low,1,0,1,PR001,Documentation,"Add a clear description covering the purpose, scope, expected behaviour and validation performed.",False
5242,58,High,4,0,2,PR002 | PR003 | PR007 | PR011,Documentation | Governance | Operations | Testing,"Expand the description with implementation context, testing evidence and reviewer guidance. | Add or update automated tests, or document why additional tests are not required. | Confirm environment impact, deployment sequencing, rollback instructions and configuration validation. | Assign an appropriate reviewer before the PR progresses toward approval.",True
5244,10,Low,1,0,0,PR012,Complexity,Perform additional manual review because several PR characteristics are unusual for this repository.,False
5248,70,Critical,5,0,2,PR003 | PR004 | PR007 | PR011 | PR012,Complexity | Documentation | Governance | Operations | Testing,"Add or update automated tests, or document why additional tests are not required. | Update user, developer or operational documentation where the change affects expected behaviour. | Confirm environment impact, deployment sequencing, rollback instructions and configuration validation. | Assign an appropriate reviewer before the PR progresses toward approval. | Perform additional manual review because several PR characteristics are unusual for this repository.",True
5264,0,Low,0,0,0,,,,False
5270,32,Moderate,2,0,1,PR003 | PR012,Complexity | Testing,"Add or update automated tests, or document why additional tests are not required. | Perform additional manual review because several PR characteristics are unusual for this repository.",False
5271,70,Critical,5,0,2,PR003 | PR004 | PR007 | PR011 | PR012,Complexity | Documentation | Governance | Operations | Testing,"Add or update automated tests, or document why additional tests are not required. | Update user, developer or operational documentation where the change affects expected behaviour. | Confirm environment impact, deployment sequencing, rollback instructions and configuration validation. | Assign an appropriate reviewer before the PR progresses toward approval. | Perform additional manual review because several PR characteristics are unusual for this repository.",True
5273,70,Critical,5,0,2,PR003 | PR004 | PR007 | PR011 | PR012,Complexity | Documentation | Governance | Operations | Testing,"Add or update automated tests, or document why additional tests are not required. | Update user, developer or operational documentation where the change affects expected behaviour. | Confirm environment impact, deployment sequencing, rollback instructions and configuration validation. | Assign an appropriate reviewer before the PR progresses toward approval. | Perform additional manual review because several PR characteristics are unusual for this repository.",True
5287,8,Low,1,0,0,PR002,Documentation,"Expand the description with implementation context, testing evidence and reviewer guidance.",False
5289,60,High,4,0,2,PR003 | PR004 | PR007 | PR011,Documentation | Governance | Operations | Testing,"Add or update automated tests, or document why additional tests are not required. | Update user, developer or operational documentation where the change affects expected behaviour. | Confirm environment impact, deployment sequencing, rollback instructions and configuration validation. | Assign an appropriate reviewer before the PR progresses toward approval.",True
5300,8,Low,1,0,0,PR002,Documentation,"Expand the description with implementation context, testing evidence and reviewer guidance.",False
5303,18,Low,1,0,1,PR001,Documentation,"Add a clear description covering the purpose, scope, expected behaviour and validation performed.",False
5313,0,Low,0,0,0,,,,False
5316,70,Critical,5,0,2,PR003 | PR004 | PR007 | PR011 | PR012,Complexity | Documentation | Governance | Operations | Testing,"Add or update automated tests, or document why additional tests are not required. | Update user, developer or operational documentation where the change affects expected behaviour. | Confirm environment impact, deployment sequencing, rollback instructions and configuration validation. | Assign an appropriate reviewer before the PR progresses toward approval. | Perform additional manual review because several PR characteristics are unusual for this repository.",True
5330,70,Critical,5,0,2,PR003 | PR004 | PR007 | PR011 | PR012,Complexity | Documentation | Governance | Operations | Testing,"Add or update automated tests, or document why additional tests are not required. | Update user, developer or operational documentation where the change affects expected behaviour. | Confirm environment impact, deployment sequencing, rollback instructions and configuration validation. | Assign an appropriate reviewer before the PR progresses toward approval. | Perform additional manual review because several PR characteristics are unusual for this repository.",True
5336,0,Low,0,0,0,,,,False
5338,0,Low,0,0,0,,,,False
5344,0,Low,0,0,0,,,,False
5346,70,Critical,5,0,2,PR003 | PR004 | PR007 | PR011 | PR012,Complexity | Documentation | Governance | Operations | Testing,"Add or update automated tests, or document why additional tests are not required. | Update user, developer or operational documentation where the change affects expected behaviour. | Confirm environment impact, deployment sequencing, rollback instructions and configuration validation. | Assign an appropriate reviewer before the PR progresses toward approval. | Perform additional manual review because several PR characteristics are unusual for this repository.",True
5352,70,Critical,5,0,2,PR003 | PR004 | PR007 | PR011 | PR012,Complexity | Documentation | Governance | Operations | Testing,"Add or update automated tests, or document why additional tests are not required. | Update user, developer or operational documentation where the change affects expected behaviour. | Confirm environment impact, deployment sequencing, rollback instructions and configuration validation. | Assign an appropriate reviewer before the PR progresses toward approval. | Perform additional manual review because several PR characteristics are unusual for this repository.",True
5355,8,Low,1,0,0,PR002,Documentation,"Expand the description with implementation context, testing evidence and reviewer guidance.",False
5357,10,Low,1,0,0,PR012,Complexity,Perform additional manual review because several PR characteristics are unusual for this repository.,False
5370,60,High,4,0,2,PR003 | PR004 | PR007 | PR011,Documentation | Governance | Operations | Testing,"Add or update automated tests, or document why additional tests are not required. | Update user, developer or operational documentation where the change affects expected behaviour. | Confirm environment impact, deployment sequencing, rollback instructions and configuration validation. | Assign an appropriate reviewer before the PR progresses toward approval.",True
5374,10,Low,1,0,0,PR012,Complexity,Perform additional manual review because several PR characteristics are unusual for this repository.,False
5376,70,Critical,5,0,2,PR003 | PR004 | PR007 | PR011 | PR012,Complexity | Documentation | Governance | Operations | Testing,"Add or update automated tests, or document why additional tests are not required. | Update user, developer or operational documentation where the change affects expected behaviour. | Confirm environment impact, deployment sequencing, rollback instructions and configuration validation. | Assign an appropriate reviewer before the PR progresses toward approval. | Perform additional manual review because several PR characteristics are unusual for this repository.",True
5377,78,Critical,6,0,2,PR002 | PR003 | PR004 | PR007 | PR011 | PR012,Complexity | Documentation | Governance | Operations | Testing,"Expand the description with implementation context, testing evidence and reviewer guidance. | Add or update automated tests, or document why additional tests are not required. | Update user, developer or operational documentation where the change affects expected behaviour. | Confirm environment impact, deployment sequencing, rollback instructions and configuration validation. | Assign an appropriate reviewer before the PR progresses toward approval. | Perform additional manual review because several PR characteristics are unusual for this repository.",True
5382,8,Low,1,0,0,PR002,Documentation,"Expand the description with implementation context, testing evidence and reviewer guidance.",False
5384,8,Low,1,0,0,PR002,Documentation,"Expand the description with implementation context, testing evidence and reviewer guidance.",False
5386,68,High,4,0,3,PR001 | PR003 | PR007 | PR011,Documentation | Governance | Operations | Testing,"Add a clear description covering the purpose, scope, expected behaviour and validation performed. | Add or update automated tests, or document why additional tests are not required. | Confirm environment impact, deployment sequencing, rollback instructions and configuration validation. | Assign an appropriate reviewer before the PR progresses toward approval.",True
5389,0,Low,0,0,0,,,,False
5393,10,Low,1,0,0,PR012,Complexity,Perform additional manual review because several PR characteristics are unusual for this repository.,False
5401,10,Low,1,0,0,PR012,Complexity,Perform additional manual review because several PR characteristics are unusual for this repository.,False
5402,8,Low,1,0,0,PR002,Documentation,"Expand the description with implementation context, testing evidence and reviewer guidance.",False
5403,68,High,4,0,3,PR001 | PR003 | PR007 | PR011,Documentation | Governance | Operations | Testing,"Add a clear description covering the purpose, scope, expected behaviour and validation performed. | Add or update automated tests, or document why additional tests are not required. | Confirm environment impact, deployment sequencing, rollback instructions and configuration validation. | Assign an appropriate reviewer before the PR progresses toward approval.",True
5409,0,Low,0,0,0,,,,False
5420,0,Low,0,0,0,,,,False
5423,78,Critical,6,0,2,PR002 | PR003 | PR004 | PR007 | PR011 | PR012,Complexity | Documentation | Governance | Operations | Testing,"Expand the description with implementation context, testing evidence and reviewer guidance. | Add or update automated tests, or document why additional tests are not required. | Update user, developer or operational documentation where the change affects expected behaviour. | Confirm environment impact, deployment sequencing, rollback instructions and configuration validation. | Assign an appropriate reviewer before the PR progresses toward approval. | Perform additional manual review because several PR characteristics are unusual for this repository.",True
5425,10,Low,1,0,0,PR012,Complexity,Perform additional manual review because several PR characteristics are unusual for this repository.,False
5433,86,Critical,6,0,3,PR001 | PR003 | PR007 | PR010 | PR011 | PR012,Complexity | Documentation | Governance | Operations | Testing,"Add a clear description covering the purpose, scope, expected behaviour and validation performed. | Add or update automated tests, or document why additional tests are not required. | Confirm environment impact, deployment sequencing, rollback instructions and configuration validation. | Review commit organisation and consider squashing or restructuring commits for easier review. | Assign an appropriate reviewer before the PR progresses toward approval. | Perform additional manual review because several PR characteristics are unusual for this repository.",True
5444,0,Low,0,0,0,,,,False
5449,96,Critical,7,0,3,PR002 | PR005 | PR007 | PR009 | PR010 | PR011 | PR012,Complexity | Documentation | Governance | Operations | Security,"Expand the description with implementation context, testing evidence and reviewer guidance. | Require focused security review and verify that secrets, authentication and permission impacts have been assessed. | Confirm environment impact, deployment sequencing, rollback instructions and configuration validation. | Split the PR where practical and require a structured review plan before approval. | Review commit organisation and consider squashing or restructuring commits for easier review. | Assign an appropriate reviewer before the PR progresses toward approval. | Perform additional manual review because several PR characteristics are unusual for this repository.",True
5451,70,Critical,5,0,2,PR003 | PR004 | PR007 | PR011 | PR012,Complexity | Documentation | Governance | Operations | Testing,"Add or update automated tests, or document why additional tests are not required. | Update user, developer or operational documentation where the change affects expected behaviour. | Confirm environment impact, deployment sequencing, rollback instructions and configuration validation. | Assign an appropriate reviewer before the PR progresses toward approval. | Perform additional manual review because several PR characteristics are unusual for this repository.",True
5452,10,Low,1,0,0,PR012,Complexity,Perform additional manual review because several PR characteristics are unusual for this repository.,False
5457,86,Critical,7,0,2,PR002 | PR005 | PR007 | PR008 | PR010 | PR011 | PR012,Complexity | Documentation | Governance | Operations | Security,"Expand the description with implementation context, testing evidence and reviewer guidance. | Require focused security review and verify that secrets, authentication and permission impacts have been assessed. | Confirm environment impact, deployment sequencing, rollback instructions and configuration validation. | Consider splitting the change or assign additional review capacity to reduce review risk. | Review commit organisation and consider squashing or restructuring commits for easier review. | Assign an appropriate reviewer before the PR progresses toward approval. | Perform additional manual review because several PR characteristics are unusual for this repository.",True
5460,88,Critical,4,1,3,PR003 | PR005 | PR006 | PR011,Governance | Security | Testing,"Add or update automated tests, or document why additional tests are not required. | Require focused security review and verify that secrets, authentication and permission impacts have been assessed. | Block approval until security-relevant tests or documented validation evidence are supplied. | Assign an appropriate reviewer before the PR progresses toward approval.",True
5463,0,Low,0,0,0,,,,False
5464,8,Low,1,0,0,PR002,Documentation,"Expand the description with implementation context, testing evidence and reviewer guidance.",False
5467,70,Critical,5,0,2,PR003 | PR004 | PR007 | PR011 | PR012,Complexity | Documentation | Governance | Operations | Testing,"Add or update automated tests, or document why additional tests are not required. | Update user, developer or operational documentation where the change affects expected behaviour. | Confirm environment impact, deployment sequencing, rollback instructions and configuration validation. | Assign an appropriate reviewer before the PR progresses toward approval. | Perform additional manual review because several PR characteristics are unusual for this repository.",True
5470,70,Critical,5,0,2,PR003 | PR004 | PR007 | PR011 | PR012,Complexity | Documentation | Governance | Operations | Testing,"Add or update automated tests, or document why additional tests are not required. | Update user, developer or operational documentation where the change affects expected behaviour. | Confirm environment impact, deployment sequencing, rollback instructions and configuration validation. | Assign an appropriate reviewer before the PR progresses toward approval. | Perform additional manual review because several PR characteristics are unusual for this repository.",True
5474,10,Low,1,0,0,PR012,Complexity,Perform additional manual review because several PR characteristics are unusual for this repository.,False
5476,32,Moderate,2,0,1,PR003 | PR012,Complexity | Testing,"Add or update automated tests, or document why additional tests are not required. | Perform additional manual review because several PR characteristics are unusual for this repository.",False
5478,0,Low,0,0,0,,,,False
5481,78,Critical,5,0,3,PR001 | PR003 | PR004 | PR007 | PR011,Documentation | Governance | Operations | Testing,"Add a clear description covering the purpose, scope, expected behaviour and validation performed. | Add or update automated tests, or document why additional tests are not required. | Update user, developer or operational documentation where the change affects expected behaviour. | Confirm environment impact, deployment sequencing, rollback instructions and configuration validation. | Assign an appropriate reviewer before the PR progresses toward approval.",True
5482,10,Low,1,0,0,PR012,Complexity,Perform additional manual review because several PR characteristics are unusual for this repository.,False
5487,8,Low,1,0,0,PR002,Documentation,"Expand the description with implementation context, testing evidence and reviewer guidance.",False
5493,70,Critical,5,0,2,PR003 | PR004 | PR007 | PR011 | PR012,Complexity | Documentation | Governance | Operations | Testing,"Add or update automated tests, or document why additional tests are not required. | Update user, developer or operational documentation where the change affects expected behaviour. | Confirm environment impact, deployment sequencing, rollback instructions and configuration validation. | Assign an appropriate reviewer before the PR progresses toward approval. | Perform additional manual review because several PR characteristics are unusual for this repository.",True
5497,0,Low,0,0,0,,,,False
5499,48,High,3,0,2,PR005 | PR011 | PR012,Complexity | Governance | Security,"Require focused security review and verify that secrets, authentication and permission impacts have been assessed. | Assign an appropriate reviewer before the PR progresses toward approval. | Perform additional manual review because several PR characteristics are unusual for this repository.",True
5511,18,Low,2,0,0,PR002 | PR012,Complexity | Documentation,"Expand the description with implementation context, testing evidence and reviewer guidance. | Perform additional manual review because several PR characteristics are unusual for this repository.",False
5514,10,Low,1,0,0,PR012,Complexity,Perform additional manual review because several PR characteristics are unusual for this repository.,False
5516,70,Critical,5,0,2,PR003 | PR004 | PR007 | PR011 | PR012,Complexity | Documentation | Governance | Operations | Testing,"Add or update automated tests, or document why additional tests are not required. | Update user, developer or operational documentation where the change affects expected behaviour. | Confirm environment impact, deployment sequencing, rollback instructions and configuration validation. | Assign an appropriate reviewer before the PR progresses toward approval. | Perform additional manual review because several PR characteristics are unusual for this repository.",True
5517,68,High,5,0,2,PR002 | PR003 | PR004 | PR007 | PR011,Documentation | Governance | Operations | Testing,"Expand the description with implementation context, testing evidence and reviewer guidance. | Add or update automated tests, or document why additional tests are not required. | Update user, developer or operational documentation where the change affects expected behaviour. | Confirm environment impact, deployment sequencing, rollback instructions and configuration validation. | Assign an appropriate reviewer before the PR progresses toward approval.",True
5522,0,Low,0,0,0,,,,False
5524,60,High,4,0,2,PR003 | PR007 | PR011 | PR012,Complexity | Governance | Operations | Testing,"Add or update automated tests, or document why additional tests are not required. | Confirm environment impact, deployment sequencing, rollback instructions and configuration validation. | Assign an appropriate reviewer before the PR progresses toward approval. | Perform additional manual review because several PR characteristics are unusual for this repository.",True
5526,18,Low,2,0,0,PR002 | PR012,Complexity | Documentation,"Expand the description with implementation context, testing evidence and reviewer guidance. | Perform additional manual review because several PR characteristics are unusual for this repository.",False
5532,0,Low,0,0,0,,,,False
5538,10,Low,1,0,0,PR012,Complexity,Perform additional manual review because several PR characteristics are unusual for this repository.,False
5539,70,Critical,5,0,2,PR003 | PR004 | PR007 | PR011 | PR012,Complexity | Documentation | Governance | Operations | Testing,"Add or update automated tests, or document why additional tests are not required. | Update user, developer or operational documentation where the change affects expected behaviour. | Confirm environment impact, deployment sequencing, rollback instructions and configuration validation. | Assign an appropriate reviewer before the PR progresses toward approval. | Perform additional manual review because several PR characteristics are unusual for this repository.",True
5541,68,High,5,0,2,PR002 | PR003 | PR004 | PR007 | PR011,Documentation | Governance | Operations | Testing,"Expand the description with implementation context, testing evidence and reviewer guidance. | Add or update automated tests, or document why additional tests are not required. | Update user, developer or operational documentation where the change affects expected behaviour. | Confirm environment impact, deployment sequencing, rollback instructions and configuration validation. | Assign an appropriate reviewer before the PR progresses toward approval.",True
5546,8,Low,1,0,0,PR002,Documentation,"Expand the description with implementation context, testing evidence and reviewer guidance.",False
5550,40,High,3,0,1,PR002 | PR003 | PR012,Complexity | Documentation | Testing,"Expand the description with implementation context, testing evidence and reviewer guidance. | Add or update automated tests, or document why additional tests are not required. | Perform additional manual review because several PR characteristics are unusual for this repository.",True
5552,60,High,4,0,2,PR003 | PR004 | PR007 | PR011,Documentation | Governance | Operations | Testing,"Add or update automated tests, or document why additional tests are not required. | Update user, developer or operational documentation where the change affects expected behaviour. | Confirm environment impact, deployment sequencing, rollback instructions and configuration validation. | Assign an appropriate reviewer before the PR progresses toward approval.",True
5599,18,Low,2,0,0,PR002 | PR012,Complexity | Documentation,"Expand the description with implementation context, testing evidence and reviewer guidance. | Perform additional manual review because several PR characteristics are unusual for this repository.",False
5602,88,Critical,6,0,3,PR005 | PR007 | PR009 | PR010 | PR011 | PR012,Complexity | Governance | Operations | Security,"Require focused security review and verify that secrets, authentication and permission impacts have been assessed. | Confirm environment impact, deployment sequencing, rollback instructions and configuration validation. | Split the PR where practical and require a structured review plan before approval. | Review commit organisation and consider squashing or restructuring commits for easier review. | Assign an appropriate reviewer before the PR progresses toward approval. | Perform additional manual review because several PR characteristics are unusual for this repository.",True
5607,18,Low,1,0,1,PR001,Documentation,"Add a clear description covering the purpose, scope, expected behaviour and validation performed.",False
5609,8,Low,1,0,0,PR002,Documentation,"Expand the description with implementation context, testing evidence and reviewer guidance.",False
5610,10,Low,1,0,0,PR012,Complexity,Perform additional manual review because several PR characteristics are unusual for this repository.,False
5611,0,Low,0,0,0,,,,False
5613,8,Low,1,0,0,PR002,Documentation,"Expand the description with implementation context, testing evidence and reviewer guidance.",False
5614,60,High,4,0,2,PR003 | PR007 | PR011 | PR012,Complexity | Governance | Operations | Testing,"Add or update automated tests, or document why additional tests are not required. | Confirm environment impact, deployment sequencing, rollback instructions and configuration validation. | Assign an appropriate reviewer before the PR progresses toward approval. | Perform additional manual review because several PR characteristics are unusual for this repository.",True
5615,68,High,5,0,2,PR002 | PR003 | PR004 | PR007 | PR011,Documentation | Governance | Operations | Testing,"Expand the description with implementation context, testing evidence and reviewer guidance. | Add or update automated tests, or document why additional tests are not required. | Update user, developer or operational documentation where the change affects expected behaviour. | Confirm environment impact, deployment sequencing, rollback instructions and configuration validation. | Assign an appropriate reviewer before the PR progresses toward approval.",True
5617,54,High,5,0,1,PR002 | PR007 | PR010 | PR011 | PR012,Complexity | Documentation | Governance | Operations,"Expand the description with implementation context, testing evidence and reviewer guidance. | Confirm environment impact, deployment sequencing, rollback instructions and configuration validation. | Review commit organisation and consider squashing or restructuring commits for easier review. | Assign an appropriate reviewer before the PR progresses toward approval. | Perform additional manual review because several PR characteristics are unusual for this repository.",True
5623,68,High,5,0,2,PR002 | PR003 | PR007 | PR011 | PR012,Complexity | Documentation | Governance | Operations | Testing,"Expand the description with implementation context, testing evidence and reviewer guidance. | Add or update automated tests, or document why additional tests are not required. | Confirm environment impact, deployment sequencing, rollback instructions and configuration validation. | Assign an appropriate reviewer before the PR progresses toward approval. | Perform additional manual review because several PR characteristics are unusual for this repository.",True
5629,10,Low,1,0,0,PR012,Complexity,Perform additional manual review because several PR characteristics are unusual for this repository.,False
5630,10,Low,1,0,0,PR012,Complexity,Perform additional manual review because several PR characteristics are unusual for this repository.,False
5634,10,Low,1,0,0,PR012,Complexity,Perform additional manual review because several PR characteristics are unusual for this repository.,False
5643,70,Critical,5,0,2,PR003 | PR004 | PR007 | PR011 | PR012,Complexity | Documentation | Governance | Operations | Testing,"Add or update automated tests, or document why additional tests are not required. | Update user, developer or operational documentation where the change affects expected behaviour. | Confirm environment impact, deployment sequencing, rollback instructions and configuration validation. | Assign an appropriate reviewer before the PR progresses toward approval. | Perform additional manual review because several PR characteristics are unusual for this repository.",True
5647,8,Low,1,0,0,PR002,Documentation,"Expand the description with implementation context, testing evidence and reviewer guidance.",False
5659,0,Low,0,0,0,,,,False
5671,8,Low,1,0,0,PR002,Documentation,"Expand the description with implementation context, testing evidence and reviewer guidance.",False
5672,8,Low,1,0,0,PR002,Documentation,"Expand the description with implementation context, testing evidence and reviewer guidance.",False
5674,0,Low,0,0,0,,,,False
5678,60,High,4,0,2,PR003 | PR004 | PR007 | PR011,Documentation | Governance | Operations | Testing,"Add or update automated tests, or document why additional tests are not required. | Update user, developer or operational documentation where the change affects expected behaviour. | Confirm environment impact, deployment sequencing, rollback instructions and configuration validation. | Assign an appropriate reviewer before the PR progresses toward approval.",True
5685,70,Critical,5,0,2,PR003 | PR004 | PR007 | PR011 | PR012,Complexity | Documentation | Governance | Operations | Testing,"Add or update automated tests, or document why additional tests are not required. | Update user, developer or operational documentation where the change affects expected behaviour. | Confirm environment impact, deployment sequencing, rollback instructions and configuration validation. | Assign an appropriate reviewer before the PR progresses toward approval. | Perform additional manual review because several PR characteristics are unusual for this repository.",True
5693,0,Low,0,0,0,,,,False
5695,88,Critical,4,1,3,PR003 | PR005 | PR006 | PR011,Governance | Security | Testing,"Add or update automated tests, or document why additional tests are not required. | Require focused security review and verify that secrets, authentication and permission impacts have been assessed. | Block approval until security-relevant tests or documented validation evidence are supplied. | Assign an appropriate reviewer before the PR progresses toward approval.",True
5698,0,Low,0,0,0,,,,False
5700,8,Low,1,0,0,PR002,Documentation,"Expand the description with implementation context, testing evidence and reviewer guidance.",False
5701,8,Low,1,0,0,PR002,Documentation,"Expand the description with implementation context, testing evidence and reviewer guidance.",False
5702,18,Low,2,0,0,PR002 | PR012,Complexity | Documentation,"Expand the description with implementation context, testing evidence and reviewer guidance. | Perform additional manual review because several PR characteristics are unusual for this repository.",False
5706,78,Critical,6,0,2,PR003 | PR004 | PR007 | PR010 | PR011 | PR012,Complexity | Documentation | Governance | Operations | Testing,"Add or update automated tests, or document why additional tests are not required. | Update user, developer or operational documentation where the change affects expected behaviour. | Confirm environment impact, deployment sequencing, rollback instructions and configuration validation. | Review commit organisation and consider squashing or restructuring commits for easier review. | Assign an appropriate reviewer before the PR progresses toward approval. | Perform additional manual review because several PR characteristics are unusual for this repository.",True
5708,0,Low,0,0,0,,,,False
5713,100,Critical,7,1,4,PR003 | PR005 | PR006 | PR007 | PR009 | PR011 | PR012,Complexity | Governance | Operations | Security | Testing,"Add or update automated tests, or document why additional tests are not required. | Require focused security review and verify that secrets, authentication and permission impacts have been assessed. | Block approval until security-relevant tests or documented validation evidence are supplied. | Confirm environment impact, deployment sequencing, rollback instructions and configuration validation. | Split the PR where practical and require a structured review plan before approval. | Assign an appropriate reviewer before the PR progresses toward approval. | Perform additional manual review because several PR characteristics are unusual for this repository.",True
5717,0,Low,0,0,0,,,,False
5723,0,Low,0,0,0,,,,False
5727,92,Critical,6,0,3,PR003 | PR004 | PR007 | PR009 | PR011 | PR012,Complexity | Documentation | Governance | Operations | Testing,"Add or update automated tests, or document why additional tests are not required. | Update user, developer or operational documentation where the change affects expected behaviour. | Confirm environment impact, deployment sequencing, rollback instructions and configuration validation. | Split the PR where practical and require a structured review plan before approval. | Assign an appropriate reviewer before the PR progresses toward approval. | Perform additional manual review because several PR characteristics are unusual for this repository.",True
5730,68,High,4,0,3,PR001 | PR003 | PR007 | PR011,Documentation | Governance | Operations | Testing,"Add a clear description covering the purpose, scope, expected behaviour and validation performed. | Add or update automated tests, or document why additional tests are not required. | Confirm environment impact, deployment sequencing, rollback instructions and configuration validation. | Assign an appropriate reviewer before the PR progresses toward approval.",True
5731,46,High,4,0,1,PR002 | PR007 | PR011 | PR012,Complexity | Documentation | Governance | Operations,"Expand the description with implementation context, testing evidence and reviewer guidance. | Confirm environment impact, deployment sequencing, rollback instructions and configuration validation. | Assign an appropriate reviewer before the PR progresses toward approval. | Perform additional manual review because several PR characteristics are unusual for this repository.",True
5732,10,Low,1,0,0,PR012,Complexity,Perform additional manual review because several PR characteristics are unusual for this repository.,False
5735,10,Low,1,0,0,PR012,Complexity,Perform additional manual review because several PR characteristics are unusual for this repository.,False
5736,40,High,3,0,1,PR008 | PR011 | PR012,Complexity | Governance,Consider splitting the change or assign additional review capacity to reduce review risk. | Assign an appropriate reviewer before the PR progresses toward approval. | Perform additional manual review because several PR characteristics are unusual for this repository.,True
5737,8,Low,1,0,0,PR002,Documentation,"Expand the description with implementation context, testing evidence and reviewer guidance.",False
5742,0,Low,0,0,0,,,,False
5743,10,Low,1,0,0,PR012,Complexity,Perform additional manual review because several PR characteristics are unusual for this repository.,False
5750,88,Critical,4,1,3,PR003 | PR005 | PR006 | PR011,Governance | Security | Testing,"Add or update automated tests, or document why additional tests are not required. | Require focused security review and verify that secrets, authentication and permission impacts have been assessed. | Block approval until security-relevant tests or documented validation evidence are supplied. | Assign an appropriate reviewer before the PR progresses toward approval.",True
5754,78,Critical,6,0,2,PR002 | PR003 | PR004 | PR007 | PR011 | PR012,Complexity | Documentation | Governance | Operations | Testing,"Expand the description with implementation context, testing evidence and reviewer guidance. | Add or update automated tests, or document why additional tests are not required. | Update user, developer or operational documentation where the change affects expected behaviour. | Confirm environment impact, deployment sequencing, rollback instructions and configuration validation. | Assign an appropriate reviewer before the PR progresses toward approval. | Perform additional manual review because several PR characteristics are unusual for this repository.",True
5757,40,High,3,0,1,PR002 | PR003 | PR012,Complexity | Documentation | Testing,"Expand the description with implementation context, testing evidence and reviewer guidance. | Add or update automated tests, or document why additional tests are not required. | Perform additional manual review because several PR characteristics are unusual for this repository.",True
5761,0,Low,0,0,0,,,,False
5765,98,Critical,5,1,3,PR003 | PR005 | PR006 | PR011 | PR012,Complexity | Governance | Security | Testing,"Add or update automated tests, or document why additional tests are not required. | Require focused security review and verify that secrets, authentication and permission impacts have been assessed. | Block approval until security-relevant tests or documented validation evidence are supplied. | Assign an appropriate reviewer before the PR progresses toward approval. | Perform additional manual review because several PR characteristics are unusual for this repository.",True
5767,88,Critical,6,0,3,PR005 | PR007 | PR009 | PR010 | PR011 | PR012,Complexity | Governance | Operations | Security,"Require focused security review and verify that secrets, authentication and permission impacts have been assessed. | Confirm environment impact, deployment sequencing, rollback instructions and configuration validation. | Split the PR where practical and require a structured review plan before approval. | Review commit organisation and consider squashing or restructuring commits for easier review. | Assign an appropriate reviewer before the PR progresses toward approval. | Perform additional manual review because several PR characteristics are unusual for this repository.",True
5772,80,Critical,5,0,3,PR005 | PR007 | PR009 | PR011 | PR012,Complexity | Governance | Operations | Security,"Require focused security review and verify that secrets, authentication and permission impacts have been assessed. | Confirm environment impact, deployment sequencing, rollback instructions and configuration validation. | Split the PR where practical and require a structured review plan before approval. | Assign an appropriate reviewer before the PR progresses toward approval. | Perform additional manual review because several PR characteristics are unusual for this repository.",True
5777,8,Low,1,0,0,PR002,Documentation,"Expand the description with implementation context, testing evidence and reviewer guidance.",False
5780,10,Low,1,0,0,PR012,Complexity,Perform additional manual review because several PR characteristics are unusual for this repository.,False
5788,10,Low,1,0,0,PR012,Complexity,Perform additional manual review because several PR characteristics are unusual for this repository.,False
5793,70,Critical,5,0,2,PR003 | PR004 | PR007 | PR011 | PR012,Complexity | Documentation | Governance | Operations | Testing,"Add or update automated tests, or document why additional tests are not required. | Update user, developer or operational documentation where the change affects expected behaviour. | Confirm environment impact, deployment sequencing, rollback instructions and configuration validation. | Assign an appropriate reviewer before the PR progresses toward approval. | Perform additional manual review because several PR characteristics are unusual for this repository.",True
5795,70,Critical,5,0,2,PR003 | PR004 | PR007 | PR011 | PR012,Complexity | Documentation | Governance | Operations | Testing,"Add or update automated tests, or document why additional tests are not required. | Update user, developer or operational documentation where the change affects expected behaviour. | Confirm environment impact, deployment sequencing, rollback instructions and configuration validation. | Assign an appropriate reviewer before the PR progresses toward approval. | Perform additional manual review because several PR characteristics are unusual for this repository.",True
5797,10,Low,1,0,0,PR012,Complexity,Perform additional manual review because several PR characteristics are unusual for this repository.,False
5798,96,Critical,5,1,3,PR002 | PR003 | PR005 | PR006 | PR011,Documentation | Governance | Security | Testing,"Expand the description with implementation context, testing evidence and reviewer guidance. | Add or update automated tests, or document why additional tests are not required. | Require focused security review and verify that secrets, authentication and permission impacts have been assessed. | Block approval until security-relevant tests or documented validation evidence are supplied. | Assign an appropriate reviewer before the PR progresses toward approval.",True
5799,10,Low,1,0,0,PR012,Complexity,Perform additional manual review because several PR characteristics are unusual for this repository.,False
5800,68,High,4,0,3,PR001 | PR003 | PR007 | PR011,Documentation | Governance | Operations | Testing,"Add a clear description covering the purpose, scope, expected behaviour and validation performed. | Add or update automated tests, or document why additional tests are not required. | Confirm environment impact, deployment sequencing, rollback instructions and configuration validation. | Assign an appropriate reviewer before the PR progresses toward approval.",True
5801,0,Low,0,0,0,,,,False
5807,66,High,6,0,1,PR002 | PR007 | PR008 | PR010 | PR011 | PR012,Complexity | Documentation | Governance | Operations,"Expand the description with implementation context, testing evidence and reviewer guidance. | Confirm environment impact, deployment sequencing, rollback instructions and configuration validation. | Consider splitting the change or assign additional review capacity to reduce review risk. | Review commit organisation and consider squashing or restructuring commits for easier review. | Assign an appropriate reviewer before the PR progresses toward approval. | Perform additional manual review because several PR characteristics are unusual for this repository.",True
5808,8,Low,1,0,0,PR002,Documentation,"Expand the description with implementation context, testing evidence and reviewer guidance.",False
5811,10,Low,1,0,0,PR012,Complexity,Perform additional manual review because several PR characteristics are unusual for this repository.,False
5812,70,Critical,4,0,3,PR005 | PR009 | PR011 | PR012,Complexity | Governance | Security,"Require focused security review and verify that secrets, authentication and permission impacts have been assessed. | Split the PR where practical and require a structured review plan before approval. | Assign an appropriate reviewer before the PR progresses toward approval. | Perform additional manual review because several PR characteristics are unusual for this repository.",True
5818,10,Low,1,0,0,PR012,Complexity,Perform additional manual review because several PR characteristics are unusual for this repository.,False
5824,8,Low,1,0,0,PR002,Documentation,"Expand the description with implementation context, testing evidence and reviewer guidance.",False
5826,8,Low,1,0,0,PR002,Documentation,"Expand the description with implementation context, testing evidence and reviewer guidance.",False
5827,10,Low,1,0,0,PR012,Complexity,Perform additional manual review because several PR characteristics are unusual for this repository.,False
5829,8,Low,1,0,0,PR002,Documentation,"Expand the description with implementation context, testing evidence and reviewer guidance.",False
5844,100,Critical,7,1,3,PR003 | PR004 | PR005 | PR006 | PR007 | PR011 | PR012,Complexity | Documentation | Governance | Operations | Security | Testing,"Add or update automated tests, or document why additional tests are not required. | Update user, developer or operational documentation where the change affects expected behaviour. | Require focused security review and verify that secrets, authentication and permission impacts have been assessed. | Block approval until security-relevant tests or documented validation evidence are supplied. | Confirm environment impact, deployment sequencing, rollback instructions and configuration validation. | Assign an appropriate reviewer before the PR progresses toward approval. | Perform additional manual review because several PR characteristics are unusual for this repository.",True
5845,32,Moderate,2,0,1,PR003 | PR012,Complexity | Testing,"Add or update automated tests, or document why additional tests are not required. | Perform additional manual review because several PR characteristics are unusual for this repository.",False
5858,42,High,3,0,1,PR003 | PR004 | PR012,Complexity | Documentation | Testing,"Add or update automated tests, or document why additional tests are not required. | Update user, developer or operational documentation where the change affects expected behaviour. | Perform additional manual review because several PR characteristics are unusual for this repository.",True
5865,70,Critical,5,0,2,PR003 | PR004 | PR007 | PR011 | PR012,Complexity | Documentation | Governance | Operations | Testing,"Add or update automated tests, or document why additional tests are not required. | Update user, developer or operational documentation where the change affects expected behaviour. | Confirm environment impact, deployment sequencing, rollback instructions and configuration validation. | Assign an appropriate reviewer before the PR progresses toward approval. | Perform additional manual review because several PR characteristics are unusual for this repository.",True
5874,8,Low,1,0,0,PR002,Documentation,"Expand the description with implementation context, testing evidence and reviewer guidance.",False
5875,0,Low,0,0,0,,,,False
5885,22,Moderate,1,0,1,PR003,Testing,"Add or update automated tests, or document why additional tests are not required.",False
5896,20,Moderate,2,0,0,PR004 | PR012,Complexity | Documentation,"Update user, developer or operational documentation where the change affects expected behaviour. | Perform additional manual review because several PR characteristics are unusual for this repository.",False
5898,8,Low,1,0,0,PR002,Documentation,"Expand the description with implementation context, testing evidence and reviewer guidance.",False
5899,8,Low,1,0,0,PR002,Documentation,"Expand the description with implementation context, testing evidence and reviewer guidance.",False
5900,40,High,3,0,1,PR002 | PR003 | PR012,Complexity | Documentation | Testing,"Expand the description with implementation context, testing evidence and reviewer guidance. | Add or update automated tests, or document why additional tests are not required. | Perform additional manual review because several PR characteristics are unusual for this repository.",True
5903,8,Low,1,0,0,PR002,Documentation,"Expand the description with implementation context, testing evidence and reviewer guidance.",False
5911,8,Low,1,0,0,PR002,Documentation,"Expand the description with implementation context, testing evidence and reviewer guidance.",False
5917,10,Low,1,0,0,PR012,Complexity,Perform additional manual review because several PR characteristics are unusual for this repository.,False
5923,0,Low,0,0,0,,,,False
5924,68,High,4,0,3,PR001 | PR003 | PR007 | PR011,Documentation | Governance | Operations | Testing,"Add a clear description covering the purpose, scope, expected behaviour and validation performed. | Add or update automated tests, or document why additional tests are not required. | Confirm environment impact, deployment sequencing, rollback instructions and configuration validation. | Assign an appropriate reviewer before the PR progresses toward approval.",True
5928,10,Low,1,0,0,PR012,Complexity,Perform additional manual review because several PR characteristics are unusual for this repository.,False
5938,8,Low,1,0,0,PR002,Documentation,"Expand the description with implementation context, testing evidence and reviewer guidance.",False
5945,78,Critical,6,0,2,PR002 | PR003 | PR004 | PR007 | PR011 | PR012,Complexity | Documentation | Governance | Operations | Testing,"Expand the description with implementation context, testing evidence and reviewer guidance. | Add or update automated tests, or document why additional tests are not required. | Update user, developer or operational documentation where the change affects expected behaviour. | Confirm environment impact, deployment sequencing, rollback instructions and configuration validation. | Assign an appropriate reviewer before the PR progresses toward approval. | Perform additional manual review because several PR characteristics are unusual for this repository.",True
5950,8,Low,1,0,0,PR002,Documentation,"Expand the description with implementation context, testing evidence and reviewer guidance.",False
5955,0,Low,0,0,0,,,,False
5962,18,Low,2,0,0,PR002 | PR012,Complexity | Documentation,"Expand the description with implementation context, testing evidence and reviewer guidance. | Perform additional manual review because several PR characteristics are unusual for this repository.",False
5966,0,Low,0,0,0,,,,False
5982,0,Low,0,0,0,,,,False
6013,8,Low,1,0,0,PR002,Documentation,"Expand the description with implementation context, testing evidence and reviewer guidance.",False
